key,tag,sha256,idle
0014706c3d6202fd5623c358ba02cd598d032dfe,800608,1310671cb8c46514fb67115773bb5dbc4533436f5761d5347a2f50810917a4fb,0
0023d0e5b188eed7a565ead8fbf46ee8d8f0366c,509440,c8bf14ec77b4d7b3498d11c09a9c9984b6d2e79e233b77dbba5bbaca96251a8a,0
0080283d6a365d30e139b5bf597b39a1a311bcd9,476576,a84e3fc5669a5696b51d8148bc3f9d6ee7b6ad7619c20849fdcd54a62945b6c5,0
008a9ba7ba9a833ba5f2be87426039d57a72d309,2104528,6ae489e54654605c859dec0fe2ba636baf64399dffe01ec44b3311778b269857,0
00c50710453478105265c838bfb3bad69b410891,8648886,752fe5f0d5678ad563e1bd2ecc1ddf7a3ba7e2024d0ac1dba1a72975e26dff2f,0
0108d9fa29e68cc2dbd01d187bb17688e4c79fc9,794656,fc2a8b4b4da69fee0f9647f00172c24b76622899650529862f22381a30db06e4,0
0141ac7feaa8a96ccaceeefeccc8fe06ab7d0b06,800608,361055ee67c8ea989aff7039a0020185e650d9e14b84d1228faa66c516c0feb6,0
0230a81fa72d7428ebbc8a951b7c2d20337d6ba4,716928,98a9b52f30be9e2eac0d33f855b20c08fe3948c3b4fb4fb2b65d08b0700f9121,1
0234524e3d8970b93ceae632af85d91d0ffdce86,509440,50dc33a8af1c52a4fec62c4a8de1af488e65d207f29a916b0e1b9d3ef60d044a,0
024f0f257d4f02e2167b0cd30de2b1858094d778,720736,a77f5d91325ddfffe59ef40662f84aee702b2e41affc6aef7892515016c89f71,0
02576b2b3e2216f4dfeff4048c7211d6b05bf51d,3993332,9a59852efec519f2ea16bd34c105f993738af64ce7883e019beb835809b096f1,0
02ba3343b62227a83c4fe769d49ba4fc06492de7,589760,1d51234fd968c27c7bed752db8b4ed87644c5bc9aaf0bb54a85154d5fd92ba3e,0
02fa23359e79b43b1ccb3a36b5534b52e06d4076,776160,b77d4ad0de4d6f15d084ffed303925907a08c636e583f36312e7cebeb5e7d543,0
031dac1324429a9af03c4cdd01ca6a51e486204b,776160,9226e1a487291fc458641160992d7d50a114575636f63f71c699eb3211188edd,0
035095a8dc9096fb19460cc9ec467e3d10c2b6ec,711659,c3bbeac7c7669ec478d44bac871031a47b39935533558d252d5b7699e7d4d457,0
03d4e6a271f716b4dffa9e52761df83de59074f0,800608,fb20d8273d8bed557f9b7436b8d9f06a3edbc436f178396123cca73919104d81,0
044155d8775096dc50c7f9653d19c039c01488b3,3642208,e277946093d72c7748281a6a344d6c79a5226c48954d6797dc36984aea23ac60,0
045850df67d096d8d702abc7db03a4a2d591a628,2246520,c036343f24a098ed546c660ba1c180c9f697c209343b11e5c3e8372bd95665d0,0
0459c61d8bbc88c41d288c8b252b7b8db59c14bc,2424500,9ff7af7a0e36de354e8abb7f1689f2a876ff6f20440b75c561203e0ff1d4b62e,0
045b70ce7a2e4e90b24f1425b489df36cd609b32,813120,e8f13007a8a5318e7af8630e3eb5915b388451a07719b1e7936a174b81881bf3,0
048f7e7d6e175186a52e3ce2fe27c01ead7bd9a2,23061,912299631520e23e3df042e4a892221dcd5500d21f9bb89e692ef55be381a64b,0
049e3f5c6a632079e144d4b92d99070f4525e55d,2109616,6930158cbf4c78f78e1b38e88740dbd9ea8dccb513e212c58ec0e8300fc4bd81,0
04ab1f424f964db7f4501bae57d166a51b78f26b,721451,d1c4268399d1ee5cb27baa5a21f7f262d19eb03e7bbadbedbeef86bb9a74b244,0
04cdbaeabe7a7930618038976c906748c4038a37,800608,8729aabb107b4386ed6335b248959f0689d0de2045f35fc221bf343c22ba4507,0
0516982628ebf4c95d789744459782ec3b97df7a,2919460,68376ce5e989db0c0bdb282422a99e12e449c1f97a1a18daf705626db0d57b83,0
0573d9ca5ca99170f75b532c5bd81ad87495bd1e,3581950,701677254ccdbbd1ebd4b8aab98fcbce4c3ab07e7809a70172b2ee5194148a87,0
057828aa2c4dacc858d3c37c06771d182881ed26,5750861,ec172eb453d01dc6979da59d40a65f9c2449e73e86c9bec2119d7b71485f8c82,0
0583a615e33498aaccac8dc48f9ff737d3fab739,509440,18aa0260f96ac734eb155d7280017f19df70c9b251fe64673f4ef8d48a9c581b,0
0583e9fe9486a1eb9239ca6090b31a3e84764c96,3620,41560709c0f3fbe2ec003ce16a97973cc9c9de6297819ff6213c04dfa88d156d,0
05867d204ad21a82058ade3074ddce18daa31aaf,509440,63bf76185ffe4c7c8143699ca267f54c7dca2c9250f844c5b17487db21f06ef3,0
05a08d51432c8ca05501d170fbc36142a93a163e,711494,435667fab0c06c165b1283ecb422497c37124f2d6a35b2ac73dc876332fc9518,0
05a3150aca23f898025f5b9f594de1ebd8b9b890,31114,9ccf8ae4f5bc063db476e3878c7777a804d5f750f81eab228239a6158e69e913,0
05a816e833c8d929412578069b1bab4c41fa10f0,509440,1cc206b9f65063a3ea1b88e43ca0e687e3d7b6d3275b8015028cd398a1cfeaa9,0
05c9411ddf8d1b22211ab23e5ee0e5e7b0355724,509440,9699077a8e248b3abe5b238c32824f802f7ae3ccb751407e5181d31097349851,0
05daf712046bcbf8defb83cce8aa0fc23cec48a2,2107832,fd48570e1f69dd4e5d36e202088c5aefde06a1cb24f6c0b98c6572187714abde,0
06093ceb90d761906d9f414edb7b1d1ec2c0200f,9116486,c40c3736449ad0f4084a187dfe16f6850b2a2933dfe041394f850608b2890140,0
0695b84096f10b845b33063ef0eba95f83dc2fc2,9248,3d705ae86b5ac9c49634f8517abfdedb2266a03758750bc707dd0cc67927c95c,0
06abfd8112d773b443e035e3f15a58b3a2c393dc,509440,e0ce192705d240822f13d9664bff2ce9010441c4b664fbd079640cd8a9fbab1b,0
06d97b3d7776aa65aca86425c46fbd5e2516f204,509440,2dcdb65dfe970de68a7c6c55d6e5853f014b78495567c938c5bdbf8663b11592,0
06e30820262f151af105602a166f1a25f536d7ac,813120,f30a6ef02ee466d6c37cbb8c6cbb267dee550897e67dbd34244ac7bf3fa86043,0
06f375802acffefe67646a7ab2b26757aae8f0a1,729158,5bb250278787b217f9948b5d80e8bdf0b5d3d85350c11be877d8de1920664783,0
0722a60c08708d773b48ab3fe34768730748164c,8649234,519648948c4c59da1af88f2cf2c8b4f84417b5c673981bc9809abf84cda1b7cc,0
074a6b5ead40759fdbbe61ce5ccaf194e073e35d,6748848,109bb62e1c598287f5960616c869e15be54785a3c2906903dafe044241d50b61,0
0758c57c108f4ed80bd8a6c89ec1500299e7362d,589760,68b1aab6f091d71814b840b2deba26b58074fd73c72161ebdb932c67b4e0068c,0
07c13dcf0951550538d1c5fe98020ce9467eeb66,388448,3b610563649f895755939371b4aeb71ba3a2f7c64c2ed1dab243875313d8ec86,0
07d0f4ae217c7359c95b1f5a65ceb8fc29fd4b1c,944288,9485585e37a74c1b22d3d33128585eb5a6f1a279032bbfa7ab5157a37b404d6f,0
07d5435c5b9d527dc63b78594c603f962410bc7b,2422262,a2fbf7067864579752c3bdd2b03e93e0939dc40732c935550a499ea878eb93d8,0
08015a39463145a657e88a093aad79df9b2a76bf,2113738,3cf430678137c8491ca82fb7092ee49e44ad38857fffe1e4a4a5ed860139a5b8,0
08441c67492a51f6fea26376c6754f1dadd802ff,2421091,2fe563b59de779621fa6ef3756e7ae565a87d78ac249afb728daf743ba3821ed,0
085d523f76df24cc9f3c5cd50b7bac95db73fba6,2421300,5bc9b16db0e7adf5c9a2bd57f8f9c8e6ebdaabe75679cc956d007f78036d5b4a,0
08e1fd9af8a65c4ab19cb0b3f6e1a83ee911f8fb,8648889,7aa118770f066a74530d161c7d0b994d0629cc0ff3a0df213f184192773f960a,0
08e47173a6d5b56f0dc31d675483be220bbafc2b,388448,7e46984a357b9f1d1ceccbe31cd6cbf8f52e08bbb0f4cb1d3684e8df866cb527,0
08f239a5fba4d69855857d4a910f8e921ea40cbb,589760,39934f835923b8e99d9383c562e681db05d5df6aa0d630f6ede92bc58b0f2168,0
09173440c0dea9e6758d9009c568c5ebab3c3415,4195506,15bdfeb184d1abb5ff6cf94c41f82b546df7daf866f425b55e9e83ed31a3f3bf,0
094ff7728fac8e9b49d88c17b88cc78285dcbbf1,800608,55d8c20d5c1822154ec6e69e26da2216ee68178772aad5095f2d4929902f2ec0,0
0994d3410d93c058b32c82758544fd402399dd78,509440,93bc57ece2a83e1e3db0fb77762a4d5337c9064893ffac10a7050354634d2c85,0
09bd6b0f664e407a0a535e13cb3a571f85a94cb2,794656,2e61d585faf8c5f3d5247ee4fb88a2974a3bb1ceb1becc23bc77d9d765e1a123,0
09c202f4622a0fb7cb0f716d1671393cbf78ee19,2108219,5bcd88205fd2ac7af9e5781707bd48e4afd00e30966ab7f205378d9e2c4733a8,0
09d296bf4e27cb7ba73d021a49a5cbf4eb5e70df,509440,e4524eaae39c592c9c7de3e238db4134e94e838d044748ecda6768f3513e3d8e,0
09f2d17b970aaa60bfcc78a8a83249a5139f1ccc,3934394,0d8622738897fd818d0328a9e06c2bf553cc1f649af760f04337b92d8409a364,0
09f61a5da14e900688416837a5fb69b941d308ba,2107680,a6aa29bf8416d74ad795a73262b1aa3f985564ee338adbee7ffbc5861f78b6b8,0
09f900fa17428a6633e684c76c00a9c093bbf3e6,388448,123758b6ecb7df8182f9878383f0d600bd5cf9d296302370a3f664e4e4ce0b39,0
09fa0acb35fb50bf91bced24ebd5f99b5a5f752b,800608,ca5ed554ee153979def3fd846f79aacc46c75eceab9ab942255a11fd58e05909,0
0a122cdffcdd6f206861ac70ce2437fe9ecc31be,800608,75912f1039b547976a1e95ccea17f7f46458066705802ebf5eb1f7361bbdea97,0
0a62ee67332a5c7424e36d1c9cca4db391c4c60e,2174,407dbd553cf57a9905edcafd685f07bf6842ae48e685450f140bf81b70acc836,0
0a667f9a0a6fd585202c83fb5c0bfda68e1ea858,1368830,5ea7c1cf401382d953c8a56df1786cefa9446bc6aa168571870063da9ecc7e89,0
0a87b0e61eb74fc708e32aede9a0c19aa4484a40,6416433,955dc1fa623fab38cc92a3f4ee172423ae6d73201c4207569bfdf5626bc733f0,0
0a8c0b45732f8d10dabe30503fd189466523ae68,2108614,2f1a555a1ee93656b4e6f67aa75d492a843c225e5ef754bae24c36bd85851cd7,0
0abb38274c46a6842f36698f88cfe4d7a26ddf3b,509440,be6632bc729035795fb6f74b70cb7de80e0bb42f5850e0d4749a709c4fa80b21,0
0ada1bd58beee492ebc94f3f4788a4e7bcd645a2,7583355,af3d7f6d5225f092ef551d182b99866decac113fba0b4bfc820d505e376fc9ad,0
0af0d7b65780ee08bcdc0444ea6a4c49a77fe6f0,794656,4f2efc842a38931ed199f7fe4292498cb957e232b7043b28bbcfa775ed47075a,0
0afddde531bdddd858956b42a9b16418a43c2a1d,1356106,1075b826671c5ac96c6acc209cfe6219f7b77a25e09ffda5db82c389b2cd82c7,0
0b0b3556ec0f75744892d795d05e2078e2cc1c06,509440,e7ee3e9fde971380e049c2899ef25b265677b18920aa7b1bc84622a132ad66d1,0
0b0c7873e14f57d4f3c79b65c909328792c48621,2931715,a6dd38d692ac1caa6d5dbc195d92f1f978b5c74ec60e02ed15fdf04404742fe3,0
0b0f42ccd9aae9d324853ac7887300ccdbaf3ad6,3640084,e7e106459b098c571f7a422d661f78f8b6a76ea72999b2d16cc9cbaca60ba65d,0
0b4892fe77bd93d31e1878e40db1afea6352e3f4,509440,b550fc73dbcaed51cb0c3e2a36e60a1f679cf15cc1725091238f122de96fc604,0
0b598101d6ef287a1de78051d8e4c1b477f0e57b,3169716,e0bb9bef12bb06c118b2bcf7e6ec5975a0dfa3d89191df6cc331767b1643af78,0
0b75bc0bf6bcdb3b16b4f3de86dc3e53166bfc1f,589760,9996b9c3f65899e99b570931a95eb220749914c3d85ebe5ca5c8f5637cf42e52,0
0c2345b3e161208d0b357f1d5e78434bea392a54,560992,187a16e997d1a0d5584cfa2df5d0c976f875759f6a15f2e7b73b30a8d29e4110,0
0c2aa4f8f2a194710126ef77e7098c9ecf06813c,509440,e5ebe570e03c742117c3fe92531074b6c88a4d40f1abba786f3eed9c96d47449,0
0c459164c2dd9a25a74118570c4a4b8a1cfbfb2c,711827,b36ee0ed6d20d181de65ce729dea6169658a9cfa4dede6717ba9fa2e4fbd3bc7,0
0c55789c63bc133999449324cc1a29aba1db532a,757696,5e54ca820aa79c62821e3bc8c6009d5c465277339a8a3949f8197619ef5364f3,0
0c9242102503ff7f5ca2ee535d6588af88c23db2,711659,41b9d12a4c559e4098f30173bc0f76d092c43d7b1f873e7027da45a256f30f87,0
0dc0a7c30662a7ce59027e2b905d5895c5cf3936,729159,4cba62ab4f6155537b7340a4d0d48f8af4147ae7f3e4af98a0ba5d9b76628ff3,0
0e05aa4345750f397ac51fd1937b1429577df89a,388448,b353bfd34fb213f49b2e1d9aceeba7876856e886459c607b4b674470e0ea1b35,0
0e30fb8f6c82a21b448946bd88160d115e02d64e,800608,1d6aff1fc8227c2bd93dff782c3d5db0688a6ebb25f139638a58178d44e1394b,0
0e3e278222414cf7b875d0003760f37cb7efa145,800608,341e291dac2a9cad75a6a1731c1b995b45a84cfa0961a637a7109c520af56436,0
0e63715870d5a4b2d447f04a3f751b8ec2512025,589760,89b7df128c9e0aa9228e88ef996499b6dbef648a5873b18f604cc0a7a3af45e0,0
0e8319ab719955da5515b5c31be69d4214439e34,813120,87f99dac7379e1a7a068302ceeb2f8437f4731a02ada2bdc4dee2c356dec5b9b,0
0f0a58bb795c0206d62f761f5c56b3ff20482cbd,711663,8bd3397eaaaf13a6d40b7ec1615057d45d887c40aa63a4e18b55b93f060f520d,0
0f1ee78e63e52d82f2c94fd4ba41ebc88396d5e1,509440,e835734c359f11e12a8f9eef29940d30278ddccb5df6714585dfd6d6c769e329,0
0f367652d19a2826bd9cc31b2344b70371f1a7fa,813120,5196b3ecc981c16093ff6bdacf7b9e85164dffd1ee45da4bf9acaae732976e30,0
0f3ca0bcde3affacf5b68caee340d1d3a88bcf71,509440,daf01448303be6a17b0e3fee0a0b9533e4ddf74ebda6cd2c8d909de1c5876be1,0
0f470f5990cb55a1f0a5e888c5751cf971242d94,509440,435a86be0160768b239e7aa4c78cc1a9185bf8507d04cbddb2ff861150f79bc6,0
0f6aabe54254d7431676fa2da0864f4a7742aae7,800608,78500f9f04af2cf44f65957f57c111b810a624c378534457d31e2b4634297a78,0
0f7956bbd55d9ba221d79d0a9521e4ffe54b7385,589760,7ce7dfd4ca685490fd4d98b6211009003518587cf5b8fdc96bf8e20b4aaeae31,0
0fb82f2dba83c658103b525f6186664c6b5fb9b8,800608,81bbf5b181a6ab3c743721da0e480dc6ce393e2f4a2c33258d95cc318a3209e3,0
0fbc28f9cb0f399ac54f99495ae1d39674f75f0b,2422250,ee8ce5f97ca6140718f93a65f75fd99cb16c4025ecd2c67eb5f1ff6d33b8c54f,0
0fc32432244a023cb4c2ebc4851d9d4b700262cb,7028197,94670abfcc778959bbb944077d26c91a303da3aba6a5248804794437ea4045c2,0
0fd117d4946ba822efb29b3b96ac01ee008b5e6e,4670099,02ac8563e7826064925092b041e05e33d9e2be3c4f3c944758817db100a8d5b9,1
102dce899eefc911c3d8112106ec3a805eb4c75f,509440,87111353b3b7d35b1ae5571170161824581812246b9fea58bf02cb7af39f9373,0
104554cadeb330c070ef29e20fadfe74547ee2ef,800608,0f7819fd8e74874f5422361b254ccbad59c8e6cbd2b519be5e79e01a1080615d,0
105cccbf3a898a33c20c66fa72cce73eb478a6d1,800608,29c4227e23829a69f3ea0caeb0826353384a69f927b8b5ae095919d0303a143f,0
10648577b6802aa8cfad4eb7affed1e0c61d631c,388448,ad357e9b7c1af9a1b5301eac06c261d5c1695bca37405755c58bd81e29262969,0
107a207acb0ed90361bcc2668270fa671fc6000a,509440,2f3b161ad37eae878d8d70b5fa2d56ccd60c7ff051ec3e591f5608999acdb149,0
109016081083c2a3bba91a2111acb68656426fde,7153414,883975314d58743726347caaf2c32ac89afd5ad57222cffbc4f052f2ab27b2d7,0
10f5ed821451bf1f2cc5064fd3cf65f1f842b70d,1899970,2fc9706cd14869b2fc14d4a8f5393bba6f41fe8889ac038815d58df05280383e,0
1102635fc822bb07f176c9166d176d9df417a457,4733040,f3910942aa907c48b0cc20ec426ee38bfa8dcda8feecf035ced981918cb30f14,0
110aa3d60fc841907c261baa52087732475e68ad,509440,6127b21389711ab67cd1cf4cd21ecff7b3ef7741b8357a9940b0af16a310a129,0
1143a0b36a2a29335a0387736659842689db19f0,4239399,4ce5f0768574d7224669ee2192ce9b45394b64df3d6e7ea7e36f8ee2d3a9d6d8,0
1148b057c4556296e9180766732d9043c9d0b9da,813120,2d1a3db0f4f03ba52f891cbf30080087abe692c1a5a5234d5c1ea68d1b00815f,0
1187eb27d714b64c07ffe8a535e6b42c3584557d,12930,dd65e2c292bcc86c93a547f53117b419711310c1467a90da2aac6ec6d5ee1c6b,0
11af12bf3158a1b5d74ee9cef080b5b33866ca9e,3431142,660b627db424e1243aabfe41cb1121ad8d6a0c428d579bd38801586d01a4f6e1,0
11e2b2fb48f0ca015bf5b7a8f9cb8bb319e70151,1794871,e2d03d57b6cc4f80c1f50435116a7fa3ce8cdd8912c84dfd3169d30b74a4ac24,0
11f3f2c66235d30bc9bf04ad7e1b4a19d80e84da,3475806,ed944c0b3d71e2d651a5ba0f8e7b350faff30031c8e3353de70b12b9c1bf5654,0
1256a8d904a7198188683a62ceace21c9aa93457,3068362,802a591a1ec15e702655db40952668e535dc876762b81b6459f9f3eb52ecd5e0,0
126002971c78635183341f3715c7e5fbddd00a25,589760,8940fa4b7266beeda6448c750035371c4826b7ca6445b12244925146e641f8dc,0
127c4924775a4f9204a93f057deec31c27b3ef64,509440,00c0851591e3794b0406cefc5f52a843f13abcffe6b587d169512fc0c4ae1135,0
12cc2e86bad0e731393847b017b32a7405ebd4f8,8656624,5124ef2ead1a10a717703bc436de7f353da76d6340e4587719b42b1693707964,0
12ec1ec4f3a967cfbf6a450bcb4c320d96dd1590,589760,2ae26022ee573adf73b2bb0ba6eaa4b2b8005102a8dd2feb0a87cd7e6309f0b8,0
12fd235a16955446928e530e05ee6565269c3cc5,589760,004d9d832c4406c83bfc72a5b1d890419fad4abc398839237ae7a229854966d2,0
13245118a803d031b87819610837cec78e174f64,10164457,af1f27a594a9cf2dbb1e81dd58953bb9b66fd029a9affcaa6455e4a4764df1bf,0
1381d48d12758c2f7125c1a00c561f498e7f14b5,509440,4dae3da6b636144a061ff669fb1ab995f6e9460b4d90d194352533d57043b201,0
1394cf1f64bd1366cc77aaab84383dcf7d900e47,3596,70b9458cde504b8284432a5490695ade8004a628fe70217fcb5c0fd3be94f7b8,0
13a036f0c4858d308e9bdad9a783440ea592a92f,560992,da36bcba1d83300d452f2c81c4ca18bd65bd1c8f49a1399ec61b884ff0ed7f24,0
13a88ab79464a6da029fce1e5be0c663cf988234,466248,a9576e4dadfe7f78f071a1c00ba6902cc83ec6ed7e9b590ee974950bd4d54393,0
13e1682e5913a21d81b6b7a72da863771001ffe5,711659,c0434028146de186258880c6d5be6db4114867abc05e9371512104ededc21f9f,0
13f4dc48a9c2faba89ee034cfb9341aaaae0c31a,3558643,727009a8214ddfa5af1deedf1006d4d06e8e51e54aa5f03566263d4e19bfcdce,0
1416b86ca1429bbbdc10584ad66580196d6abb93,2422191,a45ba2af379e1d559dbbdf176bb6a338945019534a20e15e07d22bbd0a7544b3,0
1463e2eafe9285b80c6a5afb663c5cb58b525ed5,9117036,40ae5d1ee027b985684a3bbeef4ee16b2b5697d1d90658bec5bc5d2a73018bd7,0
146e93f4f2055940fd20e319f82acecc3252508a,2387,9cf99ee89e2252415ae8d370b73278ea9a30c3145eccb0ed59a6a67515ffe797,0
147e49313f91adae8570b347074bdc95c68086d9,800608,1323dece47d2539e5f7786862c0c3d9ba154a3e55aace3e67f83078cf7f35960,0
14aa558294522bed42f2b0c6d6811a5039dba549,388448,b4e0b1321ca1a9ee2c1cdae418fd3e6b8d8570796dfc6af00ad9f730f66439b8,0
14e0a4c03a494be364baeff815555a1e0239cf54,813120,294dac2281e95469d90c03b06e1176f916152d167678b7108b9b1428ed84d228,0
1506c0b372de7b7cdcd31a048d9f32be25440e9f,560992,8c046bdd172d63dba09cc34db0ede472d8d283f6a008c5bbd78f5d4326728fd8,0
1516912aa8d43f18ecb3ad3799cf24ec8a82cb5f,800608,58ed38af1599afeceff1f31b48c8153222dfd66c3fe3b846c2f8ed752d4b9f8f,0
154f51d6874feac4b4fdd7b7d3d57d7572ce6c8d,388448,7fd022b0a60676fd142588032239b93afebb95b98e2fda16cfce90481adcba41,0
1566365f64a0dbba575af953a8cd0c6d2906a2d9,705727,064a132db204e46351abb4c3acb9da22fc4a837390be3b87877e79212e10dffa,0
15cffb1a334cf27ccef68b0b6e2bc6f74f1be219,2108774,dc239041d98de27ffc3975473a1a23e3db4c937b23c138c38bbc66588bd247e5,0
15df791881f91e7963c9e0d704de2f2037baa002,439124,7dfbf1966ebf99d471c3796e9b457329d2b2182b817e144f1e904b957745c839,0
164eec05266bfded7a1e5ff750c30ea0a95e52f6,4195347,0c0be0f47d27cf2a0de40266711d8ca68ce58bafedab73fc457719fe437d2bfa,0
16671431287d99b3d949bb3e5e2af45c7eedfe1f,589760,d5ce9916421d1132a1e008143dd9aeebef0c8e71eb935b7fdda6108058a0cce2,0
16971be6f50532c28018902f133a792c7f50f931,776160,d016312e66a930cda6f40b518e017efebdc1ac2035082aa0e58aae9a92830956,0
16c4c91fe9afb1eab22f2e9cb02b4b370b472528,1288,8bc5794bf422654637d11432b4160291d930c0a9007b7fcb47d88f7cf237a2fa,0
16d97e5ce0ac93194854c5864f9e2a01ab0f452c,800608,bf78f3c763661ec98fce2a66a0d9bcd73fc1afa08614c055f9d14d43898e376b,0
17456db595adc78a973f97d69d8cb50bc87c0b1c,2710337,297b13372ac43916285644fb9687add3cc62ee2a1adb60da3dc25cc94c1871fd,0
1748c665670e6669750ae39b387c302731bbcd43,1945155,8c68624c259affdb1790a9e00e7eb2b5dd6959879cf91c3f626668817f915f64,0
177680ec0f17fb5fc2ae791bcb58983312cdec92,800608,fbe7689d9332d6df90f45069f50009a27755924e98800490b17070e54997b2a0,0
17c54507810cbe381c5d973ff2229af418a3abf2,2289810,5f59e146b0bd8ac2002497d45d9facd45764807e900c36ff759bd77ec656badb,0
17d8cbce5c48c41801f50ff1778b7d618a84cd7c,1347747,074bdd04a3492e078e7317dd9035fcbba46a541729fae1dd7700de5ab9b74fdf,0
188313c03c392a12933ea908d0a8b73b043236aa,2422164,d7af4599a1914d04aaf44839418757f40ccca4c78033edeba369484978378335,0
1a15ae75e392f631043cf68f136fdb59e40ef959,589760,c3cb333bb372ed38cfbbd58c1a518fcf0159275532b3c4085f30940f9e5f0e2c,0
1a68556944c51b377cc6eed7c1780d148871c8ce,509440,282fc67c963a3a44a229c3beb4d1f466cb3fd68483dba78be0ea148d24b6ceed,0
1aac7ca2889201a62b91caae91c67ffbd925833a,964800,e9723f0b8e868012bd0bad6c850fe8c6d08a76dc2a9ff2d0b9c1b3bb8a1286eb,0
1ab2a0d23e5a032b6dcd6a3d0976c2af4d2c27f8,435797,5b3360be30cdf39081153cf9d30bfb0503c011462fc9f77f097127c83ef0f4d9,0
1ac2d7b4b4d7e16b9378eab21ba469689dfb3b9c,589760,4b4f16f1a838558ab27e33389fc59029b4e4cd30d6e167b8060d0d7281aa6b1c,0
1b12e8af9e76effeda1ca39e8831274375421dce,589760,a34e751e3dc97b496038f13b945aca432e8697bd15127a4ec740826a4d2f920e,0
1bac389709b9e107e0a62893e3a851a257a8176a,5870337,f6d2c954a5e0aeeb63717aeb3cda8f9d31b03bfb3b11ff9a1d5fcb1db005f397,0
1bd3a52db801c911efb202f627bf0383829ebcfd,710944,d00dad6f80b7eab804479a58634a58a50966366627f847e47848bac52873995d,0
1c1bca3a5217cc47fe06dce3471ffffa75659d65,909,ccc2cee82c0b90147a0ca5babacd3bad67ae93a6a3cbce5bb4ba52e2e34cc510,0
1cd20393e7b9ca9abb5217aca514666e9721600b,739232,bfaa30947cc0c3070cb35cebe378f56099098e967e23536738d1bfc137653352,0
1cdbe35288055ad10b9d0e209c061b8d0dfcf049,2418800,8a10e1cc766d776b0682caa224bb8592b8cea4735128676b5164d5997bc33474,0
1d0b804064fee5feebb1fc4a77828c6330ed220f,39734,3d7c444d7c9ac8292e79264a4cdc29394b7a30fa7f55e78b60ed9e09d639c97e,0
1d2fad2bdd41bcddceb320f2786cb2826880606f,2187,df57f576f5ef16a454ae2776dcc777ffef0bc824113043043b7218c829fc7405,0
1d377a5499bc418173506622423f847ac3f5fff3,720736,8b3546033723122a9a9080d91bf75fb573d8700ac480fefce40cb976aa7cbf2d,0
1d3893c574634e7e943103c33a70e572ec4fc6dc,696735,b5bd4d95b49136d744df2243dab2182764dc7a7315bf7fe249a45fa9b8f583f9,0
1d40c268bab030a40aa7227f45a063d26e103832,509440,b1f31048dbf07a21bc226e29bba13bc4fd83a1e517e6cbc7629721753dc7185c,0
1d561ac25876d6c0f42db09870c30536b86af9d5,388448,faa378ae5492b23113d4ee83b39bfa0a96cb18cf3a895b339e13b3edaf74693e,0
1dbcf8dd0bf6e9ae02f2373be49eda48ddc23bab,509440,ddcf565cb75ba3d6d40ac6e5b7ac2935b90a1210c3d929cd2ca44f7349a6f372,0
1df7d0fc3549c4f89d2e1ea33d8f6e6b7a3fbd13,509440,b7306c790b83ce2b33139677ac7b2555dccc9e974a90456840a720d9326cd24f,0
1e21cf38392ec36d057c13bc1e1976075c5349e5,2422434,5a1e6d0393c72d2c17483eddef327a7090c9a51989f8f2ebc52d5322dcbcacac,0
1e338485112c383af6713ecdf1a0279da7d8b212,2329,eb73a3622ba91b5efa27cc3dbe36b4e01ba3e88630fff59159fa4ff3e08bbeaa,0
1e6ac69ec24cb34039708b5d954732983aa55c07,8672322,1b119fa76913d752f1003222865691e56f69fbff53b257acc10f8fd183d4f70b,0
1e742e9c9afe44161f9b1b1b0d4488178113cc39,509440,9a7313277b8cd2230096c7e63fd815b0a21b6b69c42ec559d59ee4759d387537,0
1e8ef3e5a6de66fc3151e1e2128afe4a77a18f79,794656,0c309b7e078d6b5ff9baa0efea91c70bb049ee661b713d95f2f8fcbf9316f648,0
1e95340ff836fad1b5932e800fb7b8c5e6d78a74,2480466,27fc476bfe7f17299480be2273fc0608e4d5a99aba2ab5dec5374b4482d1a566,0
1e9b99f17896846cf2d07dc6e672a049d8cd30f3,800608,a961b22ad2e5a6cca5e5915fe9ae62f15f2dd31c94d839a8794fdca5c60f6c54,0
1f13439d4ab3a03c6ccf57fddc509a034c0e27e9,509440,ba7a404710a0e476c4283645c59b9f680d47e2714e17d336f5bf3409287264fa,0
1f6bec0b35164b515a6d9a80f29840b477595f7a,1856,1ac341afb5d190c6d4376d73776c81ce117800dc64f68fefe5a5168d474ba3d7,1
1f818f98745d11f26721514d7ffa810ab586014d,388448,02f617f66e21d118d015cc49b7b72b98104dae2e50d979c33765bbb04b33e56e,0
1faa40002b1db3d0f6ae81ef225f7fd769fb7f94,2481202,d2fd2dd3f11a2ae4b21f27f57b9a174f7b12753f0872e334aef5921b762a8e7e,0
1fe1aa20ad163196717a9954a0f181428ee46d66,6133233,05467c7d69c3755d66e02b34d58d9643d0b2e7c28d3e761ba6036d7c855326c5,0
1fee4cdc607c5ce9abb623851fb07d9e10e1f420,678903,8d0d18d79af91cc3b41e365cde4de7067ca32ac84a48a58306241157e814fcfb,0
2017b92a8c366d42e7c679d10f441289be94546e,589760,54728423a03dfb8b56afd29c48ff5f9f520b14dc4760141e9187ef4eace60d4a,0
209e4d10db01369c71d74d97bec6b4b1f25eaf7b,31115,9c6415ad3e52c5fefc04567352001774975d8839a99258d791334d627a120a1e,0
218295610a7dc7e4092d7132852b1e0bf2eb9981,71798,29d48c4a178f6af3ad5130097c34744639e9294847b38a7b912c8c68027cb819,0
2183cfa1bb47d494426f4903a86c19097dfd4e0e,5991485,770ff2855437cf44f1f110550c5a9dca773253a167aeac36076b2073d259aa3b,0
21c656dadda0da9c4fd6041f71b0b81f1c411b55,800608,69fae01e8c0844678f4f32d89f59e057d73c6b7c30bded2cdd9403222cbd4506,0
21d8f1860b4c5368f8e8c77a483ec216b978d90e,2371,30adc006edc187073ae193b5cf7270fc06bc3bbf13438a96c55111222a122b02,1
21ed409afa3df5a822caa0fd5da30d13941f90b5,2424235,f5dfec163765e18e270537fe896c49f5fad74db1525641d9b255a3008b999596,0
21ef5aa1e788928a8ddab009e096698af19d3f3d,388448,5c0b9ef719ed7c69555108350c32679dc59542d24e50d81a8ca35ac9bf72b07b,0
21f54a4b56685f29358f3a8de1f5b8d827357d07,2919362,bf1b59b7b11c95f194f51708d918eea378e09d05f84c0e1656dc5180e8117088,0
21ff3fe0d7d1b4b9c880ea0f8263ac1ffb0f2c04,8649136,bfead76cd475f67849a6710fdd16497f75732773e4d90e40d3b5bb5d3f031df9,0
226f24ab73b73966958e2ac95b8d053e31750aa8,800608,bbcdc275e4f9ca7ea31024eefc929d510129ffa93d54f442202b96dad7ed840b,0
22c2c4cdcd12c53ff8c2d4be3fd4d4876d1f356a,9116490,bb5953180a154511cf4d0fb1fc68a3433f1458aa6db3851ac2609cf41e7d9b5b,0
22d0919d15128817daa2aa1c6076ab30b9b97022,1768037,4fbcba874e99df8524bb45ef93dae343da881bd6884a7ef9a8da01457efdcd13,0
22d7bff638d061d32280baf9b282774ca67e3a3a,5711996,157d59dd3f76ccb4b4fde84d42c518732dcceefd861a75c6fd507c580646459c,0
22f0c2330e3f5ef2f28e1e67ac17734eedf4c090,3931188,1748d589785f2e50648a90dbf225bff0431f9e2556244d146909074fc38ed492,0
230073b96edc85253f7e2c0fee9c051d1421a42c,509440,32862eff077e46588aeca8fd8b5785018249182f275026f28d730bd29ac04061,0
230604a0d80988be86ad927a684bfc539510645f,560992,18d51d6f8e8b2d1e713c6f4146a4a04b7d3310ef7f68187ef3bd1858b75ad468,0
231d39826f3819726f294c776f55d476f9b54e47,3973130,83ab464f27ceada1528ff2f1dc3f49ee387483990aa56eb5fcdc0bd107fd2659,0
232a48b26e32ac2be09d7136bcdf5c9f95f6fe13,800608,de86d2471732e18aac993b3546ad462e748709e88450f72160fd7c5ccedfef95,0
2384b97130c96e634fa617db75ba30ef9c33bb38,800608,276f10d404ecd72171bd6de3edca4aee5d36c60e7ef3b6691fdb9d3a590c054a,0
239b4c4d7424e11eab104e7e2f87b0ff1a8d2b3d,739232,d9613803febe291b5973af8890694b442194c709561e4dd7b1125377510a542d,0
23b35487997df71730bcc1f4a91193033714de95,509440,c240e3f4e94fb11ff8059efd5df313eeeeca34dc5cde4cfe651c3bd20cf99f97,0
23c27d13a2a7459bb7f46549124817b7b7b2fd7d,2140013,5206bef946bfe9981af5d61bf993b52950a4ebc29f1c0256cc113a1698448536,0
23e8b316bbb589e165e9b8a690d220d94376971d,509440,bf27fd40d1b7b35e86977f4fe775ea5c9acdeb0d52e1e4bbf55978e07ff3c679,0
23eba51adba72d14327610918f15defec35f7943,2384,5a3509433131caea4921c139edc935fb9ddced832e82f4294ab80dd1fd05b68b,0
243eaed8e1cadcd28a2b495a56b2798da75a7992,509440,b60220cb877966515ca9083808077aad24ce5f285f9fcc47e68317053722a96e,0
246d58e4132312ed35dd3e1f874a5f59b66a25a1,589760,88f968e365970db909297b87d987a575250fe9d6536e6fefda6418c9d7327ca1,0
247f772cbeee4f318601334cccf0c15b92914bfc,4944,5715a60b09d5e4b9074435d68c6ccd5675b9d48b220e109fdea3cda681e23d15,0
24b408801504f3c766a65da935e899b9e9363a3a,2208,9bd0e04cf8d2091f92d48bc4d7a82c8c83270e59fb1a2abab89440a92910b6aa,0
24ce57bee78a391706c443e2417f3339a842438f,2563370,11aaf894a4ccf3d95e8830e27c0f8152791fbbff2b988e29a265580b86edd216,0
24e167434da90be3d3fa1825c040cd7aca1eea37,2422360,72fb264ef4324ec23bc4e8b94167134eaf031b2048fd51a2c2f5a329c7695847,0
24fdda1657ab4e7264140371f88b4e4af817a9b8,800608,5a26aed4d2251431fed9d21337e24d1200dcb5c4eb30ee95541454c1842a5375,0
2523e6860c1b82c18a617600a058a97de65e712e,509440,5db7deff9bda7dbf58029a155d4c4f35087ea4cf0849a3f0776c7ffb60709ac3,0
25328bd6adb38e4917135bd9af749e5e4a289787,1306895,ece6a491f17f63777c4850c57c69c4a469781add78b59d40c1503dd967ff9ac0,0
254fd2af9b9a5115428879b6a77045719be02f35,794656,ce51d76a46b41ec711d191b52912affd846faf067f6610d526cdcea39a58d05b,0
25773bda4b7dfc4aadca869074c0bda2dff096c2,2418715,ea22e6c1e93092b1a8e0afe3148e1f59b704b8418d06d9fd311660674e8cccfc,0
2587310b4ab22ca23813a7f5da543cbf3cdd872b,706024,9355eae89d401cee6b1f7c9acaf4791191e3b22c918e5f616b6baea13b66e748,0
258ada4c0edc779a7e29a713d9d6b247829aae5f,454205,a600e32448f4ebb0bffcd4cfd69ead75b2f982058ea65b15d9e3e535c1e83ae1,0
25ad2799a604e32659261bff3ed5321e8b082274,5550689,8ffad69a8ec59e087b7b8353b42e2cdd0bf1c8fd7d2086bcd590996aa0f8a3d6,0
25e1dd310cdb0b44e2186556e272121a4234b8c5,2422267,b43475fe53cdb92de6fe7f9572cbb642abbbe4fb7fd1dac0f007200bfbc33b04,0
25e89e3f39e7b2d53c7509d59bf2b47d5af60772,509440,a8c713b12665ab00e1dd1021ea2efac6c9d2e0894b22d46a52caa80ae4892c51,0
25ea8c790b4791a8efe7c32a728ea56107716d97,509440,0eaeb6426ad09303cfb365894e1a5e284a0d69eae916c8e910d3a92a19e3c432,0
25ec93bb437950b2e22b8a517e1174ac403c1ddb,964800,5cb57e54a01eee8940c07db32bbf29b6698cf9faa822551f5046433b6f1f9fe9,0
264dea5c199fc04c9b6b35e0211744afe4e19f7c,800608,0187f0459cc1346d924fa147eacc12b8ee558cf48e9b5786ee77ab789b85e5bf,0
26788df82be51e2a0b88a7cd5da8b34a0d979dd1,509440,c475ae8a3ae390403e842aaad9a3f89d560215c1953ad20331b5ced3a9afc491,0
2678952b7d32756b6fb4a3012a8f62d66cdecdc1,3642035,43d4281659ce30b6aca2c7485944b3d73925bb7f87c7234daf3b6b094a6d618c,0
27116341dbf393e342780590e4488866f594f6f5,800608,41f47e1403a08c14a6ffce6e451169ab95d18b86fd27c497d8696d07e68aa0cd,0
271a6d9b5fdc493c1c66bcb1d13c3f20a6dee6e6,509440,11175652278ee2e0552ecb1229f4b83b82a4612288ebb49a93c7c53dbec89804,0
271e479d92eb3898261131daaff619e7badc2d7c,589760,b224b9388e3000e22424f0598a1ef770936244d2ad3517dc6653f831f4d1043d,0
275d8d2e8d645b96238410a50e05e96a16debfa8,3529655,c3574b108114217bdfc00cb1de99bd84a71b218a360dc30671669c1e50c53604,0
2781a745ded68355da56b1e19251cadc8b06b3e8,944288,03f0262b6c05cfda9d6ee4e0d88e6282795eef1cae91c74aeb9096729a4e4e80,0
27842f1b9b96a34d7f7b9787c644f8314384f2d8,8294393,d48dcfbb2cf303621b5746db35e824e8bfe9777b1f271f827f6659759c1fe0cc,0
27d5fc9e94e78b7f275ee76c731695ffcc779098,2985,a98f1d5f121e84b9fbfe7fcfab319755a91d98be3fadc9fb878071791cc8e283,0
27ff182bc934baa0e4c7970770868624c41c7db0,2781381,8426b3e47df98470fe8838672894a8feb65a97fe8b68fc66a9b3251a63835812,0
280ff37337b6a16f2d19e84b560396e1911474c5,509440,d1bd33ffa5162f451df5cada0b43cc49096dab2983169a95a5256baf184e6d5b,0
28382d79244585726bef1be88efa67a45586eed2,388448,662d7efdfe4619cff20170c120b64d3ad190e2b97b2069f8c7335b0414c0c0b3,0
283a66be5db9f1063841dd10c53725ba9e3f760c,813120,6894f32893ddedf454a7a653b00b8d856ca36693b176b2ff09e5e8baec69fe10,0
283cb5d502bea01a9a94605d4b6e7dc571e78699,388448,d7e8a4b36282bdb67852d0e63800374ebbe556a4eee12cb8797a13c469eceae5,0
28453104ed286327feb82221ff27fc3b7615ca57,800608,c46179f7d9a1d0c29d091fd2d847556ff43a969d515bbb6bd0300dd1fb1ef14f,0
2847f2485eb910ff09ac382ed874f73eeaa0911d,609888,5f7b234bd11eae39c5dac2c8220509188ba9be99f51886d45b96aa998f3ba971,0
284f7e2c89e0186063a1821df8c20c03a83ccf9f,589760,965e61d608200483adda05e20176224f453c376eb18e4f258af393edf4eed6f7,0
28576871aac65ab3e1e26a37146b4bcf9b304126,31284,ac78c55169fa52a216282159b69bb365b28edac1a71280debf6d58a0780e439b,0
288344efaff2a436c9eefb0be036e1a2910f4481,6117691,31cabbd7e3857f21bcde266b0e84585ef3282133acce42d3765e8f31cb5f4040,0
28b2723dbefcdff5adecfc7668018751162992cb,509440,f92dd22d140dcf3a2ae3639b6391d650b4ce069f5cada749eb6e707986d92a9b,0
29a4cb1fc66786e224aa132b046e668d98bf4cb3,952,dcef497b1db65cf6c556f6682a3606df3ea6e2cb1e41131ea958c9ce0f0cdc88,0
29c9f72987b25bb8567fe6e7857b1cdd37c1c5ea,509440,ed7490447a6d52847eab238e2e0ad5151afeb36e1425412710595232e3fb1c28,0
29db2b5c880fb005d700af5feaeea1b89599de00,509440,afef189b91794baca777891932442a5db0e7846bdb01928d43d690d532eeb4fc,0
29ef95af87b26310f30fc2b03f7840848cf85385,2043228,d50aea3cfe363bd71210fe0b52bf967d3a50de5aed625da3278f42cadf3b1062,0
2a1d18a8dd28bdc3e88ce9a09da12756fba024f5,711573,e9f999ac74497843ed9f4303246a8f43d9f100ee8aab8e133667903f447ceb48,0
2a482adf208428b8e67e7c3be899d05a8b191148,800608,98b5d649ec7753dbd8cc605f241703733d9679d79b34f0afca248dc0c48c0226,0
2a8702fa639e6eac8545e6dafb53f57b5d63b8eb,509440,90b5298e9a9113fdfa031c9710758e1d1a11a3c2512e08c8946f88fcc1b60226,0
2b16c2838fed7b74d2a7a220784be1896095e5d8,3074908,087870eb3c0f08aa7d4dd1149557a02eb90242fd319b174d4b249596f4982c08,0
2b3a99e62578c6020619f164fc1a57f845365c9b,609888,5dca6ecad189022d32dd9eb6bd628aa42b5ff7112a3c6452c0b7738ec343717c,0
2b4d70a1884d7f68149bcab61dcdf03230073036,4524467,950531bdb6a07425ef12577c20d57b89817e4d101429226ca0a5dc66f37678c9,0
2b66c76b315d9fccdb92d86985bdbc0a1a20c0b8,509440,05801f64b4539313c5ab6eb1573ef7c918b49dfb0db1ec23298374f1db9da411,0
2bb86b3d63f4c5c71e4aae561639641a84251360,589760,fd12ad57671912e248b171b037a36abdae1922d49751c0e29b3cf6834275ca41,0
2bd8f27a065bf9e98843478578aa77857f3f6150,3855707,287537d5be89a39bd18e7e3875ad9900faa668493fb759392b8f52a492eca5db,0
2be5dbf37a39471c14af15965b1535d661a9fc1b,589760,e4f6c7011cd60883ec142bf3b9ef00a921e6e03e2ece12e249362432f8b82931,0
2bf6cce0b4e768e92ee9a90dff5fb39c4082c18b,800608,38ce6bec8736df0811a4a311282ea3aa461471b482c1feedb7db9f6482038ead,0
2c1a7538d2039ffac90f07eaecd4fd4f8a0b704f,8649291,92c8b45d0b12ae0dd9680fbfe9804503542c377d65838558cd0b48a795385dde,0
2c5230a21dbf6143374bc0dd92338bf363c9ea26,509440,51682af6eac309d0e6c891989eb4f35f8afa793b4699fe59fb1c9013cadb689e,0
2c708b21227315e10c90e390f32f2c8b0ab14170,509440,41dd87d4f9fbbf0e0f2527b0074ba100a0b5937e119866570ad075d62cb2c348,0
2c79b66438bd185fa1a0fcfc2ce98a8f84d9979b,509440,dec3c50c84767e8bf60f88d9e9b6b047a73384b72d0237b6dde477d4a20af364,0
2c8287fb8aa724126aae1f9e2988ebb005328eaf,800608,f872e2ecbd839a05ba5cfb93e5cc9828c6277cacc9f662c455e66c4f8e33a6d2,0
2ce29d658079c374c1dd92708386330b8d143d42,776160,fc59c6065c46049145846dfb1a94920a1a2fe3067029673c5f8cf5edc5f88954,0
2d071add5b5606108241cd7f1062d88079d2810e,6409995,d0fcf4e1e7a08e855273824678363335b0cd707937332ec1cc48eee259065219,0
2d3c6c97cbd43bee7ffe3ba1e7645fe1ec49433b,2419196,0e5e0129c593717a570b3791e6337348ce561e3c15c171689f3502abb4c15ff5,0
2d68f50c179270dfc8029b890f0ca3718ab17f91,509440,d6a3abaf28f0cc7382809731c8d36d748ec3f1d09f91ad566dd5e5e2f485e402,0
2d8ef47279918856c788a9821b17e0ed820e581d,702272,7d22405a6ebfe7f1c6762764bbcd87c01a5207e2b7278657f6892e713142060b,0
2de4ce3bc4abd1c9e9ee5e4675d3daf733afbe40,2421038,ec6fe74c37f2a65be3857ef5e8fbca7662ebb15fcfa569a845a59958db969f76,0
2de7d58816fd7eca052618eb9c24c459160da9c5,509440,12e8543ef3281553bec3fad64bb2b0eede5a812700ec3535009f44fdca76147f,0
2e27bba0b0505b2b2124fa9225c9b5dda7531474,4733389,df1d8d5ec5d091b460562ffd545e4a5e91d17d4a0db7ebe733be34ed374377bd,0
2e27cf0c78982df4449adfd218d57e582a025ae7,794656,d7728785b7c5daefe97707bd161ca65899ae5fe0d4fe92af19c1ea235c800a6b,0
2e3e202fd6f1d90bb364357bfaecab689ed3a3af,6976398,47fabd4f4c148d6e1c888aca4289ee5c55b7029ae6cbcbfcae4adb01a6ce01c5,1
2e637ca96c7d9169af3cc97be1054b77c7b26653,800608,0f749893ba5b6baed5f3fc3fa405b1d94c2239e307b838e5560c5f85f2caae19,0
2e73d3810041f47ec632df252feb6283f151c64e,509440,839bb67a88b3502d2c4bb7ce55ea56755019c9d7c57055ee1af776c8a1c6bae5,0
2ebb6ef71b8db09f6b72cc755fd9ef28405c1729,794656,8264ce6b835a6c663d6a07537f7687e88526987cb23e1393bcc1dbdd0ce767b3,0
2ed1778c7217d6aed493a6cd9dfe6ac5283ad688,3672096,73a9448c4a9ee73652432d0727564116cada29fb9f065da21b0501274b0af26e,0
2ed4e9d4df044527c5258b917f00ede4fe3be452,509440,f22c23f9dc2ede966cf41127eb6d9a6a354dd604a15e7f62613b0d4bb8ca5016,0
2efe5446c6b1cc015dfce8246987d5810ec67cb5,2108905,b642560e24dade6e668205a829def6a058668c45d63a12752160fd2b539d0417,0
2f07c0e81af78bb288d18e22989c2c7e9215ea37,509440,e335549088ac5b19ccda3026b3909d185d04c7bf5de3d65d7af3b76fa4c19c79,0
2f2f7ed8cf1b5a91f2bbb383cb767e679c0a6aed,7031863,29503e9663ee5b7f65e04bb44f7225f2607fcd7995d7803632f42156db47ecfe,0
2f4b62667eba54e497fd366caef8a5e5b7f1132c,509440,18a900828ed5cd8848b6d1d71d70c1f735dfcaa3891c632fdaa6207bc729e0c2,0
2f4d8583e507b7466d2490e2d6c045647a822698,3583228,6c8aaa9a542084f2457eab775d4eeb51f92a70c0fd9de28d5edb0ddec3c08d30,0
2f539c385a40ba09af09c46b73d6b07f0ebe91d5,2108689,c0357d1e8e452c9889186ea0fb8556b467b27831f4fece84de608e17a42b0c2a,0
2f6ff8780467cd215edff08d7b0941698855c2a4,388448,9470766d1ec3607f762996f230e319475a0e67a6c88cb638e7e8906f861cc96c,0
2f9be706237abaae706c199c6b1c6c1830ad87ff,711578,822f9e32e85735fe8e963536ac7ca3ec009450777ce2c2e7e868a0fcceb9a140,0
2fb17c7c5c6a5ed45f6b7096ce43a0c2abcdf475,509440,996c3b921215bea5aa37a753a428377f0d0b48080d802b1cb3d788bc4e338d3b,0
2ffaa7df9c365f5dea0b884b79862bcf53907f90,3558797,1b9891adc13a70625d69e21a0e958ca2ef7ff88a893e617ba150f5209999fb64,0
3028b81ee0df915a7ea83071156fd9fee25f56f4,509440,4f1b34537008b9b5cb364409593c061702b6077f5450029a87e9c5f3e9322f95,0
3031b10a9d6c7f61cc90ba358eab765025008002,800608,0ea5fb398cfc0aa51fa8ac8dde10995d85df1784910229d0837258b3c8660805,0
3061f4b3a6aa28ec19ab12bac9f9e4e7e528377d,714964,8d594e66d13685c44f51fe94295d6c0f75c2f62ace6283f1c359778e584132e8,0
3062743cefbe5f5fb6f01908610c5e01cf17d0a5,4733020,d7a0ab0fc22e41ec8c6d7450a9ff9ce40e196ec5e5a2fa6a2105e064e0514ed7,0
30cd6e6e29af3c5aefdb077e5ac12f8f35ce24a3,388448,436187c5f44c431ba0c6e2ba0d008199ad533ca52610fa0b963e2cd798add279,0
30e25a315e2e6ed4f9fa5ddba3182995f7f4d9f7,6262682,285eb29e7155ee48851a77960797813f86a125f70d2c1a124f613f1fbd2b19c3,0
30fbb73ae5b9dc5490acf9ca84bba039015bcb99,10483184,ff1820ba6012c015d65d58920b8c7adfaf51872d0d7aa923a072b916acbef423,0
3157b6fbcc4c8ae7af685f61c6c54d7e7ecdc437,800608,6bb68405d1326315e224e058b180dd5690b93ab72f9388bf595beea1628a2505,0
3197aecca8512baa6460d5e19c88b89d1b6465f6,2919615,a4a4fa4b10a2a40361529954532f10257fda53cb22177554a862bcc661b7e4d8,0
319e8994866fa3b20f6a2211ce9467907c0adbda,2350986,605c664925653e3fbf2f35ea063847db441ba5b7a6af04378880409c3ab311fc,0
31ac709e3c4625c6bf80b7c97066a9cde4d9ba89,5532343,eb84a77af38a91f6f327486c7827d8541f8d446250f8d408909999b6be817afa,0
31bece6a86e558f9f2ac2a8c37f5f7c304ef24cb,6807748,857881db7f19ed874230f5394ec291ccc4330d36f438aab6bfa0d745f4b74d34,0
31d41f580772e04fb10d2df496fba5411e9c077a,509440,3eb2a7c62ebe0725b838fa8ea4e5268698b04281bca3b6e3a87da6da533e5720,0
31e7707b669d970800009678529f221699f51927,388448,f60c367d319f569090a6e56438c2823f87c28289c28a2d70c133ed7c07a10be6,0
31e99eddb04ca32c7c1f66cde30dc3e54099402f,3583486,bb637767e8dfb8044597df6c58243bff2e592ae9e3b310c0bbdb8591f6ac543d,0
320b152dbb509de644c916e8191ff72c42469273,757696,d29cb1c230129181d0ceeef84f907b4cc3495ce4f88f176cad356d55fb7b6939,0
3267634d77e1af10c67e8458485eb2dddbf9f6c5,509440,f3b7e5a64d48d95eb05ac265792ecb430cbc664d9150a57ddea494699f7aa918,0
327401998c676bd2d7c625039113b0577ea49fe7,711649,2fc687b11de0bc1b3d8348f92e3b49ef1089a621506c7661fbf3248fcd54947e,0
3295eab8a86a076e5f992ca2269901001d7b8b5d,388448,ced79e86af8d38af1311a57734e800b7685dc81011b560642e325c4a852211d8,0
32c30036f8582f2f922e1bfe52c58e21e5cfab24,2422221,cb6f9213f0069aaada154cb642d67bba436b5a242d101b1158d440b5e573f1a9,0
32f09d02dcb997643f7f1388eb7d695de0d95bef,8649139,305674b4d785287feecfb5f73f24aa75e9b57c87c579cfe24fbd207987d4b4c4,0
3313c6a04211cbc47603a76670d5f47ff6f286b0,2565,fbb8d54e721d75b1caccd17e4f172cc62c1335c2fd311daeecd648a2f0c88468,1
3362b6918be48ff4eb1c1f47b475bdf83cc97be2,1206694,8a3f778969683b813510c1447464b021498d61ebb6206b73c191fe0036ed10c1,0
339d163d63be0355c17292a2887f89d54d57c285,3558912,624e3921f48a3e8a726d8d72cf01ce938cc993df31d87d87270abe0065456e38,0
33c8354828689f5daef89956ad477df739eccd16,3930645,5c1bf30c9e716e1477bedef846b01be0013daecb89e9e3ef7ab89b23c178df1b,0
33ea6c72ebb92a237fa2bdf26c5ff16592efcdae,7028015,f7c9b2dba4a296b1aa76c16a34b8225c0c118978400d4bb66bff0902d702f5b8,0
340f4acacc0dff5d72cbd77e64612a2577bd1eb3,589760,140fc91ef41a9d3c19120306eca76902435fa52f05929f85d1502a34efc599c7,0
34e78d7f4ab12315493701e5fc8cb97f3aa20a72,17318,1240f9d178e1ad2a0076fe95ba62e332871c702accdd5ce3ae3ef33ffd6c3a1e,0
34ff732726586b181a86d3397929b0191e038c14,5823405,d27f59a4259678ba4c604b072820f9e892c5790b7afdc430afcf61bceb946d16,0
35070f2bc9cf7fd137d4c3b771655f6d9a0715d9,9085584,4acbeb003da451f22e2a2f1781d3a4abce642af4b77e2f2bd6e2cd1fda3319cf,0
351e847e09b0121e42f583ea5950e3087d11625a,589760,8bede587f1415f896ff1019e85d3a2ec37eaa54f087c2029bd2607d6a89b4704,0
352780e5ed93a74488f037c7613660bef56d16f2,800608,f4e08be7216a5685870efbfaee1a05665f46b3ff83ab2c6ae1e9a38aea51e0c2,0
35371469483554a454a77b9fd16fabfe1686ad09,388448,bd34622ef9a990b5165ab42ef69c701afd768e6c5a0d057ffcdb53727c18fbee,0
358f6fa6537c7307da4a0eb6f5dcc3683cae0887,509440,a001843a1871705909cb5a84c80a292cb4d87ac1509ee376a4c49d8e46b24fe3,0
359f9cdb33dd8c74033edddbd4fc11556f9c4d4e,509440,8673e2723999ae66549e45d3a1d5d0cbf9fd21a7df1102874157c6e00ea61527,0
35a050ab28c91d23b62691dee48e28764b51d8dd,4131145,1cbe567c74f76ff6713446ed1cfb9bd50bbd164ae99e59e79d81b5efabe01113,0
35cfa3f9686e570ea445e2d0773ad829f1cf7471,572928,882ecd0963e7339f7ada09f24a390651583fbb81226b5b810672ea48e38cbe80,0
35d31f48e76c8dd2fe36f1dd06178b0c367efbd0,2038,da6954f045585fc12c8ea9831b3c3eb1c5bffc8ef7ff6b6db7de781cd472ee01,0
35ec0db212367cc724174907e97a75c6c0ab3216,2395259,bd0d559a4186082e063bb6c98caf7b85d77e81eb7f1f0b886076b5da4f016bc7,0
3622e081fe5d400e797ae3b8ad11e8eb72fcae95,1843322,745265154bb83f2f52fbb2c5bc214f9e19ccb180b363502f5b854c0fb1c7d15c,0
362e873f22fea4730325444fdea2f4e735496e83,739232,62b4e84f3edbe7acf2311cc68d23d4bd1f0d80e7ba25aad1c7ba7012e1246c35,0
36908649590d7d96f074c38366ef9cc3f4038081,388448,908dec351e8a0a5ace1864f3ac07a039a0b3edcca37a062aa6dae7327aaeac04,0
36a4b264f859890444ac180ae3392df35c95fb2c,2115868,2cf2dc66fc194a622fe603f9f8571ae390b3170b4086f7ae207db8df6241c151,0
36b31dce3f11206e2e30423971cb7ef0df502f8e,813120,dcfbfe2311045e4eb8a645b1d54443e95bcec1362e2ecbedd8009a81985284c6,0
370c730a197f88a5521b78e98acec1740aac92df,509440,475e241dee0ee69cb64a84af1813b889e2e04c947ff213118380863df3ca3d9b,0
3746284f32acab3289d41948b2281be477e6346d,2424334,5be9940bbeccad876ac719ca482fe563389aa9942e801ed2d10b19253d2470b8,0
375b8849ae361b95a4bc5a19d62c17edded7d043,509440,ecc94a4cbafe43df7e1d467e69fc5c68e5edcd0661424d6c749b00739a7d3ca2,0
37829af743e06d19929d966fffea01bba713a95d,589760,e5c5ceab7cb160e72f5d63b53136f868f369a83421455bb32fc45b6a64d71c6c,0
37f76a476bb95bb20de8922b50e23c8396464b64,509440,2e88f12a4d0e1f10a67c34e106ccb4a40cfe9ce53904d74abbc0704492f8ca32,0
3863fa3ccf713aced8045f1d7fb0468b95557e79,800608,f4466c4e8987c3f68e81b9b129fb69b84f740c8ff90221ce3e0d616f3e84efcb,0
38b8548fffadfae1b911fab0cc9eca7c0f36a2f8,509440,3183adfba72e792d07939346b02efe0b0e0ad1388a89734b5ad23b2bba44bd32,0
38d85587a71fdd2947ff364331bda1ed54cf3293,3099932,d69293c4be36a8396f33befcc2ab4f2badeb048a33d824a104c794e11726cb7b,0
38d91421630438dfd2616847ead66e7c567a2bf5,509440,16f3ff37296777d71a4be19deed4a1dce5777ea1af913b76b595b90940693f1b,0
3914c6f98cfbac4f2bc4a6cea3694a43e40ca16b,509440,f80ca62870fe25ca387cdbfae3a65747cde5aedceeeac0daff627357a04f9f93,0
39177aed61ca7f1c84f71593b476d4130dc591cf,739232,cf644388fbd1f389cc42dd132f07729b8b52e175a38fbf05bf75431595c40831,0
3965739fa93db8bd189532ac2e304b4254c7e8ce,800608,9e8ae225782714b092e7628e897e29d9c12a3522a6c20e0c79cbe5db37b27076,0
396f553a85e4859b4b2e46b607bd4cf7a607ceca,575360,ad734453a1151c462bf427e403d81980e7c8efb491d024d552838641e5dd07bf,0
39756fa6a14d0de290a74aec3356503a2ebaed07,1795677,e53ad4b12c310873dcbc1f11a36b14725af784fa953d21a370e4182709847c55,0
3a2c136e647c94670bfb2d13a071b7aae5c4799d,3937105,00e6dce8d06acafefaea8d5d1e57e89c69b3237d08ecbe2bf6eb7124e248bcde,0
3a4d7a2420c8a9a1e66631bd22e8359b36af5ef4,509440,941d973e4a11de918803a0d93689b9f402fd49bc8f211c68d513c6c85db2ffa8,0
3a4e11c5f3c216c6cb0a343954685eaa7214365d,20680,a8328cbc8f88d4612f9b127d73e1adc62d318341d5a5e4aebf345ae6fc5ac545,0
3a5e2ba63acdcac9a19ba56cf9bd27f185bfff61,2480617,6d8cbd7cd0d8d5815e478dac67b85a26bbe77c1f5e0c6d76d1ce2abc0e5f21ca,0
3a6e61ec569abcf53b2127bfd8996cd7c2f30eff,3296920,0d97ddf099eae6c0b4392bdffa1256762eb8621de54e04429e0719965036c3d7,0
3a97bdd59d62a66f7000d24310586e10c692a6c8,589760,a7176abee71a19966a1aac7394b867f794e2b75fa2634e2a350b5e370ceaad70,0
3ac9eb5abf518e5974d51c4f07cc528bd341357b,589760,6d3041e0739ee011f7e377e52221d6b80821117eb57840479e1c4b007bc840b1,0
3b0a7f51aeebd8a4bf8d50351309932c0f34a4ed,3231209,37ce8f7595f9ce846d44286a41f2ffd71219b8bac97b00e9241834598662db3c,0
3b14111caaaf9af454726e1677c64b26339ad521,7205388,981cd3d9fef6bb4dda8082afda716b65deb6717cb3ef35ac0b57002c09dec2bb,0
3b3c10b759c2e12fa39a70454fe90ee338d1e892,964800,dd7b2b2671f9dadbd98c3358a3c2585e5f63368343a4a7536e4a2f277b8ca6bc,0
3b5de6f85cfda09f90eb12409c65a04ea696b1ec,509440,c7ac4993f5354191ccffe3d7e32a4962be816186230e93541615cd81750c045b,0
3b8a5d57bd668f68bd8d08339b2f48721160b7f7,509440,da794a07ecff0ceecb10e9aa3e6f6fc939fcbecb2cecc146c3d079b3816c88f0,0
3bb4f659a234c68d804abac4da36a43316708c08,800608,8bb8b80fc5452162872e7e038ad64e915f3bd332b4e0953f28414cafb0cf7e62,0
3bde7af99ea493f71d358c0707a7652ee7283b27,2422193,aaffeff988a60bc16f86b7a13ac9adcdd584145be7ad18bd5db5c45b2d9afe9e,0
3c0e6344ec45a9a6e5a621d6711baf109c2d9f87,711649,91f1def9b9391fdabe028cd3f3fcc4efd34e5d1f08c3bf2de513ebb5911a1854,0
3c40a87eb11dead2775c0d2450f296fd2fdc2fc5,800608,9c4a020e198b1d5d5e299fddf19050c40c9036729e212c596273e31977bac1e7,0
3c78630a8459ee8e13d4b504c7596dd700d1cebb,6467201,4fb4e062c49acf2dbb3fa60eee0e8fc133a9a06183aad9e71a90725c2493ec66,0
3ca180718e8cca51ec8365ed92edf6a2a2d925ac,1368829,583f0de90ba033cdea8e91dbd30ab2fbe6e2851d7ce923c6a8f71e5cd768789a,0
3cbbd03fc4d591e98e32a819ca10df20b15be003,388448,4697166e1df400afa9add3ebc3c87d728dc2824909fe2a920d54f5e49c79e467,0
3cfbd255b25b1f9e40b863436ab4bfd4719a8aef,674674,b2ff41ab829ae856e7c6343f22e5f0588accaf06fd470d7680c0c11a598d4453,0
3d1537733442036176bd48f1a8f120f67f906253,813120,8c4ff3fdca88a250d3a0953adc06ad193f45f378a0b363aeef39e90e191f290e,0
3d856e186ff0414d1c81ea01a19cca849aa3a1ba,509440,bf0c19982b4cbc326751b279fb7acb69bfd03f57736e78203c1618cc09d7ddd9,0
3d9cfa022f3119ce997e6a580b660a276cc77d2d,2109864,d12b4c75bc0f77f875a7e57e5f231a23d4719edda6cefa62318feeb3095349d6,0
3da676ab41d62ba9b9696a33459196312331913f,794656,8aa760cd7a4b598b58516f1d9777ffd2379856ddaa4f0f1d89a68c786443fa4a,0
3e01dabda11360dfae1881c908982eaf75341421,509440,8df35d4bfef5f97b7337e28e5a60e126963cce5185f05cc21e1683f14e9d42bc,0
3e0df5a329d804fb94bec16abc3867a462d55c08,3931381,615928f5a25409279b47b47d87a4ca2aaee3bd09f65e1a3df6c9d23c718cfdb0,0
3e1e77b346c91d3a4e2d6394d5fc315faa812490,509440,4b367a2e1dc31fda9474d6c3d407b3821fb7af212a85dc5bf102b31da4ffce24,0
3e2e6918436f479b267467608eccc4ade30c251c,3761754,7b913404bdd039af4756783218af4440bc07fb7d6d8258d677e34f95b3ec416f,0
3e418442e650048d4ec5b7e362c246ad7805d0bd,1844868,fd0e7eeb8f7325eaaa0a715d9759edd5d736332140d71ea667cdc3c22139bb8e,0
3e4cf3978bb89a0ac022c76c87cd6cbe63cb0afc,1143906,3830a8c8a56e008e3e5004326a5d4f0abb31e4fe6aaa4cc18e53e486a1ba4309,0
3e511f68ccf95c33b9ffd214a94c6d25bdb3034f,683666,e67e803f624fb4d67dea1c730d06e1067e1b14d830e2c2202569e3ef0f70bb50,0
3e73343f223c7f2a8c7926fd9a85345a83450f04,3296940,bec04fe03d27dbcb6276b46e7d2325433323a8132a2f0404ea6bbf98250a9211,0
3e8517a171bfe934888af55ffd4bacc7d0789073,509440,fdac9e2036be63d0efc98486394573bd5391ee494068b0de2d0f3eb634858a31,0
3e8ba76133c95d665269e7d7782c0071c10d8e91,589760,1fc018add66796afd86c6acbde39c5da0fd035f0ab719b6251824db062cf6e2b,0
3e9efc7a85b687c0c5c3616de910bfe3a20397b6,3642240,358e995b0cfd26ae9243ad4027fb5aa92bfa6c46ed22fe1adfd0fed53a9baeac,1
3ef2ebf974d3484391e9a552ad3a1919467cb4fc,509440,2df84a1836cd0c5c510cc9bfff3dfa7503333c8e0584c300b6508f5f67584b19,0
3efa97e355ff9bf8abc2bdb4e948affba012389e,6734647,86c78b55d2428e4479e21ce4c27266f7c5e1d52bcabcadff29bfda77f6ad3200,0
3f2d6714b60d0fd49f7d2791fda0b9cd9b6b7d7c,800608,a2d50880b33ac6354848ed7c6ac6205476fc0230e138446d968283eeea92f7f5,0
3fcbeab5e40ffada9368b196e4f28c6d58a3886d,509440,d709e45e8673c6ffa7e9cec7c4cffa970a2d83363bda79c4f0c85f0fb8ce27fa,0
4050775cecc95b5d20ed2b32ad5771ba514c81c2,2413537,4869a0a2259765d989ddc5088e29added7e00e09ed0fb6eec8c900938cdb5d6c,0
4079cc0f63bebd8159e0830959cabf427470dba1,710944,b464564756de4c4ec0bf1354e23430e6681a363b2667770d6a453bb35ec92755,0
40ae550d7001378360ab65b84837f278ea74a2cb,509440,e5c6952ea2285ca646f8bcf3049d2ab8130365c0cb698a7a58cd346a29f09e06,0
40c246e9a8398421f2f736e91eb3890ce7d29870,9085140,492ebf55999f2a71beed8104e12d808bfcba5a230b7e511f2c6ccbc616f9d76c,0
40c4a0f6c414c8218190234bbce9bf4cc04fa3ac,466081,5fd1c882abbd30517dced455a2c9768945ec726b96727927e4959348d9de550b,0
412806596a1283ba83602123e49ec97da18e7f16,9084449,bbc1904d35169c542dffbe1f7589a5994ec7426d9e5b609d07bab876f32e97ab,0
4177a1061e0fc20ea3726b845f4c5604ddf26e9a,589760,cc289950b8a7e2e712a03ba066a844231bc40a3b112cc4ceb43bbd3a19240f15,0
41911369be79611d82d152725113e66206bd7b79,1389353,d2acde0d8d71dd30a711834b07781b9c89feaac33fd332f60507699282740066,0
41a5ffa2657f77be129f7d2f791e45aab6c145ae,2422234,4d4b21a8cc7c0407dafd8ac6215269cd05c8e49a521c3580479b567879526160,0
41acfb91097e9922b5850e85578f800c3d360056,8648819,fe277f4e6a96e1bbe6bf005dfc3710e285cf3ab9e886259e0288ab355a68ecd8,0
41bea7f7f9bdb8362f05404fe1da069248f5c0ec,3931230,2dc5eb81025a86f949b132d13eb962eaf92864e83ce3b9db15a47cc9dfd1e232,0
420b0fc31334c64ddf53cc3e9222a6d4c59d0cae,1961828,f4a4d5bf7301717e261fafbe26e1eb967f6ba4cb3ae0ab7a29f4642ec229f386,0
420cb04c24db39d23a49818d792fa269bdcac34a,711781,aac58ebff064d4cb1c8349b050877c435ba6ef82a2566bcf8c393805a1b3e5ad,0
4211666c69f3cd38bb929da28fdcc1521dc20235,589760,f59490eb07add43bc1032800f518948bfaca3d46ea164f37e7bf660f2c81bc2a,0
4251906ce8c91219b9653d8606e6aae710ba5c61,589760,f6a137e41e20aa98db3da8138f54132ae5ec3c5e922b9bcac75ea90ba5cd9b62,0
4279db36dd166b0700071894530c745bb0a83131,9081518,2c3387be76557bd40970cec13153b3bbf80407865484b209e655e5e4729076b8,0
4280f55fc1c32211bc9bb4d55545759a00054ecd,3497,77a02c8e164413299b4b4c403b14f8e0e1c1b727db4d46a09d6327b861060a34,0
42890acd7f34afd343556086c57d9ae64a059fd5,800608,c3038f31255badbcd53335abdeed21e91b93e2e735b029e6e344730a9ddad1ec,0
42ad21ace45f46be25958fceaf548754dcea18b8,589760,ea02a1e63043d782b0b0cd1fae78e00e47527c126ad32198edbd0ced26050e2f,0
42bf50689457978fce912a52db83ce670abb8846,509440,3a11896f5e45e547308f58568ef4b6c2c4df304216b5e63c82fde4b2dbe7e47e,0
42ecd863b035accaf7de8a9055f3c9cfec765cf0,800608,a699bfa4a1be384bf6efd97683b5f5da04e3331330a66a14133cea8dc2ec32db,0
430a8e54d8c72422be0fb3d97c59d8ab6591e32e,3619016,b6fa577798fdc9a20c4502fc9f9931cce13f1c6c8c7a4ac617924affc12cb3c3,0
43140b80bbf05488eee66edf82d033165815d15a,683776,e27f018a60da03bf221f262c96fbe40a11d9f93fedd83bbd459cd29e3005445c,0
43a5d232e53eba96fba40cc2ec972e93e9165174,4718995,cd187abdb6927a04ff0214b2d3fa05f4131de66298c8b3b75fbc25ce5f7faff2,0
43adc95c259a2551a5f751308cf0b41457982c3a,4732426,98cff83b4f6d7e9d8929bebc62b07e92cf1b3f99c80d16bafe8b84a75448f40b,0
43e6daf936dc0f953cb867ec864adab78f92d9ce,1795303,fc4f0bd70b3709312d9d1d9e5ba674794b6bc5abc17429897a540f93882f25fc,0
43fd336eb8ce9e30a5da205c015b67677b4a968c,509440,98e10b7c3a8129fabb28d46a30e69e6280545fe49b60a3115309fd0194765a3d,0
440e6b89375c688d05cd1d8d4b9d90ee52cdd6a7,2422169,71c33c3bf57bf2e19b4f8ac686ad8d182a79f7cd1a4921889437c453420223f1,0
443909a61d429dff23010e5bddd28ff530edda00,7031645,c0382117ea329cdf097041132f6d735924b697924d6f6fc3945713e96ce87539,0
443985177aab5198346aa498a1ce3f27e575066d,16302,b486710dca2b6288aa84aaf166b424b1385aff1ccac5637744ad052a84df9861,0
4461af935db8196f0a42dcd11e2c15cf00b11dca,4012523,73bafbeccaaac734fae2de4a148d646720f52cd6e5f44bbb5a4f9dc8876febee,0
446d3a92ab7c1b89148dc0c665cea16acd929e6e,509440,70cb831be389934f5ba4e1ea151ee526a5881b9542470b53b9f8f04c6798ea19,0
44e845f1d4d3cac85cce3616bea299b11756f991,509440,fe92a401865a4bfe7b4e28e4ccfbd9bcd26a145012aff8abd9abe6b99590ec3d,0
4592a9e0fbb60d8566730150208c31a49c2b52e8,509440,8a8033343fae8501a9a14098869230369ded1c94685c8eb311a0af9f1ee3a7ee,0
4592ca371755f127ddd2559339b18ff9f13c1c81,509440,f7c62c108c5d8c139104a35d57fa9f62e54400a494ebab04819426f76fdbb4a7,0
45945dc116a0102ce8c5a03ccde54e0b565cc53d,509440,4a4892d4a9f5dcfa8efaecc21f2fac717067c3461c0288b65b1131c6f1206926,0
45b0fab1392df145ab383f0a04df2f26a094c177,800608,feb2a990c4073c27cc0ac1589bb18b70b204f0385df08ee847487d1481cf6f96,0
45c65d63afa5070d15a6ffc7bed4b0780e57bbfd,8340140,ccab0d2b1c2aec656e37e1f5a3bc8a71e64186f221717059852bfc1c99829d59,0
463f3414782c1c9405828c9b31bfa36dda1f45c5,9096718,a898ea75433890f6610f4e470b8ebeb0c21dce5c8dd61f892eb09eb5919d2e2c,0
464328e5d98ec1f8987a622fde668b1c388b188e,23061,9ea78127b1a5ec26528ad48b5686cf50ee84b84ab1912f1db34a73aff1d885d8,0
4652f777d8007c37979b0e7bfad9b4aaa9d8a545,388448,e616963a476d0d1b2e5d19d095a7b6d3d51bae3eb72aa509b3690a2a19dea5c6,0
4654bc0102188db0e06726ccccc4eae82627c24d,744604,daa779b12f0221ac05701794ab35fb3b445c92891a0f0fe98acc8b1df59658ff,0
46e2a31b58f653191f5a95da59b1a56af489ce4e,800608,e48f2df1330302da0e9fbdf475357fc22342e8d1123cad250753cec756c5a77e,0
473ccdd64955837191470fe0987b0dd9d0d055bc,589760,c70bab8811bffa1d6c62aff3a49554200f3f628b7322bfe569fbde65875366b2,0
477d14ea70ec30d7de1d70632b9964c0a7719e13,2919627,c2c0e4d392f08c2c2eb950156eb26e4e5ddd15b557faa45ed6a0decaf45b5f98,0
47838605dcaa58e6bfcdb259bb424fa8795f9af5,800608,b8b92deebe5e6637720d98a82700f84f28fcbbd0e2dd385cff54ecb7e6fd3fe6,0
47bc58867a1cfe79191b4788a102e601d636d82d,509440,5092a13d6b3c16aa5ae9745b472bd48bc7a1c0c6d9fc0a340c2e798a4b9468fa,0
4810807eb4427551275d6d48e9c503fdbd320667,589760,81f71bec2bcbdf92304cd793ca62883b124726de7b2093878dae9ea6b6db2e62,0
4811a898785c678e05053f8d709c8333f38f4ec8,8649232,ee028763434d18611c1c36356ea1d050e90a9fa94ede57fac48b39f85f818ad1,0
48166c176d2da747a5dd9d1c4ba530f2ca9081e5,21534,a5154d4a9aceafb16628270b56afe7498cc872f55911a5f32ae92b5c7631e61f,0
487f223fe5f59d6ebe69cfda61f66b0d2d813164,2245725,b608ac2157211fe27ca5ef8c7a314a3e453458ec306bc88a43bdba582263900a,0
48b0cc108d21670beca5e9b4443fdba0b2917c89,5569368,34e4c728976e483489b9552ffc2b2a3b4663da17f7e1e853f89aca631e66e05f,0
494c917d5e064333d16c144ae0bf22ffee9519c7,191542,4fd646e8a1fd6694cb9c876c914a516ef8dd84b4f84db2605be1a7388885ae91,0
49aa186781b271bac3bed1d4c703232828e4c6d3,509440,4fb95a1efe3148f4e4f2b31600e0b66bbc5d315f16de9816728131654bd84638,0
49d3a2a1f4b24154bbf78201faa074c442b383cd,3564884,fdf4d6d97e461e84213f3b959e129d9d0bc5804f61fc12edee4acb6439a560a2,0
4a4d613f369ea7c9d54275699ec68330e4ef17d5,509440,820095b0d7ad47a5e8768a902d3c01580edd5cf226ec5feccc57c4f54366ffbe,0
4a64a2cbeba3df92792061865c1db750b9347622,589760,f79b791a180f10bc5464df442fda765b23dc80ed89011b69300c7167cc0d1311,0
4a6915aef7042f3185502d930585af27c9494538,1795297,b6e873cbec90fc3e0d58505b4360cc19eac8492b399dac7f9b04410b21199b9f,0
4a821c296ad6e84327be980f832ee9e2b8dd4aa3,3558130,33cbbee258bbb396939ed86187b1de6796b1475ae2e4d95214622dc447bdd074,1
4aea4a867462050a7960ee01ca79b75b5314d66c,3132320,70ca5afd1c45f0481a73372cc1c2b6dae7acf2f15931ba3c81e2ac044ffe63ef,0
4b06b3486959247b09dd6f7ac33347cf0f83ca72,113168,4ffbeb2143e6a38324bb6111b7a8109530d38a076a8439aa5777535f0a32758a,0
4b5e12de840fee19d9ea7c85f5e187465b7ece85,509440,de83b6c0dc816bd3e8a607f0d3d9a4ab6fc52434296e9a813f2aa94c391a27a9,0
4b988bccc9dc5adacd403c00b4704976196548f8,1355256,8414cab924d8b9b33013f0d221c5862f365ee9be39c5c2bfae8a5a9e970478a6,0
4bd5f3297be194826c4a17e66a9c9e56b5eeb78d,2407,3123a40c67c8430670ccb35cf0524d9594f8a7fd5a44becf1a689a1fdf4a2ea8,0
4c159aa6a55e416544fe5ed9aa78ae3c1fdf005d,800608,d372206100d36da5353499a3c71aa9fbac0711b6bd9c8cee3ac75355fca9191d,0
4c9292bc4c195272f93e4481bc0dec330c1a7e5b,800608,aa3ae3d4a2e1b836a1e406cc669f110dc8fdc1941a914552cec86c0e451948fe,0
4c990bf80cfe476584481a6ae810dda798c87d50,509440,e4882fa6210149e1b385892ffa3a0b99df019492b2bfa88c52dd74c539c95ec2,0
4c9a53a182b29f28b8e37452b5819ec0dd568918,4719627,3e2911f733ef0479152c23d95c280ba45c41e8f6a20c899af02f0fc36cbe2922,0
4d3165b8f7ee016e64a7a6d0c5c3e38944bde5a4,683776,c04f07d77dba807b2d7211c6c60a5d79e7362ab199e93a0cd74f63bfcf984739,0
4d6fa04f38829874e12a68df791e4da88bb7e373,589760,bac498dc467354464f5c68c9621e045945a0c4fda1ba776772a5756a80475bcd,0
4dbede017f0aa7bd21a51925fefd87fe788eb6d1,3476578,91168e938f05796aa6dcca7e485e4b30ab52785320c7a6391ecef86e6c84681e,0
4ddbd98aa723e444376f91815f6472a385bfefd1,6081943,988af0af5cab7758c7548320a8b76c6a264d1ddfeac61e3f08d38d04d7202d6e,0
4dfa58e0cd26dd075ab9bb5b03dae95c31e62f0f,2481190,9dc34563d550bf0bf2673e242e7fe900c74382eebc6efe8b25b4c667c91d9727,0
4dfe83917ef799d8eaf6f697a38906589d43e3d9,8456,08638b430c58cbdcc92b585ac7fc8a7d86e40e3be75cbd1e49997af1bb27c34c,0
4e0b9b77064b5a62175b8b5a8f05a1dc36eb532e,794656,a055986f3a37a149425e20ad12dea8fea47df11d19dc94a5fbfcb837fda52dd0,0
4e13bfa735e232ad986771fff6300ebfddd475a3,509440,becea40028d53ec92e0bcd92352730b10a6e9d75f36c472a3e8024f37dc614c9,0
4e2f280effe801f222abb2c1ee1d1c98388ec54d,3642207,c748fe6027dff0040fbabedc43f4a20724fefa53cce66860e27618f24990622f,0
4e3fe6748794d4a16a8de4c684d2a970c31d1189,964800,f1b67d31c8bd968c23e07fe94cbfa1de14b0ff3de93a3004cdacb2515bea3c2e,0
4e431e971ad868430d62c7072fda019ab01b6f05,2208,31f97690209d34b75f428810efd8f8cfe496c30eb97a86d9110017c4ef204173,0
4e5e35a483135df4497727a6b4625308fb6f663b,509440,6ff9721d000c727cf45275e9ff981ddb8bb020ce07245164f7e96ca32ce03995,0
4e69255622d209ad444a019a340bfbab4a602fb5,10272460,8b5f3a5080f95e5333930b57181cd2a9bf387632bd7b277af5d4fea59acb58de,0
4e6a25339d98467d75d2503e6a14bcebe46c06a1,9085537,3f891fcfa8c79994aaa4bd1fd9108941bdf44e210f7ce23fbeef1fd1d1497631,0
4ea6bf406c71a153e7eebbfd2d16b9a86d46e54e,800608,9800693fa71f38a1344c5c4179b254bb62c062eb9a13646c1ad6bb66b08f7342,0
4eade387f6f3ade6a663a25642ed27843081a772,711649,851ca67100d372ca3ae031a6abd168f53489eebfd7d89523f35c5c9b4d372c3c,0
4ebdfdd6f00388af422aef90e0d1af57be036b02,1266,b871500cf69f2015d83798a4c8ef5bd1f272b567a3ba4f22c9464de862829cf1,0
4f11fe998c49c3aeaa1905cea160c073ea109595,794656,f54c95bc2b50279ecddd439452aedbf02ee69d8a5bd404713efb31fd5bf95103,0
4f5027123ef5e9e2123671678013cd052590ee5f,560992,c825f19e160e8b3b15f31e5d3dfd44c07a459c8133050da81a03ea1c73545ca7,0
4f9c5e07e947aacd28fd5f4c60889e58891a81d5,794656,d9f4c71aa01aab5c10c9351d1fac2933f50112d18eb29358dc68f20ed78e064d,0
500fc974c619502e6cc562853ef2f49c70a6ebc7,589760,b2373fd17b6a7ddf9ca116a413e84f5042b20b7b9eb87cc586001e8ed507043d,0
506c20cd7ac587da3c01cb3b2ee416fe18fbc295,509440,3ded87da0f154940b0601f5330870736a531104ea2e9bd53c6c90625c8b51bde,0
50a142afd3d798f6403396c56467ce276b1862a5,780096,cff472db80e5318eb9f183de2fc944695342474f84f4c47c21474b2b03b030af,0
50afa42fef0f7fe34f30dbbefe5bf0d683219489,800608,02085774c78e326609b96eb78b94634c93bda9be57b4022a7942017805673823,0
50b5d7163f96aed7674cdc0738b41a8373b608cf,9117473,2320ebaed2032c36f5c539cb8531d0642a10024e164f1d81ebbe163b259e3ba5,0
50c95fb1c95b0f90bfed1252a4b732e537d01a00,509440,4aa970fbd2e43b709a0b06cf3770432bf25cf15b461cba4d844b0e252dfff9e9,0
510c8c60043af0c4805c3e6dead06c01f5014e65,589760,5077318af27234277633df1b48a43c669562c6435931bf3b36ec602bac84fd50,0
511dafa76858ed1e94342ade569deec84e705010,509440,1b66afd46b5ccf55ea7ea55b1afd89a960f72dde2476865ac8fb22ea9d7ba33d,0
513cc3180aa544936ee2c800dd705cbb72c924a8,800608,18343b27e351fced1608ece5f947d0035c14f200c1c49368fbc12e521795810a,0
51467dae64f2688c413476cadef4fd8f63dbcd6b,2422349,271a8c4b7e38fc6618d82b28e3358b4508f0b67fe0fcf06bcef94018f8bcda3c,0
5177b39e543f8910f12909305fbfd078470c3c2c,509440,54f80fd0a0db98b871b9044ea248d33c412383ffb706caf6514af96964293406,0
51a6a0bf3f0e8e35339a0ee0e1bb50fbda47d114,509440,8e9ea46f65970bd7b3f4bd31319d42f4ed311552d42656daa78302c2e22c590e,0
523fcad7f8207cd0081cd6046d020b13f9e9f331,509440,a52ec16de082b8a2ed256d7e3f1ac2cc8ddeb8df04d1e35655bac734a1d5e5b1,0
5252e4e6dbad385157f195cac1772a23fde1999c,776160,5d10384c6c90b215920bc94f1468487e80f1531270801412804b6b080337c1fb,0
525d33a9d1d7ec4ef52a075d776efdceadab6366,575360,9d64ef34a53806dc51d5f05db3011bd4c12768f005155c8378c23e3255a53c0a,0
525e94cd42c853da2cb4b9623a1f6ee9017dcf1d,951015,b682db25f9d333ce0ee6c0a64a849a30a539d8b299fe73972de9d75f478af399,0
52630be16d2c30582d58cb4aaeef86379bbf9096,589760,0b34bb3f4a6dedeeddc5f8c0fa43b82e617b36510d3c6e99b945eba4e17ee397,0
528f846c0e47cd43565a37aa2d5cce79771190a3,609888,b0d02e4fa3e1bf664f80c58546657f1af13419779074ee02083f20962f5f8d36,0
5290fdbadde20347bf52c8b115eeb529e5330ebe,800608,29c7cdc4747882e1db5f7df61771976c49eef0af50e9364a67b7dc79bc27cf93,0
52e213ac13117799fc8c098219665b2698ad09b2,17082660,62c24cdc13d4c9952d63718d6c9fa4c287974249e16b7ade6d5a85e7bbb75626,0
532b756b16b09479d11b1b5696d96d773555a053,7028579,3c0ce3213b50ff38d8aa1e91136a2d2cb142a3f569246170872e439cb2a29d15,0
534f91c94e04008678669a1974c7d716cf10af36,509440,373fccbcc3e2d90d824a5ce1d2ebc1571714493cb63cfd42de2d8ab4303817fa,0
53991fd16215ae49c709b8c7ff24bb94f1c76fac,2108690,920eb78a9dc066d3882744d57000296701024091829e4fe811ac5c1a20b8f4e3,0
53a6e04c6fba2dfd258351ded15f78cb0e72d2c5,800608,bcea5b9de434d900440fd01c4234fc0b3fbe255c8886167f39e06c25d4621b2b,0
53d5df363b01234edae97ee6e05139d2c067b31a,4733371,1efc3a6609abf6b63b1f47188d139f3b59973a6a434dffe970a7261a51ed2711,0
5405e3b36ad5fb298c9522b882d53b6e04d23a13,441954,98ade711428b42a1b5343c403a73344535e92de8e19359cdb567ef34da210259,0
545ab64f6d0ae9bbbb0c8899f04e1ae4f805fc87,6381339,b306d0301cf280bfd647d7067b5ade2a97b987e6d678df110703c002433643ff,0
54bd40f632e5b75144b2e6fef7a3fe342b57a88b,388448,0d3ff34c5bb9bfdb2a3d90b04a0406b9f3042b64d97b9e6965140116d8d8e792,0
554a32b00d4f336b528348980a7f58f7833375e0,589760,8a8a9efab7650e8da27d358544900a0f462eda7da8a601fce45a261dac498d8a,0
554d0be3dda70976968e3a0a269b05682fb211df,2108491,bcb75732893cb1a8d0c1e39b5f87bd3af70b47e558bb10d7e386f4874a85bcae,0
554e6b99fe5360f956f53b4233990cf4ed268014,2107833,a2f683f0962ce6bc4f1488383ae983a11ebc689bd3ffd963c14c3117831cd545,0
5589459d417aaed4041277de7cd6b7ceeb25ec37,2108740,67f464fb553cea5c24db72133698406ec4d9bdd252ed7905bfb7079452406bee,0
55d658c653f88a9b97ec324d44a0c16faa34b687,3679,fdd2630cb9ba0745ef18e12d5eddaf5ca02d8c0797773166d81986c84c08c18e,0
55de07907a214ee07dfe13309bcba6c5c4c909ce,509440,4288bf7e541431bc8596aeddc1856faad45a9aa8c29cfc131f56921e4011c4e6,0
55f4f4e19899d32138bc1c5dffca5ceb838abee1,560992,68d7395407fec2431a075dc5125a9f245a59ed32f8241cd5c7acb49f88b1cf58,0
55fe76cb47d46754091214730b02c2b82ca00a8b,509440,850a0ff171f8d4f3ca358450cb8401c160158847495de83cf4332b8dca04b4ca,0
56130be1e5c5137b7c4a865eeaa104b23bc32235,6315513,de8ac950e41165f4592c7ee3b2f5a42e34d948090b806f5d74b9a8e0e5822bf6,0
56475fe537235afc13393efaa458ecf535c00c05,6376,6b6a8b7ee7089122aae804fecad678f3129499d8b8c7f6498e46499fe0cf0f9e,0
564c0ebd5ce29c4ee4864004aee693deadd3128c,2224041,b556ac8c99757ffb677208af34bc8c6721572114111a6e0aaf5fa69ff0b8d842,0
5651093fc4690c7ddd401a6621f3c0228f2663d1,3583596,8bb449eb0c037aae44115b65905bb339b8f3f74eb37067c19127feb3c0755723,0
568a94e7efbd2ce3ad1429eb14364ca9d61862d3,509440,6848cd1245d10c5d9f996254b8739f166e6dc1b9ebe83ccf69e56a8f1501f83f,0
569d0c867a1370243697094d5f9c90a75752fa44,466166,54205cec2fea7fb84b2bf16d0c99b8e3714ae7ce3961f3412945e8541073f1da,0
5732aa1f5e5f9b9d38818a926e2a49ea529c66c5,1401974,2e81920a3dca150932130337bbcf49f26640878795b7dc361122ae403829e743,0
5791d2704f83f9474d415b69b229fe4e11d4e8af,493024,d44c41ff87b2ddd1ac5c8e5ccb0f7f3be7fe2ba74ef9d88ad89b9f31d7952e16,0
579b9749e24fa7515f4bd51092043ca37366cefc,794656,2d70cd948a2ac4446aa49a32e220b65592975c8f1cec5f3cf45678a16bbbf49b,0
57acb78660a23cc1bdf65bdc6144acdaf9b77faf,3547443,7c5cf6233a3dc8b9e54fb729ee6e771bdf5f0d65fd9075b5e60bed837959deee,0
57bb37e07b5269e64a02b85248d3ad4cc9127269,800608,23a26f24ddde907bd63a4b63c690ed615be04b2241d5edc4e8b34f2b8334c677,0
57dcd3ffdf7786a990da96d3fa0c6321778e28a2,742067,ffb28886478b9b17a8c06f4fe6741b970d5dd3de13330ccc3b9f686df8a0545a,0
580c79c6862f31d1f9bd08dd1a415ba0d0502cd9,2224003,a83e0809aa4c3af7208b2df632a7a69668c6d48775b3c3fe4e1b1199d1f8b8f4,0
583204a84bb4393cce7d877749df8afa045f59ae,2268112,78674e4a6e1ed782c30f506420976a25ee52018212ea90e368b7a1e806982b08,0
5847be851980244882efe241916d06f870289cc5,1843558,6f3807d945c85d5e453dae67e7d76d1fe6a83eff0952b0ad54de156b5f29969d,0
58d1d527c8a9411730684cc924a2d82df0cd781b,4722050,382fa81cd4f2f6bec3d0755a335ffc7f2a40f7be2f469f9489d4bc8ddd617e00,0
595f6348b81ebed0da4e4b5ce158cc8f12ec6c6c,2735,deef3df9acaa0e402544acdf5cc498869619c2d4167c61e111a60b913f15f40a,1
5966587d160922d9c6e6f609ff69466cdd4c2004,800608,8fd02fd8e47f409272155830a9732dcb4fbe755c9ff13c862310754c6eefdabe,0
5979cec9ed07102b10593410c75a71018073109f,589760,3f907dd5834505918ac2a120cb5154a7096e824f439c850c00a465229dd2b9b5,0
59849a4071be67cee7dfdaffdf07c56d4617bd8a,3653265,ae37c87cbea325dc553e623a9b19935b874160c3c96750053a2a9103a6753b0d,0
59bb2230bdd8420aa643c1ac28c82ccb7bf28ccb,794656,8cdbf70649e88a755be2352475e010f90cdb998e426543b6aa8635389526b950,0
59d367c3ede5d1d048c7fff3e0da30c7f3f81943,2381296,f3bf2f962cb9fe59aa2b6950366696d28603e687b490c02c16d4603107f215b3,0
5a2c2d60832d418ba2c9a88854df82ddefee1ffc,2108912,4638eb0eae8b1e4dfd58155f9b2a798253ef06da7776a76d295e5c033f429f5a,0
5a2d8ce3390c4a085aa8abec27770f013eb76f8b,800608,c130f6b84cf7944a720285cb92775437bc25cda2a2242df3e75b94b1f75d34cd,0
5a5af36ca1f7d23b401e4808005e20d1fe6a4297,757696,f4210601e47ad893ba052deb48e17918fc14e1a6b97bb12551ef825a6a4d333e,0
5a736f1ae77aa480baebc39768cb2ae4af51f668,509440,25deb4768524dcb7d3e5aab9d2a616a0b37777d751340ef0f0736ba4229f4f3c,0
5a79d08e0aa3628fef5fac561c48011b6ecc9907,453602,095f9edbb2c586ac68a5c880a98d9a8e2820781e3978ade2484d2900c00b14fc,0
5aa9313635fd811dbfa9d01dcf0e7456d4214077,2422332,8c3804f01b141a4f28649b2ff899f7eb3bedad28fd898f8c38b7dbc70db700bf,0
5acbf29eb2b3cdf864133aa97fcb8ba05fd3e276,509440,335cb5c4d5e56ca2259392b9b48af96033562e19e8e15128bbb605895cbd7857,0
5ad1cb91b9b14596810cd842d4d7db1c135cc7fd,509440,60594e35cfc5acf467e06d54f1190ba4124336a9ea627100839207f96909a6fb,0
5b296583a36d03c5309a04c79f290721ea71833a,4490718,002e9e0d7e21636d88dfd6d8d8c5835b2ceb7f0f32ca1dbc514499bf097817b6,0
5b38d81ec8b0d5220ce4c31ac06ee01a73bd5708,2057544,4dea5c4c159e706dc3707839472842600da1c657559ee78b80d277fc5a33d4eb,0
5b7b814ba669023d877156fd60ef45733c05bfa8,2999534,204196b615781bccf4cda10f83c3f34bdd603e64c6f91517fd62b80d34a7046d,0
5b7d02281c53d519c433b5014994406d5010cedf,3583846,23abe2a8f5640f8836c24cead7b76e77613b846824d7540151c6d90d7c2f4869,0
5b9b2deb9e785236856eb009d8424c23ea98ff17,2288924,d5e8316ab01a7eba95a445df95c58cd34b493bee83b9f213accc9e03a8f573c2,0
5bb0acb3ee50554524ac271c97ca779cd0044894,2109708,b4f34659ee94ec173ca7983f3c21a3d6f390041d95acd86bfa38f4677d8394f2,0
5bb452f777803fda6cfe39cfa3f5dbe447e75d51,2245821,f59aec8f149f6c8265b7fa147b7297e97e9bcbf45a7c90d95d69876fa4cba6b1,0
5c0bba237579c5bfc85e8daf7b9e4793ed121696,493024,4849fd2479e50cf34097762be7807ab70d776c86959abfd6d3574c5b0dd81045,0
5c0f9ba97f74a47ba6ac0f99c91d7134364d73c5,388448,17dbce93ba9f741d65c85564bffa235b5cea8123b89cd74c4f5a907e10027255,0
5c2a19dc5563363648d36534824b5a5423fe4ac9,9096718,00b62170d3ef21b0ee0699c49f9ae12d3f4ba537f94f0e2fd83158614694bce2,0
5c2e9026a2567ed14799ce5997d1946bf5eef495,3532285,7931199d153b72035a0b3acf7bfd276266248a0b6c5e9a5a25d233ca1424846c,0
5c698c8f525f2819e093a5a554ebdcfd211b1afd,3931187,d3d1f807dbdca3b5ab2530afbaec2737db59a1643399c305abb25286a31744fb,1
5c903c017d75658b8abbbf5a4b0ad1d5bb595d55,9084463,0ac333c83e2d107910928928b5912d8ade91594d08c7c73c4606d05c032d7632,0
5c9785c19639481f69f407f8b96859f0ea0d65af,22320,6cc6bcbe380b8c37bd9f2514e37c5dfa3e00e122c6e3125dae5c4afe48e39158,0
5ca37db294f6becef900062f9b61e4b7579d2221,800608,e8f1b36a8dc145484d14548e842b28bc734789e3326dc86dd710c4d74ae5dbac,0
5cc5f00a5b203e90a27a3bd60d1ec393b07971e8,9085657,79e3e522635f3171300913bb421464a87de6222182a0570b9b2ccba2a964b2b4,0
5cd83401aa16df87af064413f943f26d8d7060de,509440,cb232521700fbe12faf934e80cdfcd0a6f909d249ac79bedd2d65ac6c715b5be,0
5d00101dd348032ad7f8a6d8ce1ca97d10b61bea,3654002,ef1cbdefa54ee88b08dccac83fc994fa69e45988abf0f46fecfeb2e08ac9e306,0
5da62c18f15354b00b8341dda9544ac899901a8f,800608,eac8d9ef28511f8d144756f2d681f8a12bc9364034da4c1cf706dcc253b09958,0
5dc25eda37fc40c9cc7a0c2138e487aa7678e569,572928,fea64982f954fc5067cf5cd4eadd170c3906f391788940073c11277e4510b633,0
5de8effbe407429dce1f3ad068cd1bbd215d3a5c,2107653,cda20b8ca044949aa07ac4078420c80d1a57139d5f9f33700e46fb2d891e7c66,0
5decf6fe35d7ba0dd25d3351d2710fd5937346e2,800608,27f99bc970caaeca49f4a6edc3ac28d3775f674f3d0fa86c8095627d4a7742e3,0
5e26a28530f00841b84e9068e093b625cbfb224a,2919627,4e8d2533b6e39afe137ac1ff84390ef303f71f9c257aab2df09f4c6a62d08bf3,0
5e26cfba909d73f5dadda3bbf2c681ebf923c670,800608,4abf4833791e200e24b2024551d922e19548d4b37c052f003cec75bef447af1a,0
5e92a7ec2d2ec0e7d6673dc5778543ce4a44ac31,509440,8ab75f2b40fb9374eda5b64e36cda465e84e1cd0cc251ee4439dc8212336f174,0
5ecbba526d15037088468f31f5dba823c176984e,509440,792a6f483bde5d169f3f64cd0c929b169a64b69b27907b960e0239a828cb6354,0
5eeff145317df535561373059d4d3aa1b34e4bda,964800,9e6b6cfed0e86dbaf8fae3b6dae4f82db6132e9cc02bc6d5574b894fe661813a,0
5f26476b2c69fce01cb826507dbd48d01ae974f4,800608,613c1f54b94d706e63e514f94895992b1e9de7a0ed7d65897e5ab768c807edb1,0
5f38c5898021b45e0724f33c44838bc414cf21c3,1018854,1adaa6e8bf6f71e3da6727d9664dc1682a8efae64b2530ccdb83fac4b6159527,0
5f8fe0305afdaab7f64c8db14d07f5c1c8d5f45a,702272,556d7251ccaecfff6ba8da21ee564c8c4dbbc7718c89a58c591be50f3a324f78,0
5fd716967cd4396d5519cd47ecfd7a558666c14f,2187508,4bbc1731c2cbe57b7d6d8baca0ff4914188cbc9ecbcd155b36400642ca0f6a85,0
5fed161f4e215973a22f929780e017b0ba46896a,2422523,82c6421b2476baca67bf8df440570f0a38795e8cc47d46cc798d8f232fa3dbe3,0
6007d59ec84425110dcf93961cee4045691ad5d7,9092174,ecd73531e0d42184ce8bb835bb6da928209c1fa61f22f057edcdd6a9e5f40037,0
60507655df6cc8108385040c43e572b06d8bd99a,388448,e59a5ee79c7aee147b33f2f32b9e646fbd9bc612399e5b0e5e3710baaab459c6,0
609467603e94ca8b6bedccfb055d084b3100780a,3231305,378a99c7077a227b0752b27ecbfbe3c73ea120eefeab1b9598fe33986f366148,1
60a713d7e79174874affd0c1d07e28feeb34da92,3562272,3f04e34bea22f9144d1a19151154095bc9ce0430bf421304f5797e716288a906,0
60b6189fbc5a4e2b55c7ef49ee68fc28bd6ddd8d,509440,f1930841c8977d5fbfc761e59e1614fe724b335f62722529dc37d561b94fab16,0
60df97b062a81ab511e7118b9128e1124260504d,4214640,475acad417782b41e82bb860a990953d3dbbbaab2ca9d542c3b6aaf743d1962d,0
60f2dc336a0728ab9b4bcbad44ab1bf678923c49,509440,3b041b33518911e774433b62be5850afe7dec8507a988927ba54e9ef196f5e24,0
61287c716716abd7a3096ff2f74a1de6e20d589b,2030772,0046da43cc8c424b317f56b092b0512aaaa65c4f925d2f16af9d9eeb4d0ef902,0
6145d1d616207e8c3fc284c6b01f3b38867ba49b,3297793,29d43b4be8e8a896fefd7cd836ca6d6b4eedd249f823866ce0453b368e646f49,0
6173c243e0fbfb25c99c444c2a0f9721df44c290,2322395,d8483621960b395897effb946c20bc38394e31b28d9b862c7d320a69f845c8a1,0
6179621be9367e9e3c4e23f047bcfe9c98c14cb1,1135,3f4347205e895a04484b575887c063bc8cd2d04c1c758c91cd6383f13e879b33,0
61b5517c818ed21d5d858294b9461ca281b4cef2,8648947,23fde92d582e01e9b316a7c66d76f7d7beac7c3acc70a0aab39ff3d86331db1c,1
61d4cab89db2a65abc3aa89dc95e1a1a286cfc26,589760,9bd9c2c5cdd23337e4e735589f92f05a5a3d432aef683c3cc0aff41dcccbb0ae,0
6202bbd2378a933ed4790372314fc1686366eba7,509440,a4b81c5a9e13fa3a3c080b3746f71126110298ee8d111fb55afa2b569644f27e,0
6205375eef27bd1a924802d8a22cb88cafc1e1d3,497438,9fe651b08086b38c51e2dece708586ecaadc8b7ad876eba6a6cccbcb24a9f95a,0
620ab051786ed968704b64a7e3c2859b8fb28eaa,34706,9edcdfdee8bb5f39ae0442004df4916d07d9c3826b04f63d267e1278497eb8e6,0
622096b417124aea7b6b55bdaa26167cabe6a229,800608,04d59f0a004321a3a7204ce56f2c0a1c6b53521c0781dc14d1afc34e8ccbf9d3,0
622b698c7f5f804fbe1caed7a06c49ae31763abe,8649131,d0063af09bdd06fae22511dccec115a888cf5228e74304b414300df6ee422516,0
62318484d61d7bfa344288f96d9db4d187bd3233,509440,2bee276dc720d23fdfdf61aa18e0276e618411e6960ac9e97232aabdcc3f9a89,0
62536f1d69029ade4f4c1da8126151b3ceafda8c,814850,d5c7a9a8996aca4fee55a3664381b012bd7dbb3e190061b2591c02502b7171b6,0
62eefa35d34fc93b41abdd355b6ed96823fed265,1985530,6579793438bc4fbafffacf699169ff53e3769c5a0a0f5e71cdee8853e8130deb,0
62f0f2e549ffc30605b8552a4f15d52a95f04677,5169708,c41cc5afd26c053770b60e1031577bb7a8e2f3c2eeacde2a34f5c15abfd4eafd,0
62f164f0972819aa17ceb2ec2d824f93ab9210ea,3768209,f19b8d0505f31783aa21272b3f4524ef6b3fd46b1052b7ad3062801061b0eba8,0
62f3873317f1a0546ad787f26b224fbeea14b93a,1843400,98a16f275101fd89c7152358dcecf2e3d6ac9fcdcbafc68587383a6410fb9f12,0
62fad8180147df942a35d483d6c6d0d530fbbb4a,5187645,5828620d583cedc8fffcaeccfa2c4a466452f25113c65d3b9a94323bb4966fab,0
632c265ee1546855a20a5cf80b0fe0f90ab3d032,3583327,28c5e078e4c52aa37cf0e6de1a212878f3dbd58dd1c70466298efe0b6b86db35,0
636f8c38c4b844050096153a7a8df10cd2a19794,493024,4af10263d75cea0eae2596e8ad0517bcbbc7b4b8d5078409eda6dbe268371cba,0
63d0ed529e9092c92055fada2d8a7238101c65ea,964800,45b01a4312220e57fc0a94197135adf21c6abaefe385f16bf9321ba89b5c0398,0
63fd565cb3114f804d320bbead5a6e99216cd44e,800608,548fec6cbc7d1ebebfd0afa49ca2a8d7696e5430b9bee4678c2b23939b1ee3ab,0
641f214573a87fdc291eeb4b50cbce735bbf035e,5187109,bace5a9e4a9ef304608936eec1147d02b6735a32479dc7116e9b5f87363f307d,0
64411db26a4981fd8431c8ec3bc34d6f5b51d9f1,693070,14155c9317765cc830b50812acf799999f20c98da1446db8ba367f8a641df667,0
6469c3615e4f1eb56c1356eeeddccf6c877e397e,3522871,bf346d64f6f0fbcefb4c1b6928a98241467dff36c6fbae5fe1785c4ff90667f4,0
64a31466e9fdd5ef043ff0f07b97ee2e256a205e,2561316,b01c78a902aa4facb2f47f95449f48e2f7bbfea5d2472ee2f6ce92323c6f86e5,0
64c0907cc73306c70b426ef9078326d8e81f0bd7,4554250,deb83b84094c2f41f0df65bb21d1c0e5acb2ef55fc3b0cf665925e26d5ad5285,0
65a719150e614cd1705bb3f2958eb9d6feb6b207,4753524,8bdc337bdee65a5fdb697df1ac7453b2ae5c34c105125eac5f68c87827395c4e,0
65cee1f5811d38fed6eea5939d0d6876fb845675,575360,807f1ec83c0845b0d9dc7817c236f57aa871a44c4f7390e4e82c717a011a74d0,0
65d75227e9e5faa60d4f81dee357d9222a450184,3505608,835cf54bb933752267652500a9243a9002107bbb4501b99f8d2f46ccfdad2567,0
65e32d677fce1f59b09f0f1197e32b61dbf89881,3297554,d3f7877aa8c9ce603604f2cf78c280c24d8b6087c24669610f3391bcd3f703cf,0
65f2b2bc19a33ac8019179fbd08807ae45de7768,711577,65253d92409e63bf4cf61361085cd4657c735713aa239002d496d8413a6ed5dc,0
6601e2139e6faadcf569403b39abcf0a41132e22,388448,fbc378c04a6b2358fbc983503ee5b8a5b472669899df77835c30238ec02b2f5c,0
66248affb38486c50328203bf55ca1d5307fb0b9,509440,657ea964e4e9cafad8203cbd1dd5afc437759b604992284b563b57a095fdad0e,0
6654dc95f2a8a47c6da67a96f45aba2183c1e9de,2418799,95f701564e49a2d1d2719c458861299d39b5238a7709333aa479aff3175d7005,0
672755a6e4181efe86496604e028a0837e86cfc8,461628,f1e06c6624c20dbff5c16454882169ecae2022674b9921a6162877f700e2a5db,0
673826a854f728a3876c2639d465ecda3234e124,509440,9b163bf22102b028940e23ac1c9c34edec69e77b4522bd59e5f934bfbd99b8c4,0
67a2e09f9d8b5e85eca24e88aa5c0fb465bbafd6,1842764,8eea70c4866c4f1320ba096fc986ac82038a8374dbe135212ba7628835b4a6f1,0
67d36863dcc1bfb3ff428e6bc2295ad1d3d61803,800608,d47febf9471b8e05f5ecd52826c71a23fabc1c9b54877f9b5b78b155c5dfd8be,0
67f2d9900a13ac58241d01b1060330fc331d7beb,509440,9d291aa977d37371768278bfa6f0c7a91a346baf1633f319ee57151826991e05,0
6855e9dd633d594938d712373fa552be5af04ce7,509440,915c475fffefbb418c6dcc9f302fbc890e0940d62517dcfc60dc68a96ae7ba84,0
688882a79f44442ddc1f60d70334a7ff5df0fb47,711396,d241a60d5e8f04cc1b2b3e9ef7a4921b27bf526d9f6050ab90f9267a1f9e5c66,0
68b7d77f772cb488a40c64550e05235ee2e8d11a,589760,d13665d05f2d2cbd357cacaf59f8df7a5c16c4ebcc7dad81dd876f48ea774020,0
68bbcf09071882531b2dd0983d1a2ee2d71a5b96,509440,65dc442485a508f8279c2a21180c45089f341d87806223a237e8c163ac893b0a,0
68da0c9ffdafeb545daa73bc87ca1091af1e4025,669176,a34f2311070c1be5d1125494c326494c17af9d2c740c044732d42ec8a87eabde,0
68db569ae3744538c52fef6d0cfbb0e83acfe083,794656,442850fec97b3b593ad820caf8f8fd9a0761c8fad65cc132315a95aa685f7128,0
68eea25060c1d34274c4d5a8ea55f61d6580bd72,575360,8153653b927ea5031ce3067a060eb22ca1e65db28d2ba69ed0ac2ac5dec737fe,0
6904852a9eaaba4b47ed40129eb94864d79e38a4,509440,8d8390058cc0761688f96b29c66a80bfb1032baa4ff35bad7f991741e9e50817,0
69080875294ade68ead12c043fd8b152b95d8ef8,1794726,71f4ff5224bba63d7c7cc94b5ad7ffc3b3ab00c1e045fc9f791a7f8fb128874d,0
6947b2fc4c9e5e98038e997faff1e7ec212e2f54,438350,4866df6926e658635a0289d2413ede3d851ae8aee1678f676283da74ad34c8a5,0
69593fdc78aa92107874a4cd30b9b485dffaca08,2296291,957e2ad23eaaa7241268cba42bac94f067001d84a67f2bc6a75beda1d24e0c6c,0
695dc19b96be8e5b3d7d7d75665ba7ead2f3a17a,2128614,feeb83348dcb033bc6b9d2e1f7906ca9eb2d122845000c9416d894d7c2927149,0
696fce2a16d0088546fca598c5cd63884ac608f0,6123578,1aef432629956f2df4e06b2c7e703daaddcaf0c23ab45c7bfd5d253be954f32f,0
6988dd610675a579802ae5e29c8a569b62dd0b53,964800,729d7067f8a873f38c72a9d5a30ff9ccd8a4df3d5ca1ecbe68b03884766431ae,0
698d7a6a181bc68bbeb97703edc841c911e39a0c,2422095,5f0ed8ab5b8cfa9812bb73752f1d80c292e52bcf5a87a144dc9ab2d251056cbb,0
69913c52c5d248ff39d43cfbb17b4393b210bdff,509440,7df8d82b0625d57ac88b3240571e3f897ef51411ec8a959c6cbe4146014bfcaf,0
6a0986c7e1b01a58ff8cc31fc2d64ddd230fec7e,1851360,493f8ad437be806d5ccdc57e91479bdbb0c656448c1b89ff70f7653530d78518,0
6a15467fafe62ce1608df58066566c267a2f138c,3930462,7e146198186d5e3b9ce7d9d7f131b69b44569eaed9ad64a5516629a6c6a865c4,0
6a25628f3c23f7d04ca4eb5bd777092e01196853,388448,8f5592a05e0474a02d2d96522ae5068766cc13bec679d053392ef8cb50d7dfae,0
6a4397ce20727c95274acddec6d70c49c66c62d0,509440,6a5b062f0ea3ae18b6ee41f7ed00b4bd805155dd32023fd46c2dc8253757f6b8,0
6a454c4b414011bbc1b13c646b4445de9b657adf,4608,ee301fc39cf903ddbb463564630a28767785e3a11edd6d8226e92d4b4ef131bb,0
6a63f3454dbab8801e154de2b62a4044de8af628,800608,c95692363e59daa85d4874498530e144945af2dc43203f66dda7686b13f7b653,0
6ace6b639da0aa260595e612163e6e4533f508b9,509440,6300040c68d759add91fe28c3f2578905781e758ce787e6bb6d82356a00051d9,0
6ae7a7ef57357083d6820e4f3d2b43382c1ea608,2422362,8e5a9e6267d4903403c2bfb4aeff5fbdc527a18810810b3a6af59c7b127103ab,0
6b1e9d510a99e510746b947556622dc2e591de21,207250,1375dc10138f2da035885a84453063ced8b2ef2414c96bde4a5080249c60abe9,0
6b25321d89e21832a89e6273834eab0e4378a53b,1843427,dcb4337ba92f948b322e080f8b59a2a21cfe65dc2aa7ecf7df080ae8aa63c157,0
6b30ec1172aaf1e5d0994af03586e1d9ff6743e2,589760,bbadbf156698d9e5020e8a147be64287ac717d892487de030d932344cd3f8b87,0
6b3f6ba1dc6a9feb846772edb76558302a62111b,509440,e36fb09dd957d8387224160e8382ad059b147d0c5b8f01373462cbaaf374ea7b,0
6b50f472d13500c419b2be5c2b96c8086c5bcd86,388448,1a555f634e699902840fc0539cbbd78ec681dca5028c32ae59465dea220a33d8,0
6b53cf002688c4181b059e776ea1050c999faa89,388448,e6af37803b178d9b8a1b287d568fc09b1eb953462d8d9883f519c5d9cc9190de,0
6b674dda1be9910d6d7143203cf407ca92d1be7f,2179411,2ec2af92cb990818263f38670379fbc7b67f3b325c6d5b2ab4849581cecbf627,0
6b684f885f88f239c3ce65d728241672132152b6,3619016,c88bda6bdd84543eadebdf4bd2ec325ae43b71a3ff1fead6a766562c00b29bd8,0
6bcd01937ae0d81b8a77f2b3c3a0377a85bd0536,509440,a2a7e80b1dcec4b8eb4fa24e711f93bc2f58ae3240092686aafaf909446350c8,0
6bf624b3cdbd4bf5476d2c4c070c839c9c6a8aeb,776160,23e8bd2270bea96c24df8c3901779be585b3e08002f668829a8dd3839f6029ce,0
6c0f4b0f97c638fb9b293aaa8bf99a159e650ed0,9117040,e7a95fce95bf5b0946d0ddb3f9d7caa030b7e850bbe92b0edb26bcf563e9f3d5,0
6c5c45a216d85e436bb0066b70a23509414ccf58,2938393,68125d577968ed196c6b6237056cf101b3b8e31f9b44c4d036b56473e9c96981,0
6cbb7cf85bc9faa0ea17fe5bdc6c81d78f6e49dd,2480451,f08d68fe64e80af94bfc65e3c27e1da9e33343f6d9d69a7baba1fd5d818537c1,0
6cd96ec4ce3ccf2b712617d015ff95b1a039b44c,800608,45472ec2d9c1a1698bf47776f47e2e7defc5554ca7112f694a3e6a7f94ad697d,0
6cf4037be3495495a325625d71d98c3271de9ab8,2107928,6e785cd4f004c9291dadeba7d8d1c2871318d368a1cfcd416c0571dcd8f11413,0
6cf72acc442d3d08045ecde8da1c68efdf64185d,509440,de33b4edac68a49f5c743cc93829557028f5faf1432356d1a7701b11f1dbcfad,0
6d250582818257b3d59efdd0abbd74d31253dd16,800608,17c503f99a9759fc7c64f1c375ca6304c1d7df145fb8b978fcc552b94d09090c,0
6d8226c81f7f3f8066276105c79cb9d45f890b05,813120,3b841eb38fae5527a49c620dac9cb03ad70a6e70dbab6d1a175e033b4a633f9a,0
6d85fe835f55c0a77123de69e3373510c1c49f93,692378,d71db9060f6cdbda6690dd558d93ae00010734292bf52130b078be676fd47193,0
6dc5e94ca994de07d374e33698489de9cff48a02,2107625,86f12f9648802a0c45c4b87ef2ab235e9bfdf1a43cc40571291507c81e35c4c3,0
6e2dbf0264b207415f26c3c1c34341a8c4c516a4,800608,f1caa469ce9f7ea004b54311ac04c1aa328ab901bb49a9e7fe9c2b7bdff5a260,0
6e4833a5504de15035aac6ef42f95725016c1bc3,2734158,205d4de5fd0efb22670b521a12edd36884eccb8ebec8b684140a4656a2a7baea,0
6e9fddb6bd224437e39c684b8e6139d0b573d275,668922,782f31ef8f3c622eac3d7313e5e516eb6fdc830d1a08032f8819cf54f6aad1a2,0
6ea795027ffa04808e714e3fdc0ea0bba94bdfd9,2775,77bd96efa7b632363e5823a575e7f283132a259847d96423a13e9f021f802460,0
6eab7c420f13c106ec8e5f6c858479694e221771,794656,4e2f5ff06647dbb50856f3df924732899fcf5de2983aa33bd8da717553857ffa,0
6eac51215133e19021f6b81bffac6a3b422c6391,2057604,5077d04997bee174018002b9f7d7e8d5764d4a0214d3d6213bf1f85d337c6e32,0
6ed8317f995f0f0bc5a3b90c96b94b2adc800d0d,493024,4d964351fb2cb425c305c44f064324b9ac0dac60abcebf6c117f4f5e05474fd4,0
6fa2eb5aec5019c63c87b53590918bfccd34cfd6,800608,fe3d07647c8df6186101810292c9b88dbbc01b90006ebb3270e16892fb1962ad,0
70885886d5548c10009577fa2fa0105121fb13c5,8620006,d0e66a0ca8561df199c34a415ef7735a6a7ce108a166368eb5016e006eb1b2f7,0
708be7064a4f3d7818026134ca26559956b00eb9,7259220,766a94721bb7f0330d04c61fade1adc1b63ce1f4af2cf2ecd712436afdac2872,0
708f9348d150b849498569cd43b38257677a5b87,4733469,57a8cb89e5dc526d803520f60c09488ca76baaf6d8b3c714f7d40011c86c8865,0
70a8b1189d99dc4c8448c1fd6fcc746c71863bb2,729059,6c3d9ea2b99f57fe78935402baced7e10f7310a17483f5da9ba2f694c1b0abb9,0
70daeb38410d49a80f5768c397710b625ff6444f,388448,45c17c39b6f1bf61a69c733504458aaa485362c570760a715b09ec0c63586703,0
7106ca5b95c748f039dd9adcc13c7542b997762d,6380952,d0c7da27056e8f42adce9e76d8e792e5daa64e15f5acd2e7aabf0121877dd4c1,0
71247490c5b703280a58c49758e655d377972fe1,794656,486dc9930d9707654ad38546cf2b45f4f3d74b56e9eaf189dc1a6e2391099f20,0
712e1b82ca9488819375eafade24dcefbf5e6c52,800608,148ed9c9c59b88bbcb2c9b2e89ec2e4cdead7c81b5e4bd55a7cdcb46497759c4,0
712ecf7a93fc86d00d859e1a9685597d83f51fef,4239425,631fbd6e3f9415c226372013d876a6a5106009bb2637021ea2b73d524163dd5c,0
71522891b6df5939da61e5c3094f3b7c76fdd54a,3583486,7d189efb4ce9b1d175def276e64afede2d1835adf0abd2c5888915b292a02abf,1
71527109135b3319395aa68319eb2bff37fe2e09,6834426,f78a0fcf4b6ef0e462557283a53ebf71cd91a41f41dc581fb870b724e6edb9bf,0
7159f7273cf059b9519e982fe73ae9e850f3ebe3,589760,b41bf9be9b9380d8dbe02a229637dd9b29caf31fc5901d118d1a815c687c2efe,0
7177806f45b3aafdcdf8f92ddf873269e1037bbe,36,8232b0c4d3d0ab4b5f6ffeb56ecdda91d27c766701e9f244502d8ac0c9f33b55,0
71ab7ae7d38a88c0bba18dc0b94435220e3ac288,509440,46bd7af3d3ebc28bd544d310538fd69257ad53468f8e59afc0ca052d92c2ca59,0
71ec170783da3070930692f5d5ff9714d83f961e,509440,9f303cc906b35ccf2576c8f41d2a07aafa7d37918464aebf701722626f2dbc4d,0
722bdad7292ca49bbb16b76e57bd78e9970a674c,5743335,40f4a1c571c5870c5c0499a18ca4e4f8b40bb949e1107c89d61fbb5198e21143,0
722d0df85e39e9b80319639974e00f2027b83c48,4036,c3330fcbe8ef27cbf2284e45fca5dfa3cfe1a68c55e84ab7515f32d60c61fe6b,0
72a0cbc8cd261e33d46cdc65183e67f967f25707,3558745,fac96121c0f9c36533e15c1ed9ebd3fe6e37a869247617866ca6a8df40e48e43,0
72d22ded65e749bbda6bd95bb9d65a26c8589606,589760,024fe119abfa468c1890eeca46469818b16676c2a5d19efe2d6a638795f497eb,0
73af5eda21113fc0bd1d6586f6fd1a70bba76a6e,800608,1f06c96e0b03d3891c913fd391d29780700cc3f87404ff53138ac188b95a62b7,0
73d26c2db619660133c51e34733c7c476bba195e,9081351,2a0d7366dd7780ea36cc42431dd74cd79289b783ab01acd33013fcc96865a8e9,0
7423938b2164b1cce043c8d034972d2272c81000,2616089,87324d830e3657cd9a651e28be9f1b9aff85dc9969ef0b88ab53e350decceb6e,0
74ba240d143df9b18911c0757ba581ef489cc888,800608,22c06618a6260b8f64524356487e3f4352322de5725bfc4699e5c0d28b8babdd,0
74cb49c00c07455e8351e3393813fee9ad0f6c9a,2321,d7305ce3980ae8f1ed9a3cd179631bdc7881cf263b153f049ad9cb6cdea31871,0
7534159867685d21cd7c15d4d151b379876a7d92,3564401,28d9dae19f8ada093982bbe21d96794abaf0ce3405ee81f8bf8d892afd3bbcaa,0
7573590221b838763da10cf1ac9ee5b1af541fd4,509440,cf3dc7c5ecd4a4a88f278376a3b592d259a17cfc414d6d0a01b67afd54c34a06,0
75801df688e89a96f642b98cbdd97288f5207518,1355881,33465117406b9007673e8ba283f7f1383d9b5094df947481af60eec94ed7d7bd,0
759baeaf48b2e20ae9edb81e44e69a21a73395ed,739232,fd2bc2d1401c7ec9f8cc59bb2507ea04291c58089335ee61fa712166d4bd03be,0
759de6dd15d187c9ececdea11d3287d4cb4b604a,3620657,3cb815b904d82b82b25dcd90edd00e71a5ee5443472ad611bcb84f1339300647,0
75a7ff0cd7f07b02bf1bada7aaebb78a3df6ab0c,5637839,8391785c1a2139e7af4678571ccd8dc654ecbb72e4be186940f65d7c604f0246,0
761bd00fc1d827688cdd3c98e6ad51a958cf0780,1854,160dc9305955f2286b9c804d18aaaf51cba0eae493627d799ecf5fbaf60bd74c,0
761f4389b21a4218d0a7a3a0ff7a26a88faaeffd,3523234,cbfb7909eeb6746ad50a63a6fad2ba2aea041af5e0f9590667c62679f23b226e,0
76503cd6b89a4608c5d63408889d39771f477083,1389,70d60b75ae54e7d1bd1ee6fee2d4abcd2fb84698f1820e6b0e2c686fd0a83fcc,0
7652af323e616bca38d4fed9a49b332d5deb8b21,800608,ae6c979e55a6ccdb6165012e7e8a61d4474a857d069c72491671f4e297774c80,0
767b1451256e3013a8117101e976ec227439c6f5,2108912,4845b82b1413b6c2837b0aa06f9880861b5fb97f6001c0a373bcbdd0588b848e,0
76ab1cb3bd653960dfe9ffe06e4066911afb1acb,729315,5343a791f84c16acc0363e14d497d6fc84222feaa5e9705e74f12198ccd820af,0
76c119182e6f9900460d9abe8b811ac8094de156,7515,8d1569f7fac34fb26caeb333a56b0288556ce31b9565a2b9e44b6ef1d7dc0f41,0
7703f24296db0bea0ece21ad631139cdb22bf0f5,509440,2c6820d92d416199ba3d2ef55dcbf7acab6ab77434fb936b68040971e9a1d88c,0
7748a2888d92fc27c2ea3228434bea48c1d321e7,1851389,005df01af5e16e758ff74c1a31e7b8910eb75c7d5626689d6bdee40a779d44fe,0
775a6589bca0569a7d179a7faa922fce0eb96e70,1394857,5166e09320d5dea01a72734268a6136a5d53f2fe55980b6ba0fc19db6e003f72,1
7768370ef5061f0e050d6f1be20e54fcf352bef8,1170327,af21d3e623eb07ba7bb91312878ec065e44b1d81c66dbc6fe9ad1d1c0a5c2780,0
776b4e2ee5ef7c746d29cd4a73fd4d0d0087fbbc,800608,5b1b843c51e1078503594dd5364bbedadeb49780d61c947d0f2389c3138763eb,0
777a0cd193cd0bdc102433d5253f1a709dfb9b57,800608,46619dbf496a6a412d59cab0c0622332e53e84b71e1383d313df5ded2122f44d,0
777c28bca4b703a335cecff56f0b217e141a4885,9085821,e689766137d397f6dc9862f3987e499ee5b135ea9e1d643ca5aa21de5d53db5e,0
7780297ae04ae2249976450da1c7c7eb4d5da3eb,509440,200dc0e2da729c87332047f75ca0d8a5509d742fc55c03c7ac4a693113e58a32,0
779029cbadcd9d4b4c593ad3a3d8726253dfa8c7,702272,b16a41a957766ef459086c52aa6a6c064765f864bbd9712969a48d1385f3e4e6,0
77b71c552e055609f27b4f614e77ea64f97b417f,2499,d9b7b9d6fb1c97322d00730c9432cb94db2ad6ecf2b0a9856d1366a9e1ac2703,0
77c2605ef8073945270b4084f85c543bae205ad1,589760,51e9f6d90f7b476acfaa46ebc8876a32b7bed7cf7dc0044e5afaae1109d05063,0
7818adb6de9fa3064d3ff81226fdd675be1f6344,2203239,fb7b63191e9bb045082c79fd742a3106a12c99513ab30df4a0d47fa6cb6fd0ab,0
7826e4c2079cca2c710ada80e47ae887a3985df6,8649056,fa89bd3f10b58dfd80d4d673771fb24a40386d53053e9dbb4a08976c069a00f1,0
784fafb76c5c49e45bd55bbca08b2bb5a54841e8,509440,8bfecaf2b89fc227455f5720a7db8c8d9a0efdf00251ea72649a00136710aece,0
787124f64faca20717399acb6f35a8ee42215c32,509440,d629195af7ab65bd8246a4617d8f9fafa62cc9831f071d0f85dc7d57e3770ca6,0
7894d87b3b8e61bc18765ca48f51f987d076dfe7,3558741,1f33749d010b4d63908e5c174c341622cb45039dd73a139dcd95bd74cc7e304b,0
789947c4d4678b96857b5047b1739b21dbc39f88,509440,733a839545e7ff3aae3d17075f73101ca81ffc6872b128f0d7bf0827b549dba9,0
789b806a4d1e561c190f8ff5c431e58137970888,388448,f036f8101d7d672d2c3adc882f14ccbfdee8e249397edfcee373580ecaf14e88,0
78c666c3ab587cc56a2a990b1c8b41e26162d6fb,2108619,1649e42e2e4cc707159be564b62216cd3c21a0225fad65b04bed94477dd79083,0
78e70095ae336397c55311077cc891d9338502f3,3296918,4ed7ad884a6ac7a4fea3c9deb860b087a8ac3462763e0788a54921f26f823056,0
79ca62f28109c3f40505d0e1e71a3a2d85634777,9496219,f48f6a4d7ba3bf5f7f04fca1e3378008130acefb36da3315388abd30323e25a7,0
79d2919f5157dae08d2344856b2cdc763b3dde6e,1370259,ec4ca954798a092faf6fefcfa47fb5f85d76cdf6ab170b624ae1a683d53dae14,0
7a4cbf2c68eebe4c52999ab09e8f5a321bf5ab5c,6433,e0db8a5b773a75e7b29e70de7fe95628f825328c6a515cf80b6f0dd5182ea378,1
7a4e938ddee9539d63b78f6e8adbe2f623069218,709280,0b268924dfe03ce3a831f4aa996206a610fff1dd9891081e70f0b150ab10c6bc,0
7a6bb37f2ac00f37c636ddad515ca577c86fbee0,780096,8fd1ad90741b3bd59144e8e3e4689cde94a34bca3ac9ade11cafc7bb5f980ecc,0
7a7f517f71e7a3286b03572ece4fb2e5a0571db6,1356047,7a6751507c44ab383cc8ba8ab97cd857d35025ff1b29162b1690cc5e0c6030e9,0
7acb153006e19aaffcf5fa5b5d6ca2adba851576,1057270,87a1755e739f5812c48eb96c26867fa13f13fc0566d98aa3a5369a3e407bd673,0
7adcfa5b7402ab5f3c9fc14b24ddbd706f5b2c13,3522828,f41789312f1e8ba7c3d23aed1506bafa29e298c0061d9c6bdc002bde3ef620b3,0
7b49b04f3fb1355a27829484bb73dbf9ef3bff6f,589760,6ba830d2664bae0a7696de6bb0c798cf5ee09f4cc3b6a10ac8562a1090a45955,0
7bf66f21effe1eaf74ca991eeafb64487ef3cc4a,509440,7bed815dea97f4e53ccbfe874929ef9ad681afbe3135663fc1a3e039ba30ff8c,0
7c130ff3877b538d538ec8bf056c5857418d38c1,964800,bbbaaf4d8fe3ea1db9c07aed86fa2389c2bf9ed496e3f5bdb57864616ce32ffe,0
7c75531e39eb06e48c705ca38d85240cb6c37260,388448,f2003d7ad72eec1e5cfe0ea52e43d0a2cea2554df3e85f8ba6753afd53f4e012,0
7c8e194053bc80e27e19bb2125469e4f289ab2b3,466021,b8be2c30ba5dd723a6d5ee26d013da103d5408d92ddcb23747622f9e48f1d842,0
7cceabf092113f91c8432d8667d80b91c222921f,5658,b9710df13c8902143c0eb4329e6be9fe0baf61b84f5d5c9d83a3dc1eb88fad0c,0
7d5700a89cc399efa2db62bd52c1a676dd16f21c,509440,1694f9bea0dda22036baad440d698689c0f10163313d5d1b3c807258e88b3138,0
7d7598025261b440c8843eadbbf44c7fbeda43bc,3583387,657af518d877b6422fa44277c008870520894bffcaea6490504ee426c57aa548,0
7e0493c68135095c7ff802eb9c150e3e5cb8d41f,711494,8b79639ec74b46604e730f505186eaafb1006d2fd00f2c4930d168bb7f894680,0
7e0adbebb3f925f33b3658c7eef1f3e710e8b5e6,509440,9f2651cd9f31e08761c6247102288378bee4e8406cca370b4beb25f72fcbc85a,0
7e19d9079322da187b6d9de30a0f4f6060740e41,3558740,fdebe197cabe6cd156c7b8f3daa09b9b43388143f857bc64561e98375f8c5267,1
7e30a8ca85fc59e4ce975a4e6d488771714891fb,3930494,7b469ff15eb7816315aa45eec391f5943d639b9d73d110f5c003df5192fd54e3,0
7f3c6fb3b0f0de195b1708c342953068bcac0d7d,509440,82052f8e450fa4ca16785fb8a7e1e4b9e09d5038f7d7c59ae0cae2c938429445,0
7f50eb13a0c87a3282b909d1a70fffb3918698ce,6408381,ac1a519583b2a9da3121940f3fb111a1662474e1adcded20200a6bb81930f81c,0
7f631a178edd46ed6b108b4798e9fcf6373329d0,495027,70f194d3bd8fc273ee0bca77b49404c6230ebaca2cfe0af04d6b82964e054660,0
7f6612e0ec2f221c4c52a55ac997ea3fb310929e,711564,828f0382799b478c8aae48d22a48a0b3a6c8703ea6ad3f17b0a54527afeef752,0
7f69c5d835df37d558fcdaa3ef247bb2d269bf79,509440,968aab3c340bfd0baa0a05f0653793ecde02d74b1d6c93b8ecc46e4e959eb6eb,0
7f73d1cd2de9c83d43b5c9c602ca2ba41aeabe6f,509440,8be706207a3ee5360c775a57188e75a2858316addf6a9f3eaf404a1cc3e5edac,0
7f76b1af3a2dbbd8f6892be8f72738b2695b6754,5291338,a14ba2391d9a1a4be8d6515590d1dcdf548a7701caf2eb431070784f23e06861,0
7fad123c3770035948c7c06edf4da01c96c333fd,509440,6ebd83dcdc5754296e9d33d4e58e1ac1634772ea0705e667eee374359e14cd5f,0
7fc9313d21d808d64048563cbc0ca06d51d223c0,509440,238f1936f3b338a3ead56e96983df0b8f3a7b60a6ee9c33f8cad5089e49f7a54,0
7fd888d1c6a1c57a55bd4ad31c05368ff674342e,1957739,a0ee3ea1866f7c5dcabbeeae0d589fbaaf5cbeaf6f5ef60542ad402e95f66eb0,0
7feecd68948e6255176d8e4106c8eef407bb0e31,3498542,4360c0da8f2cb78ff50cca6d0b5be93371d57ff91c4c441c5403f267c32808b2,0
800b867013924d84cb9624a351de62809300c4c6,2421923,bab08ba2c84c2816651f6d957f084934a37d2ed27b8aa75fb812cf047a6190e9,0
8023180240f25067fa8d8c777291617ed8268f02,7632973,e56d7ea618c34d4a44edaf05759fda4bc5c5687bb7d575afc8f4cac1f78e99d5,0
805af2fc95f2ea9219e6593ec317aa28ede9ce0a,11424,7385b2af3ab26964fa7bde41d19a9d248f435dd716fcd21c72e8cbb0d1d920a8,0
807011d7223431e48bf321468fa1feff7a6f84be,509440,6b69bfb99fa623ae57f2c47037b166b11ee573c1ab01ea38f991cac2f96c529d,0
807753feb0f346c8d895369d25df43083d4c77aa,800608,a0e4b126218c53485fe2ccfe6433d0867928873ca08049720a3f662b4c891953,0
80af47728aab88c918efe5ce9fa5e2d2ceec7511,412363,f3f1dd45c3889ed2b5bf67180caf05f51d7d7e4948c20e5f24d8c24df9cc47aa,0
812316312aa8d5ee7a8688d41c083d40e22fef15,1311010,d0a881fece9b11d4f8003a08ac7d8d65409e3aa573fc385faa8708cdd5a77087,0
81272844cccfa8b60413790382b94ddf7704ccfe,589760,1ea0a1c092d8bf1056285de09d7e7c3dfc8b556020e2c1ada294e421072f92da,0
812adffd402ff1b59b18152d1deadaa76c84df78,757696,c41d39cc35994a712099a09b7ab9d0b8eb8dbca190397be95c9db89f19d50455,0
8175870d14a3d050d5da8ea7d373734006ead42a,439384,8fea489ca92d369e5cc07f296896801b2f2037571ca7b5b0eb6a142b10b76bda,0
81cf069ad49a3fc0ee8f62a7750233f78afec1ae,2001770,ce3cd149ccc678112013e7443db2650c48bfe0a08bb733acaf4cf42d15451345,0
82040a3de0c623cf1abed5dc168f1752c213fabf,5269,1381e2dfcd93595198d95641e3d39a949a2e4182b9861e4af4f48a7169eff630,0
8233d9af11b407fa35e4877ee392f6c060c9999b,589760,2e18d52655423dfe1b3177e00a675f6c831f861ac05d07b31385dd2dfa8fc477,0
827f46c66dc4535338b198b143e8e28c904c7d6d,800608,fbb3b8de9791598ff74a5e3fe9325f4b09c4a2bc1fa0a28dde3e230f620c25c8,0
8289cb63738c88756e373156923ca5c6de4518d0,6724873,0a94ac9a0a02c067bdef25b72ae9f4ee33f48f552e55988d444f6d25eeb1d062,0
82940092462d7bb001c22183a76434f4196e9091,1355876,1d9873e8bc53b270a79a74f5ceb92a9e150f3c97c20063ef3b2cae1851baf474,0
829bc715f471a338b6d247791dc747cd6d1210a7,794656,940030546b585a0f9b1824e862f7430c144f421a654ab7332a7e79b3b228b7e0,0
82c77948196587a47f750d486d59246b17a6ebaa,509440,49b40b6ec211bc4218dc2383991b21dd5e33a7893d9a0a1b7e24de193a19f63c,0
82cab7e26faa7a97033e9d4ce7b00c5086770706,794656,e23b680c40c227b3b107202de9f866b2438bad5cfb98085ea8215c6dbbd2755d,0
834982d9c7e2367f0802ee83f457888f33f1abbf,509440,2d1c88bdea467a9fd3fe45557a46d0cdce5a63f7ba4a57da40da96c2a0618dd4,0
83bf570a1f7e0f3e98b48537db1b42aa803eb6be,1843129,66c653fccc34a0a7da1a55005a27b8f32135470f6e15dbff0709fab8cad6a0d5,0
83c66980dec20f08d19ff09460b22e83c4034609,3583327,c7a995f78d60cc3c253902f4b5becfe2f9d0b44f78e6e2f81a343a0cb71789e6,0
83c9d32df5d5647828e3ee673c5889f4c8b1f461,800608,05f61e8770924758f9076e1da0a2190b66f5e1f67a26bd07fc9f325fbe7db7a7,0
840bf813ae208e09d056db44025cb9aa1a3aba50,794656,88c0e7dcb462db3fc21e20a10251f70cfa7b93d3ad9552421beeda021641692c,0
8422a99519bb9ddb34314a51b7361c12cd4362c0,754624,65ef5a17a6dd815398d703d17a66a3ca5e1c87dd89baf69cba64f108f16a3cbd,0
842563b46819193cf2eb7dec0cb5549fd0292932,509440,0c62ebbc8a211c24aeffb12df20f9db61e2825d21c1c349a15f0a927bd8daa05,0
847ff5ab8ac69cd3c79d8e8e790a1e57e997376a,964800,771ad19fc48d432de81ce53ead3074e8f2678110df93711f88ba47df91176bff,0
84a2ca365a8d7d298b06791efa43fba54f3d320f,589760,2966d5968d24dbef4cab0397b7c9e7bcfdba4224a9d1fd5ed8f0b2b977b7e635,0
84f46242a9ed19aa1a77ffb72037beb4038272db,509440,33d4ac80c37b7ccba5088f4796e30adb8d7d0d6d74f53f1fd868dfe5440aee47,0
851cd369b9bbbe290cd42b66492f4becee3722e7,509440,4097cb65f074d83d47533fb0e418f3b25324b0d65c0d7289c0dde07bbe354474,0
858f2e1fa8fe35b0f465b25c307b76537e4c825e,2224253,50b24e94079fb11cb1503f65fef0ed08044186a1cd118c79683991554d9a5b23,0
85b1cbd877844345e140d1e57c7aacf1db8aa9a0,309593,0af525e92be2875b6cd9013a15e2037125c53d2ed78481767646758b48c420c7,0
85b4e8d1d0d1f907c62200ee98be8d1d346e9ee3,3258,0284b2c05bfda0369ccc0ced9583567770b4dd2e56becd4997b0ca08564496ad,1
85c821d7e3b0c0483d3bcb98c5f42f0aed4b93cf,3564303,d4c0d99d84af59e9126913fafe5210822963e9a3065ee43e6833b358b0c2f825,0
86227b8b75134b5cb5bb154bd4d0b3a490f68b0c,509440,94a1237405b6a753f3d89ad1d8d9775970e58bb1dae7db09120338550621d711,0
8648f32d91c8c4629487f4d0d528368f5aacc59d,3105,a6ea50cbfc7888b9aed4a7d29460069f8515012d0ab847db82d583d341c03e49,1
870d8298b1cc5e1aaf453fe72f49a6be7d0ebf51,800608,fc57c6d3d61b0e54799236726c9989fe414b9fdbe7bb0408f82313f6e1b8a405,0
874473d7d851aeeaeb5b3be7aac97b45e71072b8,800608,d2b3aa7c12cae024ae744a6be757fcb750bbf00e33e3d1a804ccf7ed70d0fde2,0
87c439d98d203bdbe88c36a32b488815b8f116dd,7334926,47ec9be242d3ef39b9c97ac0a3f06c1752f061b234e295bc0a2842067a3fe4f9,0
88073d7c97da7ab3d92026158b0bed516dac26f8,677888,45ccb3e514665f3b11b5e2a8e1a3e29765d94330bc7232aa46c4cdc485bc8881,0
8828f439a0a5a0b3a4a4e3c89236b6efc6fbbeff,800608,acae5725e1105e918d0da17081544c7e3a57fed219b396ed02fec0bab50cddf2,0
886b944ee5ef8d94b366ca60cd9f5f0bdfd2a953,739232,a92de5b48aa509291dfb6db04a18ae20fa8e624de499ba9b84eaab23cf0b4b47,0
88e95a5c9c38e56f631280633ae183b7e3229271,1842948,c29b60a6ad0c45deaf7126bf577a252d6d13acb82efe9f5aa744a1e80ced9af5,0
88ec145f4e7684c009bc6d55df24bb82c7d3c379,1937869,072ab882d6c7192a42f78790945d16c064691321a73251a4b18f6a380f0fbe39,0
88f00e1efb8ec673c1aeb272a4170161390632ed,509440,9bc710c02d665537d65345fecaee0b32b4793faabcc583451b44242f62ff390c,0
8901e8a6b64fec15db7f134abcd12035247a116f,1842767,6d5e0f8575e3bba8e9dad476cf67b7f4b77c4a4b7b749331dc89c9b1c53b642b,0
890ae687dbeaff3921f7b101c66851d4d6efcff5,509440,47601ca402bcf54873e6cbd0fff5db0a00b29fe58ad002c40f351246cf7e14f9,0
893022bb5102874d2f740478f5666e4eae18329f,751999,4a45131245e310d1650c760a22038de8180f7311ace3575ad96b24f85ef38e1b,0
89881d06a98b251bec435efcacb50963850c4102,4733469,3a63c54c318111dd49d589cc3a17b63a76067afe9af99439a3f408d1ae11ee86,0
89a08e4adc9e5d740a9d92524e65fb950f8dd8c9,3460,1c7daec2e86e17bab73033c5a947db6be1e586ab20ef73dd75c13b4f3541be76,0
89a298df73db112f6b2b3c4da02195ee51b12902,4468,3c6b9859e4dd845cbc5ff4bc6de4b6fd9a03fdb28bc2d657219db4a4f1f9907b,0
89f73fafa51ff6182f314c60bf77ec752e171ac9,509440,e1338c2891c63465c1a16e3ddd43d70b29b1acefdef0e2c329d0d9f2699b3f74,0
8a14eb0c2bc08be5c1b50f741b28662c50f4d659,3688608,9eda2760831332e9b47eaffab4e589166490f559815cb54051ae4207fc513603,0
8a648fcdfcfd2e4f6d1ede58820cc34da41936b0,3558745,9d5687cf691423bb98277a97272d034907e85c49500d5d45b389acdaa509d418,0
8ae75a65fd76ec75cadd66a268434c575c555e51,589760,8e1958ee0c2d695a0dbc451ccf611137c4d69ac8faf99a26f99941a0ad5ba301,0
8b204470bf1f47bf6d4bbd734219da2cac292fff,509440,ae02ffc1852889bc6cef04fb4570a7c7873a6a4a961e4ce507b86d61ee79a504,0
8b284e5afe1730e31c97ed5c3bdf240adbd15c86,4607451,41f3bf64213da8c012d8bd0871a58a1fdf70463e8f08f110ddbb1082f529f669,0
8b7ddf641e363558c10342660a9b3155e31076b5,589760,eca677ac65a9a242bce34957a6dde728b7cd65bdd7be5d6faff4bbe409b8b9e3,0
8ba5fc355cb00c0e0a7986de598de98bfed9b259,509440,4517ea788cebd1bf1d5302195d3e78aa51eea68248ff05004008c3723261229e,0
8bb126657dd649bb1710213de89b0b5bff00937b,2419161,4cba3e7862b14524b406be7b607f0f67d5b0b267d45a647f38a07aaa146f0472,0
8bd136fb250d4c0d3593f8d90868c2c9cbcf40f6,776160,c9cc3790f366549058185e92a60e0bc12305a5ea40fbf7ddd388c344a014ea55,0
8c0bcf1b6084b2c0dc9a720a6b5388e108e3d72f,6142807,9bf5510af67da10124ffbcc6b37216a763d1ca98f3bb59a45eebc0a60ee98c28,0
8c6d91ced895474fbf998dd2ff01edff56d50fe7,1179016,fc028ecc8bd191fe082c7131bf4a9484e43b620dbe941e40b00c1097b7afd8e7,0
8d09ee4590a596801c7bb7d35b41157242b457f3,794656,6cfbb0c4cddce8e04f7b79b123a37056de8136e8fb25c7a8abb8d4a0f069b8f7,0
8d42d0998e9c08b3f96bc7921bd734d4b545b3b7,2424257,812ebb1f7bcb9ec5b9b0efcd45e72fbd2ef5f46ec8c4b29d3b07dc1505ca5af7,0
8d7d23136b474a3df1182ed829db19984e295ee7,1961548,e553af6fff7d7ad76e830608b218c5c0b0822998d5a1a96099a74cd3c1cb1a49,0
8d97f5657db110e6e70fe43a52bbdf119df40671,5163544,0e8bf67ccde0948009d8fe4254beb6e0df7df2950b627c9e53324a9857789a80,0
8dd38b3eca67c46c1f8e5ee74a7be5c461f83332,509440,30fe3d3829d601b59a0cf3d6257f1d4512f64dc25de879890669768f9745fd7b,0
8ddf6b13b714c9cfa6d6d0af44a393e6dc05d9a3,2202804,457ca934f9250757eddb62ad468db83127732f3174ebcfe80bc4e1856ec7bba0,0
8df0092a08e1d459f60ec541e08cd35a16362bfe,1356048,82139106e603ee4e1d5bc99d056ccbed5a92bc24848b1b5a7137c26e00d0dbf6,0
8ea39e71cc1824df51b469faf38605f7810731e9,3583499,05c5c40d6a7c23400de4486f6cb365b9a858de6da81bdcbfe1aff016d2a2cc23,0
8eea1347fdacbd90c2b817917d4c0cb93e0bf4da,964800,6042d00e75f275de39c2e7082f4ff9c22063d68e0aa7b5322a4bac07015eef40,0
8f778e7d950e055b18b53222c75d2c54c3732df5,711661,cb374d6bc042c22455946f4e09a89d29882a199fdaf8fb25be00dc8b8857a448,0
8f981c806c4c0d4cbb2461af1b53d6af14259bfe,388448,695333565f6c4962e24217e35a43bb7f4175ff3b8ae07679ac2c8c4ea94ef8c5,0
900a4bfa235bd3d3fa3d62e25f01a27fb64a0746,589760,090ee22c128487e84064eb8ce629fbaf1bccdabe5e6a36661e881a62e9ca472e,0
90447eef1d3323d1f4796a4d3d99f6dafa9c6021,589760,b73bb4f65371b9e50de5851fe638ace6ed46a886113eca251ddd739161387af9,0
904af5484b4a12336c27ce25325e82af3fec9ffe,31087,cb95c4e326977f750eb327eec3e4fd65639f5990fd58e6b067bd49beeabbd6e0,0
904cc0f83867baa717364e4601134ef795bfaec7,509440,deac3c3549f65dcc75f69b4cec1752ec40a7d2381f95e8cad1805f087f4b329f,0
908e05b048117c36e3d455b243ce3e0afc4bb732,2407533,90cd8b20c2cf2ffcb267032ba19ad6c945759bb19c658cd6f1deeafb6c6562a5,0
90b0c4b23cd02aa14115c19848934f1a2434fea6,6603484,8bef5af65137998752e301c2de2cec7c2af5f0149c9fbe2050b4e513279ae490,0
90c7599836700a72e56204badd1fb15fd2cf55ca,3864465,0d3ddba79e37a832a20c5cf350856bf1cf9666066bee432d4e54df69177ee170,0
90cbc1d1280bf3814c995ca9a0868d342028ccae,589760,733b7707410a4aaf9e5b4ea2c56eefe1b5e8e4781a599691784d3a0543bbacd0,0
90e42fbb16fe1a421488ca22f5e1af6c96b9f26a,2413439,7ca617388c2092a3a84272025c52bbf3c6db0aee225c0351186295c0b5d3ddc6,0
910cfd50c88e4cb083a8f54a5f9c36b6333af2d6,4721126,75eafebda82f862169b738b9d1322ec1f5a83f0776e2ce862cf0fe2a3ad29bea,0
91cf6343ed019104bdb2f55473543ee1ce7e79ed,8648864,4b4f60231058db4b5794e7b124bb7945bc8ade6719282de4d2e0372ee527b929,0
920868eef73d1a81d87abbe42bf92f5fb930432c,3583846,61b39467f37049ad5a5e4485d22c8104ff9ca13364da8934768aeec25bfbd790,0
920a8611c456509b20093739dd075891200b372b,509440,5a0d34b3859d335c97e32078b02916757469ceb19d4a8292c7659ab107806893,0
92139bdb5a19ffa00b5af18ac71c381581e0a7f6,800608,321a1c272abec28b99f35fffaf09a7bdfd42606f0ca4c3ca80362cedda30e52e,0
92883fcdd1a72aecf2bb34df45f2f2c9a88abc24,2919460,7d76a4d25ebe8f217654f1039bd991bfc96e7c2cd36e6d28aff941783ed1e9c8,0
92a38cc7e5f696d44e8fafa43131f971e67a0678,489980,af003cd1cb0c97b0ace56f0e0ba4ae3900fef134c6d00762bf46bc4c453df5b1,0
92bfb25d5c0d2aef3934a773136baaa79135b3ca,533603,ea77de727ef7fd34d177b83b4b1f1d3bb8884c95c90b6554a0adb0b3b65350a9,0
930f921a6717d3c2967cb3fd862022f6c6f4ea5d,388448,352a3d066d304cde25f7faa45ea62297c4ca9f16ab9d799cd9e7d2d65024c146,0
933e7dae4cd4f6a4c5c9c50c53655819ada3e2b3,1493150,7d75cbc54318138807c401b0f0c9721117c628b39de8e8e0edb6cb17e0ee7d18,0
937ca15f46665df26b2fb92619d43603f40bce10,4666020,4f8d13d70d51e891af88e044985f4a3c61ed05b52e0bdc380fa0c754e41df0f1,0
93951c5b9caf8f0315a9c4078eda2f5976f27085,2108591,2ccf6c4346c2a8441ec36c5ed5561852c3ec01fdb8c9283af1b95281d9f4888e,0
93ad7460d755421ab3e55db81dc57948d15bbc47,493024,f705f6ab4134e13d927160de8bea654d1cdc3c1cc94eab114eb9aecf0de7a746,0
94237fa52a17dc4106a3c8c8a18b7453166710fa,964800,3eda6dc139b1ea7b7a0943e4c1ee2c5c81aeb8536329883c395261e3d6f91c1c,0
9455113d251775578c75bf57f5ee237ddf8bf61b,509440,94e1134f334fc91ab95fe307b0acac75971316e3754e7b174c787a05e5e870af,0
9461c33abd716da199db8c1d3726d0ef5ad53fcd,509440,3ab85f1bd02175356924f82d9e39dd2edab16b0cfc0ca536e4afe6f2bfab35f7,0
949a6f013d67eb8a5b4b5b46026217b888021b88,466062,ce64fce797c24f68df90b40a3f74f579b336a493db14bd583fd520ea0d8c9a98,0
949cf0a360e93c6bcf66ed80d00a37d31f644300,589760,67d79caf4984e04748c824a615762ad7fba1c565cc0afaf5119b8e0249af3e0f,0
94eacd0897072dcd7b84d1f6ff3c3f6d1933a8cc,9084490,c05a3c2174e9edd5be19dc5a0748c42a9037bec2811ce062728bfd71f8702d78,0
954c46abb850fcd57fb18143c8197c1be658068b,2825197,076e40bcc6005418cb72de820c6821fe842e1be919c3b47d1075883bb46994df,0
955eac37d349ba28efd191bbcb1098d930941ddf,669021,3515d3d55be16f563f5602d9f5e34553ca5e82375c9449a509f06a0076bb6806,0
956a0a1e2c3ec6d2a9c80e065d41010b48f85cac,2309174,2da2645522f540a873a456888268c89050d6a8371e95ff1af6d81744a777e322,0
957156838dd0ecf0db535f0cdda8648a563892ee,509440,f78e49906f58afac1aef1637f312aa5024a87d5665b36a32930fb8c78fa07c0b,0
95b3dac7dd659149919bdc3839af440dddc1b2c1,2342,d94b462eddc5ce6c68c21bdcaa6130c3b5bff62c825fc940d619f917d6698877,0
95d18d455dcc0c3049f0f631ea5cfa2bed862222,1676069,28bbc54a47dfa33673affa26010f23ac452685b18c76e81451d9b3ea25a54d54,0
9605ebac5524bed62d52ba83af753f0145e9a483,589760,2dbc9424413a612d309458a07b4dcaecd2811fa129c0976fdac1af77dfd55de3,0
961e7f4e5d6d7ba1172d2e2616a0356a5f56b638,6118576,788e7e69a1dcb862ced197e440581bfcb672b37173dd0c5ff55649c7c8394f74,0
96344f6eb9ae954aae38f4f1b67c0a76b8a1b545,31395,5339aa127c8ce0378e48163d5bc6193c0816cf826efcd0e84bb9f3af52dd592e,0
9674ef96d16aa49cc4caca5ff8e4a7701194e132,1408,fbffef6681778cf51d68cc1dea4f51bf7c92755216d43097421e6ad844725b61,1
9682cf8cef58155ead833e020d67c7b73da58571,800608,c1e913f18afda6cf05e5e31316821138429c88f014e4992013f5b4e1edde13dd,0
96862baeeef07ebba4b66e39c38e3ccf7ac39524,575360,b695fef53900be33a615b83d8e8b4f6152b90a9ff17eff95b7f2102050d4cd31,0
96a307e8115c818ba0baaadac8a56038bfe9a58f,509440,c40ab82ded96c1e72699a1c6e757d91d192f9b8e32f7f7bf5769d28163be6f05,0
96b88018f11675c54462991f66e466826490bc99,8649416,8ab96e6f4643bf269d56818f7f507c8ac1173adb28402704dfe7b7c1e6124ccf,0
96c2393d4707236f55c7ccf9c9e148f813809cf9,5568768,7951cf87df82e3f9f78dbd14ddb3dd64a627b4865d82a3e048f86fb12db57d48,0
96c43dc3658a846ca2ea791db47e446683ec88c9,3583847,a388b94942e98e5c661c6c23f919842285738bfd123a0d148dea0c56287505d0,0
97749abc064e505dbc51e9194e0fd4f5ce60e91d,1856,a5340959b8df4dfb30f922d148ef96f5583dee4818de7348040274afae9bedb8,1
97cddf4bca98282d23c3ef19683e1ec85bed51a2,642525,24e1e8335c8396884a86f06880271376ae46a29381cfc35c82c6295d407acec7,0
98045dc27b25cf71138b36ddbe3bda60e6daa9fc,7942314,c19e1dac8287ec5c5d47a0d81be5e0fd11755666b996c764ef4d13bb8117e3a2,0
980597e1bba2436e5c1a608c0293f486bfbdaf96,8729675,172b40a4088c238c9e1d3217c876bd37a3471b91f2e5e5ac5212e59815433da2,0
9809e914137462f3ad2ddaf30de29ca5943a5fcb,757696,9249694b2588ae74bbfd32dec636f10c21d68507f36b18648dcb279277113e05,0
9939be581a223cd6fb2840968faae9d8a31a9d29,832445,e91d5f1139e2f495387445a33c60d5fe15ffef48d9152c121362088f87a51e00,0
99ab0363136b2901455b583971ad62829c311cfe,466021,0930eac956e241b04141ce21b990a5d818feb3be3c559357a4ef5cf261d086ce,0
99bc4179a30a3af3b61c24320896e92d84562495,509440,c230faf7705d942fd44966cf08b9eac73295dafb4ea1c75a702b24a3a97bba3a,0
99c7583f907b20c904849ca39b8e8ef4593ef974,466248,081419d86d3f6843c68074f7eefb82c9810048b9ddcf831b400a532bf9797f95,0
99ee7034a822c88668480a64fd1fa7eacf9f4d71,476576,4278c7f568a2b758004e92effd826e1bf5d7a47d5687bd75c8b2902325fce9c2,0
99f23954b4bade407d4f3a18892f21f80b412d68,9085835,036b3f4da1a2ad75e829debed3e96393998c97b386c0a288f6f7431d5908432b,0
99fe3729e45148398e22e41bb7c973fbc36f86ce,509440,c47b7e7247613bd2edfba850e2a87e70041aa4b90fe6c3e281db48fcc712f6c0,0
9a29e08aeb4a58b04cd38ef20e09c8d57e09ee8e,813120,b0c5f871cc9705c251e537ba8c146b7efa05b711b2b0b26e7550754af21ebd2a,0
9a435ba16402253d17a879f6b462db274b88c538,716927,003a3099dea36d632a6726832869e121eace0388c187fb70adc91be34eb6a001,1
9a5a587514b4f11c51833f17f65c29cc0151944e,509440,8b932561c786deb7da00dd20a64ee632debcac098914d0ed0bd9916323688c34,0
9a64dd3acbc8a81aeaf12cf85134512c445c8157,7203108,4af9b5b9e416f63e0da667faa9a6e2c1bf28373509929e07d5d3cc6f3d3b1a56,0
9adc93e4cce18d196e97859efc94cf721042dca5,493024,f506ec34ad0e62cf2ff537c2f14c98c43e00155095951c9cde31fddb753e3b32,0
9b0bad37f49641a909da0574e2c58fdc286dcb9e,3931232,b2eda7f36f7ca45f3be94a568f1623453b4246083013dfe5db3fe43b9b35dd1b,0
9b4abb56a32743703d895e9df128fb009928e90a,509440,2e87ca0e13ddb1775bae3afae312d03de0b8709108c50619caeb2115f9cf1a2b,0
9b966801cb25e8ceab7468693acb3cd528aba865,800608,8001428ae3178ef5bcb7bfef5a9d42746f17fbfe987e30470102ff6b2ab3b375,0
9ba4b5114d0f45310812481536998c609f999091,6433167,c6b55d9ac70b2a566f0307c6f80d3136fb839ed8e70bb16186324747df58668b,0
9ba63c00547c16b2cd393c020b252570596e9048,73637,61d927a637c5e7fcb1fb315d448e10c9c9eb22cfab91e6d425755988f8ba4399,0
9bbea7ec181466567dc3d7dfd8bc69fd537c3f7c,8656551,a86f883318afa11c8c10466f1bf4efaeb6ded28a52cbe57217a8fa0d0a2a87df,0
9bd2b5b08124b61e003d98c1d2855c54bbe093ba,509440,094c40aed9822623539ae828b72cbdfbcb944a5b34d020a78311b07fdb59408a,0
9bdd7616945b7538b6d111cfbdfe40d012e5ec5e,1760,d9077fdcabcc7743f329046a4e89b10527949ff1a38e2b9bfe0f55f58bc46c0a,0
9be10c140f3b2f6e095c4f667ce206c4d2f3fa5e,509440,09b990674bb5ab8d9cf61e5cbee20f8d458f97aedd207f637a635057408a3a6e,0
9c190aac0fb9edc2293b69b82c6d5d5d21e67dd9,466247,7fa9272f7ef1ebd1666bb3bfd9d4707660ff0076ca9d1671cd9a9c6e18e03331,0
9c235b65bce512a89b6273731e51593f0897cc8c,2422193,7cc61edaa170ae681c7cebbeef9e3622836305ca2689540312890f2c8971a3c2,0
9c303cf625ef92f8f62e188d47bd3287a76ba77e,813120,24ad312da7c93f1c5d06b4bf84e3bd2b5edf27db5ea23e496c8fa00ccb72ff67,0
9c5425e6b44c774ab3f5850c7d2c08db59c3ae97,794656,04fd1738de2bc9fb5cc708b16f83369550943d4d6221a87069dbcf65af97d3dd,0
9c80daf926d7a9da699fee493f8cb9e3e73f1a28,4485297,c42981b51727f7eabc26cbdeaef5b95f06717c947f1b9d1c6754d763fad89aa7,0
9d2dac47a2f14e2661a4aae730c0d027dc65ae0e,4851260,66d9a38b707c34d4908b7a928c0eab6e6ab94ccecc463d7742d3347bfa8a15e0,0
9d34321bbb626dc6494d507473592d39986ba1a2,800608,8a872c6e93e350ddb6167e10a3fbc1ae068618a0965d20c1ff8d23e7cc4be13d,0
9d5af887ec1e0a443264c209184bd42973549045,3653235,ff789e15fa4d77dc0664d18f28c4f7a1d65a56a7d31142ad48230279385c0112,0
9d723c74399dc2043ee353951e67c5e08b8c568d,1109464,ad313cb966420a8b21180d04071e84e49ab4c48005866131b7fec0672dfac935,0
9da36e53f1d4209612ff8fd6931c0e667d5ead27,2420897,84f5700c58d4133f944c6f11a43021e178880b19e5472445b99dc3eff64162b2,0
9dc0331a349ba8b07ce30ade99ca6bdd28ee561c,800608,98a9d5fa923efc70611f9e380c791b5acf2481ae0bb835f04d034b5a54615bfd,0
9e2af267be2d390370fbae743ec1a68a53c4201b,800608,0beda034a614b1cdbe25606cf554ad2ea39b05028789619b970de6ea242fead0,0
9e79f9e7a5ad378761a1a02ee70e842f549df52b,794656,5cc1322518dedff7748c6e948c41e03af5897aed2c305cd15f8c5a26f7b51931,0
9ea94f7c863d744928853a0cef77f4c068fed4ac,3558647,7b62d797c95d1563d3467f48daad0eca3e150f2d587e7e687b557c9ef1b25473,0
9ec3b6401b008dbcddcb2dce158450075862efca,509440,1ef2476b3eed94b17476a80ee0b4ac670ca570f4a60ec1a0b73c04c7f63d074f,0
9ec87542577834863903f7de817856ccaaa206b1,964800,5a480eedb0e2cd4a41c65d7e64065b93453f23a6ebb9b870d221bb4825280900,0
9eecbfcf52d93fb0c809440bffcb472c4b461f0c,3557778,99ca599731f18fca3e09f9d2a7ae7bfb8503e64729fbf881588746cf9b99a3e6,0
9efa7dcbc2ed1ace12ebe6d522e1b1119789e206,794656,153e1878ae49a9b3f7760705dc9b8fb1604958379f643cc2112ba3ebde7fe791,0
9f7d92de000d410354db4cc8238706acf9187d72,509440,62b5e2ea451d16543de38ce96d7acd24f54283e6a6e453728efc18b96dd0bdbe,0
9f7ebe1b12765f62402590c4612b13cad71644ad,509440,2fca48f53d02b28f02e9edd5622a6f5e8668dbfe309004dfe8f03194479b0d71,0
9f90cf64172a7f8b1e68aa18a6c04925cf5e28b0,2405678,79eb6cded9fd5d31cc83def0bc5fc9b3afa4973df1da4c7fbc89c44adfa8fe32,0
9f9db0e9752ba7f6ab72d703a1f5938845df972d,509440,6e14fb91599c452bb59b3c0a02bf267bd2354a9889f297be2736fdb8ece63d2c,0
9ff451e9b1d05a5a138191abba4b5f215f2d6763,800608,6ede15091a06319ebcd7d674d67a7ea25f47a79bedb50dcc2c984913eb0cc1ef,0
a016d16ce62d44c6d7bdde9146439b5c2c1e56fd,800608,7fcdac653ca6b6e026ee60726cc0aa207190a153f6ac90120b8e4f0a634d382f,0
a0235ed3d37fd39d6f2acd76f48632a7bb7238de,8650701,1b7fbabfb4c690bed84c6793bfecae9b8dfe205751b04f9ffd1e76a1e7df9c16,0
a065348509fe05a15c5eeded3144e8639ef170d8,964800,03766bfb4983894399997fb48b7137d0a438b3d02340b07eeeaf59e4b82e8c8b,0
a0901325f7e8f4d3325f7db36bf9dba13d78207c,509440,6e23b7835e5b9935379ffc36de1bd75c88bae296472fd1aebe7720dbdf092a4c,0
a12690b50daafc7872b259e93aa9ca878830fc4e,388448,59336516992ebb17ca16dee7342687a11e7de8707b70581e0a6c6bedfc7f26a4,0
a126e340b81669cf8698a4b0377821d7856e5961,757696,8537c89268c954185ad4f74e9e33c7fd99d33cb861b7e13a0758d307d9b66081,0
a214d6b13b24a31a7756b2acebb3c0bcfee3d86c,800608,00a50bd2d95b65f7424d58f0924047d5380673c8aab081e42a05f2dfc5ec40a8,0
a26b3019e4a492da3bd86abaf50fe962c159878c,1811,0a2817e06cc3121114c8bc1c0df5200714933dbf3b170af136f69ca97359b753,0
a2c4c9eecea10c1e87dc41f5dad34818b167ab62,2419047,84c8fbccaa785d90ac2d2c15b75a0df228f8621ec9d4f905ed53e7cb77a967f1,0
a2e9f9a7f11e2faa5946c2e68bf406db13d15e8c,509440,fd52a99740de946db0d9dc8d32994a2aabab24ccfba6cd25ac42bdc23f53048c,0
a2eb3ac12031d22bef959a7545f95b5e87fa8142,3049851,fdf9372b4c0b0a5b4b841a9955be1834ffc5878734a207f80e349e2956c65e93,0
a326e1f3a34b3d157a4c191a393ca44361f9abca,388448,370cc1fb2ba09556e9d486f21bf03546aa5a593c8a68a56b34b15b055182f392,0
a34650995da6939a945c330eadb0687147ac3ef8,7031660,88145e3c3249adc2546ede277e9819d6e405e19072456e4b521cbc724bd60773,0
a3d138180d749a380f052279ad21bfa738502d8a,509440,1ba8b2850671679b64b9c85279c31275c3a39fad73768668b3811e9815994f36,0
a3fec2e1cf35bb5473b629ed86922c350226a3dd,2256,164bb978f76ed82a81f1f1bcc1f7baf7995b189ae9708bfa8c6114a8f5690ae1,0
a4005d1cf3170a31600a5c96f95768166cbc2b28,3548256,5ece781dc8d2b2f3e2f289ca0ae50b17cfc27dd27bfe7971bb8241e0b964331a,0
a4671de658356d8cf8d1edecab4baa1b749bdf3e,2030800,b25d9961a3f58dd419f5ea7f9e0a4fae5e3bb79252effb80c7f1a0b811177676,0
a4754c488939559ba70bf754f6ad24663103ee81,7356933,2dae59873757e222d85a2eea91a1fdf9ea51157b949eaedf9d5431051e19f0a9,0
a477a361db3294b496df457fad3c7bee528f8a12,509440,139ab701b6cf5908cdaf86c5dafd044eddb3f1f83e5d32a73aacc26013589aaa,0
a47a1f00cab2c5c11d929a69050e6e091934b181,7028227,d26f54ac5bcc30ba15d418234e89d2ca44caf0bd57ce14749612a74f436738ef,0
a49b97c373390aef6a2aeedb71647ffa581b96f3,3297799,0a1f2cb9fc2769030ca1f4207e81c1af493319373d41b8d3cf5be53860c13760,0
a4b0f8c04c61bbc451cb4a1a94b32e557a56b64a,509440,02b18cb7c6cc10d4cba331089b6cbf5e915bd2e4e89b1db1394cb10c7366e034,0
a4e215f34e3e37a18638e56ce3b084b1051756dd,388448,74370f6a4e7406d362da3b8d0035f57149799ad974af04a631467bee5fa9d54f,0
a507d83d4947b079dba2567d2767af97be5b0bcb,1044328,3fd70ac72edab8213b7dd13271b3c69b6c2252ab3e04f8045939dad0847309be,0
a50a84dc85b121c100dc7718d94c1566c3a4228e,4610858,e3a7a6c6facd433987b529a82406ecdffb04853f96bd909b0194d070c9880def,0
a5189b88eee5e0c1e2f283f693a49c677b80e587,560992,8bb12a4703c5f4bbca0089784ff2de33f99ec29db52172a2b4f5d8d9a83dd794,0
a56ce2c3b321a1a70e54f7184dc67dc49fe1ba99,589760,554f110296fb763576c55a2e09ac72f848fba73497e731baf7d8c1db221e7ebb,0
a5951c27fcb04ac8a639510cb80e4bec9cb8c315,8224310,e5345150649e70dbfde004a0deec153c5175af35f86dabf75892e9c6a88dea9a,0
a595a94d9949e9fd3ecf94d1ff7c3c67df739730,509440,0e409aa8a5c9c36ca834f0ea109d0c9b9803e0aa1c4b0bedb5ca620eb7da25d7,0
a5c7ccd1664c9578602ec62a9bec5db97e666f0e,2685,8c5ffaf96cbefa9b7bab7ae76e158fcef4591e13034bd07947007d16a7659823,0
a6074e4f01569944330444a8435907b2c3b71c7a,2422431,ea800e23335d29c4b041e9cb2e52778e9877201fba4e1944514f7d0bcce317f7,0
a61e1937109f51459a6d2c1ff334f2d58e11869a,800608,6a7cd12943c5cd3629106428bc2e9412cbf9d60c878a5132fafbd41811f3469d,0
a6d926b685d3e49a67c233227aae9d33eb071572,2272272,02767de65b04607b306d27540f887a61871354e9b639878369a8067e5c034db8,0
a6e62fa4917f32e4870bbfda41f5922e69b457fe,726273,228613a5b593a53d3e3ae8bbfd9ed899fbf1dac1e18e48ac995c6a9811506f41,0
a6e931b92caff4c79c5c56282f1e89569a0ae558,1842767,bcd04f0eadf90287bd26e1a183ac487d8a141b09b06aecb7725bbdd343640f2e,0
a7429b9c7d0fe175b0582923bcbe50e8bd4827d9,4733197,a8b2f377897f46575d261fe24a408225db41474e8e5e1c0ada081e69e56122ae,0
a78058bf34b9d7a13d021f556dab3902508e89d8,2433626,d5e33791548c1e5b63ed5ca250a624810032e2479fa1732dc33833b71dfe8bc0,0
a7d434dcaa7ae62910bed536fb292282905c9b44,3522656,7d27c493c729a66ecefc837280b05d948b1ed50d130eebdbf911b1b36cf38ed7,0
a7fd9f442e24759d6688b2cc1a054173eae63cc6,28543,ecddf6aaae85e271610a2743409f7e447886957d0b0836687c1eaec5ccac2891,0
a801b9731b78da5dd14e7bb2f32cabe84254a6e3,2108630,7533f606534785fe34218f683c9596386e39096eea9aebddb2609a0e40184f9e,0
a8134680ae7924b86a22d6c6af4a2117ac393a37,485115,5f709ebb5a88adf9fccc25f05d7e9b41430a4ae8103017fa64fbf9030a415b90,0
a8477277476e723f4e91fa26ea7c1100e2a33d05,359249,75fbfa652bdfcc862870034b48847130706a3fc95d13d0129f097fc5135e5aca,0
a8ade28047d8ab47ad23944e1964f99fd7133f50,5944958,da29e101fb1b189976f017d7c21f87d2435f2c49f6fdd46ea83999d6443f3f5d,0
a8d84ae9b9c5184dbb8aa9c09e107cdbe9b49c38,1152395,e263c0ba13be0f0803705b002756908f84efc6e75a4c273231a01c4371908a2b,0
a9082e978aae257dfe7dfd381c11e073bcaaf2f1,800608,baefcc0c320fbd66b32a9607ba743b82e47ebe29a79b3cfe4c4dceab8d83ec5b,0
a9244dc0042916fd8ac0b784704f99267dc3ca61,3386481,2b56d13a1d27728f00f9ad99331a241fa074cb85e02b1fb7ef1b311e5b1bcdde,0
a93be6ef1cc2a964093d3545963a9f5c50f199b6,509440,2f072f8236c01f3ffb2bc60587b28b4dc51cd76c4f9533944f460c87a20b5f02,0
a9ab304f6bc9188f26f4935faf82c7c42e856832,2108615,1e6506713f00e34406a757acb80f9f3233c1c3950857d32bbc41bcd419d5d8b6,0
aa22d33d204532465610b8f5f0ce5c75f00c10b9,509440,6b7c1b4d63e245fd58b2df2b70553e052a0db2c2a150b1fac60b8d33c19a9687,0
aa26799c607d3eb450de01a1534e5630f5a6ac61,2108711,ede85a72ddd1fd4f711d3e86b102a09336e1442e3527af33531445cad9d397f1,0
aa81ef5ffdddfde2a0ce2111271a2e17656740a2,776160,f2a71719f31e7ebeed3ac9c0704df40691c50d9f8f125174812a27bb977cdb8b,0
ab03971c004c377bcf9aeaa507dd5c97b0f19e28,711661,0d3aef594edd5f9b53e7f814277a9171dc70ff93eb66bda6e01f7aa53997d963,0
ab259ad6bbda2f26db65bfd52ce447432c10b139,800608,bf6803ef2ee45c81802c4ef38c4671be0042f48b9877897c85ed71f94f61d412,0
ab2c488ee65d2bd51568a1cd642f795642fbd163,2053526,139d2f4b4919b90953bdd3c0c40c94c9b23074799a766508dc3bf5eb8ab73351,0
abd07c710243ba89bf1b21780e7c37ddde92334e,25470,d71e3a44eabb1784df9a68e9f95b251ecbf1a7af6a9f50835856b2ca9d8c14a5,1
ac126d9971f445f3e7986fad188b54221824a77e,575360,fc7742e1b659b2703790c29e86ca394541e81a63aabd60f0a81bd57bc93b3b12,0
ac13a8e0cffd672c64be476d81bbe9c782f7c3fd,2108880,20a66bc57c6ac4f1f42fd8aa773f6ce88d041093136d39b907ee32158631e522,0
ac36a45f3b5678923cf615ed788c971eadefbfbd,589760,f76d21bbe5152d0940a42b9bf444b86f5a492b6c1aa5e558de04d004ab576c1d,0
ac3a3edc707445d4a3c2c5845e56c65a45781e57,2204003,c218b12acbc2168cad951ae8a8c8d345df09dfa63b787214d4ac27762170fd7b,0
ac72d4e9f3d80c5bc3adc9ace342a9e8aea79dcb,995565,9032cd67e83b80169d7e5d428acb4cbac27152e9c6460a6620ebb71f8d651846,0
ac8ff318806ba5d816b24eeeba4be70b72a1f34b,5685484,3976d53decc408b6b6dfc41a1e9378eda3a5965045b82bfcf30a6df75003a41a,0
acbccb4dcbf2747d5331a2ef5d8cf8818b0eed77,509440,6d45a989b124c0b24040e1bfaa84e1608f4662017e10a224cecfa86478282a7a,0
acbe8772608f2c9daa3e7e3379b178a95b230262,25101,772ee0782f28789aeef225bf27a049f1c1f8c5ab10552f043a5f30d177974d58,0
ad08b02d2982fa04cde1f68582053df1ae8ff6fd,3642348,8e019f9349caf5f9bb92514b0e4fc00c92841aef6ae8df9d833d975c623b7c72,0
ad0bcbeb288f0d1373d88e0762e66357f55b8311,1355863,847bbeab6174d66a88898f729d52fa8d355fafe1bea101cf960dd404581df70e,0
ad11f3b9f1c3d70fc87d57072090c16068be5f4a,509440,5cc7bbac5459209d59ab961fa1a92f120da0cf108f7939b0e0acb0a5c4d456c5,0
ad74a5f0bb267cb5de002118661ef94c69ed0ace,4014479,383f744e63a09d87674792ea58dc3127f68fa289f33bc374b2bc3e0053110ea4,0
adfe95854f1276389d1d0a8d657e893fb2f32cc0,679168,87067b1fb18dcd7dd9c89a9168a096a0ae7a46f99a025998b343c009e0c756d2,0
ae4f49090ee41baee43414e6ee1803b1de7ded16,4732404,fbb4071ea653afe958c24562139c2c09618f90bb6bf50d7669dfe10a0fa02e68,0
aec339b81e2074454e84d48fb0f97117ef48e308,572928,2707be61b0563de1f29d4789331e85cb93bb8d77d9d9a50bb66f13d6b0a2290e,0
af0d9d2e8d47b55987c9aede234ec0d8e4c0b469,2405707,1bb34b47daba40728f488323190dc64765c5338b5196f95c4af926e13a6161c3,0
af7fd0622f7f74dfa362a9d2c18ad465d77b2ab5,509440,36ea65b0a360c66737c06dc9459edcb3c6e5f030a57b2162c008a6e5b92c1096,0
afe6f65a1fc243605c2eb64d89864d1f83940815,3931954,a2bed3cbdb6e9148bcacf7170d6b244d08dea63538e7fa5856776b46597b33c4,0
affea6f611e0ae3127c83032bc77f6a6f53f9f00,3523029,c8219a662de786c94771323c3500377970f5eaa3afbeaef9390c9a51db9f7884,0
b03133f50654081fd2ce787390cde6b1d8f28d08,800608,adc8e382e968040e44f8507ff57a107aa0b03d4e57509873eec3708f1afae8cc,0
b04fe5793a1d04928db9817b4a2f864956da53f9,2108718,0668cf75ccbf00e0628d87decb81e0ec575d94c43c30e96cd8807d3616605de2,0
b074afea6bf54d5774e02fb3db164512f79d4678,493024,ecd4e2d88472b5ac4f33e60cdce7ecf37cedacece977aa490ff50cf72f4b4826,0
b0dad554f098d0a83be93fb7d6cf2fbffa487d1d,1617,ad8b23b6efac1fbdcf882380e3e44b8969660236670c2dbb289f774bf4bffe2c,0
b0db66816218c23c0c463c70cb2664db90080dcc,1506612,472eff4cd3a272323a72b6dbd50f4859c02fece2d6bc3f4aa5cc74136161f8d7,0
b1055ee9312d339c7b8526c1a0424611ce399943,2108712,2466c91c054299936a90d1d0e9cf375159f1e37301665a691a56b7acaae5bdcd,0
b1734e14a97c54f659371cf8c3a4a46b35e9d550,509440,96661cad0fdb5de87d393db8eca8ef76ed35e0357b805dc74d011b4183923505,0
b197f72effb9d5ed16ee0f5663e11e4cfac2ba62,9085698,e134af98b985517b4f068e3755ae90d4e9cd2d45d328325dc503f1c6b2d06cc7,0
b1a3193170cd5bc26a5c8dd4005b080a3607c991,3492,bf50bfb02e8d5f011656e42b5a14f0dd0f4fd61eddca801c2ff9745f5c2491e8,0
b1fca566ffdba0b055a2f788300b7180c3506475,5772430,bcd82fcb3b9137047f6391e38a787e14935e9c24f99858845275acbac8443f76,0
b22883ff81063d775f31f8a6f460f9f62ae19109,794656,a8cbcb43b777932603f56eb6b9fa55c78c3dcb235a942558f7d6a82e74ff4af7,0
b282d147b9c358a0a0d07c1428e9a064f5f0a04d,800608,c79174b32b4b6a7adc5bffaa1221b8360e167965f8cd0f9dc325e718319718db,0
b2a9584be32237788678fb42ea5478b61d85f233,800608,52ee6e9a603523ec7f722ee43de0fcd3d88749f84017a9b58198b5a36c8e9059,0
b2c7749d1f3554cd31a5dc12cc1efb37cf4b0d78,9117180,e77c3c8550ffd5acb4a2cd682d0f8e6075727565607c7999212f1c20acf8c611,0
b2da6ac00f3062100ba07a10cca0d6e411c6dd82,3620731,2206073a6598893988ad5f1d96aa193d274fd6ad2a8d8c7ab8f56b29b6d4d0aa,0
b2df2924eba3fa3c0f6da257bed03f6a7bbd1c8d,90280,d99e04ca04f12a0488ecdf6e6e8d4809bfc8bb35a0b0450e4482a58f2acb4d3f,0
b32c87bef9bf22a5b1c1fb902a76098d13909dc6,4494727,68bcb5468c854362a615f3d2ff6a5e4091a85f4c8198993ed9a30afe0b143737,0
b3321121946e2f2350a2a1baa4b3b3a9e294dedd,8648962,133b1071a455bb96ec0d7aa1242e616cc42ec29652fded524fb6883832afa903,0
b349257ce3159135c8edba8cf874c8b1a5070d46,1777115,2f7deb269899e8c938e1521f18c9af1d16e040259fbec23c3d0abfc14f19cd89,0
b37c02d42c9083335f3f232c7cc90f358dc54fba,509440,ac355354348844709cf3f12d603e9785b7a1a6d1efcddac397006c218df1da21,0
b3d7c5709c06ce20b82f8f240b3b2c5545f449cb,533808,07805d116826679de90b4edeb2222269c4b8753bc0981be4399f732b2708e904,0
b42b18906e926dfd37313c5ac4f648f51fc38819,493024,11824ae6721b0d0a8312337a1398eb905e98deda8e43c8427588686ab3d08202,0
b436540373e1ca87d0f1cc503fe0f78078079846,3581950,f8e29e3c3a8017f067b62a3d2d9211bb4cebc08a25afe58d3a6069981e3684d6,0
b45296919df3c48dc7e25384fd2be07332600fe8,776160,7fb610955e8bf6591bb2ad4edf2cb337f478969d72289aa263ce791096bc54fc,0
b465479b489b6aaedf0af0a33d8a4e5d50f88e6d,2919627,672146ee6867dc02a01c474090e237789f8a066ee7247bb2cb6c8688a27536a8,0
b4af3291e62371a1cb2542a42eb1e0a2008ea676,800608,6e4a9c309b093c2b2e47c2b03035fc74c59dff507d0b0dee105cbfbe7b2cc0bb,0
b4d5ccba4a193e0330537378bb0bba47026bd364,2413536,ce51cde5df60ecb167abec4c90db11360482150628f7a91f3e316df6d6ff6f6f,0
b4dbe0f2b9111d50075e634e693290b43d1e6ec6,813120,c75af50d63e0cac6dc7d97154afe2046725f6f493d369cca6f1dade4089e5423,0
b501c7397d632ecf9f9d0d9b0f5d376d0dd0b6e6,439223,a3d5c629d5ebc8652d52bc43b5e65626a46c4a1294dfa2de69de018a31071063,0
b517dca1300246aee0d7481105244b48cf81ea73,3564883,8e2c49673774cc96724c2b8e92327a32f99e821d9baf33ef789ac5811736f2e0,0
b52aab13410e2fe6bf38e40ea0a3683adab2685e,5606923,32061d3dd6183010d1317ecdbfce02d747560703cc1fc6a2b2263af79ae9e7df,0
b566494ee98efc77fb11eee70964dd509ef35de1,4732525,c93718fb829771590de2074604ef2f92968455cc5f1645d2abecf91469eae9fd,0
b57dd663f5054671fd9c98f9247331f97596d12d,9621556,d09046654dc5151fc313613f16768b6ecc1e5e3bddbc9c8aca209a5f23fe3cd3,0
b57e048c0370aebe94da15a19c7df18e1a3ebf64,5890672,cb2b8ce3daecc52ed47fc5c66e3f131e9c4750cd654b9db9e49db4771a56fc8c,0
b581d8652695f54fcc3c2d342d96407a1d27fc0f,3761751,ad3a2ceb0e84e4da57451d86fa337f8116dcff5f5d106434f8aa0b0de89718b9,0
b5bd266de2f9b9a68efe13fb48ac6830ca71c0bb,2405679,5eb60cec1e77aeeb6869a2bb5a8e01a84c3fe5d072d75369343021fe6f5310d0,0
b5e9a1dbb92c3ee45ef14c1b77c7a0035b41e371,3523054,f914e42ecde8871a2d5c671ce4be8f72a04d57143371a2dd621b0a0b76cd661a,0
b612f1fe6b89612840ddbfce2615e5d5ce320fd4,794656,70a5121f74e31b4474ea79e07036a91a303cd0b68962f39e22e49896e84a7374,0
b625701e5c22e413f28b394f2aa8388273b735c8,3583593,84b3a9b18f04a0ccd03b72d9f871b7e0bec40fd7021ef50bc30a7c3693c11205,0
b667161bc937dfaed6f27e9e7849a664c3e869b3,3505751,1d5b9634c23bdd4540f633d327120e1fa4b57a2a723a56d7a92debfc4d15c061,0
b67511280f0467be849c3567da6df343b3bc7f6f,388448,f80acbcf09d543502e419653022ec5913b4c0046315e05575ac3559a6472b17a,0
b68b46e3cfd1deec9a6b334ab198078e6fc45868,3265251,146ccbaf4427e0f763ef73fd955de87fe49024f70ff8d5f54fe7572592d37c9a,0
b6feda4c1249e1ddccc9405e39ebe1ca4c1e091d,2398744,4a17c975210be5ab4c36b47d8dae4eefb866dbfb1e676e394aad85dc30a3ae08,0
b7137a47d22c7eb672bc17e142da9ab7305d81f8,800608,8211e7a999b726b097b06272d940415dc9da53338a9bdb2fa05ae2d208376d2b,0
b73fed61cb455681461d0044ce4ea8ac1c83a7ad,8657198,677203884d026e721115cf0daccf70ec4239545a13d6619e3e66d7151e0c9ce3,0
b79785e33965ac5a5b347d2a7bb34d6d5087b589,4116557,05dceac66032277f0a35b61eb299929c253f747b7080e774c22d263e83f1daab,0
b7ebcda4f91ce822c94e6dee6bf55bf2d4a6aa6f,3291361,0779fedbb0ef1e7e5a7e843c96ceb80709a515bfba15e3c59aa531e7085e30c3,0
b845c629efd1e08c23fcf616e5aa4c7792fec401,711648,5f218e0ea9eaa9f154815cc067351fb941bea26da81bfd12af3ded3cc66fa3ff,0
b863ffc2813c1a304a9b3e24edbdaaa984c5b758,3931383,d06d0c877b5143ccdcb761407d5650b18a6afc33f9261fcb7e0dd44acbc1c262,0
b8772e360925b614f7277720fa80b59dc6f4a3b4,3558896,ebea7a057f31d0c355148f865d22538337d0209d3abf1b21a0336879bf927308,0
b87d1b2074f27fd2ef8b8ee1441ee00f0c6bcb81,2108305,0a8899dc9c17d9b5cc5157dc13692bddb8b47fa6bcf75b7508b78e2aa44d3078,1
b88984a636442f7251841bb71b5866bba45882a6,711650,01c420969d5dee75248f2c1b1bf5d834f40f1de1427aa0b9fc93c61055d809e0,0
b8dd8d9fff026682fd76686c675c0ad57469997b,794656,5ee7a43caf6a99885b6e89b6885cf58db52178048feed6603cfc5a3b34011a64,0
b8f4b05ae1e11a204d57040fc05fdde5c8c3b235,362603,3d09c84ebd10306706a79a8276b3ab736a40d8ec03251c7639f4e52c3a1a4f8e,0
b92bc5c3206d7599ca0470fbcbccc33a44909324,2109610,a19903bd25116854f808cdd31a3eacb0175fd014462e56e68fd73874c8cdc35e,0
b95f514e231704d7f22270af4f96fa511f242eeb,5930679,b49d1ec3511c7dcf0db99577ebfbb68275f23c351b6fd734208d0cbc5d550c74,0
b9716422ee2a24d6ad3c86b3de6410505a798c85,551191,3ff578a08c2685f2e5086e3ed9bc6a7dbc8c2f8c635dfd44a6b37a234acc599c,0
b98e1e5cdfecb8f1621c080503e1b27962893030,794656,25c318865df9dd1fe5edef94f72743571e23eda6dca3cf1aa85e3e63a8f62e48,0
b991dae66a3b24f70787508de26537e42e84eb9b,3565678,ff3f2a2fc3b88f6f8504650e2ebb8e018bc4206a90eb41f1a9ff351e02e44ff9,0
ba11cbe7cc2127f37d114a0f973ab1030e062e22,8643905,12ed9f4629a345968047529ddbc4e58ba01eb909570d2b8153bd010fac2a5f30,0
ba4bb296bdaeeda36b8ce0e6e94c986a156090b2,2128494,c6ee8f089220a5b1188f6426456772572671c6141ae007eecb83c6a8349f5deb,0
ba585c146f814b3d10e22a9a6825c10e4e1e7bb2,589760,5e598d103c9f30f4ed4340a1b061b7ffb4b2fca13b61c503e4903925b96d4196,0
ba5ce19bdeac271eb990825bc901794516a930a7,509440,543840f9248f92937dd5d350f888b62116f5bf0035a0f624237e0cdd9f97f6b7,0
ba78073108de6bbaee8ec5059ec8a949671737e1,509440,32bb284e85c7a02728144ee99888001408569ca099437cef9d51e1654586f7c3,0
bafd099d5a9ce6d24f8ef0e4aa66643331b2dcf0,3583485,3703d011b3ee259e00b59b60772f8fd54998d79e8fa5a1388d507eff28f8f09e,0
baff06eb0080b72b0696094806b1d904a5218ab5,776160,fc1ec9785bac5a96c1481fe352d1683b3904c902f6f7acfa937420ddb84422d1,0
bbab1a4bc4dfa68697338718621489e77d03e70a,126952,f2bf174f2fe62ff11c28d56555f9c0cf16b24e162ef53bcf42ff85ebcf6ebfa8,0
bbac6f62e54a4b6a9d01b53ba0752be7088237b9,4485297,0369fccab4f63e422b975d8180a1c47e7493d75ded7e6b7a9667d963488d18a6,0
bbb338b3bbc19034b040e210ecf00641b08ddda4,575360,2f3bb038a237f15ea8b7a748fa7cb697662f35f1635dd73aca8a3ae9a60009aa,0
bbbc05ede28d7abde0299f781cb8f268eed8e23d,800608,3bb55566724de5338ecff52cb08785410c65a525dcdac5c3d55cf8407282b1ce,0
bbe9a92493d8dd7f9e69030773407ef8e60fb637,589760,7917db767785c702c754f3d0f6e488c20a43581eeaa6e088241af92fbca1d547,0
bc02889283f90601ce8f3913a406e1aad75d3a37,589760,19ba421a80e7b7e6f19a8e2510afa7a8b93238ff1920ced57964f1ea1c57b2d2,0
bc1f77d20440541dd073ebae6f6c401087c7d34e,2224119,f7f3b7af117d467b58374797691a6438d3e6b9e9cef800dfd5dced7f697a90cd,0
bc7ae4f3fe3110e96aa87aee0324b66fb30396e2,3583588,594291000b476c98ed600cbb1914ff128c79642a9433aac86213c7a5562d7c1a,0
bc8fca20a7f6dbb3c6a6d9e814c6efc999ec80fe,9527287,b475bbef1b0b2fd57dcb865332b546475bd1ede2deb3bb91bafd0c047a8a530a,0
bca2de00dd530dec89acc36cf86c351847d1ea39,2258757,a0af9e81705244b9571b02c9abf5cd9456740e7f4fec62d2d02d4ad08110095b,0
bd1933c91ceb1d85c6b9507dd66892162aea6037,2156670,ed7c161fa21f17273c0693cbfabdb948c7de6a2faf6330191d8c5f0f51949034,0
bd1e367764006ad6a2249b1dcc0b20879c7c211f,3642073,6d9109cc838977f3ca94a379eec36aecc7c807e1785cd729660ca2fc0171fb35,0
bde2696d6bc080ca698bee79e81f2b25c1bfb428,7028814,5343fd4ec6a5845897db6b44347d529b46cff37380027ff3a8f096cf9bb1c85d,0
be019cd0708fed514b023d5817cb198a82522a73,800608,2b7dcf53def2c23b59dbd734ff3d054a153964a2da125001fc208c72b43e17a1,0
be3b3f13def8d6ebc899f71b55d86928062394f0,6089424,7ae61d18c438de0cf069a5cd25edc0d9d899353d710bf0e774819f97201049b9,0
be40185617dee2e5940b7ad8c9aec5fc8babcf2a,9096735,96ef91dd5d1c3b157a0437e85ff1f29d0eb3cf32fd40f863dab45baa5e839fad,0
be44f693eaf12c61f219874f31251f63cfca726e,716928,2c2ade0178836ffebb23c5f151f9898f70881b71123c65474a60891ba002e588,1
be6661cf35f72946d92b272c66f7d5d55c79d04e,4272112,f1d135d74fd87c2cca6a6bc00d018c7e746269bb378e04b270289f5853e8761c,0
bef44103845f74197afec64a2fcdc8f8cb029932,3558739,68de2ed01ef23125f80a9a20769d90a41d31c769551802592eb8ec0edb18e924,0
bf02add5421353f8914a20c1b457c9223866cd57,800608,fc1bda23eeb9d4baa883d6621e5083bcb649478791f805c8528d5f9c40f174a2,0
bf2a30e9ff89f261a923108b868195d3cf69a854,800608,6f289256b7abc185941f70d58c4798e52f0b2ed9da0b7f24f14833143d57d2dc,0
bf320e52d8086dea49ebfba21a27ec37b9a3af5b,2108618,9fd0a08dcfd626b8d7f5d11f2e7bfa444014484dec9ff0f1694df2c535b814fe,0
bfb8eab7a15fe60c85f7406074eccbf93c555847,794656,d8f951adaae834223cf016c528f848ff51a6bb3a5d87197d1da03eddb91bf606,0
bfcb891839a575cf0782fa864d2261b0348cdd43,2118825,2d366c44e55633a3d9c52c7896325c9257219662dc661af43ace8f9e3636e5ea,1
bfd16919d8788a8f06f00332f21c390bf41f228d,509440,512dc8822a96861d85abda00701b2c5ffa8653bebe599a74d7195a2f611a77ac,0
bfec23b547afea669da464bced65f75bc9e62895,4718799,90840b237b2b8ebbbad4c0efd6e4089b6bab40a9488b7e80cbe03828fcffd2dc,0
bff8db00cdb2246eeeaf17e37b363fd19a8d07dd,2224080,342739d4a4b111d4b1bda83a96f5c518e1b162cc597252ac89ded17681791d31,0
c0452bbaaeb0908d3463db46e756539d71a7a51a,9953579,83d3fb5daf0a948826d180ed1273db18277d7a03637bee50b554dc8c25add635,0
c05e7b099bc993c20e3bb35919f81818389c9c8a,2224147,b68d571997a1f81bf521fb73806740ddb91e4ed6666cb6e996c066bb289cf55b,0
c07aa39397f33b7822ef84e435e911a70a4ce303,39161,3e2ab757277d22639bec28c9d7972e352d3d1dba223051fa674002dc5ab64df3,0
c07bdc80c0e4e7c58d0c02065c56e61f6f4c91e0,5538319,c37c8bd08a0c7bedfa150fe1b09c9592978bf32f1d45d2d37de87697e6bb0ba2,0
c09ec05edb54b957d9bfc9add45122f336537789,3619013,d606f46a8aa6f29f0a0abdec7c3ffddefc9f9bfe26919532d209a0a850e25029,0
c0cb94d3597e075a5e9d1ef3bbaa16660c1d88a2,1760,3fd2f2e3e6d4f26c96bc99f2a77c4d3a1cfd98683fc22fe3f18deb3f0a126800,0
c0dbd2302dd83350228fc7fb04fd8d1f7c1323ea,560992,b6f394d41b664fc7f393ae1b66198279a48338bd68c48425c0fbb68fb398d6df,0
c1148447551675ea739c440ee3e247df9f354d8f,2114924,337da36be7a71a6e88aa9148967a7bc8736f4b47c7de8e19ba92b89e80734cfc,0
c141f0320c11752fc289c16de4107e6eff3a015e,800608,27d0840a948a9542d81545a83df3e9f0aaf92bf7c1de76fb9d1f1459125ee0e2,0
c16e319e1996fd3bd0b89fb3f29fe1fea0f98d11,388448,e8018c3d9b91cec408efdaa8296be581bf0f32f7290d6ce4de2d66017321448f,0
c17ed520ed8438736732a54957a69306b8822215,711661,da0e79933b9ed51798a3ae27893d3c5fa4a201126cef75586296df9b4d2c62a0,0
c1a447c3c992084527d30c8e3ee9118974a9bcf9,683776,00a4b50c15a8bb488579f9c4a38d713f8a2ac2bf46ed478a1594b15b36242921,0
c1c3a62816c36faa2db12f5c9494a7c89e608435,818260,c0670fbbf769778cb8be09cc61efc2d679b64e21770efa475dda0962b032342d,0
c219eee2cc05f03e55d1bc155c516e8ceefde9d2,6807919,352821cbec7c9983a633532b031eae79680a80d6a0c8b777a521518710d29b42,0
c23b6652026fbb386856690dd065d19502d71325,589760,5b3a84dc67a698c3d830dc21c82499ab8a533e64644178c71ad07c17b33c2117,0
c2917c9b20dc386ec43db4f818e3a394e44bc0f9,756072,e7c46b36524749cb610c773f83a9fe8c5557a1240652b49f2b730ce8f2edb87f,0
c2d874517f5c620a1e915cd552e97bf629288987,2053795,4457eefa217637b3d87f3e1425c571e514d050254864d093c2164f79c71e45e7,0
c30600d87c2d0fcc9771c7a892ad4501fac3e1bd,2108865,398954a550c2c139bb6eae8e427711e01a40d45c4c75e531a8e8ae71bec49498,0
c3655d33c550e7075d98571bdcd27102eb39e229,5528391,dccd7c881450e766cfa1d231b2ed9a73c252adde529d041cefcc9be3d1a255c0,0
c3c0ac8a3283cc893d500679fa0bd77e0d31637e,2480494,413ea533dd3beecd21c9e25a4fcbe0027c8393bf53c182fd6bc52628de1b9300,0
c42d2f0802ed8ccae9728900ada3ccf192587477,493024,d9667e7efeece97630a609039dabecca17d9c192f80411a39f4adfc65e60b0c0,0
c482b5926001aaa959c2ad5dc8839d4e9de055f1,6679560,f493d2d245a353cf9cb3d7f92ef60fd8d65f88efc91d73a1e22ee0f714a68928,0
c4e0b04b84214a7cbaac163b95c4a08d842a558b,964800,03bdf42f9427bf30524f469bf4658a02b98688e812917bdc7e8d1e12e6c2994a,0
c50071e01c6443231624088cb6ecaa0023366b8b,2481187,56633aee7338579d67d4ee85651f79f690c640d13a652465e5afbe79c437dfa8,0
c54129b36003a22a61b7b8b6f3790e7babba53fd,589760,55afa682f358b0fcbef16876493a90476fb299a08e55a26bcecb876fb55939ad,0
c5bd053c5b48c83089dfa731fa8d633451374517,1434580,3a71b5f040f581c983dc1d9b367b9fc3b82962ef240834a0adc605fdb96d7ed8,0
c5c6076e791a6eaa41d7d261b0373b0acde09727,800608,cb277f5cfb46b836b279db06fca2a1b1874253b604b9332f77e799206a58348f,0
c5d51d8194ead8a3b9e4fb1ae1375d57ab4240e4,944288,f50a545b0b787af5776352eaea676edcab7b9415c32a6490a7b09b74c367b2bb,0
c61668f4544add56a45263278a94e96e28991c04,4340528,7c1299ed0abf4d696e186975470d917f5310695f5c6db083b7d553586553fe1e,0
c61ff3a134fab3bab455c55d2c375e6d761cf69e,3066,984108a5d7b27482191d81396d05759f157855b6c530fff1ab89a682f9d5e3fb,0
c64b4b3c59bf2cc527b294ee3ded05e5bf3e7b5e,589760,a2be5b26deaf67d802ee1ed57ef2630d48c99b2e280ddf958f2ddf305cc55a42,0
c6725b50db9a09628bae13241f439dc800ebf5ff,3557956,f1047956443c7682888508bf3fd6de485d6e7e361192ded38b96d1c98e4de259,1
c6919f318f277e660b557212ed1edaf28b037fc8,2297961,d69dcdb2323e124ac4f800cb9863ddccea0d7bb11e16125e8df3bd60f2f8aeac,0
c6cc1014128b19d1fc46b1d30a23e3b1d35db421,7032403,a5d85b6dcc535e6b93115a9ef287e6132fdbf30270da6218194ba742261173c7,0
c6deda49a93ec58c8d76cd0a3affa2a1f0a6d35b,554883,6f1d61f63064c035d503afb7e16a9fff4c2f7748d279b23fad1eb02be9a3088f,0
c6df348b9ebbbffa40714b8fc3019355e1e5baed,800608,d5c9f835559921f9281b655014c710a06f4a5caca64e5d097b555e8bc9b9bfd8,0
c6f7e0025a0afe0c9b47e6230e85b739e1fb533f,7032006,ef1dee819de64ab7299d9d9b25ea9bb5386ec53b0d172eb798a1a1a22e284568,0
c6f7ea03a32dab4a9d298ac0add2579228cf37b0,800608,424abe332c784a8913c2a49f747c046371415f4ee1aa2c9b78ad9763b7002b7d,0
c73307912ce07adef6798b638c5f55b04e9e445d,2398746,798a8118466a62b99c98fc111134d76b0905f92debc0536d2602aa5bd97c0ab9,0
c75a494ea3ad0a2d3661f29c7b90f06400c3ec9e,509440,3f5ab7027b13052378e50d8f675806934c645823ddb855955de926024bafd378,0
c79d65fcdae95c52f67223d0255397a3f9c115ea,1206540,ddf4c994be620badb248704aae0c2523747ebd77d38ca07792dd44f34d7285c8,0
c7ecae34c01c6e33a37ec5d297d1006ec33af81d,8649131,bc3be16b4f91effb47a8ce1bb4911eafae60cb9d158d1befec48030ea0764898,0
c81519e6818b19452f304032c737d059822033b6,711661,ba0b295093cc7b311a6df393d6912df56cf6fb2651fb21e02be72cdb0b095e3e,0
c81f0e7c26c14e75bbc4af392a22c1d68978cc67,388448,008084ffff54b3d39f770dd2bde450bb51f4f76fa9913955ae1a9344a086f58d,0
c89e98b2be73a3baffff21e746150041f70145ba,800608,22c76be4a2537d8617eecc22b60ce8ed5913fa68cf70a1eac89c870e66304a11,0
c8cbc85b10089f75762fa4f5380a1442f2a538d6,964800,03bce1db68e7e9d44183f977d1afa575cff7a22f0d22b941f085d296adbbd660,0
c8fdd6ca696795f0bff8a99f9fc5a964c225b4ce,1850719,a3180567d3657a54fb081d3a3ff56c2e3aac73271942ce14cbbb558c4b07d2df,0
c91274837c90987c806edfdbc7e73c81d7dfc961,2633554,376c53a06d6911569afc19f584002a11dbcd6b871afb6d96b8600eb3c4e7e7a7,0
c94b185d23dfb49bbbb5a7391d227464300077c8,509440,9ae0c9356df121f220f1f56fea350236115619ece62a9e6370a13f4b0de7cc9c,0
c95e3c6f43edbc9c5c0cf06f90febe7d8561e499,800608,530a456a43868d5ea9223244f6accb3e0bd01e295c91c463d41dc427fd75702a,0
c976a04ca70770b5b79960a0e8a5baa7000b0b4e,6578153,bcf130f7fd0c371040618d74b6f19cf252d73c6734443676016302e4b94d78bb,0
c9779c309c66366d60fd242c7239d1a7a34019e4,191336,ffca81270386b207b68e38d2e80f32921620b5c061a2706c2b82e039d236ddc2,0
c9a0eb9831d84b412933f64ddc9ae5b41174a12c,388448,80dd0e5841ccc79558e3ff942bfb7ebb7446f9eb163027e0d3f897d0d13b8bdf,0
c9e067cc0f132e79f5bc94a7c1aeb7c992699c7d,2224254,bbce3185c27ac4daf41ea2dfc864785bdcd1a42815e7646324af20edd671a578,0
ca3a19b17bcebc6a3a91d29d73c07f164ad45187,711649,ac108a518e5651c9ea23a244d1feeab916511f5a691bf4a37d392f16524ebae1,0
ca6d9de2001062449565ecb9f2139198e6a48f18,2108717,1f325de61b2d8f48f2580c234ef57f927ffb952ea8617a9820559ec6b7b687e5,0
caa15f2ba0d715236e48722f2919f58c7ecd2780,2551949,0fa0e6aca15ad3df4f90835b5466961043bb06179f947dd67785792048d4d1fe,1
caa5d85b3d5f204174d9d94c5c2573eac7dd914a,589760,cd3f514deace46a62e73dc20716b3547a276dab3e3b704285531e810322fc6b7,0
cae6628de8450eaea5effd9836234fec53976142,800608,df9d72326802e60b052a43684b0c27919ae3b337d63002fd23a629e52366eaa3,0
cb0af56b5c3710c1f721270799366b1ac33ea76a,2140013,02c318d9cfa95bf323371762b8f838a82709530274d36dba6eca880f0add6cc4,0
cb202bfe2e3c98645018a6d12f182a434c9d3e02,466247,be50c3628f2bf5bb5e3a7f17b1f74611b2561a3a27eeab05e5aa30f411572037,0
cb3f9734719fd1528644a24b16a35842d8a70466,813120,96da603441e1ba5909dfab6310e5f55818c8ebc2e25ffca5089ff193478056eb,0
cb6b8a77f8b1e767356fc5926b5d6d89f757ef90,22412,7ed8df3a1fa39a3a35a1ab4b72f9faa35980bea0b930ba4aa82f847d21c583af,0
cb7c62ba22bad60a938514f65070903f21f8aa32,3297530,40b989ce8875ab2d4be98959e764b4dc761b8d3bfd1dcfe48f8d69f559eac3f4,0
cb8efe8ccd2b00f665f82fdbb4214913a1bd8840,964800,823ae8f97d8f3dc507d7cb02c91b2aa10da378182967aa3db61f86b40d72119c,0
cc00444c04c5aeac238fdd92c7bc48c760666d56,2133,6731cf6671b7be1433f028430c5de11959be36083f0e6ed83bdf4848b7277459,0
cc11a80de9a55dc804fec9e3720775b37ae11a2b,9085140,64813a95d6ee703c51ebc166773f3427c4f1e354194ac3f8fe38b00595382f1f,0
cc3a423a0b407e6dac7c3bcaaeebc537409c1544,509440,f6bd4287d0146106951d3ad67288a8ea204e6e0360f69eb1a0967699fb9d2b8a,0
cc885b3177c4ea525a4ad9e730de17d00b10264a,800608,ba139085bb56b7b53e64cbaa3d0d6b67bcb97f6371750883b6ade08a343ca012,0
ccac579ee6ab1dc6aa647f8b78d7a34c83752c4e,3936954,567da8c8a5b7df02555deecfcb3a7f6acd315844dc5e2fde883fe7ced8467317,0
ccca78adc5bd6d74b4d41ee526723b43f5cea1f3,509440,258b610af02dce12d033349e3859f89448fe7135a9456661dd3ed861f94f22bb,0
ccdb5346144e8e18eee2b6efc4fe77d632aa2acc,509440,5b91fa310ff84c3076cbeca0d75f891c134895074181c59aed8e6ad8783390b2,0
cd18893aa297e6f6edac9fd409d657df7bc9d936,493024,fba5081efabe7632a5ad7b4b035f63fb92bd489e84c12fc2ad7235b18c37238b,0
cd2029db7a3b0ed18e07cc16e9fb7f8e0d91c465,2205082,9363b6a489339e13970d2e7f1fb9af6c3be8f906ab351e50a1627f25a76ee672,0
cd68f923c35fc0da05d4bb83125bdcbe6ff9211b,7988527,03d9e111731c2d71f39a2c2a88499743e4c251385d07f0384b4349a23ba54363,0
cd7d48e032555c77a97c8e4c30109dadd70ddf68,5420559,c3e229a66a06267194e62055f70cf5580af83b3582f46928fefee8cb9618f499,0
cd95f913223f2791add1040080b2682e3e679adf,5902152,62591218cac47828261edfd24e36eb137f15ff17115b16b92ea168b2ccdb3903,0
cdb3043fc938fc918c06e66cf704c2ba58f88747,439125,48cea5d44424912a6fd1ea647bf4fe50b55ab8b1e5879c3275f80e339e8fae26,0
cdbe2232368a6446860f8e27d627e618fd5586b7,575360,56df4f4737c04f839745c21bbe2cdea337d38db82dc4792bce6ffaba98b346c9,0
ce037ab0ec847f73110b652923e686b5a4f755a8,509440,97c2d93bada127fb0d326a605f22f41da6f186f0a24567d107f97ef7c6580753,0
ce8f50600e76a349947d8f76562d4e35679cb138,4131134,7fb9ae9d95bdfc384ca52a54c918f78975c4082684fd510f54dcc9718ad1d026,0
ce936d0e6cd92835949c812e563d01b1e4ff248c,509440,b201c3f11fa330d2c9ca8caaf9ea9bf8695f517a5a5a4f2c0ad9609779971d7a,0
cec01cef9eb7131726a9193085a6b2f2ce967f08,1165576,941ab26c89ad520246e394d00dd0b1c72e6aa390197f226b440d1e81f42024f1,0
cf0729ca719acd6af1b7fadb97d007f25661fb4b,800608,c7b210bae93a1255923a9068de6e12340c2c2c448568335589ff3b051f213176,0
cf69a62ab4a18f5a5956281122a76c605bf625db,2481162,b085f8cb1df244190b1ec72e5a36d431422895bcfe46e26cc36e0bbdb8650962,0
cf8ebce00f976fa17ac7ab4218f5d79080525070,6922026,48957126b17d9c51d0331a64da2761a83f359d5b1365d629bb1599ae64269530,0
d0a447c9fb0f22993ca251c9ec7b506944e5fb36,800608,1399499f046a4d4208782fb346a164181a2e5481f2c1e39dd6bc8d4ac5c52b04,0
d0b940e8e2f7a3d2405f28e5e69d8873717162b4,2114683,414e6302a8dd39aa1c909dce08a1704f266457827cc607dd2a76b32b6fcb5f6f,0
d102d9f0609b2d7b4f34f7afd3c4f5fbea25ce66,7011245,5b6f580a27eb8ceb92f1a4d515b50d7d55a7a191f9cf66e936ce6ad2c149a38e,0
d117f07e41ac9a9d4cf2540c01cf981278d6d8e5,2422301,faca6baa1998b17536c2d6025a7935f827c9c4ead56f2c999c5d1dfd4477951c,0
d117fd440ec4e0d934fd9900b8ba6c35d1fdc66a,2177777,bd51c9cdbc5e33752d14af38e26c355ae8297fe53f97a387dcc2aa910aa97176,0
d13526e1780308c31fd59f2fe6ac0ea953556623,964800,3a58598be17d1f4b2515ae589e26cc33d5c319d744682ec1871550a2f06a8c2a,0
d1811af80f1d9815b35f428b2d8ed89ee9c061c8,509440,7083cb4e595753f4645df6e4b032ac72deac78267e9b07059cddbcdf08f04a6a,0
d1885a59a541d0ee3ee87d6917df9ad57e51d3d3,800608,9b12d0eeb3f13d868a48a45b22d58ef897653e8f7b8c9f227b0c928cfb8f0d4b,0
d1a2edb49fd9c47d8033333fb309491192c47892,2481190,5be2ba57eee916a3b8dbdd2ff17c5c7e789fce105cb37acde1970084e642731b,0
d1b9264ebd69887b8307148478f0cf5ee6fc9b66,813120,0807980474302b4407ba98d888541115ab6805cc28f7f838ec1f57e5774fab6d,0
d21ab2027f2f926ed9fc8cf66db6e4b7d8466297,2492,925075df11ca7a3ea0d9154c9b6ecf572b904248d6ea11b410fc1f7ce7080f15,0
d22bb450aa344881687b28331f5e090d97c878a3,388448,5b90771d665097c8d0fa8227ca467e7b6dfc6662f9220a30af6c1d6368e9b9e5,0
d23abac75905b66d87ca0f291ae40e3c08135954,710932,46fb1f735006f52c1f9744bb05f7bc1544ec8475955af30396212c7737558d1e,0
d24314ef7f0afd1b678c2e24c767e19f24f86b0e,7031673,a8506e7111b80c6d8635951a02eab0f4e1a8e4e5772da83846579e97b16f61bf,0
d24ae95b5c18a5212a8b936d635df15acc6a6cdc,800608,6101fff3ae111369108f10f394f3799f3b458f4a1c37521ec34dc96a9f97dbcc,0
d272691f1136c632a51424bbe0b16fb656eae1ea,800608,26c64f0d3f2f9eee5f95585e23c60100b9ca00ffd67b9ed120369a2d783468e3,0
d2ac7e5bd7508a111fd977e51c10c81a24db9adc,813120,ddeed5cdaa05e8378c3b4b771e9e143377a744c9007d5fb0d4202e4e16156eb2,0
d2aeddb49f68e6de4a109da7990b73778a1377f7,509440,2c1abeb226e3c380be521847632119cd276e7986d880893754b72a1f75f2d562,0
d2b1c042f2806c96ce55a8ee4919d80ffcc501d4,800608,e75c084287ba0137cfc37508f21d9182b144cb7e5cad061059c2f275981e4d21,0
d2b9a9751de98f036cdd54bfcb363e91ea644a83,729061,23c1abf6a30ab78066659432dcdf7e5acc3e2e8316b9ee985c0c22e8ba7e7cba,0
d32070b6a7a2eb5911efcea29983f43eeb783904,509440,f5b16801b72fcb4f4464b1a8e1c301bb4c6e28090d3a946c70ac29bae17292f7,0
d39e726b8d447989b81cbdcee627aca85d7aed23,2407023,daed41491fbbf9de417b613ce2b36e99c7e0abe131368b8da165ed73be77c4d5,0
d42c0e9556eb794a38f2103db5cfc91a9cee8314,794656,fc89935eeb0abe9fade4144d9f0469bf34bab81930597e34bdcfc7bd80bbb885,0
d469fce8cf3cdfde529baad7b2528afa4205aabf,3557680,1fe93b6152957cf9cfd6d89002467f789ce8b3f3e000b3a2edf27c808ddd0b9e,0
d4898c4e673be48c107ab13716cf05fec28ad8f6,794656,d3da4cdcdcf381e92b08974aef1b45960908169f8d04783e24206d4ba720bf55,0
d4a754aa2d0ff8ff5f92a59e4dcfeaea770475b5,509440,b8947e0ccf5de38ffe3ca7d814956718c2aa40ad5b2673c5b4095cdf6c3af827,0
d535bff2abebc2741089c8d653ff4254a6bccc83,2108856,90e2336a1cdacffe5d4328ab323aa9e5c33889026e4e4881323bebdeeb0e179d,0
d54bc82c1b982709e5de555c5e6f2c708e3e967f,4733383,2221c71b5dce048a8abae62843b92bd7deec13cc153f95fa6e3327a47b79a7da,0
d5766669faf30cd49922fc773c59b527c1f2d007,664998,98af08412564e25fec3216c7040c4397c7fcd5b4ce4044a66fabb9b905dd25f6,0
d5d29832d99d48789698175f5e0540b31d8b02c5,794656,e38d8d7b15bfd29a91edaf6127e91d750008c1e59ae657c54f5810fd87b3e7a0,0
d5e268f32c406dd3dfca26f1c2636801852597b0,3462230,a5935292ea5f6172fb4915ec07a2756a463aa4c1057232328955c5a895349029,0
d61ab52b5e119ee26303ef5d4c1b001709a248d5,964800,f4a96eaad47e9b2199e498772b96dae4b1aec82dadaad19a5632f7b35576fc68,0
d66c64024f98366397cca4aa54b4822eedc17c94,800608,4d8de6c8b69dd7cc042b41df2f9b66ba5f163ed78040fd19f69055ef6e7b71a5,0
d6a4d65bcc96a445efc37c0b60d743a160b5f57c,9117072,0d7259f8a225ceaa421baf5ae0687e0e4a4239b86a6d1838aba50e2470d99341,0
d6c18fefbc0dfc6ff65e3636eca04bcfaa4a477b,794656,2807638772f668891676d4d41794bae5a585bf4acead45067abaea7ce648be45,0
d706eb0380338e7c389a2c2cdac24840fd2d7c87,486579,ef7cb4bc95d040f260d675b892649036ad9a4ae649cb69ca865493bd47947268,0
d73b84611a41806962bd323c1c5830f854155b1c,509440,52da388c73f76e35260881ff01aa436cb6fbb88eb8ca20268e67b1f9cbeb91b9,0
d743912b8e3de7cb4330be6f3ffb5fc7cada9d12,2422190,58ba8224526f28cea965e276407a399e615c4e05e23619a03a444411d2626e5a,0
d7cd7ef030d38ff11df010adc96a29e3a0222151,2405466,c9c77688528c0509abbd41873edab16384b8f041531b1d3092ab4d1d83a02a50,0
d7d252ee3f99ae88df640c3e0587e6a5d0f0e5b8,589760,027cc7b663f52e6cca84807b3db537a8d2db7ede61c1787fb1dbc24bba104471,0
d7dab78863c79553aafc1a42391b93ae2fa518f4,776160,ff4e77b8c5590e8afdcc50b13a41da999cf3818bde6c58c7e28bd29f773f653f,0
d8059234da10f3ae6513891308e25f256dc1db6d,3558642,2bb1a22cfbe25b8e5a232b7fc4d7fc5073923b45724a5f813b00811bb6620f66,0
d81c3a6e2093a07ae6fa596d9b154f6669aafafd,7847602,ecb6f9fc369894346f0511f4074ca75cee5cd5f3b06d02f1ba35fcd39f8e121d,0
d88832c631178d28f635695672b06476d60800c2,776160,ce63e7f7866cc70e9701775453d02aaaac9c6db4b083a2904b08877b0333e424,0
d893a35f6772461e6c39da3b8d30d09813a6e6c9,509440,e24b3720e4e93fe28368be5b1b4c2551d6a07bbc9ec6eb5630dec6b35e322b46,0
d8ddb93f88b8c22f13e19914cb4d250a63afc5fa,589760,2c6e6e5ad735edaac02a85015a53932f3aa02f8a773f905281d07667f8a4ebab,0
d8e8282e769d495a3315d5fcfc9d9bc766219752,800608,593cdc3c75261900efb3a9aaaec5981add85280d91b27e2653ee414208ea0cd6,0
d91bdb5c4884f8521115f01c917de5433f224fa6,800608,bc16243a6852e65caf44c7688a6431f6b12bbca89f3d0e09b2a014c3b16c265d,0
d93ca4573c9f2f860a1a1792d07b819c3a271025,794656,0b4b72ed2d7a957da7c021d117980c1d0534f6907c6dc3a11ca4f178311282de,0
d98782f0ad000f8a9ec91b29e66a3c421f88fa0c,794656,99c862825f893d9970f5e26fd0fffd42215507040883185381c33cc7241530f0,0
d9c0197077486d4f2d234c7ca15d390af19cc25e,509440,36d35775780bf10040797942ebb08ec9ac7e02d73b00704b645bfaaec979e4bb,0
da28944e01470eb8a1b3c9a1663212d0a1af24cf,3671968,60c3fc985cbfedcb429d05994efe548bdfecd6a00226fcdc8380c36fd894a3be,0
da47ab3358d09848823cb635a707bfe807e237b5,509440,1bcafada3326cd95d1fe0ba3b74608bfd370fb3849ebb81e3c1c5d20e0a71a22,0
da4bb89165ccddf9d15b004570a54794a42ab987,509440,6d1adbacd517a6cf02da240b80437e9656bbd03a595432139f817ff111c1d8f0,0
da7096c84a3d6b74f8cc50b30d052bc70d68e2bd,509440,193502ecf6e4fa2cd2aa396fcc1bdecb5c6270771f5085ed8a439fc21c09d15b,0
da9313a38b2cffc863794da481db7ee8c86d59c8,964800,a8a58c1d265b88082fefc160e270d81658b58ebffc2aa884d95845667a239247,0
dad17c4a876115d336fd73d5e036c3209888134d,1378269,0dd158490a381185e26395bc7588edec98c52f627dd84ccac78a33e937ec8941,0
dad98bf8292f4faf96fcc00bf264a6c5275b7113,2108884,63735ef382776e869c0ee50f8e999ab19111bb794f8a451559e611077dfe7f25,0
dae0f265773c7d17a544a1e5aa430dbba006ea2d,2327627,2136750ea890e546750346edf09f2d295dde19796631852f4b596c3597ec7573,0
daed86d05bd792cae2d1bd4098b6b99ec4bf610d,509440,4a93d7d2b238d13e472f76b294c9ec6e85a0e3033581e65aa445c83787dc3bf3,0
db37b73ef0858eb862447324fadf263fc28bac65,509440,d775891e02fffaa2e7565fd2db7ab58bda1ede958bbb0239f58be94f8592bf35,0
db3e90d30390a4784f4672990c092a20e466e242,6120151,34979cc78f4dfa92f7b39ad8f0d4068dc7d1be61940f09db5ac77818e013bd99,0
db6800bb60aeb3f9c34dcebcdbd34c93aca72797,794656,cb59bf18c174515d27607bc90e4fc26dfc4f313e5ef8257eeec443e9c615e141,0
db6d4102145a0d37616e72e6c122491921005851,3643194,c784e9bd89ada21fea93b6b9f7f04821f17a1ebb58b03e99594ecd4387e96ceb,0
db6fa44a0c922294d0f4bfbf7ffcebfc9cb9ee40,2471704,8a75fb4619d777991d6fa9ecdf89e74bb32e6f90f3ae7807a66839a3c26dec35,0
db7fc4fa9d4a4a1cfa22d1316bd1e79e0ac2c38d,509440,fcaab096ce5312137afc88cc457b26756bdcc2dce084d0f2668b3a45fe51ee28,0
db88f1a42b44b30593b4b12703821db91dcfa2b0,3557681,66e4a08a9d370a69df88e0f0358787aa102db5687a2f0acbca783d90b0c40d3c,0
db9fa9a4356f7edf107fb5ac4fb3fb4c6cd87620,800608,e568fc3257aa431723a894e580339a9a8632afa342d9943545a7ec9a6ce9a3be,0
dbe651d648ed89b8bbcaccb28f7e832afa12a03e,8399930,7e295e5bb91a3d35335f92fa4294a6e4e0ab4aa586db853e14312a62135bfddc,0
dc1bb8f79d6f3c0466784881c3ae57c8e10e439e,5580536,f84d9e30be4f4f55fd50a9b16d0b3a6f3024815040fc246b971534ee11b1a612,0
dc36a6acc420169a642e295e5e14c65a5bd05e15,2298116,e8852957aa9061fe01a7e704bfc598fe80acaee32624e9f9de8ec66049d79152,0
dcfefecbf5e886701cfac425a3d6a5bfdbf33105,2272525,0064f4a615ac217fdcc347c7958bc935faaa1aa9e309cf59da11c1bf890863f1,0
dd36e8fe9d70fe5a57a3ed3a30b776f6901055c6,711563,8c1e9ad1e14719be35de300173e6d4060b19931aa02e9ff9fb3d0d63e0be842b,0
dd38a023fc59c8167085cc46c272f241692d77c8,7818,4baf831a6106761dd66d4a9776b8d6382d790f58c08dc25976f553d6c951e899,0
dd48eeba88a8adcbf46bc623f0757f1690328cf2,1801190,81f2ad731115d59c3e5c41f1b059a680f0c6ef9357d33b7d7925924ebb950e8a,0
dd90c7413be1e4d300ab90fe6d3063dbe73d4caa,263393,2b4be54891e130b780367ded5b312b77701872e5e72140be86fa4911f74aadf9,0
ddf79238d982fd48d03f6390b7fd7bc412483dd8,3573554,aa68ce2535cea6f63667df615622150c10a72aae14e5ec44285edc4d1c88708a,0
de17ce218cd8fe49ceee5e772d9d8432f64b6dd9,3583486,2cfefe444546c701c407d23fd6854b43dca1278dbeac29d04736d6aaf32a5631,0
de3a9374cea4a6654e99399c232ed6768577a406,1356443,d2f5a338ad1bccc819cc802efe5752a9045c7500d87e0cd9c699027740b03b54,0
de3f3e316b66f3885df49ab2c0fff3e477ff1680,2132967,9fd55248d51d33976b324fc11592e28071da7d41e0e9401dfb7082e30574b7b1,0
de78284d1380be2ff881fc2572275c3f92c9e7a0,800608,f2809becb7383095ef9dfb8bcd8c28b14f010679967ab25e7bb59e9b19b0bae0,0
de7ac9b6bda3ed337df237120512a771c1c3f519,669021,cb26b43c98e8266ae3e99c2a583cf8315d73b33a17e6b20b4df7ff1f22392d34,0
de7fb35fdc108a6bbd23dccf5537e6937d46ff01,1842764,9cf973f7249a063159ed9c5e7eb05e5d15289b7c5571ae4e1d7315b2189b5831,0
de9b11bfc7c4f6a8a86905fda90f8be6d0e421f8,1305,8eec2a486554d7ef672747e780cdaa8ff2ad0caa76868f01175c4f9dce9b46e5,0
dea57818c3df6daa4a575fafa3e5a29133b00634,439279,2b3adfe2277cc215c4021e33ca69a1d9871dbc71046d9704c0b8f8910e5da1e0,0
dec607761b3028b0e4f5661cc50175b8d3dff865,509440,559b85f6aae86f1c8b3ccf3d982ebac1e326897708a423b96680a7da6c7babcd,0
ded6c822e92d1ddd33727233c5580d5eff524ad0,688948,37e7614e49d0d1a04df497c73cef7beca1c627c21deda016773a1e0288acf2ab,0
def7ff7fe58e8d7e8e5103a436c1c6ee3a38603d,9081382,7fc9e475f2ac473f070052d92b0c46ec2b91d9cd672935feb6fd837a65d33f78,0
df101b47fda9219f959e9c543ab34dfe715f95aa,800608,9a6b516b3b20dd4e5af6075ad1f370ce1d0583e0319a5199d0d532429caa3821,0
df44323e8590e30d6cdc21ef7a99420aa945ece3,589760,f7f165b54b6602515f5994cb17ee6494ee298363dc9434bc1aaa2b1aca3d8e12,0
df997c409ef54cd73210c7a2de0989d362ae7f12,800608,c14e03f1e372411e23f58ce8194df1cdb32c14b5508b4b9655dfe1123e2092aa,0
dfa9b8c6a6b171816f2f833923d4f5ac5cc7f42a,509440,e3a9feea7b19bdd80628266e055f9e02bb194126e846d0e3aa81cc1802223262,0
dfccaa57fe1720defa133e33dc6a26ba665014e9,493024,d53cc848f98c8d6e920fae2cbb962261e7f65c2a193292a1773da00b460ce69e,0
e01cde625ac5b9743452f385e6f884abccd720e0,2637974,5cd8fa360a99a895a4afce83d98131bb74ec2e957ed238f6cdd6107358ca25dc,0
e0242c18516a53210a6f0ffdd4c29cbdcfc5478c,509440,42c0afee75faa65a74a1ca0f185db06fbfa2846e07fa888edf45461d61ab6160,0
e02c1e0dcedb9b317a4ddb032fa9dadde10910b4,7904597,fb93411d5198eb85753bbd68e9ac24ccb42071003214851b2f37c81f2ea50416,0
e055d14a316bd2077171b25faa72b3e3142c8bce,800608,0ff02de15c96e2e06afe95256df66803b3d0ee6d162596ece2aec3fa736f4f7f,0
e070123e42350ece5c0b1ff9c232c63ba5755f22,800608,f3889c796e908bdbc0d677899c6322a5f99ee396df449fc53da1b8dc60fec311,0
e0771afc6d38b526509e3fb147ecaa76e98cf1ad,813120,daa4292ef4b84e576db97211c8efe511a50e2cb9c4e82f75728942342f692ec2,0
e07b4673b6ec2e614809ad28a250b0b59c6f8d95,752264,7f2b49f2938b8798bb532ce24d7decae9646d2e5b67dd3fa48ef48656ba2e37a,0
e08f6459ce450dc8547e6acb2e42fd724f082632,2480645,b3c8202bbf06d8ee4232c5984baa563784ac4737e2e7fdc42fa180200d3cfcdb,0
e0aea1f05a8dd314cca138453c96b9fef123c86b,800608,f6d1678219ac4637fd268c16beddc5ca5daef5287a22a7f6eaf2205bc3f75b2a,0
e103680dfb8956291607bc310e8fd55986290831,4131199,ea076a8bccab905484daa97acc7021a915fe30c1ad48fa85bd4b82a5d1ceb797,0
e10b7477b7e9cdd39f0758d280ace492674a986c,716830,fcd3fffca5d8fcc0d5863406f5f491293c1e4658ed503f424a30324b70533c0d,0
e1198b10196c26cfa78c182cafe636ae84c3c27c,589760,f90228fdcaff420582f7bc8174f1bbec5c77f596bdfff99992127f21ea28f8f5,0
e16736ada7c7d4bc1dc38abacd3b0d890ef69fad,73148,21babf4859a8fa4c8bf098fc68ef558b681c29a21a60f1acd264fa47b63cd537,0
e208e040a767c5378cfe7d317bbea554913a2780,1843128,8d8cd285930c2c24a73b1030ed3f50a90eb402c21fa5acc966b0388fe9bab6a1,0
e213d846868b09aefa5225e6026d91b41e19e7ff,1844408,9e2ae3d66819f163cdcfedba5078f3a3af8118c2712491ed60912f77886bda6f,0
e22dbd3de789b7d66ee553c75af50f2f85be7ab3,780,145c17ce2e2b951c92bdedb5fe257fda546417caacd1784b6048c0868fbebaba,0
e23e8407bd6e741244a90f8a26ea70fe0f38c34d,1984889,608ef1b5bb4bbfe6d3fdff0a5d3a4baaef0fd99fa678311a1e013bf5b37cd2a0,0
e26bab82c6b585b37b617ec0021508ac936ad7ec,509440,e673302dc992179ef025ec1780d3cf70c72a2dc772d1d380fac0397b436ed446,0
e27241ef140ced24d1e0315f47a8058b89b9bf01,2422444,a0ecce9cf06797c397257b34a01319f60493dcdbc27fdb6823c04766f8757596,0
e2ff73f2918b121dc4d7f23b6ad7c47d62e0650b,575360,98de89b1d47f9b416ed92575011055b2bcd9611c991f1ce14f6a1b0c1da117ae,0
e313c20a3c7e13a8eb4baf76cd5702bb305b12f2,5068572,240dd3befcfb8727158fb23fbc8a94a41e5b827ad486601ea0805c17fb9f6fd9,0
e37b5ff4e17b5b2fefc5a5b1b96c8e097d090c26,800608,bbf7cd7229e83c4f7f7bed00293909c2158cf919f2d27480fd2d08ec30b71be5,0
e3ba0241469006fd9306f6ede15685256024a002,800608,019b744f483a3eb951c0821e5301ee77ea061a5f2cb9234308f2c9f0a880111a,0
e3ceab4c697b43dccf1725d00afd3a2f0da26070,675,c42028007b12dd80a33a0467f654055c758a4c4d00850da366e7b992e4b13579,0
e412c61f4b291d7d53f3a9c319800ba8b178e6c3,813120,c4a2077baf1657c5bd68b00f7fb6c78ff7b26ee223f8cb66bc1bf366994fc2ed,0
e45f44b1bf3d9a1c0a53ee6f22a9d691131d1946,388448,2e34c784c9fa8c9f3e1cfcb2889e43b086ad2c6a04bd98956e09108e9204ee22,0
e4956a41d8da15bc3688ce9bcb54ca5f91ca241a,509440,8e49236867c3c889dbf68c4d764e1af5dd1bb62ad06462fd6f59da21db79b7d3,0
e49dc54bc4119e0bb31a290dc6da28d46b408f19,2108712,8f886f015981a7a64053bf0cadccb44b2bd761c3e90856c6fd32adf30d60f365,0
e4a8b1a76fe2ebfb78f30bd6bf9c94f9961128a5,8656722,b10b7a38aab2e62572ac50a805095f1fb9d7096d9a9384f5ca2d9b4457c84b33,0
e5354c9b18bed04a1555d7ef33d4cf72e122b734,800608,39942cbd40c89bd473da1e6a2fcb279c0d1e5b3f74eadcbdb46c9b989dd89c5a,0
e55c2f30f9a61543f855254e95e8280c0b20cf45,1971,0bc4b887002bd30259690d4a1cfcf871bc48b2ae75d0aef6ad04954cfd6d48bd,0
e5fd553fc60ba022cd7d4f82811009e3acb0403e,575360,e179298f980e1f4586ac41edad834282e9597a9c46ea2a5af2918383027a0a1e,0
e5fff94e23a35f51bf94d743ea9d6e289b8963b1,705882,ab50fe01eb78a45f917be4c1ead1e08d87738b074900f447f7c3d74e9b7d6017,0
e61b1eead3cc98e8a848a86c820060160d46934a,466245,0f5c2a18b34402d19ff8f878ec161cfa1bd5223c4f4faba79a4724c9f49c87bc,0
e6810e410215f83b2d7beb82ea1db34fa89a2aeb,388448,8534e2adb9e2a392c94a36f4562ba23cf94dac63344069ada8e16e42633fc008,0
e689835357cf8d71a9a540b28bd007c23a4d0351,2057423,9af07a3123a1f4d75dcb85fbdc4c62f9b7873d23fa39c449d2240c3e33eb3ab5,0
e68aa4603df5ac5423c3a2ecae182bd1a80f509a,8656744,f0a66ad0d735d8dca9ecac4ff50fcdef4bb6adbadd2941a926844844d2c2059b,0
e68fee3b6ebe7cc02f2b5f9753071bdf2c401ecf,706277,6e046044df8a2fcedb10607075dca187cae61d806c0d80a96c5b81017edc90c9,0
e69de29bb2d1d6434b8b29ae775ad8c2e48c5391,0,e3b0c44298fc1c149afbf4c8996fb92427ae41e4649b934ca495991b7852b855,0
e6dad6b0f5d97108d8879f267600ce3e6c31ba53,711551,f17212c38517cfedc9306b57eeffbaf58c4976fcb42e5a87b405f36a7b9a9eb2,0
e715c108193dd51a0360adf10a5a09201e8e9f14,509440,c27e50b5cdbb753db332e58cc516c767f3629f792aca305a41dd01b6fe9f6ea2,0
e7429564a2e05cbaf91ae4eac9a69812997de6df,794656,bb40493403913be2209cfae5d0845790dc640e75c8e3db4c210e447dd1d28609,0
e767434793eb9b067d110140d7a11065dd36b7f8,6487044,147a41edd62b08c79be8cfe6d3102ad19d8a964ac061b4bd6840ac45d0112011,0
e79f5acd8b35e97af87d739ee09d0d63debbdf68,800608,22cb95e2a3bc66b9208c5ac798d85e5040fa50170094396f6ac24a5be69bf5b8,0
e7a70b5d1de022d917e9b9fbe66f4cf3ce2348ee,1387554,3dd4249b57e28dda22219397c091a4a11655c537e0d8a9b5e2efcf43f39c8773,0
e7ae3330c3a5c65ffc0b0e04c29e58b453b3a887,800608,f5b625de3b6a0177b0d569eaeec0597aa6f333e38e0c3ccd9bc33265ce43b405,0
e7c959335beb7be1ce10f7bdf41827d30e0c42c4,388448,7522021ca494d1161c2a8f6807884eaa36b43300c382538068200697d3ebe147,0
e7e6130eaae6dceb4343dcaf9c4c39c035cbb296,560992,840ed51261f7d1aecf1a8f49f6d16152828a5c8cc67312aee18aa13fb84c8867,0
e8424a6a259d233e48c3f31c7ad856bd1e68a4bd,800608,e26d4533f66911516f3da06aee6aceaeb59f59666a1396a44217c60087a0f889,0
e85415e6dc4ec7e8f07a49925c96093afd2fcadf,3587734,84e9c661a06ae15cea62f8dcac5a92b1a2a77dd772a2e496749fcb08045fad48,0
e9557f6c18d97cd245fc2f96235b942b161172cd,800608,1c5f0935353b7c1ff9366883c7d5dfc7c3247af2a0fd50fe88a17ef90db0f621,0
e9be273d11e5eae9f9a567cd7dad2ec63654e72c,3297552,110f0ce6590eb6dfc502d56926e76935d2f2aee68fa78db2202295913fb73168,0
e9c8e7a2359b81191c8021d0f3c5f28c67f20962,9084480,b9c9eb63a8e03059914880f918cd28a880dec8b6e15e4461e1ff677e3743dbb8,0
e9cea7a0b80bf5c1ca8dc36e2ff1e3a5248d8b89,509440,2a5e19a6c7aba6141189a4de8610b18653026118ea0620f023882047a7818a68,0
e9f5162c6f280e93955b4cadaddb0b8645fa94c7,5498450,8e0fcf45621ea87fa680c7f9969c37a7f819c1f4c7658a2e6e0879b866a14b17,0
ea218e3dfddd96f78a506407617a62ec8e0c49cc,1055508,d0dd55da679201972295fba85bfc137a653648171d3f748ada9680180c9a86da,0
ea2ab8b222da1f0c51bba7f0a13355bad1f5e34e,3558809,dd6783fd244855ae8bdd72562fc7b93d61c97d6333c9bd4dd1dee46682d28c1f,0
eaef3ee9df0724621bec7cdf0c998ac0295b8800,677790,bcc8fe4209dffce14189a4319759f834e84c7df0a0bee8bfc6b576d4e2c6d387,0
eb21b630f0f56fcb4e7063f97dd01f1455e7bf05,800608,526f8c64c2fa6dfc69aa844a5861925f3e1a5bf8682251e29d56a4f9922fda13,0
eb486c4e6c150910d1374ed8a37f7e04c4faf265,3100,6893bf20fc62bc13dcf77404996e0cd38e5afbeb1736e3cec0437e6ab907485b,0
eb4ba99bad2b590d33310bd7925eab318f164700,509440,b987147e8871de90e7ec83e8a8066d1551cc7e72206b0a22ca52648fb01a34e0,0
eb6e7ac434c8101bbb8505bc6fb2d5bbdb303bb6,780096,ca4de01ec17da072eba5417e1fcd8078ed7941ab8483700f0acf3583efb680ac,0
ebabaa524cab056ba53a05824e6324a2ecf68e15,589760,9b612b9f7877efcb32db8e9fce85405b73ff700827d74a445d2307321c4848d5,0
ebc529d2a641759512070319237e5c3983ad0ab6,964800,79172dfeb8de831c1f9ff7157a6d3846c10a68f1925e2b14a3e3bdf5e5785cea,0
ec0bf9a34dc884738494ed1f74d0c5327b06d690,9894271,3e065a558a034185fe299917b398685c1facd0169a9eea1e629eb30c171fed81,0
ec11b4762d91b132d64565a06a86b72d70990b94,589760,cf0de9451c5d4d8bd43c4128ad71ce41ae72c43e27c153023e8f775ee35eadbb,0
ec233ee375c57db35ac8b45d9b775ab6bb70b92f,800608,1943dd277b4856ed665f4952d03db6ddb0fdbe6b9b0415085499caee6a298dc0,0
ec2915775eea819120d9f57ed9ab68fceb0f0b5e,1842945,6f4e83620a734424992c89d0db0cea632181204df618c0381617cc370bd93449,0
ec373acc07f6d4c045d1f56bcc9ad088d7c0f6f9,509440,389471a9a34c839eb087ade32f2f453cb34bed7301d338de412c4b2c60249029,0
ec5acd742ca3df11b3b7933152376b737565842d,9264445,e11c71726323d33da7b8d6f6f269f1988931c0a52b7122bcdd8c05042974e0db,0
ecf8096e48a03536eed0801e1d687d00d62d73db,5450794,63498964420ffe2b50435706b4bf7873ea7083103a82dff908b21a6d50a6ebf0,0
ed0a8c688158330311caf92eac80076358cc5c20,589760,0256d5aac4785914d6a5bfd660207bf6cce166ee8b695a0209b35270fc129d18,0
ed59a2ad42599414f40b8ec36adf088966158ac6,509440,7c11a216404dfba4bcbddcdccdd71ff35f0e62d630ca7932e97070a10bd167b7,0
edb96c179e8fe7a9779693b6de501e3666cc0bb6,8310689,7ddc9fc7c5abb5248d7d9feaa093f6fb987bd17b4f4388c8d31ecccb7bb43cee,0
ee002c33cee580b1dcb43f9462377e2537f3b1d1,509440,89607eba225a211a5d14883a282b434a7499f3c0cc47ae067d1bfe2ab13efd5d,0
ee295722b0bcd73a620b02757d87a546c4b3b9ce,800608,47ae70dca79ad369edf19a16cad99d5a379f4875f89d485f6fc681d9beb440a8,0
ee519dd589df0d38b051d2a0fe4a9981440d37f7,2132448,aeb85f98aad4d39e1cbef46a5c8a63c3e2c09b59fdd65cfebe6c63f36da54792,0
ee5c34b2cc44f6c39c92b23652af948c4609ac2d,1982019,3efe865352387e4bf33883ed13de6cff3fa1e20133b98327b706836117b9da5f,0
ee6a9b3690c4152ed7a91e9faac480fbf94f624b,800608,e9d891e9c0be862b76353f976c750143f3ff365171523c7f0d148613a0cfc841,0
ee6ea99ebd0fb62734f85c9357281bce09a0f7fd,800608,13065a593489ec33f5e8889df75a4279eabdf61d3a20a002ecd0154db081cf2b,0
ee7d9b3ca862514df14174ffaca034e1ce521d9a,4131268,66e62df31f24dbae69a580f0eb05966504c8b5946d09bc1efbd1a2da1af5b5af,0
eeb5e5863b3f65e3bc675295c01408ddfbcde119,8870742,cc3813d9d674cf0e86e4171579ba276879c66c2171d993e5776fc5615756a03b,0
ef0034362fc7bf22a569271a52616b0e5b7199df,6435393,ee75e49a099f72f2353848dc450773becf0c2cb148a5ba93749693d56a7cbb8b,0
ef30c424b23db86ea23eb26cb73608b350ae9d56,2422348,c1d035938584b0c26dcc42cec0ed51d67d4bb867ba3394ac8083f20170eeaffc,0
efc309ef56b8d8fba1b50d1b4a6e5be6cfded459,1844409,0bbddd4b39b594027b022cf22c47669dcd9e05ffc3b6d4a972b39a713750f823,0
effc6d59d7891d4feac66df8dde390b5b1f8c2f0,2109611,5216072e1edc34a6a10f9fce4f63b54c828ebecffc5e40e24c0971a453b2a42b,0
f04da7673ac80884bc2020f69633f9717e182641,720736,de82213d2355eaca9cca6923421904667b59c99014a1d7dae7d1e49fa4bdbf4f,0
f0507c44f6a3df1b7b59b9e95f6c10a1e099e4ff,800608,dd618b0b32fa4da3e9ff661ab01b71d1dc6b80c9c76669362e3a7c4f6876d5e1,0
f05680684f699bb9b130d260fd213b7d6fc614fe,7909484,69dd6baba94da9e890f8d2289f684cd543f9bf882161d46637b56732d86ea557,0
f059ca4bde6bc13f08db361d4153f4de1fcd855b,439389,fe020a4c6284052a6487f75005e91662262981c52642513af25772669c278a1e,0
f0a7a66541fb96522c18e8d1ea325d60b0bad191,2422256,f228c94709d6f4ae55e80160e7fcb4257299bf15fbee3e1f758ba4a40a51495d,0
f0cd45a6f39e0e0868651875d78e67b8ae6986f4,5807639,e4fb8024a6278640a0e4a2f813e4ed4e0b531cadb12a54e10283a2ed5faf6bf3,0
f0e150cede920c2e252f03033b69d1580b4a5a4e,2216571,31bcdeafdd8e12c4cd164ceecaae98052f81374df115b78ec825731a90b2d545,0
f0edea0ec28ea0e2577d356fb10c7a3ef13107c8,2481355,5ceb4ad41152dcbf89d26884faaa71c04e2f0a12b2d2c88a12894eee1e55c189,0
f0f29677b4ba840fe9042773b81b5e96e6533544,388448,22bbe35bdab3d7acaac1fd96b9ba756aa2a7aacf34b2773b6fab141b43c40ced,0
f0fc991d73065d5a9784b42f57b36c724933ae04,2224109,d2c22662278b8c26ed9ffb46428534fdda1a9f60de2fbec87b2c4377e775d1ac,0
f10836e761ae7903b6218718b9d933b994b64768,709027,da8791ba8d7a1459108876b0a0e105c5df39929cc8e7826499f63e74239b0181,0
f1e693414abf692cb036a6f9b434044d4a5350eb,776160,940107efd0d07b1d64e3b23a8c9833820fc5b44129f17a4fcb415882cb380b13,0
f1f4c8c6c4bee971eff5dc541433640263b0414c,388448,9789752b85c1cf363f34da6f6585cedb64ab1c8b364686d55f9dcb69687cec72,0
f2580b705479605be744d94ca50d190c0436ea43,800608,eb385282ec55986d9fee2c3d2fdfe26ed10d30c3718dac7ae891ccc87dd6e549,0
f258e887fec95b19ecff937104231b5ba071202e,388448,f6ffeb2ad25d28bf5574879618df6352c21a44cd5a5b6f861560601edd18a2e8,0
f26e4faf822641fc42683c98d49d0689512d8c55,509440,65de9b5568eccf1ad1e02033a58ee7378e83cfe4e956b79049098596f00f4177,0
f31557e5325b50bdcf92eb79fda6618741d25e16,509440,7f526cfeca02124a24ea4b97c694253ad3a219c058f487208943511f961ccd78,0
f34255b190439942f74d653246d321c38cb48c7c,509440,2d7db612de567053a4edafea77d85ca8553b89a71810bc4ff234139c1c3664bd,0
f34c6403236b903d3a552e190cf2e44fdba91568,589760,8f60e02c7c59cdaa6bb28fb0f7638ce31be53c6d2b190334d67c62e4e8279a08,0
f3f6137281209ef7bc4b4975f6ce35ac943293c1,509440,d9c411f26c6534fe13405c0e869eabfb3d11d3e717ec6ec4d0cb94c31ba9bb07,0
f418c5fa0465aa7f506bf17c4533239f162ab8e9,3583499,2aea6ff4701d063e7e029b6be695a1659f2caaa2ae4fb0e8b18285818271becd,0
f422cd5290225be5bef77f80baafbfa82caa4ce6,2107,c97490f8dab9b14d9a17a9a05411f42d1345360d7672fb666b26862ca612b5a4,0
f42dee99974e54dc234c65f9577d46f8d975c4c9,388448,b65bb76178dd85caa22da6109e60ba021ca50ca0169acc926be482f4d07a44a0,0
f4ed956ecb4fd8486fe7acbef72f579ca023c578,509440,e194d664f1e2896252c3149cc15dda255fdf35425896ad797d2369f057a854eb,0
f5195cf97e3c90290b670d48a7c46fef5f145ebc,7029741,cb63a0a23eef3d5b01063a9880a1925a65aaf4d1591d519910ee3527852950a0,0
f53f61f36fdd6a4a52266aacfe6dde49575eaf65,2107652,f6ed3d307010c244c22aeffbde05f419cf277c23e64cf98b673cac5449cfeff5,0
f55fbebdea2f3170a4a7497f9434a33e2176d3e4,476576,f278fc138283a5f596f437397db97f9b08a376af229808cb82eb2bd24685bf5c,0
f5697c666e49b6bcbdf9b761b7628a5e5c2ba3ab,509440,85459a6e1a046fe487b4291cc6ba48feed559caefa67bee4483715fbe28dec44,0
f58c96e1477675347dfee6f03119877acbbf1f2e,589760,e854bd94567e5422c23878aaded670cd359f21871f21d9cd1cce9dd288ba370e,0
f628088ad811d143ea02206e265326c571e79227,493024,feb37bd06f4d7715a78c5449242e31febd9dc4c6f52385f3e0f493e3d0b8cc88,0
f67af98db47ae914719983fe39f0421b83050ee3,964800,5b526d85a68469a1ad0d9e875a097423770d175610a73151230d411d72025b40,0
f687d78487e9c91bb25a5412935c495fea3ca21e,1206441,e0f42bf82522d1f0feba55fee73318b42ea46dc17ff1b98811605c3868c9c3fc,0
f6b13851e2f25398c01652963202ffa24d0064ca,776160,dee573dade17e0d771ab296e67108feaf2a0df7fb4f9472ba11361ed624d1db2,0
f6b6a20cbb5b3ed19913f15b35dc6e3be5ecbf61,31312,7d146281cf62cafc0f3357090c8b7902c7e918a1fb10916996aea3ac7eb7d2ad,0
f6f2e9a127da0f838466ad81bf7b25600117777e,3573651,fdd08902adedde8d46898819a24f2716c0fef57e5a6f191b8f0cbd2ecd590f2c,0
f6fb8c3a6fb6dd9cecebd42f0fdc16e60b7eb264,5852397,f1c5ac4973f74a007635d81dafcb2cf0e5c4578c7426f48f53ab0ebf5b978bef,0
f727c8c209eb97e8512cf2475360af3b171373c5,575360,519541a73c73ea14063fd97fec76af0fae6df75d2baa194a843649d98fdb4006,0
f7345a23318ff78c2874b3ae01be101cd7fd65ce,509440,74b24d1e68bbe8db25d8fb34d49356fb71cd4dfdc085e418a7f1604fb36a2aa0,0
f746e95dee494635ac522c8defce28c952f9110d,509440,6b2edbc7859db3c9c7a6da61262fd1c568b26a509dda94340833a19c958e8815,0
f751f7f2e8215a7e123823ccbfaed275983fcaf1,4119438,e6297cf3c369c31fc24313131019d0cf6d7ddd137ea1e75d7a65eca7edfcd522,0
f79137ca17095099dcc5084dbced35d1169dd125,4021634,d0ef0d5956043f4bd2252b9656998a04233668c2b42287bc68fa1dd0e0660321,0
f887d76830a902972e240e3c6447a9968ea09541,509440,d728ccc98c07feccf4ba790964672c543126117bb65f350e0eae45dd63240f70,0
f8bf63d46fdd65a519e32d486d044cbab16b3673,732061,74bcacaf323b2377a2e5c1015319ad45691f502dbb46e6292f05877ce4b7feed,0
f8c1659f9a52f93a4acda4fe09ebd7d10ccf7491,776160,5343017002505be91f194044fe84fa5b88ea16acdf1f5d120a562cf4d6932d85,0
f916e71031fa08f3c6ef1680a590c15b52d3cdd9,9085658,76e48799b099d43365bd24ccd8ecc5aedac831718da780552f03b0a6eb4412aa,0
f922b1797f0c88e71addc8393787831f2477a4bd,2104556,9ca9acddb6525a194ec8ac7a87f24fbba7232a9a15ffa1af0c1224fcd888e47c,0
f930bdc88c40a163884a6264ebd3bd10688ae1af,1961847,5b4e1a8171c81dfd666ae40265b9530c6e0b3d53923fe8ac493dcc84229adf81,0
f93d3e1cb25031b1359e74be37b5e906321768fa,432079,9e09664b4879bced4b2d00e9d996e95dcd6ca714014bf90aeb3fa9a3f70cac4f,0
f9413bc2085e8450de644c6a156fef2086209f78,388448,a2fc999a7cc232db5dfe2e80b822a71184200bf91bed2d52b406fa8b81cc97cd,0
f995d9f4e729ad0714cfb09824dbd75245dc4143,5687431,7ec7e616d64cb708c2a4576eac072647d350ea5d85d685e9b72a78209d057a97,0
f9b4c66864936de3566d9f8bdaad2b7f22aae353,800608,7f3aae4c8ce1520a3b69c03da44baf524c71cbecde8f93290202e5276b439a0b,0
f9bbf3fa0b51e2c1d9c2bf284e3de29c542720c7,8656646,05402ffae6dd382a8491b1d29bfc139bec5d332662e86a026f433ce54c25c202,0
f9d4455c06f24d31797f7cd3e480a83d7a84cb97,2224081,72ed5c96db5729294468543e4bc75fce14ca63f58e37300290189ba1c1e52b85,0
fa2bcd3f728c1ea04d60ee761a0773a6b6aa9324,668923,343989712a36cd8b253efeaf8baf6a08b9d2583f78e395e83832e8ee9f8d8ee1,0
fa4106b4a26d4ef0dd74fbd53ba6bd917046b771,509440,5f9fb7c463d37d66746a3fa4b94a5b4beb2715542aad7da2bec33e6adeeb4172,0
fa532a3e820f5d56807571697c18c154a819ae8c,1843522,892577138fd8351ab00701a671559d04038be028722a5aca250a25e17be41848,0
fa9bbbc7df25031318a7209cc14dcbfb00bca888,589760,128ad672d950c991f67103c5c6520d821469b59e85b26b3571d556d1c562975d,0
faa690fc56739dc3088cb1a3b4c14cd9f5e5cde9,703265,050f0aff338e5779ebe80f25c760da76857e009dc17c2caef8424d613ee7dbfa,0
faed32a58356e5d71aeaf67bbf8d1c483c0cdd52,117755,d6e7ab606c20f90d9878e82710badbe6e7b9f7a9a5e71f9da082a73c338cc557,0
fb3452e3a39cc8f2a74ce862a4c29b0cec07eec6,575360,4c9bd67879953340a1049d4900daebbcbf1594b6a67b380fe74b93be0c916959,0
fb71fd1a9dd9a1ab438959c3afdeaea4ba1c809a,1937870,8e9e94300b0c19471520eca5e6cacc4a522c7da823edac3b2cdd1152b4fb3ae2,0
fb727b8ae385683249534b31c0808c9b63c37cac,509440,2a7f69b9d15cac340a76a39d1398755a1a3984b72a43c1a359aebc20f0f50e95,0
fb941c66ded76ac14e2818454af925dbb4c6e53c,951259,499a157082a6b94e9ee337d7d4a3653560c5794bf7912c3de6ecac4108d83ae8,0
fbadd8d3b667cad6026bc536daf86177f7a87a09,589760,1c2bf60998d338ed771f214f0f9e4339228c4de3c2395e2c25644a5c5a9cc093,0
fbfaa3e9d18b34ca8bc9c76f6d5930574e72b632,509440,0a80ddc2c8c22175a5cdda61fe47b1e9d2761072e7f006270e033ccd78e53640,0
fbfbdfce13eafa7daaa24e2fd04f53969c9aed9d,1793229,5c2b89e15f763cec72b089922ab9f505dafe89804ddbcf6841228fc3cd9190d4,0
fbfc3b1c52caf5f7fad9b6939072f0ef5d81be13,1408,4c622e2a69216c0cdfab561177ac4175def65f401c6ddcadf54142c2efc5b6ed,1
fc04b357d6544e27f68a63fb90f334a2364f6f0d,5787203,6207da93186391b411112da8f44ddf0c7963b3651cf378d6a1864b840711576d,0
fc1f477fb47a4faeb232de3eb0ae330380b32e7d,509440,fa1367476544f6213f0efc5f31bc8e6c50014e4cc8359659631286ab750c0aee,0
fc669fbad1a6a82119ca3e1fa75db33ee22ca47d,2424064,fe2ebbbbde2985be723e0ce18217853e4020c5e9d35bd07be2c27ab9d3ead57a,0
fd14f4ad481a0a2aecd6c8a90eb27046bfcddbfd,2491149,0d8ff30ecd47c6f840f5b5ddb3a0b35e17f1aa37e5b318452a03d11e50dfab9d,0
fdaff9ef6f01ef1895a076df36f63d51725c6f8a,800608,f5dfef2b94fabfe908a62d2b33c85935dc9ca547fa5896e7cfad7ea9ddafbe05,0
fdbe7df2f571b5cd2059f176eb3d24cffd4b8991,3577623,00657b39a8a73b96ddcc3cda245c5e8fa02be36e31e318bd13a9169eb89c999b,0
fdbe92797b1f6c1b50cbf8686ea8d82a5503eb5d,2817083,c2aa01dfe25ff1b84ceb0324d0f2eb8f7f7c1b7ec663c7366423b8f48a2d47f2,1
fdbefb9aa6c35da651b044d714320be189f2141d,2564,206ac26f51a57459c14df6d4b5254cbae1a47a9bbec88d09cf4065734af3a9c7,0
fdda9a481654056f22b2962c6e59a887c2e46989,800608,56af7ccba6cf032f77cea0611679498908a2806e6b7ff28339bb19412303db9b,0
fe176d3641a6f51a72ee045ad03f9cd41ab8befb,2481189,87b38f7a654dbbda293bcdda048d2fb18af241fdd41c62496f8e732209610ec1,0
fe6b8c8eb8819d0e9ea374acb8197701738cef9a,800608,4017950d0d1f82de94bec4123bd3237e10444cf3df4ef9be27eca35c598b2603,0
feb50970e92818866edb32c481a4e0c5248f7aa3,3747961,9b466914d9e7f9a39936c9bbe2ac28c86cd8b35c83a905699b01f83178f27c51,0
ff2daf426c34fe94a1c39da101eececee402e238,3564952,427eb3f053e964b800abf442a9da36464018bf26cf107ea6809d01bac7ce8860,0
ffa7dc0735636e1c0bc8c2f917cacf139e034e7f,1671,c6be08fad1554a09b53160ab664eefd84c196eed3c22780895de6d72189de9b6,0
