key,tag,sha256,idle
https://cdnjs.cloudflare.com/ajax/libs/acorn-walk/8.3.5/walk.js,,1aa9615d8ea06e2126a21a4c21eb7b8b97a69e5eda256f06d2c48834a57cbf0e,0
https://cdnjs.cloudflare.com/ajax/libs/acorn-walk/8.3.5/walk.min.js,,bebcc054c8bb99f54746264210011526de335c5a29c07ad65655ce3717a4a4cd,0
https://cdnjs.cloudflare.com/ajax/libs/acorn/8.18.0/acorn.js,,fc3ed7b81e58464715d0291402892f22c3d86ea75302645a330390f85d8015c9,0
https://cdnjs.cloudflare.com/ajax/libs/acorn/8.18.0/acorn.min.js,,d27c9bc903e737c7b1dfaf1b626947c45e9ec296ddf28924b18c709378799af6,0
https://cdnjs.cloudflare.com/ajax/libs/async/3.2.6/async.js,,9f42975430301fd7d3d672036a4213f2b160fc4002f952223ad4ab72efea7a3a,0
https://cdnjs.cloudflare.com/ajax/libs/async/3.2.6/async.min.js,,b83cd6b669b52bf5c137cd4db0a437771a74285de3cfb5cf3bc1775800345a18,0
https://cdnjs.cloudflare.com/ajax/libs/axe-core/4.11.0/axe.js,,44a1382b483a40078f7148be4dc9ebe7aed82951309e84e8a9ef9077bc359b3a,0
https://cdnjs.cloudflare.com/ajax/libs/axe-core/4.11.0/axe.min.js,,e9e5863c33a874f09bc01acd9234b7e3c871479f5eef8802fa582544465e6d01,0
https://cdnjs.cloudflare.com/ajax/libs/axios/1.20.0/axios.js,,225162f7503fc512109759a876eccfb5e7e3bb077cea1f0c970c251460133f93,0
https://cdnjs.cloudflare.com/ajax/libs/axios/1.20.0/axios.min.js,,7c433c881c3b0903317193a0dd5af714ce0f65cf77d5c7f067f18b96f0e8e2c7,0
https://cdnjs.cloudflare.com/ajax/libs/axios/1.20.0/esm/axios.js,,11944a8d03348510cbe5abc6f8e539b4b3945ef84689617560ba35856ee52db0,0
https://cdnjs.cloudflare.com/ajax/libs/axios/1.20.0/esm/axios.min.js,,b93adaac69a655b30533175f25577689f9ef3cefc283101023f279d4baac2d83,0
https://cdnjs.cloudflare.com/ajax/libs/big.js/7.0.1/big.js,,e285f166cd0e8287ae605a19bb83f251f3ba16c33e5260dcc2bb6dc9b37019c4,0
https://cdnjs.cloudflare.com/ajax/libs/big.js/7.0.1/big.min.js,,0fc824c3945995ed5196f6d49c98c43dc6088b602204ec757292674829c7a6c9,0
https://cdnjs.cloudflare.com/ajax/libs/bignumber.js/9.3.1/bignumber.js,,08ff132ba18de1678e18a9f68bcad39cc970c94f7d219850468b2a7510cff0ce,0
https://cdnjs.cloudflare.com/ajax/libs/bignumber.js/9.3.1/bignumber.min.js,,c2bc1d528ccef787b9157262b0f9f15581050d1149181cd9c9fde2c7b4be993c,0
https://cdnjs.cloudflare.com/ajax/libs/bluebird/3.7.2/bluebird.core.js,,76a26146580122f106508e66d178c25c589e7f1a7ecfc096f9a9bd7c8a8cae09,0
https://cdnjs.cloudflare.com/ajax/libs/bluebird/3.7.2/bluebird.core.min.js,,7b2e1cea02fda77d2d30a3c676a3fad4d008f62b7ae4adc77563e94b6e74c3d3,0
https://cdnjs.cloudflare.com/ajax/libs/bluebird/3.7.2/bluebird.js,,2584e7871b3d869fcba965cf8f1f30e962d60019931a0b88cc474fd99f80822f,0
https://cdnjs.cloudflare.com/ajax/libs/bluebird/3.7.2/bluebird.min.js,,bd5da4364c94b11a9e56f0d0388439082ef6d3b29c15255ac17bad40abe0c248,0
https://cdnjs.cloudflare.com/ajax/libs/bowser/2.14.1/bundled.js,,d9e7babb7849bd7c2aab5a56f484f39ff152d77f49c9226c5f3030833ca1566e,0
https://cdnjs.cloudflare.com/ajax/libs/bowser/2.14.1/bundled.min.js,,0f27b9660a69286c08f016cbe9e2b942f8c72f3b4b8639f5a09f44b2922aa1d3,0
https://cdnjs.cloudflare.com/ajax/libs/bowser/2.14.1/es5.js,,fb1c1a555d9f830754a48122557f5d67e3216ab4ac1bb238190c504afefd65d2,0
https://cdnjs.cloudflare.com/ajax/libs/bowser/2.14.1/es5.min.js,,d16eaac23e90a59a2b420da4b27a7bb6c33f8789995011d5740aab0d6175d0cf,0
https://cdnjs.cloudflare.com/ajax/libs/Chart.js/4.5.1/chart.js,,02b5a9c16c26aa026584d64e18bc299805eb2e865b3829dab9144844559a5bb5,0
https://cdnjs.cloudflare.com/ajax/libs/Chart.js/4.5.1/chart.min.js,,b9a5b36d629a312bf9b1f9f03e6833b8bc61edf5f9c0a111aeaeeacd48fbb796,0
https://cdnjs.cloudflare.com/ajax/libs/Chart.js/4.5.1/chart.umd.js,,ecc3cd1eeb8c34d2178e3f59fd63ec5a3d84358c11730af0b9958dc886d7652a,0
https://cdnjs.cloudflare.com/ajax/libs/Chart.js/4.5.1/chart.umd.min.js,,48444a82d4edcb5bec0f1965faacdde18d9c17db3063d042abada2f705c9f54a,0
https://cdnjs.cloudflare.com/ajax/libs/Chart.js/4.5.1/helpers.js,,0bf5be655a7e1f4f73b769f97a120c02fdbfa131b359834f33325670587fd95b,0
https://cdnjs.cloudflare.com/ajax/libs/Chart.js/4.5.1/helpers.min.js,,04eae556ec01be5264dceeae7c5f7b14a640864ebf9f9516dadda0d76dabd17c,0
https://cdnjs.cloudflare.com/ajax/libs/cheerio/1.2.0/dist/browser/api/attributes.js,,89620b464dd95fcf9c63781320f039fd41771ebafd783af6e86a80dde738a146,0
https://cdnjs.cloudflare.com/ajax/libs/cheerio/1.2.0/dist/browser/api/attributes.min.js,,c6deea51d67918380ad8548b615942974f879d7a446b2468afa90dd2c04f11cf,0
https://cdnjs.cloudflare.com/ajax/libs/cheerio/1.2.0/dist/browser/api/css.js,,3bd12911368c6050dce487f0d9b7f968667acaa8f444079f59cbe7230a71ecd5,0
https://cdnjs.cloudflare.com/ajax/libs/cheerio/1.2.0/dist/browser/api/css.min.js,,9e9044d8ae03d279f2256e822c195e224b5bb76cfd37ed5ab7937d6ed13f4637,0
https://cdnjs.cloudflare.com/ajax/libs/cheerio/1.2.0/dist/browser/api/extract.js,,8f7d64a42aadbfd6425d99eb3c8403d57e9d3b642a2828458f76345a5614fb97,0
https://cdnjs.cloudflare.com/ajax/libs/cheerio/1.2.0/dist/browser/api/extract.min.js,,4357f3efd40d16318e92cb826e4ee39051a311edd367f4721ec439522253112f,0
https://cdnjs.cloudflare.com/ajax/libs/cheerio/1.2.0/dist/browser/api/forms.js,,ebd229e85d8084206668484e0dd6faeb04c9b7755e62a3c90a485563c7e1e848,0
https://cdnjs.cloudflare.com/ajax/libs/cheerio/1.2.0/dist/browser/api/forms.min.js,,609f09aadd50ff65153ca3bb6130bf6de8c904e3ad2a83b2c2584bef2b747180,0
https://cdnjs.cloudflare.com/ajax/libs/cheerio/1.2.0/dist/browser/api/manipulation.js,,877dacf83b86235653955b788f6dc9bd628f3e26a36fd3a327116bfa55aec7fd,0
https://cdnjs.cloudflare.com/ajax/libs/cheerio/1.2.0/dist/browser/api/manipulation.min.js,,2ad209d0bf8180f70f7c50c3cea39efa36deb0d3cbaae1168c27622449f37e89,0
https://cdnjs.cloudflare.com/ajax/libs/cheerio/1.2.0/dist/browser/api/traversing.js,,408e7c2bf26afbf64efb285380f4911489f7e0be7cb151a4b2c86b98a60cbf4a,0
https://cdnjs.cloudflare.com/ajax/libs/cheerio/1.2.0/dist/browser/api/traversing.min.js,,f36ee94e837413de883b3eae350c69a117639195369f30e43899acfc69d6c6d5,0
https://cdnjs.cloudflare.com/ajax/libs/cheerio/1.2.0/dist/browser/cheerio.js,,58fc2469df9fbdc4217db17b6f2a2993fc6861aae11697b04f1d608b8496d9c9,0
https://cdnjs.cloudflare.com/ajax/libs/cheerio/1.2.0/dist/browser/cheerio.min.js,,9c8e4f47beffd0f1fee2788968f5c790e5bf17645895f09887f661e31c35da28,0
https://cdnjs.cloudflare.com/ajax/libs/cheerio/1.2.0/dist/browser/index.js,,c6d78ab54623001a3bb2a6ae4942cd4af04ceb44bb8ef4df23317ee6373d2794,0
https://cdnjs.cloudflare.com/ajax/libs/cheerio/1.2.0/dist/browser/index.min.js,,fc660648662e5ac37b337d16dfcc48393b5a0fbceacb14fa6bebda76eec7d60f,0
https://cdnjs.cloudflare.com/ajax/libs/cheerio/1.2.0/dist/browser/load-parse.js,,9e6d9e2d9fc3a8f321816e9d2b974c9048644875e902a31400700bdfe6ae0a0e,0
https://cdnjs.cloudflare.com/ajax/libs/cheerio/1.2.0/dist/browser/load-parse.min.js,,83738caef7d67c719328182a09ab27b7c66b675291c469a76af9573d8a9a56f7,0
https://cdnjs.cloudflare.com/ajax/libs/cheerio/1.2.0/dist/browser/load.js,,ae6937526f54c08cac2b4733008b0cfecd12f6900e17e7960ffa8d344da83586,0
https://cdnjs.cloudflare.com/ajax/libs/cheerio/1.2.0/dist/browser/load.min.js,,3539eccc21b5886f50ba2243c2938ec01475b774717c8edaa424e0d97509d416,0
https://cdnjs.cloudflare.com/ajax/libs/cheerio/1.2.0/dist/browser/options.js,,9819b83080b190e2bdf2bd98e2763a29fcd5af9fffbd62fe660500f0a3b37fb1,0
https://cdnjs.cloudflare.com/ajax/libs/cheerio/1.2.0/dist/browser/options.min.js,,c1b8fab21eee44b19f5f9996289a8000cb0d42b1f6ebce0b104e16b9d1f61ce7,0
https://cdnjs.cloudflare.com/ajax/libs/cheerio/1.2.0/dist/browser/parse.js,,62e53212119504ee3e97bf1940cba725a2b58ed4feef74848d8f8906e94214bb,0
https://cdnjs.cloudflare.com/ajax/libs/cheerio/1.2.0/dist/browser/parse.min.js,,cc660cde2ff065b31c2a0003ffd931953698f8b600ce618cffb05078f68df3b9,0
https://cdnjs.cloudflare.com/ajax/libs/cheerio/1.2.0/dist/browser/parsers/parse5-adapter.js,,8fbabf110ebe5e20724900990f0bb73dcca1c62a92782586686018e7a8234345,0
https://cdnjs.cloudflare.com/ajax/libs/cheerio/1.2.0/dist/browser/parsers/parse5-adapter.min.js,,78e0377ecef3c0396984c1e7f0500aeb343f327c20a86c75663ad654b8d467a0,0
https://cdnjs.cloudflare.com/ajax/libs/cheerio/1.2.0/dist/browser/slim.js,,78e11e59173f67eb390ff6b6ac4791a558084aa33efe3eed747c21c9a4b386c2,0
https://cdnjs.cloudflare.com/ajax/libs/cheerio/1.2.0/dist/browser/slim.min.js,,c98e7078ebeab8c0a4bfe74d6207035ff2497d40adc54aa5a07697c848cfb5f5,0
https://cdnjs.cloudflare.com/ajax/libs/cheerio/1.2.0/dist/browser/static.js,,43780fa999cb63bc08211604c9bdc8847172377d81d8e702495e6eb3452c47bb,0
https://cdnjs.cloudflare.com/ajax/libs/cheerio/1.2.0/dist/browser/static.min.js,,eaf73fd8a3f9efaf0b7526cfcef925323cce2d0b7dc915c5e5b15bb6e0ba2411,0
https://cdnjs.cloudflare.com/ajax/libs/cheerio/1.2.0/dist/browser/types.js,,052dfc79ac1c253cc2cfb79c47804d31c2fbf63724e70c541aa14c470dd4b8ac,0
https://cdnjs.cloudflare.com/ajax/libs/cheerio/1.2.0/dist/browser/types.min.js,,56e1b0c10087ee6ff7f949b15d1ef63cb11228ff93a159a52f9ad7ef851e4e02,0
https://cdnjs.cloudflare.com/ajax/libs/cheerio/1.2.0/dist/browser/utils.js,,6c41ea99c8e06821fbc5a4683fca4bb8f89c18895cbe874773367da7aa309f2f,0
https://cdnjs.cloudflare.com/ajax/libs/cheerio/1.2.0/dist/browser/utils.min.js,,f7c39686388815756e6b3973d3a49efb24feba85a9c5f8010f4fffefb53ff929,0
https://cdnjs.cloudflare.com/ajax/libs/cheerio/1.2.0/dist/commonjs/api/attributes.js,,417098df8357232e142d0c4b5308890c0245e900ebd8e67f791f30622f24e72c,0
https://cdnjs.cloudflare.com/ajax/libs/cheerio/1.2.0/dist/commonjs/api/attributes.min.js,,3a33978bb2a555d57bf3652772b2795cdbc2b6501e1f191a135f9569107e9bb9,0
https://cdnjs.cloudflare.com/ajax/libs/cheerio/1.2.0/dist/commonjs/api/css.js,,7746c87d752a58d3482228ba0ab2993d38817cab7c0c0771cc4042ee0a060b5f,0
https://cdnjs.cloudflare.com/ajax/libs/cheerio/1.2.0/dist/commonjs/api/css.min.js,,af46515f74f9d3dcf7ef78ecf0f96f54e491f99453e4bb1653b55e357c4006ca,0
https://cdnjs.cloudflare.com/ajax/libs/cheerio/1.2.0/dist/commonjs/api/extract.js,,522682022079cf724fc03316d1e8e313331aeb454f969b9bca3f284f40362a88,0
https://cdnjs.cloudflare.com/ajax/libs/cheerio/1.2.0/dist/commonjs/api/extract.min.js,,8e7af4efe4054b204a0702b66e980daf9756871d8c97da6df49206aa3ef9dfcb,0
https://cdnjs.cloudflare.com/ajax/libs/cheerio/1.2.0/dist/commonjs/api/forms.js,,faf527df7eee6195b39aac346c231ef9f406862a1c1be10df9e7d9fc889e12e5,0
https://cdnjs.cloudflare.com/ajax/libs/cheerio/1.2.0/dist/commonjs/api/forms.min.js,,ca2f2c7846fa8c7371074e73856b25170f6fa85ba23eff9159bf383fd822674c,0
https://cdnjs.cloudflare.com/ajax/libs/cheerio/1.2.0/dist/commonjs/api/manipulation.js,,cabef68a59a6e5e0e8bed5c3c240ab57ff2f382658f09bf61fc1afbdefdac517,0
https://cdnjs.cloudflare.com/ajax/libs/cheerio/1.2.0/dist/commonjs/api/manipulation.min.js,,d178c3e251399b71ee79e059db6fb125cbd5a50498a7605b772671b9a9a8469f,0
https://cdnjs.cloudflare.com/ajax/libs/cheerio/1.2.0/dist/commonjs/api/traversing.js,,540c5d31023bf7b793121da0f693aae62605ec4578555b3e6e964d422e244b92,0
https://cdnjs.cloudflare.com/ajax/libs/cheerio/1.2.0/dist/commonjs/api/traversing.min.js,,8c7a051517838f6fe0a682483b4ac4955295ac248b2744ff20fed898fbc878b1,0
https://cdnjs.cloudflare.com/ajax/libs/cheerio/1.2.0/dist/commonjs/cheerio.js,,f0fd733ff299a0ec5073b6016d940c918073542c1e3b83e816abae842170d91b,0
https://cdnjs.cloudflare.com/ajax/libs/cheerio/1.2.0/dist/commonjs/cheerio.min.js,,43974e070926ff6a4aea235e658bdf250f93f255e78c80e14e35baa800029c13,0
https://cdnjs.cloudflare.com/ajax/libs/cheerio/1.2.0/dist/commonjs/index.js,,ed43f738462a3ce5f277d8626dad1a0210464e38331064b3b43e1083b1ffd494,0
https://cdnjs.cloudflare.com/ajax/libs/cheerio/1.2.0/dist/commonjs/index.min.js,,6d43f9ae913bdce4b295b201d7905ccb2911b6b02389eb557204c03f1b5d3bc6,0
https://cdnjs.cloudflare.com/ajax/libs/cheerio/1.2.0/dist/commonjs/load-parse.js,,1be8b4e33874844978e2f4ba497f9dc290add220add5328b245465df7cfb5356,0
https://cdnjs.cloudflare.com/ajax/libs/cheerio/1.2.0/dist/commonjs/load-parse.min.js,,cf48ff058b509a52fa89094d669f517ad88e72df57397a39ebf873af9e66fbd1,0
https://cdnjs.cloudflare.com/ajax/libs/cheerio/1.2.0/dist/commonjs/load.js,,7092336c1f5ce35750ad55bd1db1f8dfa85565ea49b0dc3eac35cb349db8d148,0
https://cdnjs.cloudflare.com/ajax/libs/cheerio/1.2.0/dist/commonjs/load.min.js,,34d084235c1bf5662ac8b913a023f24723afae85eace1432a7996da7eb92c6d0,0
https://cdnjs.cloudflare.com/ajax/libs/cheerio/1.2.0/dist/commonjs/options.js,,f99e50683a7c223ddbe6cf397708fac2d3a653c7d68a3e8e7ec278caf2c09ce5,0
https://cdnjs.cloudflare.com/ajax/libs/cheerio/1.2.0/dist/commonjs/options.min.js,,667bd22c8556e4d8622d999144d7d03d047e09fc210bfcabfca12614c17cdff1,0
https://cdnjs.cloudflare.com/ajax/libs/cheerio/1.2.0/dist/commonjs/parse.js,,7dcddf49df71915325218ae2ab3194b5021c0b1d961513ff234561130e581812,0
https://cdnjs.cloudflare.com/ajax/libs/cheerio/1.2.0/dist/commonjs/parse.min.js,,f0728a5736c319a431f1b814510bc2098551ace3fd0dec32bc39fb333669ec3a,0
https://cdnjs.cloudflare.com/ajax/libs/cheerio/1.2.0/dist/commonjs/parsers/parse5-adapter.js,,08fe0e537e3c8d91f3a6f54dbf4f69f891170b7bca3571f7e26e3a9e213da5fb,0
https://cdnjs.cloudflare.com/ajax/libs/cheerio/1.2.0/dist/commonjs/parsers/parse5-adapter.min.js,,bdda7742ceda3d21c55a689f99dae5175c3dc327f1d5758b5b6814f1f1a97206,0
https://cdnjs.cloudflare.com/ajax/libs/cheerio/1.2.0/dist/commonjs/slim.js,,edefd5b653583c0800bd5a1f08571fc1496ead27c77c3f37015bd070ce2ab5bc,0
https://cdnjs.cloudflare.com/ajax/libs/cheerio/1.2.0/dist/commonjs/slim.min.js,,dee32fb13c4d34227a464fa30ecb14bece6f643bbd2709c04274c3769286b419,0
https://cdnjs.cloudflare.com/ajax/libs/cheerio/1.2.0/dist/commonjs/static.js,,7b8ef6def93b427cde71dcfb7f4009fbe572a6dad5047b5dbe6c879856ed0e9c,0
https://cdnjs.cloudflare.com/ajax/libs/cheerio/1.2.0/dist/commonjs/static.min.js,,a6b86f05ac9ba6433d8f5508b78be2a714be90dbb0523edf29fca231d22bc9f3,0
https://cdnjs.cloudflare.com/ajax/libs/cheerio/1.2.0/dist/commonjs/types.js,,24d24dca97cee756cf72233d188840328f8b73cd83b5dc762cd304204626f49b,0
https://cdnjs.cloudflare.com/ajax/libs/cheerio/1.2.0/dist/commonjs/types.min.js,,f813e5f83b5be6b7ea3cac9fde64c29951120ccebe846a7aedd0e87879fb4ff0,0
https://cdnjs.cloudflare.com/ajax/libs/cheerio/1.2.0/dist/commonjs/utils.js,,654bafd7ebb53616b23afe8d840b941dfa8fbf9fcb66e47fcd57e537c121f2df,0
https://cdnjs.cloudflare.com/ajax/libs/cheerio/1.2.0/dist/commonjs/utils.min.js,,c170eea5bf75b0cc18a578f624acfdbd6d6e15801de9b3bb33faf6ea7d086519,0
https://cdnjs.cloudflare.com/ajax/libs/cheerio/1.2.0/dist/esm/api/attributes.js,,89620b464dd95fcf9c63781320f039fd41771ebafd783af6e86a80dde738a146,0
https://cdnjs.cloudflare.com/ajax/libs/cheerio/1.2.0/dist/esm/api/attributes.min.js,,c6deea51d67918380ad8548b615942974f879d7a446b2468afa90dd2c04f11cf,0
https://cdnjs.cloudflare.com/ajax/libs/cheerio/1.2.0/dist/esm/api/css.js,,3bd12911368c6050dce487f0d9b7f968667acaa8f444079f59cbe7230a71ecd5,0
https://cdnjs.cloudflare.com/ajax/libs/cheerio/1.2.0/dist/esm/api/css.min.js,,9e9044d8ae03d279f2256e822c195e224b5bb76cfd37ed5ab7937d6ed13f4637,0
https://cdnjs.cloudflare.com/ajax/libs/cheerio/1.2.0/dist/esm/api/extract.js,,8f7d64a42aadbfd6425d99eb3c8403d57e9d3b642a2828458f76345a5614fb97,0
https://cdnjs.cloudflare.com/ajax/libs/cheerio/1.2.0/dist/esm/api/extract.min.js,,4357f3efd40d16318e92cb826e4ee39051a311edd367f4721ec439522253112f,0
https://cdnjs.cloudflare.com/ajax/libs/cheerio/1.2.0/dist/esm/api/forms.js,,ebd229e85d8084206668484e0dd6faeb04c9b7755e62a3c90a485563c7e1e848,0
https://cdnjs.cloudflare.com/ajax/libs/cheerio/1.2.0/dist/esm/api/forms.min.js,,609f09aadd50ff65153ca3bb6130bf6de8c904e3ad2a83b2c2584bef2b747180,0
https://cdnjs.cloudflare.com/ajax/libs/cheerio/1.2.0/dist/esm/api/manipulation.js,,877dacf83b86235653955b788f6dc9bd628f3e26a36fd3a327116bfa55aec7fd,0
https://cdnjs.cloudflare.com/ajax/libs/cheerio/1.2.0/dist/esm/api/manipulation.min.js,,2ad209d0bf8180f70f7c50c3cea39efa36deb0d3cbaae1168c27622449f37e89,0
https://cdnjs.cloudflare.com/ajax/libs/cheerio/1.2.0/dist/esm/api/traversing.js,,408e7c2bf26afbf64efb285380f4911489f7e0be7cb151a4b2c86b98a60cbf4a,0
https://cdnjs.cloudflare.com/ajax/libs/cheerio/1.2.0/dist/esm/api/traversing.min.js,,f36ee94e837413de883b3eae350c69a117639195369f30e43899acfc69d6c6d5,0
https://cdnjs.cloudflare.com/ajax/libs/cheerio/1.2.0/dist/esm/cheerio.js,,58fc2469df9fbdc4217db17b6f2a2993fc6861aae11697b04f1d608b8496d9c9,0
https://cdnjs.cloudflare.com/ajax/libs/cheerio/1.2.0/dist/esm/cheerio.min.js,,9c8e4f47beffd0f1fee2788968f5c790e5bf17645895f09887f661e31c35da28,0
https://cdnjs.cloudflare.com/ajax/libs/cheerio/1.2.0/dist/esm/index.js,,19dd79731dc5cce760b9a506389aa51c088cf780bd73ba1f5fc76235a48ff72d,0
https://cdnjs.cloudflare.com/ajax/libs/cheerio/1.2.0/dist/esm/index.min.js,,bd1daf1fd0b4293cdb3419c5f30199e6c563815fd149e8a4f84cd0df30c5765f,0
https://cdnjs.cloudflare.com/ajax/libs/cheerio/1.2.0/dist/esm/load-parse.js,,9e6d9e2d9fc3a8f321816e9d2b974c9048644875e902a31400700bdfe6ae0a0e,0
https://cdnjs.cloudflare.com/ajax/libs/cheerio/1.2.0/dist/esm/load-parse.min.js,,83738caef7d67c719328182a09ab27b7c66b675291c469a76af9573d8a9a56f7,0
https://cdnjs.cloudflare.com/ajax/libs/cheerio/1.2.0/dist/esm/load.js,,ae6937526f54c08cac2b4733008b0cfecd12f6900e17e7960ffa8d344da83586,0
https://cdnjs.cloudflare.com/ajax/libs/cheerio/1.2.0/dist/esm/load.min.js,,3539eccc21b5886f50ba2243c2938ec01475b774717c8edaa424e0d97509d416,0
https://cdnjs.cloudflare.com/ajax/libs/cheerio/1.2.0/dist/esm/options.js,,9819b83080b190e2bdf2bd98e2763a29fcd5af9fffbd62fe660500f0a3b37fb1,0
https://cdnjs.cloudflare.com/ajax/libs/cheerio/1.2.0/dist/esm/options.min.js,,c1b8fab21eee44b19f5f9996289a8000cb0d42b1f6ebce0b104e16b9d1f61ce7,0
https://cdnjs.cloudflare.com/ajax/libs/cheerio/1.2.0/dist/esm/parse.js,,62e53212119504ee3e97bf1940cba725a2b58ed4feef74848d8f8906e94214bb,0
https://cdnjs.cloudflare.com/ajax/libs/cheerio/1.2.0/dist/esm/parse.min.js,,cc660cde2ff065b31c2a0003ffd931953698f8b600ce618cffb05078f68df3b9,0
https://cdnjs.cloudflare.com/ajax/libs/cheerio/1.2.0/dist/esm/parsers/parse5-adapter.js,,8fbabf110ebe5e20724900990f0bb73dcca1c62a92782586686018e7a8234345,0
https://cdnjs.cloudflare.com/ajax/libs/cheerio/1.2.0/dist/esm/parsers/parse5-adapter.min.js,,78e0377ecef3c0396984c1e7f0500aeb343f327c20a86c75663ad654b8d467a0,0
https://cdnjs.cloudflare.com/ajax/libs/cheerio/1.2.0/dist/esm/slim.js,,78e11e59173f67eb390ff6b6ac4791a558084aa33efe3eed747c21c9a4b386c2,0
https://cdnjs.cloudflare.com/ajax/libs/cheerio/1.2.0/dist/esm/slim.min.js,,c98e7078ebeab8c0a4bfe74d6207035ff2497d40adc54aa5a07697c848cfb5f5,0
https://cdnjs.cloudflare.com/ajax/libs/cheerio/1.2.0/dist/esm/static.js,,43780fa999cb63bc08211604c9bdc8847172377d81d8e702495e6eb3452c47bb,0
https://cdnjs.cloudflare.com/ajax/libs/cheerio/1.2.0/dist/esm/static.min.js,,eaf73fd8a3f9efaf0b7526cfcef925323cce2d0b7dc915c5e5b15bb6e0ba2411,0
https://cdnjs.cloudflare.com/ajax/libs/cheerio/1.2.0/dist/esm/types.js,,052dfc79ac1c253cc2cfb79c47804d31c2fbf63724e70c541aa14c470dd4b8ac,0
https://cdnjs.cloudflare.com/ajax/libs/cheerio/1.2.0/dist/esm/types.min.js,,56e1b0c10087ee6ff7f949b15d1ef63cb11228ff93a159a52f9ad7ef851e4e02,0
https://cdnjs.cloudflare.com/ajax/libs/cheerio/1.2.0/dist/esm/utils.js,,6c41ea99c8e06821fbc5a4683fca4bb8f89c18895cbe874773367da7aa309f2f,0
https://cdnjs.cloudflare.com/ajax/libs/cheerio/1.2.0/dist/esm/utils.min.js,,f7c39686388815756e6b3973d3a49efb24feba85a9c5f8010f4fffefb53ff929,0
https://cdnjs.cloudflare.com/ajax/libs/classnames/2.5.2/dedupe.js,,15e33ee774079c24e4119a7c6ad90721b821cf3afeae3214aaf6ec7b87085606,0
https://cdnjs.cloudflare.com/ajax/libs/classnames/2.5.2/dedupe.min.js,,ba8b19e102eadba414bcae331d0969c07b526e448c0dc6ef878b0b17466d7a29,0
https://cdnjs.cloudflare.com/ajax/libs/classnames/2.5.2/index.js,,c15dcff094566d7119b447bc7484a93e09256b8309282b0d629d756de87fa948,0
https://cdnjs.cloudflare.com/ajax/libs/classnames/2.5.2/index.min.js,,15783d39c063ede672acbf2c722ddb928d14dd8fbed4d7084e18dde1145ca1d2,0
https://cdnjs.cloudflare.com/ajax/libs/co/4.1.0/index.js,,091d6e3319a3607958c8db8d192853aa5ef6aa1b8d88d115cd6706dec2232035,0
https://cdnjs.cloudflare.com/ajax/libs/co/4.1.0/index.min.js,,84e04fbe5b291603a5f350da0c34372e07dd66e2f32273b07e7df8057dba681b,0
https://cdnjs.cloudflare.com/ajax/libs/codemirror/6.65.7/addon/comment/comment.js,,a65c038258c6541658a0e9f24c56c78255e0e20d4cf06aa9ad83342069a589be,0
https://cdnjs.cloudflare.com/ajax/libs/codemirror/6.65.7/addon/comment/comment.min.js,,5759e7847cc0dca506089c4df923c06a0cdac49670f0a1dcc83905d097751394,0
https://cdnjs.cloudflare.com/ajax/libs/codemirror/6.65.7/addon/comment/continuecomment.js,,eb64c50f80cb3080052971bc075bbbf421ab50287804af8ce47b0536da5365e9,0
https://cdnjs.cloudflare.com/ajax/libs/codemirror/6.65.7/addon/comment/continuecomment.min.js,,a9e97590e7fae4ef373d32941cc68d688191bcde1f1056de319ee4eb0ada1a5e,0
https://cdnjs.cloudflare.com/ajax/libs/codemirror/6.65.7/addon/dialog/dialog.css,,5df690d771f12118348562dd2a90060433ae2edeccd0908abcaa4480b1e3e468,0
https://cdnjs.cloudflare.com/ajax/libs/codemirror/6.65.7/addon/dialog/dialog.js,,fd8c925fcc25357617faff21220c026bb91a617b995268d96c5d39232fd42833,0
https://cdnjs.cloudflare.com/ajax/libs/codemirror/6.65.7/addon/dialog/dialog.min.css,,a69862c96bb9201693e29c78d041f9085a79785cafaf80a9cb3d228c6f99f828,0
https://cdnjs.cloudflare.com/ajax/libs/codemirror/6.65.7/addon/dialog/dialog.min.js,,b11516c9c96f4d593f4427d4d70cddcb3520ebe6c19048cd62db641250ea2dc4,0
https://cdnjs.cloudflare.com/ajax/libs/codemirror/6.65.7/addon/display/autorefresh.js,,2ec9d5585bd24d7611f30ebbb1cd8fedf79747cf89c1f83852dd1dd9981f10bd,0
https://cdnjs.cloudflare.com/ajax/libs/codemirror/6.65.7/addon/display/autorefresh.min.js,,bdcc82d01c1cb574d7fb8bbf4938213a81131163375d5c869272de3859245216,0
https://cdnjs.cloudflare.com/ajax/libs/codemirror/6.65.7/addon/display/fullscreen.css,,4a9b9a3588038c131d7b28eb8edb02f94e5fa520e97ed3cdbfba0ef0742f1bbc,0
https://cdnjs.cloudflare.com/ajax/libs/codemirror/6.65.7/addon/display/fullscreen.js,,8e4a21aa77765df8893fc854c4b6be56279e12d9a70cbede913083c307ac769e,0
https://cdnjs.cloudflare.com/ajax/libs/codemirror/6.65.7/addon/display/fullscreen.min.css,,cb08aa38f4b5e988e14545ed846136740ea96ad271769726f961c6b7fe6c9d90,0
https://cdnjs.cloudflare.com/ajax/libs/codemirror/6.65.7/addon/display/fullscreen.min.js,,cc1948f85220b39ef8fdf41db74f6026a06445f6c29ebb68a415c731a2cecc3c,0
https://cdnjs.cloudflare.com/ajax/libs/codemirror/6.65.7/addon/display/panel.js,,2b137f8e8631c717d2af81edc341d436cd3a6debb8e9fdfdc20630296685d3cb,0
https://cdnjs.cloudflare.com/ajax/libs/codemirror/6.65.7/addon/display/panel.min.js,,a50e2d1a463b7d406355e53483e38a19af120dac1173ede59931121e800d9acf,0
https://cdnjs.cloudflare.com/ajax/libs/codemirror/6.65.7/addon/display/placeholder.js,,44619626e2301fc16ebade252564e2c064113483e02f2fc8d8d262aed2485b9c,0
https://cdnjs.cloudflare.com/ajax/libs/codemirror/6.65.7/addon/display/placeholder.min.js,,60e02d1780eb8a3c337f9d65af3229c5e73902c07e21ece8b6823efb83990ef2,0
https://cdnjs.cloudflare.com/ajax/libs/codemirror/6.65.7/addon/display/rulers.js,,175d32d6794e2d917f446c4bcc8053c9a9e69eb9fcb3b805daaf015189b6ec03,0
https://cdnjs.cloudflare.com/ajax/libs/codemirror/6.65.7/addon/display/rulers.min.js,,0d5548cc7e6b81c6b1c4857db6ec3bb8ee2233dfd6b603d9d9bb44240aac734c,0
https://cdnjs.cloudflare.com/ajax/libs/codemirror/6.65.7/addon/edit/closebrackets.js,,143c3014c29254f3531cc30be6d90205084bcfc36cffa6f9b2a46fd42a40be20,0
https://cdnjs.cloudflare.com/ajax/libs/codemirror/6.65.7/addon/edit/closebrackets.min.js,,df4a87dd3b175b509468755b74d06f0e82ff56f213f341f776c26ff0f0d27b37,0
https://cdnjs.cloudflare.com/ajax/libs/codemirror/6.65.7/addon/edit/closetag.js,,6fbe2b93cc1744d9e14ad1d613449f7e16df4c2aa2842f658efc17abf662f850,0
https://cdnjs.cloudflare.com/ajax/libs/codemirror/6.65.7/addon/edit/closetag.min.js,,54bafc863b576f5ee96efe0b49f4a70da4dab97b7aa652653a9fcabe6bd4914e,0
https://cdnjs.cloudflare.com/ajax/libs/codemirror/6.65.7/addon/edit/continuelist.js,,6ba9cd9528b74e7f76f4b9ce9ed0677bfed7057d1aade0050185368cfd0ea2e3,0
https://cdnjs.cloudflare.com/ajax/libs/codemirror/6.65.7/addon/edit/continuelist.min.js,,b5eebc7db4f99b071ee900d420b86bcef8e2bea853f065b004e40519749e1d2b,0
https://cdnjs.cloudflare.com/ajax/libs/codemirror/6.65.7/addon/edit/matchbrackets.js,,9d0e5ee4c199fcbe487a901860c2cf7d007263852677dd5858098fcaa8580f1e,0
https://cdnjs.cloudflare.com/ajax/libs/codemirror/6.65.7/addon/edit/matchbrackets.min.js,,f359c5f395a2a08191557d40b61ef8c3893803da9019171cc44b8d9c8c7d4a3a,0
https://cdnjs.cloudflare.com/ajax/libs/codemirror/6.65.7/addon/edit/matchtags.js,,263d752f850b20890f0506fcb277b094b474138692a58b45d7b9bb03e20aa00c,0
https://cdnjs.cloudflare.com/ajax/libs/codemirror/6.65.7/addon/edit/matchtags.min.js,,2e7f3d3db7ee20cd92d78847b2e71fd258db4c466db1f2513e56725a3286772c,0
https://cdnjs.cloudflare.com/ajax/libs/codemirror/6.65.7/addon/edit/trailingspace.js,,a0d2c0196d8f4991cd58f320498f7aece971e502e4811ecf58cb5af8e83007c6,0
https://cdnjs.cloudflare.com/ajax/libs/codemirror/6.65.7/addon/edit/trailingspace.min.js,,aca5c556a4882597f082f20629becd0d475ad52934f9a6e88e71b93913a79258,0
https://cdnjs.cloudflare.com/ajax/libs/codemirror/6.65.7/addon/fold/brace-fold.js,,2907087538a295e5b4f084f8c5ee7eba35cc973db194cbf596ab13a6c97a6834,0
https://cdnjs.cloudflare.com/ajax/libs/codemirror/6.65.7/addon/fold/brace-fold.min.js,,581fe3995089d30e814bea1e17b5ab964beab3ab61859957601a2d7dc45abe60,0
https://cdnjs.cloudflare.com/ajax/libs/codemirror/6.65.7/addon/fold/comment-fold.js,,a79d02eb1b425d8a4823f2d962b7b9f49af578fc9042b928b892417c00e7d13a,0
https://cdnjs.cloudflare.com/ajax/libs/codemirror/6.65.7/addon/fold/comment-fold.min.js,,167a729fea4bd22d3ccefaa66ceed69f957f9a5edf91c158cc041d005704e058,0
https://cdnjs.cloudflare.com/ajax/libs/codemirror/6.65.7/addon/fold/foldcode.js,,07f353e02abcc300739b09f31a9d32a958ebe5d2f76959291e5643c6e40a26a5,0
https://cdnjs.cloudflare.com/ajax/libs/codemirror/6.65.7/addon/fold/foldcode.min.js,,6b016fd8f021c53ad996967fdc43560e0595f5a4ecb6aef7f8d1096b38a10a94,0
https://cdnjs.cloudflare.com/ajax/libs/codemirror/6.65.7/addon/fold/foldgutter.css,,576efcd340b770b60d77d8c29e9df36bf58576391beab51b439114e4ed01ac56,0
https://cdnjs.cloudflare.com/ajax/libs/codemirror/6.65.7/addon/fold/foldgutter.js,,fc85fcd61894dc551a4c7c221ec41b7fa4007d1e33239b1cf8faf56ef1811727,0
https://cdnjs.cloudflare.com/ajax/libs/codemirror/6.65.7/addon/fold/foldgutter.min.css,,0f11f7df8219659bbc9c189b124a6c0c26f99e1a8194d5de58266c5b8b0dd2da,0
https://cdnjs.cloudflare.com/ajax/libs/codemirror/6.65.7/addon/fold/foldgutter.min.js,,9fb45dd644eb794ed1f6751ddf2da4d6cd52c8e21462fdfc5314bc45afadb32e,0
https://cdnjs.cloudflare.com/ajax/libs/codemirror/6.65.7/addon/fold/indent-fold.js,,a835ed1af176b96a1bf00379622e76573a1f6327bd76b583d9c4757a2c4a4194,0
https://cdnjs.cloudflare.com/ajax/libs/codemirror/6.65.7/addon/fold/indent-fold.min.js,,419cc0c23be09b75d66e05ea156beb4f08826b59320338f2464f9895f713c3cc,0
https://cdnjs.cloudflare.com/ajax/libs/codemirror/6.65.7/addon/fold/markdown-fold.js,,6a81721447c7260578e8e306c89b33a49e98edc1c2cb0c52a18ca0e913684d96,0
https://cdnjs.cloudflare.com/ajax/libs/codemirror/6.65.7/addon/fold/markdown-fold.min.js,,87d49872fdc6b8b8407506256efe675573aeb32381486929861ab6cd4a800b3c,0
https://cdnjs.cloudflare.com/ajax/libs/codemirror/6.65.7/addon/fold/xml-fold.js,,4ad0fdc2f93882174c9071e9a3c2324d15d4deb0c43fe607f9efe01dda1af9b4,0
https://cdnjs.cloudflare.com/ajax/libs/codemirror/6.65.7/addon/fold/xml-fold.min.js,,0d3244f38c3df2f475b96f32e5f625468866f948adfc9f9efb4e9e3b4d669ba6,0
https://cdnjs.cloudflare.com/ajax/libs/codemirror/6.65.7/addon/hint/anyword-hint.js,,e834ad178bd23449476e29179e8cb9f0c1ebaed35dab9059ed9a46b388271f3e,0
https://cdnjs.cloudflare.com/ajax/libs/codemirror/6.65.7/addon/hint/anyword-hint.min.js,,4409ec4e1bd3f2ede0893b11a40c19f8a5acfcb3eb11d36dc2ad86c8f6ff46c4,0
https://cdnjs.cloudflare.com/ajax/libs/codemirror/6.65.7/addon/hint/css-hint.js,,0e22d6efa1ea084e8316ec6d5e4c809534f0e36f363bbc4156609201d95c6601,0
https://cdnjs.cloudflare.com/ajax/libs/codemirror/6.65.7/addon/hint/css-hint.min.js,,6aad0537f5422854213414a1f0a2c4580326c0d48850440cd2611c33a4e6daba,0
https://cdnjs.cloudflare.com/ajax/libs/codemirror/6.65.7/addon/hint/html-hint.js,,64d3ef9293ed8917e40ed4e8196da6919379a3b4970c007785c7ed27ab9a0478,0
https://cdnjs.cloudflare.com/ajax/libs/codemirror/6.65.7/addon/hint/html-hint.min.js,,09587a9c04f8fef4f3da14f1110a092d91e7f741b9ff469b5c827b12dc230b7e,0
https://cdnjs.cloudflare.com/ajax/libs/codemirror/6.65.7/addon/hint/javascript-hint.js,,e4dfa3414b3b9535514737074cec2fb0cbf0bfea7e765307122295c98c5137fb,0
https://cdnjs.cloudflare.com/ajax/libs/codemirror/6.65.7/addon/hint/javascript-hint.min.js,,b735bca88ce376f0a18f2fc1cc6276035bc6df1a34c5b6808133d7e343122ef4,0
https://cdnjs.cloudflare.com/ajax/libs/codemirror/6.65.7/addon/hint/show-hint.css,,f4f8c8d48c155dcbf8e04dfb29b0d500974460d08204adfe0dda3be7bb3a2fc8,0
https://cdnjs.cloudflare.com/ajax/libs/codemirror/6.65.7/addon/hint/show-hint.js,,28d2123fd1c9cf197651c2a0b3cb65762ba06dc073e023c75ec05b1f139b0af5,0
https://cdnjs.cloudflare.com/ajax/libs/codemirror/6.65.7/addon/hint/show-hint.min.css,,325c022d8a0efeb629a8e0771612f7659aa4b257d20db239bb160a628d86e785,0
https://cdnjs.cloudflare.com/ajax/libs/codemirror/6.65.7/addon/hint/show-hint.min.js,,5046baaeeaf23bb9bde725e1044b8fc526c0c95d3619a4c772fcf64b753f4dc3,0
https://cdnjs.cloudflare.com/ajax/libs/codemirror/6.65.7/addon/hint/sql-hint.js,,60703945eb6cc93d4f47d70b65f955e66ae8a22c0cb1ceefa69cf0890564544d,0
https://cdnjs.cloudflare.com/ajax/libs/codemirror/6.65.7/addon/hint/sql-hint.min.js,,afe60df25487f92d2c0d9e55923e1741c30c2ba07c253984d2c0f9fc4260e843,0
https://cdnjs.cloudflare.com/ajax/libs/codemirror/6.65.7/addon/hint/xml-hint.js,,6b78f04d2137358d5a01e9fa2b3a8f069acc70f925cc7efc39448ebe9599a805,0
https://cdnjs.cloudflare.com/ajax/libs/codemirror/6.65.7/addon/hint/xml-hint.min.js,,a3abc33eabf3905f00dfcf21ff4b1fa59f6b84c598105621059e8daa770f6e41,0
https://cdnjs.cloudflare.com/ajax/libs/codemirror/6.65.7/addon/lint/coffeescript-lint.js,,824caa68710a7f931ebd30491fec19dcd2c6fa166c21158f5ccd61321069da2d,0
https://cdnjs.cloudflare.com/ajax/libs/codemirror/6.65.7/addon/lint/coffeescript-lint.min.js,,cdb0c00e3b36f202f81e706381da967f1abb1618959b86403244188de6c54dc2,0
https://cdnjs.cloudflare.com/ajax/libs/codemirror/6.65.7/addon/lint/css-lint.js,,f3fc7474cbefded7f1b06d63efe980d58970785831cb35f29874ec371cb4ece8,0
https://cdnjs.cloudflare.com/ajax/libs/codemirror/6.65.7/addon/lint/css-lint.min.js,,eeae98eafa931213035f96d2830f7b9ce9f71bf55584a80ddd991448dda856d4,0
https://cdnjs.cloudflare.com/ajax/libs/codemirror/6.65.7/addon/lint/html-lint.js,,ab7827913934f06a8b4d00e41d5954974c90d5085d1295fe02c484c782c75843,0
https://cdnjs.cloudflare.com/ajax/libs/codemirror/6.65.7/addon/lint/html-lint.min.js,,aa0903da04c0af25019f61f87960e01270098a36914188b5cb466b108f209ad1,0
https://cdnjs.cloudflare.com/ajax/libs/codemirror/6.65.7/addon/lint/javascript-lint.js,,69906dbb83d60e0d104ddf395e29dcaf4a05063f24c085975b9c09693dc860c1,0
https://cdnjs.cloudflare.com/ajax/libs/codemirror/6.65.7/addon/lint/javascript-lint.min.js,,68beea96947058481cae1e4846e541ddb85d5562723fbf891973293e18ab349c,0
https://cdnjs.cloudflare.com/ajax/libs/codemirror/6.65.7/addon/lint/json-lint.js,,cb3522e1bdffb075461c848ba2091cc781b52ef0e69cb39d9a33e1b74dc35ae2,0
https://cdnjs.cloudflare.com/ajax/libs/codemirror/6.65.7/addon/lint/json-lint.min.js,,3dc9255ad080e71991cd410f9a8eb3ccb7191301c61f2d45efbba686d7958c3a,0
https://cdnjs.cloudflare.com/ajax/libs/codemirror/6.65.7/addon/lint/lint.css,,ed8c0595e7b99169479537ffe43ecaf2f6b5148c91b9046c2f15eb78a23db1ac,0
https://cdnjs.cloudflare.com/ajax/libs/codemirror/6.65.7/addon/lint/lint.js,,7c2e8241383104a6188c43b657b17ff7633e0de89d9b98f7d09df29570341e76,0
https://cdnjs.cloudflare.com/ajax/libs/codemirror/6.65.7/addon/lint/lint.min.css,,8b5e6fe0ba8051498a6c213c4370d273274dd7408daf6297412258a4ee0a9fd7,0
https://cdnjs.cloudflare.com/ajax/libs/codemirror/6.65.7/addon/lint/lint.min.js,,0ab60763ec69194a946fb246fefdd38c87cf1947c4f30c0d65b45fa1b5b929fb,0
https://cdnjs.cloudflare.com/ajax/libs/codemirror/6.65.7/addon/lint/yaml-lint.js,,ee7249600f6b395c302b24054060f8abe87cbaa68a9f426593ca5e5f3748bbf9,0
https://cdnjs.cloudflare.com/ajax/libs/codemirror/6.65.7/addon/lint/yaml-lint.min.js,,ada0d5c86618a5b94303e66fc6f868f1e7b56f1b7fbd9c300e77ca69d96ba2b2,0
https://cdnjs.cloudflare.com/ajax/libs/codemirror/6.65.7/addon/merge/merge.css,,059381d10112184efb5a90067c396fb24e257a97f0f1190de740a4eaebbfe2a3,0
https://cdnjs.cloudflare.com/ajax/libs/codemirror/6.65.7/addon/merge/merge.js,,916279b765e93236826a1aa71f96924084707d50486739e9b4524a3f773d41ae,0
https://cdnjs.cloudflare.com/ajax/libs/codemirror/6.65.7/addon/merge/merge.min.css,,a7e690ac31338c16b5c1fd517dd5764e93bda9313d44d22e0fcd4cf7af5c2336,0
https://cdnjs.cloudflare.com/ajax/libs/codemirror/6.65.7/addon/merge/merge.min.js,,3e18e7a680a08f2a640ed81e2ac9f87fbccb4755a345043f6f0e812f7a3f5471,0
https://cdnjs.cloudflare.com/ajax/libs/codemirror/6.65.7/addon/mode/loadmode.js,,be81c0312e7041f56c217430a177fea61e572bcb9579a39ca1922a2e4d51abec,0
https://cdnjs.cloudflare.com/ajax/libs/codemirror/6.65.7/addon/mode/loadmode.min.js,,4b4027fbe4670d7e50fbf098666856d56e136d4e0e2eff9c17b4d8a5e8a920c4,0
https://cdnjs.cloudflare.com/ajax/libs/codemirror/6.65.7/addon/mode/multiplex_test.js,,73e22c6765036bce1db37e31f8c46d62a56ca232840fb4fb968d17c24c3e8f74,0
https://cdnjs.cloudflare.com/ajax/libs/codemirror/6.65.7/addon/mode/multiplex_test.min.js,,d3868562de1f90349e2f9f3ecfc084fe1c01b46024e4650a2658f6589f970a63,0
https://cdnjs.cloudflare.com/ajax/libs/codemirror/6.65.7/addon/mode/multiplex.js,,09ec21386de4e951c1eefe0f1db478a9f57701b202ce18424f2b89d4f74aeff5,0
https://cdnjs.cloudflare.com/ajax/libs/codemirror/6.65.7/addon/mode/multiplex.min.js,,c5db8b613799056d45ea27e3543bb2f075ab374acf6cd36d53628268fcf5fbc6,0
https://cdnjs.cloudflare.com/ajax/libs/codemirror/6.65.7/addon/mode/overlay.js,,1b44334e2a04d90f2b473c26847798859039190142e53f72f3b7de0f82696d0e,0
https://cdnjs.cloudflare.com/ajax/libs/codemirror/6.65.7/addon/mode/overlay.min.js,,2d2fc6f219c5ec536fe6bfe38fa241a8aba9045cf79b6e3599c906995644487b,0
https://cdnjs.cloudflare.com/ajax/libs/codemirror/6.65.7/addon/mode/simple.js,,400f49309b31197c0c4ec76519c93647b494ab80f59f96d7f051463e0aa37eb0,0
https://cdnjs.cloudflare.com/ajax/libs/codemirror/6.65.7/addon/mode/simple.min.js,,9c31d15000adff2ac99ecc025ea3df24babfc004a63deeca9ca946a491d1dd4e,0
https://cdnjs.cloudflare.com/ajax/libs/codemirror/6.65.7/addon/runmode/colorize.js,,9d39f5267c05d930f079fc4f223b453e8f9fd54cae6cf52db9b5dc3a0b9dd694,0
https://cdnjs.cloudflare.com/ajax/libs/codemirror/6.65.7/addon/runmode/colorize.min.js,,35142e1620dbd46ea2ca396982014c7f3b5dccf471f1f642f3dff654a9f6a596,0
https://cdnjs.cloudflare.com/ajax/libs/codemirror/6.65.7/addon/runmode/runmode-standalone.js,,c1c9bc16a627699da49d9733f93d75963603175081a540b276f11c604739abc9,0
https://cdnjs.cloudflare.com/ajax/libs/codemirror/6.65.7/addon/runmode/runmode-standalone.min.js,,7faf1b594b2b83a7bf457397e4ef27f0c01e90f013ed59688dbbb41c9c2c9a0a,0
https://cdnjs.cloudflare.com/ajax/libs/codemirror/6.65.7/addon/runmode/runmode.js,,920d8eee55e987468236ba7ed2886de0bb8b2fed9d7060383a39ea29924ae885,0
https://cdnjs.cloudflare.com/ajax/libs/codemirror/6.65.7/addon/runmode/runmode.min.js,,b6ef4799e266b046782532cddad2f942c4f5e6edba5fd19b1eb731de37ee5cb7,0
https://cdnjs.cloudflare.com/ajax/libs/codemirror/6.65.7/addon/runmode/runmode.node.js,,0d796745f8db549e4ade4132025a45994f45dd6f4765402ee75e4113019edea6,0
https://cdnjs.cloudflare.com/ajax/libs/codemirror/6.65.7/addon/runmode/runmode.node.min.js,,9ff4ba6dd60c54ac6b69d0984ad4940cb02b1c81ae79863e5e6bc04d0f9c21f4,0
https://cdnjs.cloudflare.com/ajax/libs/codemirror/6.65.7/addon/scroll/annotatescrollbar.js,,9041e8d81e3cebc481cabfae90d3b80596f3194de75d98e5526d3bfa44ae3bbc,0
https://cdnjs.cloudflare.com/ajax/libs/codemirror/6.65.7/addon/scroll/annotatescrollbar.min.js,,2d8839a01af98a740a44b03d5635afc3ca11b5b5a7a1fc3d016d7c5f9fc30e8d,0
https://cdnjs.cloudflare.com/ajax/libs/codemirror/6.65.7/addon/scroll/scrollpastend.js,,6cd389df1da1ff9ba25728e03afb7f47df3162c3d9bdb5cedd06fc91c6199479,0
https://cdnjs.cloudflare.com/ajax/libs/codemirror/6.65.7/addon/scroll/scrollpastend.min.js,,de58b504a8e98021e475d836b45efb4b7a558d87d8f445c547ac3df192f91247,0
https://cdnjs.cloudflare.com/ajax/libs/codemirror/6.65.7/addon/scroll/simplescrollbars.css,,e2693b54abcd2168d89c0fab131c6d2cdb2319a3cf239aa5d814408261714341,0
https://cdnjs.cloudflare.com/ajax/libs/codemirror/6.65.7/addon/scroll/simplescrollbars.js,,62b48bff43436bfb8ecc5e3273e6047f0b934c1d873c81e863e13bb462d1e1ab,0
https://cdnjs.cloudflare.com/ajax/libs/codemirror/6.65.7/addon/scroll/simplescrollbars.min.css,,3568ed570480177613319fab71ad78e7f6a1c265b06ed8f5ae688517562ae730,0
https://cdnjs.cloudflare.com/ajax/libs/codemirror/6.65.7/addon/scroll/simplescrollbars.min.js,,ed6375add570d692a54df7e1477bb562e1400ce60fc4926f38a385a133872c1f,0
https://cdnjs.cloudflare.com/ajax/libs/codemirror/6.65.7/addon/search/jump-to-line.js,,39b7d80ee80cabe2f5936673b3cadbfd4d260dfe6dc6f936523a334044962ffa,0
https://cdnjs.cloudflare.com/ajax/libs/codemirror/6.65.7/addon/search/jump-to-line.min.js,,98d3a590d2d60037ead413dc70aae17b05da6bde62528d2365a540fde4852887,0
https://cdnjs.cloudflare.com/ajax/libs/codemirror/6.65.7/addon/search/match-highlighter.js,,8c3e196f9a5f9e5cf9d7e71751132a05293e7cdb180defacf28be9fe919682cb,0
https://cdnjs.cloudflare.com/ajax/libs/codemirror/6.65.7/addon/search/match-highlighter.min.js,,f69620cfdb7c6ade024ff51e0c33b3c225485068c6d3daebf1ae2251de9b445e,0
https://cdnjs.cloudflare.com/ajax/libs/codemirror/6.65.7/addon/search/matchesonscrollbar.css,,ee4dfbe9b6d1177a1ed95f2f6c94465471657d65b67e67194de51db06dc775fb,0
https://cdnjs.cloudflare.com/ajax/libs/codemirror/6.65.7/addon/search/matchesonscrollbar.js,,a2deca7f8ca380dc7772929cc7c23b6737109f3cf0a55e7e18832808d98530c8,0
https://cdnjs.cloudflare.com/ajax/libs/codemirror/6.65.7/addon/search/matchesonscrollbar.min.css,,1c66601df18559bfd36cf400f0dda3ec76f47262e3690b83b94a7a98ac5bf1b0,0
https://cdnjs.cloudflare.com/ajax/libs/codemirror/6.65.7/addon/search/matchesonscrollbar.min.js,,b0178ff8b782e17ddc94c0df962123dd62dcd5800d40927c798a3f6b685f83e0,0
https://cdnjs.cloudflare.com/ajax/libs/codemirror/6.65.7/addon/search/search.js,,4949580371fcd81c0ad70164b169dd8bcab2bd9869eddaa0d7e295508bec7a04,0
https://cdnjs.cloudflare.com/ajax/libs/codemirror/6.65.7/addon/search/search.min.js,,59c16a8249700b3b6d6c23693e09fb7fbec58c13e330c7815008e77b91da025e,0
https://cdnjs.cloudflare.com/ajax/libs/codemirror/6.65.7/addon/search/searchcursor.js,,2c0b8cd8fe7ca5ca2253f4aacc914b390bff5b3cac3475df66c43a9ea8c8ccbe,0
https://cdnjs.cloudflare.com/ajax/libs/codemirror/6.65.7/addon/search/searchcursor.min.js,,0b5f19d72d5febca9b2bb3d471489eadd92ff2c18d29fef5335bbb536cba6692,0
https://cdnjs.cloudflare.com/ajax/libs/codemirror/6.65.7/addon/selection/active-line.js,,3afbcf78835c9bdc342e3992c53d9b74286722613bb1a8adc9d140edc8737ee8,0
https://cdnjs.cloudflare.com/ajax/libs/codemirror/6.65.7/addon/selection/active-line.min.js,,bbca0b4ba03a94163a1eaa604b45ef038c12d8572b7cc16a41dd287b40cc998c,0
https://cdnjs.cloudflare.com/ajax/libs/codemirror/6.65.7/addon/selection/mark-selection.js,,5b9c6a0031fe895641f2eb2198df2592ec769a6685d6bb10f3f9b92a7822e286,0
https://cdnjs.cloudflare.com/ajax/libs/codemirror/6.65.7/addon/selection/mark-selection.min.js,,e98cdbbcd63c9f1b6e09e19e7d8ace84a3f055d08fa898f3e433055e4c7b93bc,0
https://cdnjs.cloudflare.com/ajax/libs/codemirror/6.65.7/addon/selection/selection-pointer.js,,fdd7ff53d0ca796c5e3792ceb5063c84d0735bcaf198a1c06c78880f1c664a22,0
https://cdnjs.cloudflare.com/ajax/libs/codemirror/6.65.7/addon/selection/selection-pointer.min.js,,5e33d61a2702b00922b1a1d6796f75da95acdb6d3a25e3f76a221cb8fec3a06b,0
https://cdnjs.cloudflare.com/ajax/libs/codemirror/6.65.7/addon/tern/tern.css,,107542ab314a1db5eb9ee84f7f2543f9fcf7e03e472a35edef2c5fd84fa308f7,0
https://cdnjs.cloudflare.com/ajax/libs/codemirror/6.65.7/addon/tern/tern.js,,1ebb5ad38f72115c49865b5537fd9c77da506b7ed2be38bd310306af3c698e44,0
https://cdnjs.cloudflare.com/ajax/libs/codemirror/6.65.7/addon/tern/tern.min.css,,de7afc67b11a3f7bd8df9754b49cdd0fd9be9dd79fde7e7759e85ac4c8138c2b,0
https://cdnjs.cloudflare.com/ajax/libs/codemirror/6.65.7/addon/tern/tern.min.js,,8b0972a7e026b714f1bd3c7801f328996b2ce11823b1ff10cebbc0115514682e,0
https://cdnjs.cloudflare.com/ajax/libs/codemirror/6.65.7/addon/tern/worker.js,,80c0e9bc4e2ef9ca9c97199818318429d26fae0d2452a20547b1e458eccf794d,0
https://cdnjs.cloudflare.com/ajax/libs/codemirror/6.65.7/addon/tern/worker.min.js,,7e589401586948eef0780e808ec82ef3bbdc18ca2ebe90609f18ba749ca66fe8,0
https://cdnjs.cloudflare.com/ajax/libs/codemirror/6.65.7/addon/wrap/hardwrap.js,,bee81aee6222a46b1aeb14d6fc738d3cc09a4e421f808e29b3c6989710ccbfc8,0
https://cdnjs.cloudflare.com/ajax/libs/codemirror/6.65.7/addon/wrap/hardwrap.min.js,,197dd26ac29e91c01d705ce9d592868023aae1449d77041acbf27884a137ee88,0
https://cdnjs.cloudflare.com/ajax/libs/codemirror/6.65.7/codemirror.css,,eb494ea972d2661ef86f7f6ac656dd6786d721e49c9c1b46e1eb967e4b6f9bf3,0
https://cdnjs.cloudflare.com/ajax/libs/codemirror/6.65.7/codemirror.js,,a4f1c30365d5f85951a22160b07a7ce34048cb640c283545c8192132b46efba8,0
https://cdnjs.cloudflare.com/ajax/libs/codemirror/6.65.7/codemirror.min.css,,11077112ab6955d29fe41085c62365c7d4a2f00a570c7475e2aec2a8cbc85fc4,0
https://cdnjs.cloudflare.com/ajax/libs/codemirror/6.65.7/codemirror.min.js,,458689ce1e2e10b9e363c4d6ef5e6edbfaf2fb42ccc38871c259a9092d75c7c6,0
https://cdnjs.cloudflare.com/ajax/libs/codemirror/6.65.7/keymap/emacs.js,,af2f42c9f461951f13e9785f634cc9f8e5d63b0c5c2375b331105dea19a71fef,0
https://cdnjs.cloudflare.com/ajax/libs/codemirror/6.65.7/keymap/emacs.min.js,,b2a11874fed33b27e9ecb66ee4a9bd76ecf47b0f884d4290425fe691879aef56,0
https://cdnjs.cloudflare.com/ajax/libs/codemirror/6.65.7/keymap/sublime.js,,1d532a67594845cb7163b090a06da9287b896944ab5f22df67f14e176bd434e5,0
https://cdnjs.cloudflare.com/ajax/libs/codemirror/6.65.7/keymap/sublime.min.js,,00aa1b10b49411ae30ff65af9373507f79d796b57af180e126e71635d7db4a1a,0
https://cdnjs.cloudflare.com/ajax/libs/codemirror/6.65.7/keymap/vim.js,,c8124370e0ba7e76d5cde3c18d257c5c99e5578d6505f0eeaab5c791673c40e8,0
https://cdnjs.cloudflare.com/ajax/libs/codemirror/6.65.7/keymap/vim.min.js,,5825e6c1565103989ff340733c9a6d7fdf0f5a06302913959f3600d21effd03a,0
https://cdnjs.cloudflare.com/ajax/libs/codemirror/6.65.7/mode/apl/apl.js,,47e0fdac0a39e0186019064e13b674dda4223b03b2748d34cccc09489fde2674,0
https://cdnjs.cloudflare.com/ajax/libs/codemirror/6.65.7/mode/apl/apl.min.js,,401519da6231c4b23e73f881828c9fec797af0a297404820194a355e668a7db0,0
https://cdnjs.cloudflare.com/ajax/libs/codemirror/6.65.7/mode/asciiarmor/asciiarmor.js,,bdcb68c4b0c9dc53b2af587673461a495f123a5b9da8f6be79d97fee2790f9ae,0
https://cdnjs.cloudflare.com/ajax/libs/codemirror/6.65.7/mode/asciiarmor/asciiarmor.min.js,,5986d61fb5789c0c835f82039a66ceb08bc71e71f5ce4be152ea37b6e8bba1a0,0
https://cdnjs.cloudflare.com/ajax/libs/codemirror/6.65.7/mode/asn.1/asn.1.js,,5b50cca4b34820cb3d57c218945ff2d870d57eba83e13c2c66590063e2a23acc,0
https://cdnjs.cloudflare.com/ajax/libs/codemirror/6.65.7/mode/asn.1/asn.1.min.js,,4ca289cbc292f5ab3e4dca7c921939121776f41b266eef79b4c4160fda17e216,0
https://cdnjs.cloudflare.com/ajax/libs/codemirror/6.65.7/mode/asterisk/asterisk.js,,0849e3a141e967559d752de2205956cb690f1d4ba0a5ace5481c6c565db9b674,0
https://cdnjs.cloudflare.com/ajax/libs/codemirror/6.65.7/mode/asterisk/asterisk.min.js,,465996ba0cee56a37fa4c31f2bd4467e39bc5b83c7adf83b146c171b0f7f64d3,0
https://cdnjs.cloudflare.com/ajax/libs/codemirror/6.65.7/mode/brainfuck/brainfuck.js,,67496a83fe1ea3304a3f65a8f8196f3a4a40060ea4febcbb60a82c7657205abd,0
https://cdnjs.cloudflare.com/ajax/libs/codemirror/6.65.7/mode/brainfuck/brainfuck.min.js,,46a9c16456fe37d28c55bd02833fb6f17a3a80f72f394fd059084a0766494f7c,0
https://cdnjs.cloudflare.com/ajax/libs/codemirror/6.65.7/mode/clike/clike.js,,a1ff458a030f8b1db2d901811344f3e178eaceb19b598277d054bf83dacfecd2,0
https://cdnjs.cloudflare.com/ajax/libs/codemirror/6.65.7/mode/clike/clike.min.js,,a7a2381cbd078848a710fed2c62212f8f9449b08abcdf319f180becb6a31d496,0
https://cdnjs.cloudflare.com/ajax/libs/codemirror/6.65.7/mode/clojure/clojure.js,,86b7b779ab84fa77bc6e461a05fd0887d85a3c8cd42a96576cad973b355bb1b8,0
https://cdnjs.cloudflare.com/ajax/libs/codemirror/6.65.7/mode/clojure/clojure.min.js,,1e70c935cce06a102e40c4322168d787587703152f61210709ecbd8f6529b227,0
https://cdnjs.cloudflare.com/ajax/libs/codemirror/6.65.7/mode/cmake/cmake.js,,6379ded0f75af38659031d1eaa803d2bd5be0fa7cebc216e55ca65d01a35bf1a,0
https://cdnjs.cloudflare.com/ajax/libs/codemirror/6.65.7/mode/cmake/cmake.min.js,,8c1404572ba872c3d9085146fb8b221d344cf97dc3cc72220374239fc6e1f49e,0
https://cdnjs.cloudflare.com/ajax/libs/codemirror/6.65.7/mode/cobol/cobol.js,,0cecf82da2915c20187ab4e29cfc4abbb0078536874b27978726d48371487e4c,0
https://cdnjs.cloudflare.com/ajax/libs/codemirror/6.65.7/mode/cobol/cobol.min.js,,dc07462e44ad37d094786e8281c8a22a0c1ecb1e6009d29bd199637358fdeceb,0
https://cdnjs.cloudflare.com/ajax/libs/codemirror/6.65.7/mode/coffeescript/coffeescript.js,,67792b36933d29b482307761ee03da520a19b3b30ca60f54df9cdef4051db628,0
https://cdnjs.cloudflare.com/ajax/libs/codemirror/6.65.7/mode/coffeescript/coffeescript.min.js,,38410543a6b08d225f791e3c4f8d0e76b71b7626f99d1dba5396b0790c7a5ab0,0
https://cdnjs.cloudflare.com/ajax/libs/codemirror/6.65.7/mode/commonlisp/commonlisp.js,,0efe46913f843f5c335c79e05ae758e60212dde9cd3c45d99fae8066bd13c128,0
https://cdnjs.cloudflare.com/ajax/libs/codemirror/6.65.7/mode/commonlisp/commonlisp.min.js,,4daacb3f6c3c585b4b011e0c25a92f2486399a752df72416fd689250209d3607,0
https://cdnjs.cloudflare.com/ajax/libs/codemirror/6.65.7/mode/crystal/crystal.js,,5e6e8458e3fa4079ff438060ac7f93b8b7a160212b1cce92516f1ea9680b57da,0
https://cdnjs.cloudflare.com/ajax/libs/codemirror/6.65.7/mode/crystal/crystal.min.js,,b49f887107b7530793bbd69645439b79f92ba5cdada37b0b29bdf24685cacce0,0
https://cdnjs.cloudflare.com/ajax/libs/codemirror/6.65.7/mode/css/css.js,,60f0689e5c6af7f36c341e8e1341a4f10b4f0a04cebfb7341bcbedba9b572b32,0
https://cdnjs.cloudflare.com/ajax/libs/codemirror/6.65.7/mode/css/css.min.js,,ee0ce00f346a6d7e345a74ab32f2cc600e8b7df878b28715d7d52192fa274eee,0
https://cdnjs.cloudflare.com/ajax/libs/codemirror/6.65.7/mode/cypher/cypher.js,,6d8c9c8993fdeb724f1f68e9574fdab0001da1d31196e33ac6112303005d3f63,0
https://cdnjs.cloudflare.com/ajax/libs/codemirror/6.65.7/mode/cypher/cypher.min.js,,684c4eda91148c9d87f3148d2f7bb9ebe1b0ad90d9bce26ba5cd41b976edd51f,0
https://cdnjs.cloudflare.com/ajax/libs/codemirror/6.65.7/mode/d/d.js,,8e3994ce4f507e692b65aa73ffbfd58112c4a22771b84b8ad86152578d4e8130,0
https://cdnjs.cloudflare.com/ajax/libs/codemirror/6.65.7/mode/d/d.min.js,,71406a9392d03b692de7b6797ac43f15d0d8ab4e1cc091b03f5507e37e673e5f,0
https://cdnjs.cloudflare.com/ajax/libs/codemirror/6.65.7/mode/dart/dart.js,,b09be809dc1f9e3ad59374b198b0e5c4992788b9ff524765fccd0b84fde52212,0
https://cdnjs.cloudflare.com/ajax/libs/codemirror/6.65.7/mode/dart/dart.min.js,,a582457ca4f483f9c1d77a174a15dc422d37979f444a8a13c223e67b69c8046c,0
https://cdnjs.cloudflare.com/ajax/libs/codemirror/6.65.7/mode/diff/diff.js,,3fd0e844e22f475503415744b7e7af24df4cd0670709c77e5e43e92185ba32fd,0
https://cdnjs.cloudflare.com/ajax/libs/codemirror/6.65.7/mode/diff/diff.min.js,,644373bd74d0e2d727fbeb9437cfd05650c67dca4dd844da5cf5954135750d8c,0
https://cdnjs.cloudflare.com/ajax/libs/codemirror/6.65.7/mode/django/django.js,,71a3fa0ac63fe080a12097209e509c36abe0fde9c9709610be1656163d25a8bc,0
https://cdnjs.cloudflare.com/ajax/libs/codemirror/6.65.7/mode/django/django.min.js,,7c0beed867a25ed62c8eb0613f0930f1eda28b9939ac03d6425797b0ac794172,0
https://cdnjs.cloudflare.com/ajax/libs/codemirror/6.65.7/mode/dockerfile/dockerfile.js,,fca390cea85e1b711389d1a91b99faeccf7b4df0f48e3ceaecf2e517982cb2b7,0
https://cdnjs.cloudflare.com/ajax/libs/codemirror/6.65.7/mode/dockerfile/dockerfile.min.js,,67a53c70a79b1c0e7a7fc4847d00df2c4d992a6853a8a7f839ada0ab1598bf00,0
https://cdnjs.cloudflare.com/ajax/libs/codemirror/6.65.7/mode/dtd/dtd.js,,3f04995b147addeee1637bbfd0054676e78d13f7accaf2f589c55837d70148c1,0
https://cdnjs.cloudflare.com/ajax/libs/codemirror/6.65.7/mode/dtd/dtd.min.js,,73bec4b3a879c252571b2c09d618d569d474c62de940f8200b0a8933c6daf12a,0
https://cdnjs.cloudflare.com/ajax/libs/codemirror/6.65.7/mode/dylan/dylan.js,,999b862ebc559366e71a731e2a28b2762ae4fe7c7882ba5f6bf20c33a2d737b7,0
https://cdnjs.cloudflare.com/ajax/libs/codemirror/6.65.7/mode/dylan/dylan.min.js,,20a1e18522f1f51d43e0a5a70556f4045556e33745eae5fb9412b7c8c4dea486,0
https://cdnjs.cloudflare.com/ajax/libs/codemirror/6.65.7/mode/ebnf/ebnf.js,,1175e07f831fd02ccf09d4582351c5932a48fa03be5c0eb1028c8f96c051935f,0
https://cdnjs.cloudflare.com/ajax/libs/codemirror/6.65.7/mode/ebnf/ebnf.min.js,,086d8fd1f5d3699ed2f95efc14bd68afbc12ed72ec5962a66f16f15cb87237de,0
https://cdnjs.cloudflare.com/ajax/libs/codemirror/6.65.7/mode/ecl/ecl.js,,c78998872dd14cdb356d5a9bd196f7d3525e3cb03a591133e0e904afaaec11b7,0
https://cdnjs.cloudflare.com/ajax/libs/codemirror/6.65.7/mode/ecl/ecl.min.js,,b7d3f35ca0361cccc0fee304c62fb58c3fcb5078fe81d02a01079c6a1c3cf3b6,0
https://cdnjs.cloudflare.com/ajax/libs/codemirror/6.65.7/mode/eiffel/eiffel.js,,183e855f6474cc2c4cf0b6c5e5c40ea7821707d37ac414277dcda294ffae1721,0
https://cdnjs.cloudflare.com/ajax/libs/codemirror/6.65.7/mode/eiffel/eiffel.min.js,,de10f4e54e44eda267390f9647c9a37fec11fec1b377a648b88d9469a9980613,0
https://cdnjs.cloudflare.com/ajax/libs/codemirror/6.65.7/mode/elm/elm.js,,e343ffaffff2dc6fd9c5923228b46c23723c396993459eca6217871f1c087ebc,0
https://cdnjs.cloudflare.com/ajax/libs/codemirror/6.65.7/mode/elm/elm.min.js,,aa383b3f2bbabf7c140e28a6bac443282c80b500fb3ead617390f3be5f12b998,0
https://cdnjs.cloudflare.com/ajax/libs/codemirror/6.65.7/mode/erlang/erlang.js,,2ae29808247e9d6a58a83893b0e8b627c0ca337cffa541ef16fb506edfdba77e,0
https://cdnjs.cloudflare.com/ajax/libs/codemirror/6.65.7/mode/erlang/erlang.min.js,,65dc7f326ae2c836b756b36bbea3f3a8cd7f0c27faad6b5e5fb4d67ac4828992,0
https://cdnjs.cloudflare.com/ajax/libs/codemirror/6.65.7/mode/factor/factor.js,,baf7c16c387e7abfc308dfcb7fcc1ea9ae0a898d13455349083ea72c7bfa4c4a,0
https://cdnjs.cloudflare.com/ajax/libs/codemirror/6.65.7/mode/factor/factor.min.js,,46a4a961b4c1dc70291fac76525bc9a4019fbbcb9af90aedbe764c5a48c30838,0
https://cdnjs.cloudflare.com/ajax/libs/codemirror/6.65.7/mode/fcl/fcl.js,,7c9d372be44c1c418a101885662d80d4bf6104e1b717d36cbdbd05a5956abc70,0
https://cdnjs.cloudflare.com/ajax/libs/codemirror/6.65.7/mode/fcl/fcl.min.js,,aefe5d6499732e2db68c555c6d7f55b7b59cb24d3d28aae61ba35effa90652d0,0
https://cdnjs.cloudflare.com/ajax/libs/codemirror/6.65.7/mode/forth/forth.js,,1c6c0a8fb3572fba544083795b3259f8a35cae81ec2ddb19b4fd7af2a91ab34a,0
https://cdnjs.cloudflare.com/ajax/libs/codemirror/6.65.7/mode/forth/forth.min.js,,0691ffee4c49fc8ce323869ebbb4096a7166f549dc70e716c104cfcb426a8258,0
https://cdnjs.cloudflare.com/ajax/libs/codemirror/6.65.7/mode/fortran/fortran.js,,b3351c6cd6e696c2ebf0e6ae1ff7925ed65add92947007402e0b3112634f6392,0
https://cdnjs.cloudflare.com/ajax/libs/codemirror/6.65.7/mode/fortran/fortran.min.js,,2f187924798e9a7645598a40a937b44d3cf9198a43d8bc5bc3e5c6d914c12bc4,0
https://cdnjs.cloudflare.com/ajax/libs/codemirror/6.65.7/mode/gas/gas.js,,414899aed81f9bdb726a6729047f1afb538679ee58623beb8fa51dc7412db6e9,0
https://cdnjs.cloudflare.com/ajax/libs/codemirror/6.65.7/mode/gas/gas.min.js,,86282dfd7fd439fbe9d946b4c440990e66113c12166930b0634921ac7f5404ef,0
https://cdnjs.cloudflare.com/ajax/libs/codemirror/6.65.7/mode/gfm/gfm.js,,1fcdbf9a611c238acf53f906126fba93ae0550d74858efad61d72b8b3ed6e0bc,0
https://cdnjs.cloudflare.com/ajax/libs/codemirror/6.65.7/mode/gfm/gfm.min.js,,f34f273fc3cb90d1be6556b9588e388aade167e11ee635f8b9637241b3788241,0
https://cdnjs.cloudflare.com/ajax/libs/codemirror/6.65.7/mode/gherkin/gherkin.js,,732eb81eccbef7db49729af3f23d477dc8f27a4d9bf2fb2c6bb520d8ec19bddb,0
https://cdnjs.cloudflare.com/ajax/libs/codemirror/6.65.7/mode/gherkin/gherkin.min.js,,3967d7c6503c0d4936d3676c7e897b124b25194d7829f2701dc931e016c0c59e,0
https://cdnjs.cloudflare.com/ajax/libs/codemirror/6.65.7/mode/go/go.js,,4e3b08bda2f85c9ef68c03f24c0c5ca3b8ba479127b6cbc50f33cb9593dbaf00,0
https://cdnjs.cloudflare.com/ajax/libs/codemirror/6.65.7/mode/go/go.min.js,,300680546e93518de9a11d3cda0be10200cdeeca677db90e201edea413812c77,0
https://cdnjs.cloudflare.com/ajax/libs/codemirror/6.65.7/mode/groovy/groovy.js,,6641a0b1555ee0f1bca36975a4fcadd43d512de7ca814328cc6402e1ce836b4c,0
https://cdnjs.cloudflare.com/ajax/libs/codemirror/6.65.7/mode/groovy/groovy.min.js,,6c77ec34742a3f848a1a755a77f434d8363309c5abcf07d9c15a4a2669e41bd4,0
https://cdnjs.cloudflare.com/ajax/libs/codemirror/6.65.7/mode/haml/haml.js,,9e9606fecf19869e51c32a84e18c4447c0d4ad2031730e5690b571f318409022,0
https://cdnjs.cloudflare.com/ajax/libs/codemirror/6.65.7/mode/haml/haml.min.js,,eacbdf82108edd5d832b3694ba0e6c10262a37bc8c62b57711d2c5244a5a2710,0
https://cdnjs.cloudflare.com/ajax/libs/codemirror/6.65.7/mode/handlebars/handlebars.js,,60bac3d6993264e155b5a06f52cda56b7bab2fb5923f3d1cc7e8caf704fca724,0
https://cdnjs.cloudflare.com/ajax/libs/codemirror/6.65.7/mode/handlebars/handlebars.min.js,,d1d9c2cc294eaaddb72aa73028e42df0f5930355d3ff7c903217af3bf9a95e2f,0
https://cdnjs.cloudflare.com/ajax/libs/codemirror/6.65.7/mode/haskell-literate/haskell-literate.js,,7519d0b515603244f029c3031a4625fdccac88cb640fcb6e117718ec2c0b3c50,0
https://cdnjs.cloudflare.com/ajax/libs/codemirror/6.65.7/mode/haskell-literate/haskell-literate.min.js,,174ad344fdfd80025da1fde2bc082a8d63f4014ef15e54ae241edbbaf96e6669,0
https://cdnjs.cloudflare.com/ajax/libs/codemirror/6.65.7/mode/haskell/haskell.js,,4745a90832e950c9536f0bf498e5bf6fb3753a4a98bea09ec152b92354c0fdaa,0
https://cdnjs.cloudflare.com/ajax/libs/codemirror/6.65.7/mode/haskell/haskell.min.js,,b7a73649839e543ee06346414f6f859541adc16ed4887774a705787a81312e3b,0
https://cdnjs.cloudflare.com/ajax/libs/codemirror/6.65.7/mode/haxe/haxe.js,,f3596c7efe948a3331bb1bea299f6fcb8e7733777dc2114a9f2147dfc1c69257,0
https://cdnjs.cloudflare.com/ajax/libs/codemirror/6.65.7/mode/haxe/haxe.min.js,,c9e6a66f296daa935ff2780536eee82339d932ecd23db15542f452b3b88e3258,0
https://cdnjs.cloudflare.com/ajax/libs/codemirror/6.65.7/mode/htmlembedded/htmlembedded.js,,8afc8da4e446322cf92d78bef9940f9444aee339f56c8b9af5452fadfb867601,0
https://cdnjs.cloudflare.com/ajax/libs/codemirror/6.65.7/mode/htmlembedded/htmlembedded.min.js,,e0051901a32b84327653d0b91c339efaffd919eee7e20af72c3360bce2378109,0
https://cdnjs.cloudflare.com/ajax/libs/codemirror/6.65.7/mode/htmlmixed/htmlmixed.js,,fe5912e1d10f8fecb98bd31e2f957c0bbc9abf6b505d11b6dbcd27542d0fdcad,0
https://cdnjs.cloudflare.com/ajax/libs/codemirror/6.65.7/mode/htmlmixed/htmlmixed.min.js,,506e12c1fc68437c2f5d45b2d7c8cd341f231ad94c5126667c0272bfe6359e6a,0
https://cdnjs.cloudflare.com/ajax/libs/codemirror/6.65.7/mode/http/http.js,,89842864a707564a989a841ce934b61659f34b012f2349e5c4fd9a09c5982f6c,0
https://cdnjs.cloudflare.com/ajax/libs/codemirror/6.65.7/mode/http/http.min.js,,57a48884ffba87f1471ae07cbb78f1c54d5771520b7bb0640ee830d0dd4a7385,0
https://cdnjs.cloudflare.com/ajax/libs/codemirror/6.65.7/mode/idl/idl.js,,7d45bc0899e019f558e68eca684ed84660bf4687cd64fb4ed2c959ad249b763d,0
https://cdnjs.cloudflare.com/ajax/libs/codemirror/6.65.7/mode/idl/idl.min.js,,4749e6ea7373c709d6b9168efebb71abc8ce5894dff3f3837baebd6647ab1122,0
https://cdnjs.cloudflare.com/ajax/libs/codemirror/6.65.7/mode/javascript/javascript.js,,21fa74c1638c7a4eb3e8cd04b5c8c997181394568330b341c83716da18ffad8e,0
https://cdnjs.cloudflare.com/ajax/libs/codemirror/6.65.7/mode/javascript/javascript.min.js,,b35305948f2aed771d45b431055816890e1af8b321826e520753015267c3c290,0
https://cdnjs.cloudflare.com/ajax/libs/codemirror/6.65.7/mode/jinja2/jinja2.js,,b408eeadec21747f7c4ed41dcb9ec4e540aa1493d0a7971e74aa1eed05049b93,0
https://cdnjs.cloudflare.com/ajax/libs/codemirror/6.65.7/mode/jinja2/jinja2.min.js,,3877ab2174036133dc2e704e762604c4c08bf38baafa85c1d955f23303865a5a,0
https://cdnjs.cloudflare.com/ajax/libs/codemirror/6.65.7/mode/jsx/jsx.js,,c6babd67df23bb0278d432fba3d2dbd03bb1fb3862d4d70549cda1b0d9953abf,0
https://cdnjs.cloudflare.com/ajax/libs/codemirror/6.65.7/mode/jsx/jsx.min.js,,a0bbb56832d1f34553bd2272dfce82a609fac396021fcd82ecde788571831310,0
https://cdnjs.cloudflare.com/ajax/libs/codemirror/6.65.7/mode/julia/julia.js,,54d93c9a83269af3bd8bc6593be2368f07b4efa4223074b54f3aad44097a4d32,0
https://cdnjs.cloudflare.com/ajax/libs/codemirror/6.65.7/mode/julia/julia.min.js,,8f68de271f1118ba7a12379340956319944f427cb64d60e49dddc0f0680a5a39,0
https://cdnjs.cloudflare.com/ajax/libs/codemirror/6.65.7/mode/livescript/livescript.js,,b9b5f3fca094c735f94174d463746bc39d0930dc42b70bf5004efaed96b080ea,0
https://cdnjs.cloudflare.com/ajax/libs/codemirror/6.65.7/mode/livescript/livescript.min.js,,fa37223872abd9f4644c0b6101d73e245f85d3811bbad340e662fa42c628dacb,0
https://cdnjs.cloudflare.com/ajax/libs/codemirror/6.65.7/mode/lua/lua.js,,5c702747f50d5d4158ab8c096b33a7e0092529d5682a728a20624b01dfd86e2a,0
https://cdnjs.cloudflare.com/ajax/libs/codemirror/6.65.7/mode/lua/lua.min.js,,03ad555b5d8df1f67d90223ca0891db3784008f3f42f6c37b0ab6768ba3a8b71,0
https://cdnjs.cloudflare.com/ajax/libs/codemirror/6.65.7/mode/markdown/markdown.js,,8fe7b11848f79cc9119b2a239f38a00944f6f2bb764a00bc837ecf8d34cf7690,0
https://cdnjs.cloudflare.com/ajax/libs/codemirror/6.65.7/mode/markdown/markdown.min.js,,6d31310a4719d151d198b604864fa7cb7dcaa5013888863585e06d7c7085f3d8,0
https://cdnjs.cloudflare.com/ajax/libs/codemirror/6.65.7/mode/mathematica/mathematica.js,,a301011fbb5d9ea4f39fc574718c2d27afd9425e31a1a5bf9005617603b45c0a,0
https://cdnjs.cloudflare.com/ajax/libs/codemirror/6.65.7/mode/mathematica/mathematica.min.js,,9470860c032bab57d2ac830a966136bfec9d533e709d66c2ca3e8b5569b738a7,0
https://cdnjs.cloudflare.com/ajax/libs/codemirror/6.65.7/mode/mbox/mbox.js,,9affa80931d9bb09746d08b9b0f90286d2b47f5b16a0bd8a1a06227b496c4b07,0
https://cdnjs.cloudflare.com/ajax/libs/codemirror/6.65.7/mode/mbox/mbox.min.js,,e2a9acb625fa7cc8956de3ba9a1a27e0d836c5dd7c2613f8611cfc91a5d144f4,0
https://cdnjs.cloudflare.com/ajax/libs/codemirror/6.65.7/mode/meta.js,,f95786f9c83e631225fe7866f39892f808aeb015e80ce9d8a58d5a1d4e9c4bb6,0
https://cdnjs.cloudflare.com/ajax/libs/codemirror/6.65.7/mode/meta.min.js,,971ddd013540ecdeb978e41ac809476be5ec6c328d3bbe7fcc8dfb9bb40e55cc,0
https://cdnjs.cloudflare.com/ajax/libs/codemirror/6.65.7/mode/mirc/mirc.js,,ac173799c5f81a8c8813a5b0c20b700b27a1f571d1e70132e67d8451c3efaa5e,0
https://cdnjs.cloudflare.com/ajax/libs/codemirror/6.65.7/mode/mirc/mirc.min.js,,966517ae8ae5810b207d30e82ef503c973fd313dc569d30e02c8d88701432812,0
https://cdnjs.cloudflare.com/ajax/libs/codemirror/6.65.7/mode/mllike/mllike.js,,a887947e50c37db0215fa4076c3b211093dd9abf643518a2f304677bef848211,0
https://cdnjs.cloudflare.com/ajax/libs/codemirror/6.65.7/mode/mllike/mllike.min.js,,ca324aa67691068771dbc239cfc239c900f045ad53f441269a2ff08a201c9ecd,0
https://cdnjs.cloudflare.com/ajax/libs/codemirror/6.65.7/mode/modelica/modelica.js,,96befada89421de8d32f6355c326510128e429167390c60ba81d93dfce4b360a,0
https://cdnjs.cloudflare.com/ajax/libs/codemirror/6.65.7/mode/modelica/modelica.min.js,,597710acb363673c9e14bab3e7fa51c9e1f90d22d2ada6673b2a53e2d035da4a,0
https://cdnjs.cloudflare.com/ajax/libs/codemirror/6.65.7/mode/mscgen/mscgen.js,,91eff4cccc80f0048d1f7efce0197be483a013dd299e2718b49315639a3d4885,0
https://cdnjs.cloudflare.com/ajax/libs/codemirror/6.65.7/mode/mscgen/mscgen.min.js,,762d26d07d7c95630b9a9326ecf53c07d60fa78aa6c0eb546aef5dd5b90e3def,0
https://cdnjs.cloudflare.com/ajax/libs/codemirror/6.65.7/mode/mumps/mumps.js,,1455108cba483e767bc5072ebda6c4c219395adb574aa70f7d7ec856225c3d42,0
https://cdnjs.cloudflare.com/ajax/libs/codemirror/6.65.7/mode/mumps/mumps.min.js,,4d863b2b0bf536d4f92f9e322f43847fc03d45f5f2e33366d1dbebc44f30d8fc,0
https://cdnjs.cloudflare.com/ajax/libs/codemirror/6.65.7/mode/nginx/nginx.js,,e35111d1834678cd34bfec04abe169cb11739f39750d1c41ab57c8f2524748fe,0
https://cdnjs.cloudflare.com/ajax/libs/codemirror/6.65.7/mode/nginx/nginx.min.js,,3ef4dfc8e83d4319e139173f58d9787728ed0305997b54df14b16a8cec9a310c,0
https://cdnjs.cloudflare.com/ajax/libs/codemirror/6.65.7/mode/nsis/nsis.js,,5f9aab831632e1de8d8a4f6fcf52dcd75eb704ab8fe47e2c76aac24c8c30fbd7,0
https://cdnjs.cloudflare.com/ajax/libs/codemirror/6.65.7/mode/nsis/nsis.min.js,,f4ce50eb39bb11892d1629209d1e57fe10d903e26d228c995d99e9e0b46b97e0,0
https://cdnjs.cloudflare.com/ajax/libs/codemirror/6.65.7/mode/ntriples/ntriples.js,,d7a1fd7fba26679ecb0a6ac0b67164ed12a37db25d32ece3472920c6f25a74cd,0
https://cdnjs.cloudflare.com/ajax/libs/codemirror/6.65.7/mode/ntriples/ntriples.min.js,,689967a54bccff2e87d81820a0759c0b3afc3fefc6fd3eca6c7b3784f78ebeb5,0
https://cdnjs.cloudflare.com/ajax/libs/codemirror/6.65.7/mode/octave/octave.js,,b6c6966b9a564ceafa2b2c5ddde2f2efb0349cacdab3f61d90fce2544ece8615,0
https://cdnjs.cloudflare.com/ajax/libs/codemirror/6.65.7/mode/octave/octave.min.js,,474dbed53a89b88d5853fc791106807223e3a000a4f4f6983a44c024c1d50d9a,0
https://cdnjs.cloudflare.com/ajax/libs/codemirror/6.65.7/mode/oz/oz.js,,641554f9736e5260ff1aea064749a590cba2a854bad6fc334db8ffa2bc1a6892,0
https://cdnjs.cloudflare.com/ajax/libs/codemirror/6.65.7/mode/oz/oz.min.js,,2c5a23da0ebdc508c2951070cc669037e0462dde3389d0042000cd588b37de0e,0
https://cdnjs.cloudflare.com/ajax/libs/codemirror/6.65.7/mode/pascal/pascal.js,,5eaac022259857d3b9b127ac0deb76c84d2523dee102d203738293f95ce5086c,0
https://cdnjs.cloudflare.com/ajax/libs/codemirror/6.65.7/mode/pascal/pascal.min.js,,0568fd190e4b52a7fb15116b3ac32f4267a9dfe93ec3bb109d51b25088c851d9,0
https://cdnjs.cloudflare.com/ajax/libs/codemirror/6.65.7/mode/pegjs/pegjs.js,,8cc7fe980c79a1ded9265d338062c8ecdfe6e0d044fb795bf11eb8d9813dc492,0
https://cdnjs.cloudflare.com/ajax/libs/codemirror/6.65.7/mode/pegjs/pegjs.min.js,,fc5029a4830b89c63974cdafc189c08d284e601dace6bc4f877ff34453e7ab46,0
https://cdnjs.cloudflare.com/ajax/libs/codemirror/6.65.7/mode/perl/perl.js,,a614830dc6e71770cb4feabc487dfa1b72e29444789b94d1bcad62490827ca1e,0
https://cdnjs.cloudflare.com/ajax/libs/codemirror/6.65.7/mode/perl/perl.min.js,,d615ceaba33194503018aa01c33784facb70d41b12eec6d5e3095ba372b95474,0
https://cdnjs.cloudflare.com/ajax/libs/codemirror/6.65.7/mode/php/php.js,,07819ae34d5830a3cf040e1904d4b641cb70142845394211f7fb63c891d80945,0
https://cdnjs.cloudflare.com/ajax/libs/codemirror/6.65.7/mode/php/php.min.js,,4e212f6ae43785e8ba556263841bceee1032c39d2645a69b6d63bbc6a0b15d7b,0
https://cdnjs.cloudflare.com/ajax/libs/codemirror/6.65.7/mode/pig/pig.js,,e9a9ec475aeee8b2f75fd1c8a58ea0a2d0cffd383b1a3fb8bdc460881d612352,0
https://cdnjs.cloudflare.com/ajax/libs/codemirror/6.65.7/mode/pig/pig.min.js,,bee3cb77412a52111c0f2d97d2de46a73077f49eb69e38639d0e7148ab4644ee,0
https://cdnjs.cloudflare.com/ajax/libs/codemirror/6.65.7/mode/powershell/powershell.js,,9530fdf52d164be6d021a87de567acb8738f86f6fd98577533a9db3545e873c8,0
https://cdnjs.cloudflare.com/ajax/libs/codemirror/6.65.7/mode/powershell/powershell.min.js,,42a235e8bee2d48cfaec3fb23fff529c8a806bb9a6f65ba6e9166e469ba8f0cb,0
https://cdnjs.cloudflare.com/ajax/libs/codemirror/6.65.7/mode/properties/properties.js,,3f85f36e32edf82eba526ad56edadf04c33864d72bf0cfae2592a490530a4966,0
https://cdnjs.cloudflare.com/ajax/libs/codemirror/6.65.7/mode/properties/properties.min.js,,236af4f373b08144c49519f907f053762ee8422ea80284d08d2cb14b76599d39,0
https://cdnjs.cloudflare.com/ajax/libs/codemirror/6.65.7/mode/protobuf/protobuf.js,,93d1459ed6cc4e2a4701fc17959fe7f56b797d1d35b47f44b8030c0d19adf5b3,0
https://cdnjs.cloudflare.com/ajax/libs/codemirror/6.65.7/mode/protobuf/protobuf.min.js,,8d1d62ab8b47ba118b5af3e8d9b13c684927e066681c4556fdfa6a72245c05ab,0
https://cdnjs.cloudflare.com/ajax/libs/codemirror/6.65.7/mode/pug/pug.js,,1f9e975ab889f6dd9183758bc7b454224dd11859b8e045ce5b98e2c4a05bcf9b,0
https://cdnjs.cloudflare.com/ajax/libs/codemirror/6.65.7/mode/pug/pug.min.js,,68b268401d7002370e9bc4cc2231b97753f3fd5a13c90c58ffb6acfd1352909a,0
https://cdnjs.cloudflare.com/ajax/libs/codemirror/6.65.7/mode/puppet/puppet.js,,237b966a50a514c6beabddfb83649797f764a29f7f2c7100dac1f411709040af,0
https://cdnjs.cloudflare.com/ajax/libs/codemirror/6.65.7/mode/puppet/puppet.min.js,,9627f1b3b43e0c380a7d768e21afda0bc401982c0730b156e05bc57082cdacab,0
https://cdnjs.cloudflare.com/ajax/libs/codemirror/6.65.7/mode/python/python.js,,ec56443dfebe73f332cc639289ad2de6921560c8952a3e2127397a0849882657,0
https://cdnjs.cloudflare.com/ajax/libs/codemirror/6.65.7/mode/python/python.min.js,,9979bdc4c96f1d6cb48f54af79f00df7da3b650e8cdf76d3685bb5551f7038a5,0
https://cdnjs.cloudflare.com/ajax/libs/codemirror/6.65.7/mode/q/q.js,,1fecda8902c9c63fa36833c073370e479c7b8def1b883147c364f81cc6ac9171,0
https://cdnjs.cloudflare.com/ajax/libs/codemirror/6.65.7/mode/q/q.min.js,,8aa5b8781d96c48a39eb586a226fecc205403006250d24d998db4ba219531995,0
https://cdnjs.cloudflare.com/ajax/libs/codemirror/6.65.7/mode/r/r.js,,d4b1d1ad4275187d4f371fb61ca77ec10f63deba233644c484667750f934b23c,0
https://cdnjs.cloudflare.com/ajax/libs/codemirror/6.65.7/mode/r/r.min.js,,4e1d2007ac4cae89795cae39b7e1fe0252215f58971598f824afe97d6820295a,0
https://cdnjs.cloudflare.com/ajax/libs/codemirror/6.65.7/mode/rpm/rpm.js,,5e8a8253eb986b58fb170e2d58bdd134b05fc7dc02a456374a034d7564f77fcb,0
https://cdnjs.cloudflare.com/ajax/libs/codemirror/6.65.7/mode/rpm/rpm.min.js,,0acf52f66b484ed6949bc5e87f0ced887bfcc817e8a42ed0b9ecf9d0f915d5f8,0
https://cdnjs.cloudflare.com/ajax/libs/codemirror/6.65.7/mode/rst/rst.js,,b50d542cf38074c392f7fde44ef2cbab24b45bbfd178c426cfef6848d6d3e90d,0
https://cdnjs.cloudflare.com/ajax/libs/codemirror/6.65.7/mode/rst/rst.min.js,,75b73bb0559a1ebea4934196ff65591a145cb0b22b260ba60adccc8972b5b4bf,0
https://cdnjs.cloudflare.com/ajax/libs/codemirror/6.65.7/mode/ruby/ruby.js,,953daad8a24225d56733f77c0c4451cf05436f70ad00e5dd1618486a1d5e01b9,0
https://cdnjs.cloudflare.com/ajax/libs/codemirror/6.65.7/mode/ruby/ruby.min.js,,248f1de195c6ef7f1f315ff6b27c9b4618b78665cc22d42a6bdc2c268c75016e,0
https://cdnjs.cloudflare.com/ajax/libs/codemirror/6.65.7/mode/rust/rust.js,,797a9abcf8581f192bc49b11434346d3f8014763f4967ae260fbe31f25b2bdfb,0
https://cdnjs.cloudflare.com/ajax/libs/codemirror/6.65.7/mode/rust/rust.min.js,,fcc31f417a2f4df247c238949143039f9c5bff1c976ab562a390ee44d654eb2e,0
https://cdnjs.cloudflare.com/ajax/libs/codemirror/6.65.7/mode/sas/sas.js,,b69f2877e395b89682a4066f62f686c12cb66eac441b6c1d3ee15d5004859f43,0
https://cdnjs.cloudflare.com/ajax/libs/codemirror/6.65.7/mode/sas/sas.min.js,,4c92c6ff924443aa2d8d157a0fbb212e7de2dc4c73286f174248124c2380e74e,0
https://cdnjs.cloudflare.com/ajax/libs/codemirror/6.65.7/mode/sass/sass.js,,01ba99f4a91e70d2a5d3ef881c542f14a1f59f3ded58672484bcd56b41921866,0
https://cdnjs.cloudflare.com/ajax/libs/codemirror/6.65.7/mode/sass/sass.min.js,,6cd18926eecd38e5f613697730013826b0cb2bda18afcd8d10cf60b8578d8bc9,0
https://cdnjs.cloudflare.com/ajax/libs/codemirror/6.65.7/mode/scheme/scheme.js,,0bc81b318e12c7c5bbd94943d9d64cf1a64674c3bcc7057788ed1ade8701ab80,0
https://cdnjs.cloudflare.com/ajax/libs/codemirror/6.65.7/mode/scheme/scheme.min.js,,56df153be4ad1988ef33cd862029e769e19f5c5f84565f302492f908ae22cc03,0
https://cdnjs.cloudflare.com/ajax/libs/codemirror/6.65.7/mode/shell/shell.js,,24f77cb162ea9d9e9fc79b95ba547a7cc10a0767e3a5a52c786d4c24253736fe,0
https://cdnjs.cloudflare.com/ajax/libs/codemirror/6.65.7/mode/shell/shell.min.js,,08aed7c67ef9d68f8f99eec9af2da275da760b3296615f341f44a5ebae3fbbd7,0
https://cdnjs.cloudflare.com/ajax/libs/codemirror/6.65.7/mode/sieve/sieve.js,,c233866cf4990e2f28f11c96ecedc7e7dc465c19c5b445b30bdc037118f7b65d,0
https://cdnjs.cloudflare.com/ajax/libs/codemirror/6.65.7/mode/sieve/sieve.min.js,,2258055a747279b123b273430381d9c6d01adf49d903ac9d914631950e197fee,0
https://cdnjs.cloudflare.com/ajax/libs/codemirror/6.65.7/mode/slim/slim.js,,a8d555221c610512119f2107d58bb1c57d294cebc91f82638ea6e235286b5c15,0
https://cdnjs.cloudflare.com/ajax/libs/codemirror/6.65.7/mode/slim/slim.min.js,,1f80e84f8a78c5668777a65ce4165de5f5a0a8d21a36caa8d801c95eba850a76,0
https://cdnjs.cloudflare.com/ajax/libs/codemirror/6.65.7/mode/smalltalk/smalltalk.js,,9f649668162a61cfa6a3528dbe513d012162932c742c7b0696078bd2a6d3b190,0
https://cdnjs.cloudflare.com/ajax/libs/codemirror/6.65.7/mode/smalltalk/smalltalk.min.js,,2b0ab0c17795232d5bd141256b1b4c7d51a4cd2c825893b5b9ea78ea7409a9ed,0
https://cdnjs.cloudflare.com/ajax/libs/codemirror/6.65.7/mode/smarty/smarty.js,,9e95bcd71635efe200c3871c57cbb1c07edc1f8206d173f4552fd2dfbcf9e9af,0
https://cdnjs.cloudflare.com/ajax/libs/codemirror/6.65.7/mode/smarty/smarty.min.js,,88ba3c3fbde25c8d9fcd836aacc1aaaf6d3515be31118181287c873917e33107,0
https://cdnjs.cloudflare.com/ajax/libs/codemirror/6.65.7/mode/solr/solr.js,,17f16060f00cd932914722bf2cd1a01318c402503b62f3bd2bda09bab6b42b85,0
https://cdnjs.cloudflare.com/ajax/libs/codemirror/6.65.7/mode/solr/solr.min.js,,a68cab0c6eebf027a1c03c211bdf2120c11b4716e09b7d223c19bcd7c7bcace2,0
https://cdnjs.cloudflare.com/ajax/libs/codemirror/6.65.7/mode/soy/soy.js,,358a1861e92366d238eb240fd5d5cf8ea6f5fe219f389667d277031c0a1a47c5,0
https://cdnjs.cloudflare.com/ajax/libs/codemirror/6.65.7/mode/soy/soy.min.js,,11e47d129bacccb325e6487dd7e2be1b85d85581019213b769136c4ad93edcf1,0
https://cdnjs.cloudflare.com/ajax/libs/codemirror/6.65.7/mode/sparql/sparql.js,,e646ae1e2796c936a8760af321089f5814d0158ef72aa3f3efb60765430a2e6b,0
https://cdnjs.cloudflare.com/ajax/libs/codemirror/6.65.7/mode/sparql/sparql.min.js,,eddfcdda422dc4244f86705175f4e561ce92b4e65ebe2c518029677a4ad307bf,0
https://cdnjs.cloudflare.com/ajax/libs/codemirror/6.65.7/mode/spreadsheet/spreadsheet.js,,0807dd557c55f5b6d8579c5c9019c5eddcda9c56ce559190e5f2985b156a00da,0
https://cdnjs.cloudflare.com/ajax/libs/codemirror/6.65.7/mode/spreadsheet/spreadsheet.min.js,,544e6c265d8538515c444c7a20ce9156446c9be1523e8054be986aff26559832,0
https://cdnjs.cloudflare.com/ajax/libs/codemirror/6.65.7/mode/sql/sql.js,,ac23d3f196deb9be25cfcecb966bdc1789b9e177aac683ddccde1420670c4d8a,0
https://cdnjs.cloudflare.com/ajax/libs/codemirror/6.65.7/mode/sql/sql.min.js,,ee0c6bf116a095f6b600ee9d3fa03ca48fcae7b178ed808b33cf3d7d19c6a038,0
https://cdnjs.cloudflare.com/ajax/libs/codemirror/6.65.7/mode/stex/stex.js,,edc1f57c69920967a31defb66954aa29f5751fdb2f7ed8e52fa08978ff890e3b,0
https://cdnjs.cloudflare.com/ajax/libs/codemirror/6.65.7/mode/stex/stex.min.js,,ebc5cb8e191cf20207a2477db7dc4ffb08329e9e40d3487b9113ae1c68eafa53,0
https://cdnjs.cloudflare.com/ajax/libs/codemirror/6.65.7/mode/stylus/stylus.js,,85683adfef4f0129670fc2e5ee9148ad956213f5fa0c8dd05ac7970ad7f0b337,0
https://cdnjs.cloudflare.com/ajax/libs/codemirror/6.65.7/mode/stylus/stylus.min.js,,3ae743c5e62b5b206ae6dfd6c7a66450fe866b9823c45b0a718b566b03087c43,0
https://cdnjs.cloudflare.com/ajax/libs/codemirror/6.65.7/mode/swift/swift.js,,939dc67bbef9f0f6847f5bc2a89b0c8f4b411d57fbeed4f9d5cc21fabd7e191c,0
https://cdnjs.cloudflare.com/ajax/libs/codemirror/6.65.7/mode/swift/swift.min.js,,6178336084170178cf70f6abf76ac633c4ef7638a3b0194c624677036f95cac4,0
https://cdnjs.cloudflare.com/ajax/libs/codemirror/6.65.7/mode/tcl/tcl.js,,98552bab94ce9adc9fcef5658da2965994a84e852c83098e94564884815b3026,0
https://cdnjs.cloudflare.com/ajax/libs/codemirror/6.65.7/mode/tcl/tcl.min.js,,0879877587e99252f64495b85a6b400756d97b833bd94a46f10ec2badd7d7ec7,0
https://cdnjs.cloudflare.com/ajax/libs/codemirror/6.65.7/mode/textile/textile.js,,c121fcf3e641a7433b9e328c76aa0b1755aa4c0412e4f59a1d8d6ac24b36df06,0
https://cdnjs.cloudflare.com/ajax/libs/codemirror/6.65.7/mode/textile/textile.min.js,,a814738fb78aa5f631bf8c359da90defc184bdb3348aea982ec80965c0e4472d,0
https://cdnjs.cloudflare.com/ajax/libs/codemirror/6.65.7/mode/tiddlywiki/tiddlywiki.css,,12e784b7a98f6319e3b55ff8f14ba090d7bd2aa2c8ac0df3ebc8e848c48301d2,0
https://cdnjs.cloudflare.com/ajax/libs/codemirror/6.65.7/mode/tiddlywiki/tiddlywiki.js,,4b62acf34df4acb1a4bc1a2729edaf221583679761d35e0e9077883810fccbfe,0
https://cdnjs.cloudflare.com/ajax/libs/codemirror/6.65.7/mode/tiddlywiki/tiddlywiki.min.css,,c7edaba14c3b62a5a58b4ac5bd8367734646d4b394f1f3abc003fb4ef6cdec7b,0
https://cdnjs.cloudflare.com/ajax/libs/codemirror/6.65.7/mode/tiddlywiki/tiddlywiki.min.js,,f6836338cebbd95218b5a17500c855288dbb73b7d99823e7ff5046e77dc08727,0
https://cdnjs.cloudflare.com/ajax/libs/codemirror/6.65.7/mode/tiki/tiki.css,,69ad6cec8b5f6b4688a04225d0e6bb5eb5d0271b215d7c611323d8093b1a71d4,0
https://cdnjs.cloudflare.com/ajax/libs/codemirror/6.65.7/mode/tiki/tiki.js,,af92cd0858a99f3c5cacf240874db7eac2704a7b193a3cdfddfc5ba70382a293,0
https://cdnjs.cloudflare.com/ajax/libs/codemirror/6.65.7/mode/tiki/tiki.min.css,,617707c6d180f824368597f388166c8b80f262764dfed9ce298a40301605652d,0
https://cdnjs.cloudflare.com/ajax/libs/codemirror/6.65.7/mode/tiki/tiki.min.js,,d0323557ef5c3c3149f1a053a668766b42518da5368c5b9b1c230cc2174bd88d,0
https://cdnjs.cloudflare.com/ajax/libs/codemirror/6.65.7/mode/toml/toml.js,,67bbbc2696788633071f2a2b8a1cf6ca4f4ac82213e3d85b7cd183d60b117679,0
https://cdnjs.cloudflare.com/ajax/libs/codemirror/6.65.7/mode/toml/toml.min.js,,1b43ad9d544aefb0c53b22a519d20e5905cbb76e043f9a86380e2269c60cfdbf,0
https://cdnjs.cloudflare.com/ajax/libs/codemirror/6.65.7/mode/tornado/tornado.js,,d006020d7d093cb4f5ed5088ed151d4c45417fe5ccde69d960eb82cfcb9e0ecc,0
https://cdnjs.cloudflare.com/ajax/libs/codemirror/6.65.7/mode/tornado/tornado.min.js,,4b7e43eb511983b1947044582f6b8f955559331ad44da3824858b8245b2554e1,0
https://cdnjs.cloudflare.com/ajax/libs/codemirror/6.65.7/mode/troff/troff.js,,f7714fdc46774467c168e75fc36eca90e6df16e27afd0b608b882b2df769b8c3,0
https://cdnjs.cloudflare.com/ajax/libs/codemirror/6.65.7/mode/troff/troff.min.js,,12c37917ca2527694eb6706d751312683b7a0434fc1cf4c13b7221ff1f66df92,0
https://cdnjs.cloudflare.com/ajax/libs/codemirror/6.65.7/mode/ttcn-cfg/ttcn-cfg.js,,22983894e4a3794c9bcf396e7a4119efa5ea07a4f97e060e15f3c13ec2c1a01b,0
https://cdnjs.cloudflare.com/ajax/libs/codemirror/6.65.7/mode/ttcn-cfg/ttcn-cfg.min.js,,f682027645e993e19ca03d44afd4147ba94b755faa05e12fe06d7f80c4e9c721,0
https://cdnjs.cloudflare.com/ajax/libs/codemirror/6.65.7/mode/ttcn/ttcn.js,,10be6704eac48032ce00890bdfffa03d445aae18e3ef7bd74eb14a26e5867a28,0
https://cdnjs.cloudflare.com/ajax/libs/codemirror/6.65.7/mode/ttcn/ttcn.min.js,,e8500a74ad12d8b595853ffda9548c3f5517c5213d98b83f1b942d15122de9da,0
https://cdnjs.cloudflare.com/ajax/libs/codemirror/6.65.7/mode/turtle/turtle.js,,0f82b51ecc43b95e55a752f80f719f8a39b607697b86d3fa4523a5e8280d3520,0
https://cdnjs.cloudflare.com/ajax/libs/codemirror/6.65.7/mode/turtle/turtle.min.js,,ac90d75ac471be40d06d773fb5915d1fdab6b0b6a093ff4fda4ebf158ee81700,0
https://cdnjs.cloudflare.com/ajax/libs/codemirror/6.65.7/mode/twig/twig.js,,72b6e091bbd6a7c6eb786db2591c1f6f59c7880ef224ce5365ed39ec786d583b,0
https://cdnjs.cloudflare.com/ajax/libs/codemirror/6.65.7/mode/twig/twig.min.js,,7f99531d865ccfb30dc002af85b4022e826fc058e5301c4e3e822448cd3b34a8,0
https://cdnjs.cloudflare.com/ajax/libs/codemirror/6.65.7/mode/vb/vb.js,,e8f8e4496baed70b1e6ff44979382bad81b921b9570b7da1a377835e973f28f6,0
https://cdnjs.cloudflare.com/ajax/libs/codemirror/6.65.7/mode/vb/vb.min.js,,89b6b67e864d6b532c11cb1eaab77f832c94ef34330d4b21526ae073bdc964b6,0
https://cdnjs.cloudflare.com/ajax/libs/codemirror/6.65.7/mode/vbscript/vbscript.js,,77109e0c2218502dac03b5bc3b290cfe0b46ea00f4d267f3dc4378d9abe1bdc9,0
https://cdnjs.cloudflare.com/ajax/libs/codemirror/6.65.7/mode/vbscript/vbscript.min.js,,38635874105c2d099b3f09e755f502db2a45ae434e7013058c78fc6041ff4194,0
https://cdnjs.cloudflare.com/ajax/libs/codemirror/6.65.7/mode/velocity/velocity.js,,3c076c7bdb1e2d3d25bffa1a682556ae449f1545c3731935306333b5831aa951,0
https://cdnjs.cloudflare.com/ajax/libs/codemirror/6.65.7/mode/velocity/velocity.min.js,,ad78778948ac4805ffadc14caf81bf98f42645de5bb5141c2e36f3d4c183aeaa,0
https://cdnjs.cloudflare.com/ajax/libs/codemirror/6.65.7/mode/verilog/verilog.js,,ae7c58b13650019ca08760e04f3ece3315e889eb5aa849a34400f16542610eb1,0
https://cdnjs.cloudflare.com/ajax/libs/codemirror/6.65.7/mode/verilog/verilog.min.js,,d5f5e0b852cbc8d13e4e312325046fb613455d4ffb5e0af16b92adc644b3e173,0
https://cdnjs.cloudflare.com/ajax/libs/codemirror/6.65.7/mode/vhdl/vhdl.js,,da078efdda01a1245fb8ed5a16cffeb0a51823e5917e3802457041dc48243539,0
https://cdnjs.cloudflare.com/ajax/libs/codemirror/6.65.7/mode/vhdl/vhdl.min.js,,89a91029ceca54f490b1bfc54f3cd0317cd78e1cd2706ea8602c64221623f5e6,0
https://cdnjs.cloudflare.com/ajax/libs/codemirror/6.65.7/mode/vue/vue.js,,8b9c4f59c1230c537f44f593f5d608a81604e4b3dfd345ea938939d0d62f668e,0
https://cdnjs.cloudflare.com/ajax/libs/codemirror/6.65.7/mode/vue/vue.min.js,,f7194d9d276d1ee59c6ee6b578985f1e27f1198095ae4b83849ba7856fa514d4,0
https://cdnjs.cloudflare.com/ajax/libs/codemirror/6.65.7/mode/wast/wast.js,,8e8ae8ab4475c66d2f05960ffda597af6279c8c93f62cdab443407bea74c0091,0
https://cdnjs.cloudflare.com/ajax/libs/codemirror/6.65.7/mode/wast/wast.min.js,,8013e51dc3efb56b282126246348883fa6a5f9a6e6b3fe32a30a6cf613746815,0
https://cdnjs.cloudflare.com/ajax/libs/codemirror/6.65.7/mode/webidl/webidl.js,,a12293542727a69514ae5477a65e33eed4f871fc207c6b275c9d8be1f2177062,0
https://cdnjs.cloudflare.com/ajax/libs/codemirror/6.65.7/mode/webidl/webidl.min.js,,37d97be38c6ebb5b7e847d2c5d160b6355f08a59bf9ea5a4dd3fb40adaca4eaf,0
https://cdnjs.cloudflare.com/ajax/libs/codemirror/6.65.7/mode/xml/xml.js,,dc7e44d410399326f802e2924573cbf6f942a79f647fd0b97f0b607973bc9a09,0
https://cdnjs.cloudflare.com/ajax/libs/codemirror/6.65.7/mode/xml/xml.min.js,,1403f6fc04264c38e933891710636ed07761898aa764de95a39a832d433cbe66,0
https://cdnjs.cloudflare.com/ajax/libs/codemirror/6.65.7/mode/xquery/xquery.js,,618685277efde78e0e48fd5cf95948ae32a4d57de942038ed0579415f3f2f9dc,0
https://cdnjs.cloudflare.com/ajax/libs/codemirror/6.65.7/mode/xquery/xquery.min.js,,2100124ecb8a2c557b903210b9f327061cba70496f3b09753a1d11c82e747678,0
https://cdnjs.cloudflare.com/ajax/libs/codemirror/6.65.7/mode/yacas/yacas.js,,edab39fac054aaee5ea8ad3d09e0d38f57d5b24f826df7561526b5efb229fc72,0
https://cdnjs.cloudflare.com/ajax/libs/codemirror/6.65.7/mode/yacas/yacas.min.js,,9cee250eaae01d77fee7b3f41c29ce99b6e33724307b2d833d672a84ebd514bb,0
https://cdnjs.cloudflare.com/ajax/libs/codemirror/6.65.7/mode/yaml-frontmatter/yaml-frontmatter.js,,98baa91eee7ba77aaf150a59d7e5146d4964ddb271076cd963cce43f9928b3f8,0
https://cdnjs.cloudflare.com/ajax/libs/codemirror/6.65.7/mode/yaml-frontmatter/yaml-frontmatter.min.js,,ecfab31ca4038c912cbe6218d3629901ddd133741c78cd8a3d7eaa44fe2d0ac8,0
https://cdnjs.cloudflare.com/ajax/libs/codemirror/6.65.7/mode/yaml/yaml.js,,3256b4e40302d4488834925a990edb32cef7d431f70a40917c1c5398468d861b,0
https://cdnjs.cloudflare.com/ajax/libs/codemirror/6.65.7/mode/yaml/yaml.min.js,,7f87153bbeb4a7be02520f08d734c004bd09961e2e04cf5ed627173b3ba5f66c,0
https://cdnjs.cloudflare.com/ajax/libs/codemirror/6.65.7/mode/z80/z80.js,,0f501d7b8c9c48942900b4d7131f5bb18130395024e66ea5d98aea480f845e2e,0
https://cdnjs.cloudflare.com/ajax/libs/codemirror/6.65.7/mode/z80/z80.min.js,,aebefa93e1008f3470797355757d7c259fbc590a1836fd9f56fd517962e15412,0
https://cdnjs.cloudflare.com/ajax/libs/codemirror/6.65.7/theme/3024-day.css,,7c9126a1d8a38be70a6d96872f8af03215203f3c6595975314cc4f75f792b8f8,0
https://cdnjs.cloudflare.com/ajax/libs/codemirror/6.65.7/theme/3024-day.min.css,,8f1ab266dd5d27c630024971df2953a4bf058c667756b18b34ae9ffa2a0e62ae,0
https://cdnjs.cloudflare.com/ajax/libs/codemirror/6.65.7/theme/3024-night.css,,93ada2f28acc83a589c2d65147497ef5732237b2a9e6dabb3d69d486e1d3a447,0
https://cdnjs.cloudflare.com/ajax/libs/codemirror/6.65.7/theme/3024-night.min.css,,3c1103531b420ff2ea3c79be5ba016a2b21cec83e13a698dda0b28a506b3109d,0
https://cdnjs.cloudflare.com/ajax/libs/codemirror/6.65.7/theme/abbott.css,,9cc2f55d3cc77af968e7c72a9981c3fdb99705bc129ddd260fa8976a19f5dc76,0
https://cdnjs.cloudflare.com/ajax/libs/codemirror/6.65.7/theme/abbott.min.css,,f293afbc4a4736ecb01ca784487c17d75b245c4c33f16bb85b367cc1dae498ec,0
https://cdnjs.cloudflare.com/ajax/libs/codemirror/6.65.7/theme/abcdef.css,,19f003c8687837b195a768d39a015fae149485ef354726161b511defaa020f99,0
https://cdnjs.cloudflare.com/ajax/libs/codemirror/6.65.7/theme/abcdef.min.css,,d10f5232f55d702e27ccf9e9fef8234c98854790c335f63fff005c06474683eb,0
https://cdnjs.cloudflare.com/ajax/libs/codemirror/6.65.7/theme/ambiance-mobile.css,,356cf9d539a70462808d76851e24bb0049676621d00b6d851c2b1ee2b0f6ac57,0
https://cdnjs.cloudflare.com/ajax/libs/codemirror/6.65.7/theme/ambiance-mobile.min.css,,c49c15f81c14522b7815c28ea7fa4de0fa393e44f03415736dbf17beb7ce8a3d,0
https://cdnjs.cloudflare.com/ajax/libs/codemirror/6.65.7/theme/ambiance.css,,499ce8dd8badcb5f6c622820cea32fe368497388da7c5d458699942f07b0d555,0
https://cdnjs.cloudflare.com/ajax/libs/codemirror/6.65.7/theme/ambiance.min.css,,ce1058a6f02b3f7290a3f79cb16c2c0b36b3a1cfe4c27ab74b94156a1d2a379b,0
https://cdnjs.cloudflare.com/ajax/libs/codemirror/6.65.7/theme/ayu-dark.css,,1502279da3360c5fe84c3ddc43fd77bfa7b747e8269b485ea9ec8e77d8213c20,0
https://cdnjs.cloudflare.com/ajax/libs/codemirror/6.65.7/theme/ayu-dark.min.css,,d85e6404225e6e5098660072181e2d94400de46bf351593aab9d77c2a14f537e,0
https://cdnjs.cloudflare.com/ajax/libs/codemirror/6.65.7/theme/ayu-mirage.css,,5b3941bfc8f5b12d44d91a43526bb21ef43a55cd7dad6acb3785be6f06f85439,0
https://cdnjs.cloudflare.com/ajax/libs/codemirror/6.65.7/theme/ayu-mirage.min.css,,42b8b8ad7ff44535714099beeb4a8debc8c89f800dca8fb40209b424304aa6ca,0
https://cdnjs.cloudflare.com/ajax/libs/codemirror/6.65.7/theme/base16-dark.css,,b1e39f7c7a07951b7f2cd07fd5d11c794a3066568deca7fd01cda194a3bf2ae1,0
https://cdnjs.cloudflare.com/ajax/libs/codemirror/6.65.7/theme/base16-dark.min.css,,8279acdb8ef3c3950930f07d8a154b18ddf4665ec921ba068151489b2bd6a73d,0
https://cdnjs.cloudflare.com/ajax/libs/codemirror/6.65.7/theme/base16-light.css,,8231d684da4a0351e1921b325af06041b79e2e4e9f0aa1d053f15d2148e3eff6,0
https://cdnjs.cloudflare.com/ajax/libs/codemirror/6.65.7/theme/base16-light.min.css,,2df54244efac4be99acb6212c8e2143bb95c958bafa3362480ddd95b4b057de6,0
https://cdnjs.cloudflare.com/ajax/libs/codemirror/6.65.7/theme/bespin.css,,d43da55a7859eabd94a7735eff8205c136812e2bdb037f85ab026320fd9b7b43,0
https://cdnjs.cloudflare.com/ajax/libs/codemirror/6.65.7/theme/bespin.min.css,,92503cc85ae427d696b3fb9dd4d6b2e87797633e00b2241ea6cfbf007929255e,0
https://cdnjs.cloudflare.com/ajax/libs/codemirror/6.65.7/theme/blackboard.css,,54f0811f00d130b3c3283cf679e7fbdcb8f93a6da88ae4011739220a816ce451,0
https://cdnjs.cloudflare.com/ajax/libs/codemirror/6.65.7/theme/blackboard.min.css,,d260b299666a617e103425edf3ef9f2609f5bbf08b861d885350fd86219fe51f,0
https://cdnjs.cloudflare.com/ajax/libs/codemirror/6.65.7/theme/cobalt.css,,3acd2a2cd9aefaeca3b41a451e26408400e0d958b8e845ad4bcd5edf5ff901e0,0
https://cdnjs.cloudflare.com/ajax/libs/codemirror/6.65.7/theme/cobalt.min.css,,0b9980c823d6b174a14a8e11982b863a1fe8a11223201be62afb6559ac1ec860,0
https://cdnjs.cloudflare.com/ajax/libs/codemirror/6.65.7/theme/colorforth.css,,47f95a4cc84b64cedb03dcaf5337427cee85dd4495822acb30f7e1bab83bd687,0
https://cdnjs.cloudflare.com/ajax/libs/codemirror/6.65.7/theme/colorforth.min.css,,b2bad1d71f69ff75a4bf7f3f4e975ca5fe01e12c80fcad1a32db304665e6872a,0
https://cdnjs.cloudflare.com/ajax/libs/codemirror/6.65.7/theme/darcula.css,,fc3056faeebd99116991a794b87fee2299662eb480bff47dae107d3fe6005625,0
https://cdnjs.cloudflare.com/ajax/libs/codemirror/6.65.7/theme/darcula.min.css,,7447abf70122a27eaaff6672123e14c645e941d19440a75d128d1e141a8d82c8,0
https://cdnjs.cloudflare.com/ajax/libs/codemirror/6.65.7/theme/dracula.css,,02fdf6049608ddd8d0d7cf6403b6e5b251330740dfc393774f68bb64727b3c6e,0
https://cdnjs.cloudflare.com/ajax/libs/codemirror/6.65.7/theme/dracula.min.css,,ba8d009adc9d54938ea88252c099a2b773ed3a4f5515ae9c2f937a8a4cb399df,0
https://cdnjs.cloudflare.com/ajax/libs/codemirror/6.65.7/theme/duotone-dark.css,,438636d2fa5b25adfe3b9144481a029e6f4bc27f5a6f8c2e2c394dd5cfe1ffb4,0
https://cdnjs.cloudflare.com/ajax/libs/codemirror/6.65.7/theme/duotone-dark.min.css,,f9653385a7ce22c1f88e30d0b1984a83d806553fa3a232d60574417915288570,0
https://cdnjs.cloudflare.com/ajax/libs/codemirror/6.65.7/theme/duotone-light.css,,510d10e3a3bd1f695c9eb034a8186834f9b20986fd8c41bc1484a58c9f3ae3c9,0
https://cdnjs.cloudflare.com/ajax/libs/codemirror/6.65.7/theme/duotone-light.min.css,,4cfd1fe211b1f7d30b4dce9d0a6e53e404d669d0c0322c7df145610445c1a2b1,0
https://cdnjs.cloudflare.com/ajax/libs/codemirror/6.65.7/theme/eclipse.css,,5a1cc914b42631e60dcf7a7efd412a189733107ae06508986b0cd7efa8239eea,0
https://cdnjs.cloudflare.com/ajax/libs/codemirror/6.65.7/theme/eclipse.min.css,,e5ea1258e20040cfa83b766eab3fdb8fa8d41de1b3b04ed0c22ec8f321e4fa66,0
https://cdnjs.cloudflare.com/ajax/libs/codemirror/6.65.7/theme/elegant.css,,02df81678be8cf0a780e430395b0f64eb778feac2216a3b1ecab52848abc8fe6,0
https://cdnjs.cloudflare.com/ajax/libs/codemirror/6.65.7/theme/elegant.min.css,,64e39880d4e625042f1736da1a6a931d57f90f392fa03a98f94d2f259b793d58,0
https://cdnjs.cloudflare.com/ajax/libs/codemirror/6.65.7/theme/erlang-dark.css,,f3286c8dda18ca92aded2aa39ad75ff5167c4c07caddd191f1ba8a3251ff7d48,0
https://cdnjs.cloudflare.com/ajax/libs/codemirror/6.65.7/theme/erlang-dark.min.css,,f508793e2a4e1f4593daa9387d2384cc1a08f05f8320351bc0dee907aed7df44,0
https://cdnjs.cloudflare.com/ajax/libs/codemirror/6.65.7/theme/gruvbox-dark.css,,1c00b4e05d1ef31edb08e9e12e85e583a10c6d57f03b0dabcd9b585447fdfa76,0
https://cdnjs.cloudflare.com/ajax/libs/codemirror/6.65.7/theme/gruvbox-dark.min.css,,bf02d1f705808b382c2eafee4f8839c23c932b4c4b9881841e1fd2d49710bf54,0
https://cdnjs.cloudflare.com/ajax/libs/codemirror/6.65.7/theme/hopscotch.css,,2074da3b102459c64bb9d760c790d5dfbc4a1805a026419fe9494918adca5d54,0
https://cdnjs.cloudflare.com/ajax/libs/codemirror/6.65.7/theme/hopscotch.min.css,,95fe17d02f0ac486255bf231853377c67158b3b17b44ddf090b7b19ee1df73fa,0
https://cdnjs.cloudflare.com/ajax/libs/codemirror/6.65.7/theme/icecoder.css,,ae8270b75ecb44407b1cab60c4ef335f961462477aa90cbe0b4a9a4cf06dff8e,0
https://cdnjs.cloudflare.com/ajax/libs/codemirror/6.65.7/theme/icecoder.min.css,,c47d2561c66842bc474763b12d22bf629bafeabdaca9a15ffecc33f8b4707336,0
https://cdnjs.cloudflare.com/ajax/libs/codemirror/6.65.7/theme/idea.css,,c52c1d627b1ed6ad74293c28ae35553f9de96f2fff926f7e4018618247cb3c98,0
https://cdnjs.cloudflare.com/ajax/libs/codemirror/6.65.7/theme/idea.min.css,,bb9098486ad509aed2d44926bb2297a97b19b2fd2f47966a3ef45d62623fdb4e,0
https://cdnjs.cloudflare.com/ajax/libs/codemirror/6.65.7/theme/isotope.css,,05a29f6e56dbdbaf74c75c585ad66ba6f4313dafc06e8f041b343fb851421ab1,0
https://cdnjs.cloudflare.com/ajax/libs/codemirror/6.65.7/theme/isotope.min.css,,b9576a5700554685b92628f5aa382b749a43c73f4ed663060bd64e319c4b4ba1,0
https://cdnjs.cloudflare.com/ajax/libs/codemirror/6.65.7/theme/juejin.css,,a6a735a137ef2eb55ea1b1647e9c66c9c50e6bf33bec293a36fd319701e3020a,0
https://cdnjs.cloudflare.com/ajax/libs/codemirror/6.65.7/theme/juejin.min.css,,13d0855ac5f0670c51ddb321e21f5da90626f9d0e28cefe0158e29548ad0cdf4,0
https://cdnjs.cloudflare.com/ajax/libs/codemirror/6.65.7/theme/lesser-dark.css,,b772ec1c4b63a8f31af9bc9ee4361a02b5b660cf238ac0a05694aed8da8330a0,0
https://cdnjs.cloudflare.com/ajax/libs/codemirror/6.65.7/theme/lesser-dark.min.css,,55646e39661ad11c55d9f0c174d107fca9177d7830eaf54a62295bd121f1c3c4,0
https://cdnjs.cloudflare.com/ajax/libs/codemirror/6.65.7/theme/liquibyte.css,,b799a2bc34fd750b6c8b10a3e0c40fea2ee03504799d13bb7545d11ed1f5b355,0
https://cdnjs.cloudflare.com/ajax/libs/codemirror/6.65.7/theme/liquibyte.min.css,,a92cb9a48c1749342630722df93d58f74208b6fd18054ddc445b12cc3cf310c5,0
https://cdnjs.cloudflare.com/ajax/libs/codemirror/6.65.7/theme/lucario.css,,a3dcbebff7ba256321b92ea4b034fc15cb8fe081010fbc6760bd59a0dff8d06f,0
https://cdnjs.cloudflare.com/ajax/libs/codemirror/6.65.7/theme/lucario.min.css,,512b5992a5a27af8cad058aa17ad8a2d0105b98ce2e3a242e491c705ed58761d,0
https://cdnjs.cloudflare.com/ajax/libs/codemirror/6.65.7/theme/material-darker.css,,5835aabae48149dbf6d47cf61160155f030e33882b4a80c35f9a3d60ed068680,0
https://cdnjs.cloudflare.com/ajax/libs/codemirror/6.65.7/theme/material-darker.min.css,,36f7867d65852095da9627424ca794ab24b58187ccbdfdf637fda7b57ab417f8,0
https://cdnjs.cloudflare.com/ajax/libs/codemirror/6.65.7/theme/material-ocean.css,,730d860562b4687aa07d5b0aa589127d6ae329dfdaab129db21862eac9570e7b,0
https://cdnjs.cloudflare.com/ajax/libs/codemirror/6.65.7/theme/material-ocean.min.css,,fde6b822a83489b28696465b0f3035d17dbd3560411482e3d83d86ec924a3bae,0
https://cdnjs.cloudflare.com/ajax/libs/codemirror/6.65.7/theme/material-palenight.css,,22b58f46026b37ff16de1d37f9a3feb6d5af6a350adb5cc931f29a81fea1bdc7,0
https://cdnjs.cloudflare.com/ajax/libs/codemirror/6.65.7/theme/material-palenight.min.css,,a6ae3fd4817940502ffbc59fdc0dd00e426e684ec26f79dc9036df09c912f20c,0
https://cdnjs.cloudflare.com/ajax/libs/codemirror/6.65.7/theme/material.css,,ce5226e4ba714fbe471f886a93453fde50896095424f97cd472a473d82a9f629,0
https://cdnjs.cloudflare.com/ajax/libs/codemirror/6.65.7/theme/material.min.css,,2e0d5809f56e7be41bb583aed8cfda7e521ea854c0e75da6d15a7497591f7125,0
https://cdnjs.cloudflare.com/ajax/libs/codemirror/6.65.7/theme/mbo.css,,23f2216dd2d4ffad8a6cec20dde749f90daf87b45b98f35e19816e54552831c3,0
https://cdnjs.cloudflare.com/ajax/libs/codemirror/6.65.7/theme/mbo.min.css,,22acfb232901bcf308285152fcf95acdb334e037506e7a156d74f92b8d0d9385,0
https://cdnjs.cloudflare.com/ajax/libs/codemirror/6.65.7/theme/mdn-like.css,,0fe4efda34252164bbf50f2b44cf51e985af27928150310dcd1022df3bee64fd,0
https://cdnjs.cloudflare.com/ajax/libs/codemirror/6.65.7/theme/mdn-like.min.css,,947b65488a2c1f38db01c2724fe58ef8e9ad6507cfa19ef6ad64c8032477cbf4,0
https://cdnjs.cloudflare.com/ajax/libs/codemirror/6.65.7/theme/midnight.css,,0802a6173fac71fae408d2a6189dff08e014482a2e13fa452750cec9155e9968,0
https://cdnjs.cloudflare.com/ajax/libs/codemirror/6.65.7/theme/midnight.min.css,,742682c145e999ed2d252b235b1816114cb664fe49b1b36e401ee1082687f7d2,0
https://cdnjs.cloudflare.com/ajax/libs/codemirror/6.65.7/theme/monokai.css,,2463dc6fd92019a0c7ca2aaa01d03116b280fa7c6ae01bf21df7c107d9b683e8,0
https://cdnjs.cloudflare.com/ajax/libs/codemirror/6.65.7/theme/monokai.min.css,,8e384a464c2adf6e08c4bd37a561f632d018dec2691d35e9179e5a16b27c6d30,0
https://cdnjs.cloudflare.com/ajax/libs/codemirror/6.65.7/theme/moxer.css,,f88c5ab1daba0ba8526ddd02fc10aee8fa746e4b2c7f01b91229e38a33d3602a,0
https://cdnjs.cloudflare.com/ajax/libs/codemirror/6.65.7/theme/moxer.min.css,,05f976905515fd5f3eb232e195519c3e40ecb261b15db5a822d973c310aafec0,0
https://cdnjs.cloudflare.com/ajax/libs/codemirror/6.65.7/theme/neat.css,,58c2c2e5bc69c2f2e2a2e619a3799a0bd70a8754c137104daab4a39e53f42503,0
https://cdnjs.cloudflare.com/ajax/libs/codemirror/6.65.7/theme/neat.min.css,,8f74a32f69bf55af4147884244bd1dc04d5b9debdc3b1cc8e285c426cf783ea9,0
https://cdnjs.cloudflare.com/ajax/libs/codemirror/6.65.7/theme/neo.css,,a919e6daa7d3fd0e76fbb0c2dab8268f6f998d381bf6cd76802eadb8b6f4b6fd,0
https://cdnjs.cloudflare.com/ajax/libs/codemirror/6.65.7/theme/neo.min.css,,902e1afa69d9f472dcfbe834a0c8b05e7510f5a3f20df9ea96116b908e5b9f8d,0
https://cdnjs.cloudflare.com/ajax/libs/codemirror/6.65.7/theme/night.css,,0c5dde41710597bebc4e4213244b888be77ee451c7e394d8a3a2ea9a88703ee5,0
https://cdnjs.cloudflare.com/ajax/libs/codemirror/6.65.7/theme/night.min.css,,9276f96513e40a03ce77c8ce95e0b49689a57dc380fc9c738308c5de29638a3f,0
https://cdnjs.cloudflare.com/ajax/libs/codemirror/6.65.7/theme/nord.css,,a238fa5f171a8b612170eb67cfdd0f1c4c731ac5e10d10ea6fdf1642dd1ee1b1,0
https://cdnjs.cloudflare.com/ajax/libs/codemirror/6.65.7/theme/nord.min.css,,5f16126f7822fbd3776ce2895c0dcbedd02e75f155b8d6bc8fbf53b710925c7f,0
https://cdnjs.cloudflare.com/ajax/libs/codemirror/6.65.7/theme/oceanic-next.css,,a3089450d9d877873ede20d582461f237f4cf5998034584d00ae1623b81efe03,0
https://cdnjs.cloudflare.com/ajax/libs/codemirror/6.65.7/theme/oceanic-next.min.css,,0b472f6af44cf6f8eb921603d7e9e83e4fd5b3f35214823ebf2ec25a88c6f53c,0
https://cdnjs.cloudflare.com/ajax/libs/codemirror/6.65.7/theme/panda-syntax.css,,c6d5827216777e2c3014c07110a7082444379b115260c6d4e0244cfa7eddf820,0
https://cdnjs.cloudflare.com/ajax/libs/codemirror/6.65.7/theme/panda-syntax.min.css,,d73b7b7e7439bf023a9125f5ff8cc3ba0490a74ba93334c629a4a04565139d31,0
https://cdnjs.cloudflare.com/ajax/libs/codemirror/6.65.7/theme/paraiso-dark.css,,fc551f1a32ca11d4023af6dc87ee3785fbb5fe5044cdac12057f0af9c1731d97,0
https://cdnjs.cloudflare.com/ajax/libs/codemirror/6.65.7/theme/paraiso-dark.min.css,,d3f59c130fafdf71ed8b194631fa53be0b6b1aeeef8484b5ac8dd8c3b6f7b293,0
https://cdnjs.cloudflare.com/ajax/libs/codemirror/6.65.7/theme/paraiso-light.css,,25ff9301f48317d13586f74c95eb8e665fb0e8e1364b41b6219d218a96d7f5a8,0
https://cdnjs.cloudflare.com/ajax/libs/codemirror/6.65.7/theme/paraiso-light.min.css,,be26a5ace23a8357d42bc10ebad0cc5fae08745267f30cf1bc73261203f3bbb9,0
https://cdnjs.cloudflare.com/ajax/libs/codemirror/6.65.7/theme/pastel-on-dark.css,,d13d34489985a2a203d321f15afb8f6b681b74e16b81e8c80c8b8ad9df56159e,0
https://cdnjs.cloudflare.com/ajax/libs/codemirror/6.65.7/theme/pastel-on-dark.min.css,,9c9a9b3e100d6676377cba84e4bfb211ff25299e18017a0ea63e8c672c556c46,0
https://cdnjs.cloudflare.com/ajax/libs/codemirror/6.65.7/theme/railscasts.css,,e9ba2e428ab0547969c02c2e76fbdcc7ea296165620c652b220fa7427989ba48,0
https://cdnjs.cloudflare.com/ajax/libs/codemirror/6.65.7/theme/railscasts.min.css,,d2a898dbae0645f21a5bc7760db9de4b29bfa83ee5250d683984735fb877dac5,0
https://cdnjs.cloudflare.com/ajax/libs/codemirror/6.65.7/theme/rubyblue.css,,dd8d9e324b7e04d114c83ceb8301f892e99dce2e9e17ed6a19bb4c1622be384c,0
https://cdnjs.cloudflare.com/ajax/libs/codemirror/6.65.7/theme/rubyblue.min.css,,367445fc829b82c8c38a7eff0e4e2088fc42b17de3878bc5c1f36e0f07d379b9,0
https://cdnjs.cloudflare.com/ajax/libs/codemirror/6.65.7/theme/seti.css,,7af4f98f42f6bcf74a74f606ecd6af6bdc6c5549be258d7726e9a89367b5d12d,0
https://cdnjs.cloudflare.com/ajax/libs/codemirror/6.65.7/theme/seti.min.css,,9d13f053328298d58d9e454a35b6b381802863d291048ad4d29fe81fd34dba65,0
https://cdnjs.cloudflare.com/ajax/libs/codemirror/6.65.7/theme/shadowfox.css,,58d588462fc40bbf090491907ffe6694b09406c76f88b7bb08e7acc67f497904,0
https://cdnjs.cloudflare.com/ajax/libs/codemirror/6.65.7/theme/shadowfox.min.css,,027b43a3345d311be9a2b5f6e3f22a82bd4932d62ff16e112e2da8d5e5488303,0
https://cdnjs.cloudflare.com/ajax/libs/codemirror/6.65.7/theme/solarized.css,,b3510a0c63bc4df681756fed202b82438c4e59828d59c8730adae73832953e04,0
https://cdnjs.cloudflare.com/ajax/libs/codemirror/6.65.7/theme/solarized.min.css,,662e1bd4ad59948bbdf360d93d2a7c29dcfd95cefc2707ed5ffd925b4f89ab78,0
https://cdnjs.cloudflare.com/ajax/libs/codemirror/6.65.7/theme/ssms.css,,f96e548ae553d03312feafbf4c4aabef3b026cf87f0346ae754e5ea1f97d7e13,0
https://cdnjs.cloudflare.com/ajax/libs/codemirror/6.65.7/theme/ssms.min.css,,0ee6155a401e4e9a64a253f9d19f15011948d3e47dfb5fa5671943e43a18556b,0
https://cdnjs.cloudflare.com/ajax/libs/codemirror/6.65.7/theme/the-matrix.css,,ff123c011dca5c5c4b1ae7650f98afbf0e4eeb49f5a02c44e848a802ac5fd07b,0
https://cdnjs.cloudflare.com/ajax/libs/codemirror/6.65.7/theme/the-matrix.min.css,,bbc9c632203a3b4aabfb99a65c316890a595d11b5b19a38922e297e7dfec5841,0
https://cdnjs.cloudflare.com/ajax/libs/codemirror/6.65.7/theme/tomorrow-night-bright.css,,45ebddfc249b14c21d4e67f4671812ac874c59f11fb4ec27f20c3ce50e7b7103,0
https://cdnjs.cloudflare.com/ajax/libs/codemirror/6.65.7/theme/tomorrow-night-bright.min.css,,45fc0ede3e0be9c1944f7e7045d77bd6f08f285b31c9a8f10996d1b2cd19e592,0
https://cdnjs.cloudflare.com/ajax/libs/codemirror/6.65.7/theme/tomorrow-night-eighties.css,,6b015d31eaaaa08bd35d85582ceabd11bc2b6f708c1a052c0f7a9450ce2366b1,0
https://cdnjs.cloudflare.com/ajax/libs/codemirror/6.65.7/theme/tomorrow-night-eighties.min.css,,d4ddbd47f680d958ef2c00818bda9421f89d2e4d03c3af73546535dbe32364fa,0
https://cdnjs.cloudflare.com/ajax/libs/codemirror/6.65.7/theme/ttcn.css,,9ed02395f2a6de9f96ce814b67ae73c4facaad6c0c48f7cfe659bcd3dffc5310,0
https://cdnjs.cloudflare.com/ajax/libs/codemirror/6.65.7/theme/ttcn.min.css,,4e03a89d473853137b33ef4e4776a20bb03159cff36d4ea4814b3680bf62bc15,0
https://cdnjs.cloudflare.com/ajax/libs/codemirror/6.65.7/theme/twilight.css,,96d029308363b671bc25f30fd439d1704ce4505b8c36297e3ca411a0045df23b,0
https://cdnjs.cloudflare.com/ajax/libs/codemirror/6.65.7/theme/twilight.min.css,,cf2b89d055af86248dec4e6fe8a3cf424443358320792df4976f7812199de6c8,0
https://cdnjs.cloudflare.com/ajax/libs/codemirror/6.65.7/theme/vibrant-ink.css,,61ea92dad1d7104298dbe749d8a02fa97ea8bdc1616e66e5cf700b8ec0862c9d,0
https://cdnjs.cloudflare.com/ajax/libs/codemirror/6.65.7/theme/vibrant-ink.min.css,,b9a07a90d9f2fc0e22708c69cfeaa74ae4b54847f1915454cf210c729b9b5191,0
https://cdnjs.cloudflare.com/ajax/libs/codemirror/6.65.7/theme/xq-dark.css,,cac8e85d76159c45b663f229cc07057e289bcd9eda42f7c7e9c8ad395d7e8c74,0
https://cdnjs.cloudflare.com/ajax/libs/codemirror/6.65.7/theme/xq-dark.min.css,,d24167a634700caa99f57ffad525ac35f1a63cdb4f315923d75cd0e664f22943,0
https://cdnjs.cloudflare.com/ajax/libs/codemirror/6.65.7/theme/xq-light.css,,296975411e50d1a448544dd8d09503e01ea1e3cb91c68f507182c2038b302d39,0
https://cdnjs.cloudflare.com/ajax/libs/codemirror/6.65.7/theme/xq-light.min.css,,63616b1477fe5c51c98edd30cc763b0b1eb3fa8f6046029797086f67c22e9f56,0
https://cdnjs.cloudflare.com/ajax/libs/codemirror/6.65.7/theme/yeti.css,,f058bfa68018f67b8d165ab420447c9c99ef589be08dd0fe429a4adb7aad1f07,0
https://cdnjs.cloudflare.com/ajax/libs/codemirror/6.65.7/theme/yeti.min.css,,fcb2276de1d9f477e893be280fa7fafba7c0f3385687cb451990300be9dfcd6f,0
https://cdnjs.cloudflare.com/ajax/libs/codemirror/6.65.7/theme/yonce.css,,3027100dd387290cc4f9fccf0203fa5fa035dc021aa66182aeb755ac05bce1e4,0
https://cdnjs.cloudflare.com/ajax/libs/codemirror/6.65.7/theme/yonce.min.css,,a06ea406ca72e1620a2f47329095cef4740f06916fdc276235a9afda7ab76c90,0
https://cdnjs.cloudflare.com/ajax/libs/codemirror/6.65.7/theme/zenburn.css,,9e4d941a7dc502eebdba104daa8a1177195543b8ae0a048fbdeba1dcf6d7e097,0
https://cdnjs.cloudflare.com/ajax/libs/codemirror/6.65.7/theme/zenburn.min.css,,7773c135bf0fdfa60c32b860c98beef6e2d651b2450c29cb24e0e757b906e926,0
https://cdnjs.cloudflare.com/ajax/libs/crypto-js/4.2.0/aes.js,,d6bb48feacbd63fd455becce7a5528877242f70e73ba1f7838c186ed8f35fd3c,0
https://cdnjs.cloudflare.com/ajax/libs/crypto-js/4.2.0/aes.min.js,,9caaa0e0d73d60a2fb0c7ee8871587968630c9cfa535c20b9ea35fe4b287f0bf,0
https://cdnjs.cloudflare.com/ajax/libs/crypto-js/4.2.0/blowfish.js,,dce696d0842412093ec68ceef095d0db470a358628dbc352867bf535ef3edfb6,0
https://cdnjs.cloudflare.com/ajax/libs/crypto-js/4.2.0/blowfish.min.js,,192e3a137339f89792796cc23d6130f75dd7ec2f3abf660f8138f9c985a867aa,0
https://cdnjs.cloudflare.com/ajax/libs/crypto-js/4.2.0/cipher-core.js,,1b3331c29f4a1e222ebf7d3b9bd3458a308c2a47fc5e6cccb93f7d2d5c57533d,0
https://cdnjs.cloudflare.com/ajax/libs/crypto-js/4.2.0/cipher-core.min.js,,f0e4239fedabcb22505d1ab7e36df982a90cbdf8f51171b8d58e7838c1d32031,0
https://cdnjs.cloudflare.com/ajax/libs/crypto-js/4.2.0/core.js,,2638bdd7224472f801890636d42df16c144ca46c84229ef3087190d21f935daf,0
https://cdnjs.cloudflare.com/ajax/libs/crypto-js/4.2.0/core.min.js,,4194e1e79cb8dddc9cabfd0af9fd2ab68c5e00ada2a01087a437412ddb999b98,0
https://cdnjs.cloudflare.com/ajax/libs/crypto-js/4.2.0/crypto-js.js,,ee02257ffbaf0a9b481c7039b0f3bb20c360c9674fe4be8b38ae709b2ea59bbe,0
https://cdnjs.cloudflare.com/ajax/libs/crypto-js/4.2.0/crypto-js.min.js,,769a555de553babc35a3338f344dd7aa16260c93cea2c7db290707c90484e7cc,0
https://cdnjs.cloudflare.com/ajax/libs/crypto-js/4.2.0/enc-base64.js,,84b69d1625474179d55622a8333c3aac376dd8bc77de7b06c21695762cb69cab,0
https://cdnjs.cloudflare.com/ajax/libs/crypto-js/4.2.0/enc-base64.min.js,,c555c7fb47e4ab1aec08e9206109ca85fd05070eab85b095a68bc55b9e3886a1,0
https://cdnjs.cloudflare.com/ajax/libs/crypto-js/4.2.0/enc-base64url.js,,8747798ddd53f467bebd7101bcd053b3f12ef028b3e6c012aede147732c8a9c6,0
https://cdnjs.cloudflare.com/ajax/libs/crypto-js/4.2.0/enc-base64url.min.js,,4f69426c62c0cb2538cbb9bb8b928c79b5cacf7d1f438f8a9c4e48809b56e9a3,0
https://cdnjs.cloudflare.com/ajax/libs/crypto-js/4.2.0/enc-hex.js,,c7dad9931250921c24508ba9949abb818745b38891da44693359249b11ed143d,0
https://cdnjs.cloudflare.com/ajax/libs/crypto-js/4.2.0/enc-hex.min.js,,25d219431e5a018f5175a271e6b11c34ff51990a68e38a12e799752efb16ff51,0
https://cdnjs.cloudflare.com/ajax/libs/crypto-js/4.2.0/enc-latin1.js,,24dfee2cc51ec0481aad1f62933bd0ae1238c34c5b0e73aeb1729027c913a26b,0
https://cdnjs.cloudflare.com/ajax/libs/crypto-js/4.2.0/enc-latin1.min.js,,215ca7b3c6edcae903cb900102286450a38877014c65e62abdddd9c7d42b7601,0
https://cdnjs.cloudflare.com/ajax/libs/crypto-js/4.2.0/enc-utf16.js,,c35339900b45fa701c390c924009a95270b4b4d91b427e40984f117c2f7ec67d,0
https://cdnjs.cloudflare.com/ajax/libs/crypto-js/4.2.0/enc-utf16.min.js,,ee4fb0d40ec1d122dbf099aa6dfd4c98eb086ea7e2d4d5cdc0a69aff2d75177f,0
https://cdnjs.cloudflare.com/ajax/libs/crypto-js/4.2.0/enc-utf8.js,,8c7e44dc2d49b20fd78a44827fa962a28a5e22e0adfe036aa0fdcfc7adb89984,0
https://cdnjs.cloudflare.com/ajax/libs/crypto-js/4.2.0/enc-utf8.min.js,,d7508e492e66dfd8a8a6b2ef5309624dbd8889ee7c74f8bdaf64177ead978000,0
https://cdnjs.cloudflare.com/ajax/libs/crypto-js/4.2.0/evpkdf.js,,03a8ec00db105b3b813902400ed65169d12ecd382fa13402fd62c55e251caacc,0
https://cdnjs.cloudflare.com/ajax/libs/crypto-js/4.2.0/evpkdf.min.js,,677ce8543c2e2ebbd678f5fafd7b5aada2a057cc2aed1f432ee810e93112ade3,0
https://cdnjs.cloudflare.com/ajax/libs/crypto-js/4.2.0/format-hex.js,,040a2918bec8cb8ba0a6303fa3c1bbfd899bc8644643e8ac493e3c08a0c09097,0
https://cdnjs.cloudflare.com/ajax/libs/crypto-js/4.2.0/format-hex.min.js,,4fb9de0ba12deacbe17680fb1c774f55332a32039c2d6a37cb62562f88b22e67,0
https://cdnjs.cloudflare.com/ajax/libs/crypto-js/4.2.0/format-openssl.js,,1ffa86862e66b6c0fff35cb96875e97a793aaf86ca749b29381cbc67a0877bba,0
https://cdnjs.cloudflare.com/ajax/libs/crypto-js/4.2.0/format-openssl.min.js,,e4aaad0453d4d4142fe3046bc46b4420fcbebf2005deace29bd36eed8da2d25f,0
https://cdnjs.cloudflare.com/ajax/libs/crypto-js/4.2.0/hmac-md5.js,,d3072014eb4186d02e335c511b3cc6e163a5cfebaa8c4ae13634af24887078e6,0
https://cdnjs.cloudflare.com/ajax/libs/crypto-js/4.2.0/hmac-md5.min.js,,dae37a0dabdc20ef4d6e376eae4dd100c7276c8d660a6064cb8215065ab17cfa,0
https://cdnjs.cloudflare.com/ajax/libs/crypto-js/4.2.0/hmac-ripemd160.js,,28e2bdcb143840e4e01eff312a728e0f652d7dcb0d1bbdceab0bf48ff5cae8ac,0
https://cdnjs.cloudflare.com/ajax/libs/crypto-js/4.2.0/hmac-ripemd160.min.js,,ab2ef5bd32ee1200413323b88146c241c51669548f444198974c8855ad002e50,0
https://cdnjs.cloudflare.com/ajax/libs/crypto-js/4.2.0/hmac-sha1.js,,e104acb7379b834bd9249e3cfcb2196acbf90a22bb10947feb2a1fbe30ded105,0
https://cdnjs.cloudflare.com/ajax/libs/crypto-js/4.2.0/hmac-sha1.min.js,,aaf90d89058f2ac31a00ae50cca6430c58a18bc3a3d1df434c05e3b0d03dcc69,0
https://cdnjs.cloudflare.com/ajax/libs/crypto-js/4.2.0/hmac-sha224.js,,35208e1e4631ff5f9bd83220dbfbef63290eb93e914055b35583fbf19eb76693,0
https://cdnjs.cloudflare.com/ajax/libs/crypto-js/4.2.0/hmac-sha224.min.js,,108a879e6a91921b36cc880cf899afaa2b363c0078189af0b3753d8843d70dd1,0
https://cdnjs.cloudflare.com/ajax/libs/crypto-js/4.2.0/hmac-sha256.js,,11d26c11f858b74bf0f106c74ddb579a112d3e7321fd684365a77ba2a7a5dffc,0
https://cdnjs.cloudflare.com/ajax/libs/crypto-js/4.2.0/hmac-sha256.min.js,,36c1feb5a8c1030f6e933aeb9971ed617bdd833b574e8c07b4db09bd3f003b06,0
https://cdnjs.cloudflare.com/ajax/libs/crypto-js/4.2.0/hmac-sha3.js,,bc63c36741416fb55fbbe3c7c4a78b5e056d9b902a471bb16b6f5672fbbacbf8,0
https://cdnjs.cloudflare.com/ajax/libs/crypto-js/4.2.0/hmac-sha3.min.js,,557e0303149c64ed140d71b96843a8f1ceae5f440b986ee8070b811a02e8003b,0
https://cdnjs.cloudflare.com/ajax/libs/crypto-js/4.2.0/hmac-sha384.js,,93494b918b2eb79cd1be66145a41137ac0d65739ed6cb9e04f82bf1d7cdc7019,0
https://cdnjs.cloudflare.com/ajax/libs/crypto-js/4.2.0/hmac-sha384.min.js,,e846e52851536028e5a207ace1e1d4fcaac031181a5886913e32639e70c80dde,0
https://cdnjs.cloudflare.com/ajax/libs/crypto-js/4.2.0/hmac-sha512.js,,6c2b59ac5e27099986b28d32e425ed3d65a4621c1c6512d03d40b336c6e88a2d,0
https://cdnjs.cloudflare.com/ajax/libs/crypto-js/4.2.0/hmac-sha512.min.js,,e8b129ccb84fdfbf3865fff51833a28d975c139f0eaa79236ebe43435edb8cd9,0
https://cdnjs.cloudflare.com/ajax/libs/crypto-js/4.2.0/hmac.js,,c89f8f08ae06990edbc0763cd46853d16c70eaf513de8592b1ffb74a2ad2f7da,0
https://cdnjs.cloudflare.com/ajax/libs/crypto-js/4.2.0/hmac.min.js,,ee8c45c905910542a704a416440ec3ddc8940f76304bf70b444dff79c233babb,0
https://cdnjs.cloudflare.com/ajax/libs/crypto-js/4.2.0/index.js,,7de6a6041ebd1a43ecd79b59708795ac273930bb36265b41fff832d781e7bb27,0
https://cdnjs.cloudflare.com/ajax/libs/crypto-js/4.2.0/index.min.js,,f6a508c998751bb2313fde554915c7821f0f952cdc5656a0f66499a57385b7e5,0
https://cdnjs.cloudflare.com/ajax/libs/crypto-js/4.2.0/lib-typedarrays.js,,a5875f287e6cc6dea0ab64024db32783229a7db55f74deccf6566973bbd76ec9,0
https://cdnjs.cloudflare.com/ajax/libs/crypto-js/4.2.0/lib-typedarrays.min.js,,5786c80450e4a357318384dd0f79bdbab0807eaa0e25f41f49f0e5408d017372,0
https://cdnjs.cloudflare.com/ajax/libs/crypto-js/4.2.0/md5.js,,ffce8dc6b782620c6238a5b2280c5a98f6bef8c77fa80e581fac8cce0f08effe,0
https://cdnjs.cloudflare.com/ajax/libs/crypto-js/4.2.0/md5.min.js,,585e38688ec7da5f9146026a9cbf624e0ea2abb5f741385eda0c0aa02ef44255,0
https://cdnjs.cloudflare.com/ajax/libs/crypto-js/4.2.0/mode-cfb.js,,a3626b78fe53d7d32fbcaeaeb92750db305e84e2ccb84e61d735ac7a4dc7345c,0
https://cdnjs.cloudflare.com/ajax/libs/crypto-js/4.2.0/mode-cfb.min.js,,b1c91f4020e2982ba27ea4e116bbdda54ba4aa3384aaab424a281ec63c5a014f,0
https://cdnjs.cloudflare.com/ajax/libs/crypto-js/4.2.0/mode-ctr-gladman.js,,fcd6166981435cc01bdfd2fb8f9e2773acfb144ab8c47e0c71473d9bdee755b0,0
https://cdnjs.cloudflare.com/ajax/libs/crypto-js/4.2.0/mode-ctr-gladman.min.js,,246b58fdaee11470801e719500160bba4d6ae3f421d998dddf1c3e5f81e422ef,0
https://cdnjs.cloudflare.com/ajax/libs/crypto-js/4.2.0/mode-ctr.js,,9e67161f61922a475b142b2e18cb4470ed7860ef61bc6e7a41f327f7a59be96f,0
https://cdnjs.cloudflare.com/ajax/libs/crypto-js/4.2.0/mode-ctr.min.js,,c506149738f7ecb55503027cb8c70c5f186203c9e471c267c9c1e3da51400512,0
https://cdnjs.cloudflare.com/ajax/libs/crypto-js/4.2.0/mode-ecb.js,,4f563373ba4af442e1b425b7b7dd1030ed84b9babe9821949922d9677bf14701,0
https://cdnjs.cloudflare.com/ajax/libs/crypto-js/4.2.0/mode-ecb.min.js,,1a797464eae83bbad74f82c40953128a596448f97447f97a0b8df101f34c28ee,0
https://cdnjs.cloudflare.com/ajax/libs/crypto-js/4.2.0/mode-ofb.js,,b49077bf4bf5e8f2cbb2de0e2d48c4d941a3feba2bc7c629abd51fe2ac8bdb2f,0
https://cdnjs.cloudflare.com/ajax/libs/crypto-js/4.2.0/mode-ofb.min.js,,32f505444fb4aabf7402fe229c0d1712208ec4109c3b3784a37cc1fb90933be0,0
https://cdnjs.cloudflare.com/ajax/libs/crypto-js/4.2.0/pad-ansix923.js,,7d950bc42f262159a2786eea30d1153a3d0bca9aab9acdbcc1a981a8d2854ef7,0
https://cdnjs.cloudflare.com/ajax/libs/crypto-js/4.2.0/pad-ansix923.min.js,,2d72d9259f45cf3edf6cf0ca0dcc32e41a9c1933489545009b773a697fe4e973,0
https://cdnjs.cloudflare.com/ajax/libs/crypto-js/4.2.0/pad-iso10126.js,,d3695304e8e7a001cc6e1b84d4b58abd429dd7e3f09514c260bcd3122a3aa685,0
https://cdnjs.cloudflare.com/ajax/libs/crypto-js/4.2.0/pad-iso10126.min.js,,dd168295ca5f750baf11781001d1fc191ad9d75e491cd34cd0868d65bf669698,0
https://cdnjs.cloudflare.com/ajax/libs/crypto-js/4.2.0/pad-iso97971.js,,f7f7179b8bea5b6ef4f0891f23b563db8aa530376795cd99ef84942cfc62d328,0
https://cdnjs.cloudflare.com/ajax/libs/crypto-js/4.2.0/pad-iso97971.min.js,,62290be32156783082b33df401d82defd7d2ba1ff5b31a1c9a39c33fc9c541f8,0
https://cdnjs.cloudflare.com/ajax/libs/crypto-js/4.2.0/pad-nopadding.js,,a722d1f1486b807b34076ec3277ea3a65f21837db2d9f76eb5daa7de312479a6,0
https://cdnjs.cloudflare.com/ajax/libs/crypto-js/4.2.0/pad-nopadding.min.js,,bbfcc962e8e2d7e08a38946f0a4ce59d5a1fd33f0b0973997e92ca0a1e75bd2b,0
https://cdnjs.cloudflare.com/ajax/libs/crypto-js/4.2.0/pad-pkcs7.js,,9a3c909e8c3b6604bfd7a48a3c7e61504292744d894bce1266b44691b857c1bc,0
https://cdnjs.cloudflare.com/ajax/libs/crypto-js/4.2.0/pad-pkcs7.min.js,,6f567cead784eb6decd8974536597ec17a0adffefb124f26d202267f68ceb9ad,0
https://cdnjs.cloudflare.com/ajax/libs/crypto-js/4.2.0/pad-zeropadding.js,,d99e781985e817da7c6af30d957c45419b1a7e176bf52160424ebbbf970df906,0
https://cdnjs.cloudflare.com/ajax/libs/crypto-js/4.2.0/pad-zeropadding.min.js,,9744827f9a38e4bcf42b95466cb61051b2bcc3cc4cc9722931f4595f59842d6f,0
https://cdnjs.cloudflare.com/ajax/libs/crypto-js/4.2.0/pbkdf2.js,,89cca1be3926c8d89b6f827d70970bb3bc94ae47943342ca8949992faf8d2b60,0
https://cdnjs.cloudflare.com/ajax/libs/crypto-js/4.2.0/pbkdf2.min.js,,f069e535938b77a9eb0770cedf0b883f207189c077dd97fe9fd5f60148c0475c,0
https://cdnjs.cloudflare.com/ajax/libs/crypto-js/4.2.0/rabbit-legacy.js,,cf9afefa87b216dd4d8be00524f8904bba1147fbb90273e5e6a7b2824b52e56f,0
https://cdnjs.cloudflare.com/ajax/libs/crypto-js/4.2.0/rabbit-legacy.min.js,,f2a21a30fd7a444a7e8f1e96c0279a4661de8c302c7033a768a7a9eeb2287800,0
https://cdnjs.cloudflare.com/ajax/libs/crypto-js/4.2.0/rabbit.js,,dc93dba650db41783f8a3faba6ba17ad82cb0eb1b6fa84df406f71d520d84b42,0
https://cdnjs.cloudflare.com/ajax/libs/crypto-js/4.2.0/rabbit.min.js,,957a0e06c48d75bc6c0f1eb4337617dabd551a8d860afa0dc323cc64f3db220e,0
https://cdnjs.cloudflare.com/ajax/libs/crypto-js/4.2.0/rc4.js,,571eca05c055a26c729f757f83b9f849968ae0dc0ba9870e5be9526019c53a33,0
https://cdnjs.cloudflare.com/ajax/libs/crypto-js/4.2.0/rc4.min.js,,7457087d542b320b9e94e3426ce72738bbccdbbb6fd7723ed2eb97deebb156eb,0
https://cdnjs.cloudflare.com/ajax/libs/crypto-js/4.2.0/ripemd160.js,,3d7eea732acb8f27ba7be5ec54cc1c5ea198be2f7b12ae78cf03ce3b87d78da1,0
https://cdnjs.cloudflare.com/ajax/libs/crypto-js/4.2.0/ripemd160.min.js,,eee8436de1ca63d2a27912adea64fd0481addb7c09225999adb1493058ea3b72,0
https://cdnjs.cloudflare.com/ajax/libs/crypto-js/4.2.0/sha1.js,,fca2d5560acb8de760ebc94679ff210056722af8193871e75176a61a977ac30f,0
https://cdnjs.cloudflare.com/ajax/libs/crypto-js/4.2.0/sha1.min.js,,af8ae523c18de6190ae3ef0c09cbf22f7b8e389acde6129bd7cf856fa126a3ed,0
https://cdnjs.cloudflare.com/ajax/libs/crypto-js/4.2.0/sha224.js,,542ddc722d9711595c11d57caa9424beca928b3553747a51e3f1c57c2c08ec16,0
https://cdnjs.cloudflare.com/ajax/libs/crypto-js/4.2.0/sha224.min.js,,4a6a64d35376d87a17a769a6f6b2a72c1322eed7241010acf18c4013a662b722,0
https://cdnjs.cloudflare.com/ajax/libs/crypto-js/4.2.0/sha256.js,,d8074f23cbd27aa6c2f231b8bdad34bbd8d49c7e47ffa0d7cd07a2c4d1d3c798,0
https://cdnjs.cloudflare.com/ajax/libs/crypto-js/4.2.0/sha256.min.js,,44f2c69e6f14ce36a1c8f282c0b744b95dee004cda08bf6de1ff5f68064d9670,0
https://cdnjs.cloudflare.com/ajax/libs/crypto-js/4.2.0/sha3.js,,6ee08cd3d69b181cb735011acd0a0d57b6a4a071baf8ecbbbb9aa18cf1e4d6ac,0
https://cdnjs.cloudflare.com/ajax/libs/crypto-js/4.2.0/sha3.min.js,,60aa08598d5608e71da291e3f2803216e95a8734fbc90395dc428aa4a6a650f1,0
https://cdnjs.cloudflare.com/ajax/libs/crypto-js/4.2.0/sha384.js,,8d902216aef6840bb9951117bdd3aa6331078e68ee04987aa1d59c73b5ff3066,0
https://cdnjs.cloudflare.com/ajax/libs/crypto-js/4.2.0/sha384.min.js,,b9c47661895df0b7b3be20922fcddad246d309966699a271fae3f39ed9e49213,0
https://cdnjs.cloudflare.com/ajax/libs/crypto-js/4.2.0/sha512.js,,986ca486a1c9e58e9d8fc38d1db4e652e14c751ba1a6a15fd81439d261efe2b0,0
https://cdnjs.cloudflare.com/ajax/libs/crypto-js/4.2.0/sha512.min.js,,646567cdbd1183a1fb1f19c7364e35d54193b63f6d9f0ac9f321db5e38fbb249,0
https://cdnjs.cloudflare.com/ajax/libs/crypto-js/4.2.0/tripledes.js,,8d8de06235e08f38ddc855070ef8cb86d7c69a67b3a5278f8cbf2af64b55122d,0
https://cdnjs.cloudflare.com/ajax/libs/crypto-js/4.2.0/tripledes.min.js,,435fc5ea995d4bb39c4741337a3846f21c59be73842260cda8d67d6f2c96a1de,0
https://cdnjs.cloudflare.com/ajax/libs/crypto-js/4.2.0/x64-core.js,,c54130dcd19ae2c7f8c4b4a69cb2038a65d363899cddf7ebaae0102bfc8fe086,0
https://cdnjs.cloudflare.com/ajax/libs/crypto-js/4.2.0/x64-core.min.js,,0801533f132e494d1df84ef6c1e57383d0c549bcd3857ec3b7661aa3ce43c840,0
https://cdnjs.cloudflare.com/ajax/libs/cytoscape/3.34.2/cytoscape.esm.min.mjs,,bef8043c0b066d83cda428cea5f61d1e56a24fbee4a15af160d9820b9ca8de22,0
https://cdnjs.cloudflare.com/ajax/libs/cytoscape/3.34.2/cytoscape.esm.mjs,,485cbbede29dac6028e96c89a895b2e3cbe26abaf3457049a5913e0f8ad53451,0
https://cdnjs.cloudflare.com/ajax/libs/cytoscape/3.34.2/cytoscape.min.js,,b85c213252b880cbb2d86c10dc537f673560e82494da4330f1ccc18fbcb5f145,0
https://cdnjs.cloudflare.com/ajax/libs/cytoscape/3.34.2/cytoscape.umd.js,,7a28583a48153f8ffce6d69ce0a9251cbbb2ea5c1b0f8daef6a9cfa988446581,0
https://cdnjs.cloudflare.com/ajax/libs/cytoscape/3.34.2/cytoscape.umd.min.js,,04bd74d5f715102a8087e9c7fdf187a72fc223ccee7942bef7c45275adba673c,0
https://cdnjs.cloudflare.com/ajax/libs/d3/7.9.0/d3.js,,0c0d58be2106c14e242fc75bc09a17467800630751580665f6e9552a0c064ea2,0
https://cdnjs.cloudflare.com/ajax/libs/d3/7.9.0/d3.min.js,,f2094bbf6141b359722c4fe454eb6c4b0f0e42cc10cc7af921fc158fceb86539,0
https://cdnjs.cloudflare.com/ajax/libs/date-fns/4.4.0/cdn.js,,03cd681b3ed193ae359c060cb27aa6672f2a4385aad9678172d194e5c07c4b9f,0
https://cdnjs.cloudflare.com/ajax/libs/date-fns/4.4.0/cdn.min.js,,c1cd1e0ed8698ba44005d3dbe8163f587c26fd7dc9361ba5a279f4d4abc30d03,0
https://cdnjs.cloudflare.com/ajax/libs/date-fns/4.4.0/fp/cdn.js,,6009235a5527b3d6f9c38431e3497834cf84f21435ef7844b1fe7170cc7fab29,0
https://cdnjs.cloudflare.com/ajax/libs/date-fns/4.4.0/fp/cdn.min.js,,bed382d2912c51e79d30a2bbf7124b5fdc65de374bd0371ea0a917bd6560468e,0
https://cdnjs.cloudflare.com/ajax/libs/date-fns/4.4.0/locale/af/cdn.js,,b652397d2cdbc425c86ced0b91c53a899e84ca960f3212fdab3af79f9a4f4a70,0
https://cdnjs.cloudflare.com/ajax/libs/date-fns/4.4.0/locale/af/cdn.min.js,,4f6df02e147cd752fc8801e4361266df84c9576c3a71c4f87c45f99105e23db3,0
https://cdnjs.cloudflare.com/ajax/libs/date-fns/4.4.0/locale/ar-DZ/cdn.js,,7b391c1a6e6a1631fac1e1ca9ff2db0a497dffe44adb00d1c515acf6975a8f26,0
https://cdnjs.cloudflare.com/ajax/libs/date-fns/4.4.0/locale/ar-DZ/cdn.min.js,,58bf0818de5ba52307daecd23cf4f9a71a536c063d4aabdab6e97913b85bd20f,0
https://cdnjs.cloudflare.com/ajax/libs/date-fns/4.4.0/locale/ar-EG/cdn.js,,e40add64c5d9a19f669a3466a95a995e54c6aafade2069fe8ef595d9526a3098,0
https://cdnjs.cloudflare.com/ajax/libs/date-fns/4.4.0/locale/ar-EG/cdn.min.js,,0ec79ea831a4e78eb56d93027d2ddf260cf9aae153451df7b0331659e89b7c7c,0
https://cdnjs.cloudflare.com/ajax/libs/date-fns/4.4.0/locale/ar-MA/cdn.js,,f92ccc8f07bc8e3d8b34b86324171d7257cd4368d803e5f3a659564ea18fa897,0
https://cdnjs.cloudflare.com/ajax/libs/date-fns/4.4.0/locale/ar-MA/cdn.min.js,,ea317b288ba4ec6c06e9ae94ff48c81dc65272fcec2b5c791f87bcb53449a509,0
https://cdnjs.cloudflare.com/ajax/libs/date-fns/4.4.0/locale/ar-SA/cdn.js,,20c5b461da233ad8d4f0b91267a6b231d5334c7676054f0dbd31c32f3bec716d,0
https://cdnjs.cloudflare.com/ajax/libs/date-fns/4.4.0/locale/ar-SA/cdn.min.js,,f05c0eb7e81dd1566ba9c804fe44277dbf5f93d4ed8b199d59023baaa8c0d0ac,0
https://cdnjs.cloudflare.com/ajax/libs/date-fns/4.4.0/locale/ar-TN/cdn.js,,e1671f517194768f60870a66cd8ab51aacab03b7e8ddc20ea918fae8e2fd0264,0
https://cdnjs.cloudflare.com/ajax/libs/date-fns/4.4.0/locale/ar-TN/cdn.min.js,,febd1715de26962cad71587985500379b4226e173645acdf9465cd16fb94f2e5,0
https://cdnjs.cloudflare.com/ajax/libs/date-fns/4.4.0/locale/ar/cdn.js,,c04401c79e9b79a9596cd10ede1b1f1ad22287a42869cd36ed016c15911b87cc,0
https://cdnjs.cloudflare.com/ajax/libs/date-fns/4.4.0/locale/ar/cdn.min.js,,5f6c0934f58b6a6483ea461c138d4e4cf9a68f5228b87c4f1f6a9447a0fdbc8b,0
https://cdnjs.cloudflare.com/ajax/libs/date-fns/4.4.0/locale/az/cdn.js,,a29351ceb116a59ae586ba40564fb61d9972a1fac71e8ae13c556b8062724824,0
https://cdnjs.cloudflare.com/ajax/libs/date-fns/4.4.0/locale/az/cdn.min.js,,8f587133d58f7abd3c821989cef9764566b35173fb746efc5fa72f47e4eb9f64,0
https://cdnjs.cloudflare.com/ajax/libs/date-fns/4.4.0/locale/be-tarask/cdn.js,,0425b3acccbc734823433f36965591e564df73a9c93eaca913e5de27cdd50d04,0
https://cdnjs.cloudflare.com/ajax/libs/date-fns/4.4.0/locale/be-tarask/cdn.min.js,,22bf08f614790cb454a8f13fc2155ec9a1d810b059a23a51e52cb9b8b178b36e,0
https://cdnjs.cloudflare.com/ajax/libs/date-fns/4.4.0/locale/be/cdn.js,,13765baf602a4669c1fbeddd745d4b072160abab5bba87c86d0592df8ab5fe99,0
https://cdnjs.cloudflare.com/ajax/libs/date-fns/4.4.0/locale/be/cdn.min.js,,add46ea72a62874451368631fe74b50456637805e377b2b848a64c8f5c42296c,0
https://cdnjs.cloudflare.com/ajax/libs/date-fns/4.4.0/locale/bg/cdn.js,,7d461a7833f9b65004dd2482cd1b37e6482c5433c5daf0f3337dcc4191da655c,0
https://cdnjs.cloudflare.com/ajax/libs/date-fns/4.4.0/locale/bg/cdn.min.js,,8c7efb3d41a2136181a35935916a4cfceb5a462a953472154837b7724a7e7c3d,0
https://cdnjs.cloudflare.com/ajax/libs/date-fns/4.4.0/locale/bn/cdn.js,,17f2a8f10c38759668104d1299260aaa16773442dca3f3db64bbfaff7260c6f6,0
https://cdnjs.cloudflare.com/ajax/libs/date-fns/4.4.0/locale/bn/cdn.min.js,,b830b57e0cdb99b95d293d77c970fbb691150c9c02784372a5c16a2345cb9d1e,0
https://cdnjs.cloudflare.com/ajax/libs/date-fns/4.4.0/locale/bs/cdn.js,,24fda6b43de94ea3f1398fdd478fda1c304c2abb39b5d7a1c3efd71cf2ab3b8f,0
https://cdnjs.cloudflare.com/ajax/libs/date-fns/4.4.0/locale/bs/cdn.min.js,,2d732fc6d657076a0deceb5ba68d0f19de1e35836da90814e272b7b3cb11712a,0
https://cdnjs.cloudflare.com/ajax/libs/date-fns/4.4.0/locale/ca/cdn.js,,8518311e47ca3c4dd35571e07e7785d40b83af8f7108961d8b2e3a31cfc514cf,0
https://cdnjs.cloudflare.com/ajax/libs/date-fns/4.4.0/locale/ca/cdn.min.js,,ac9bdf02017e2b758fcfb6a729ad63f4e184fc8325921a0472304e040a319e1f,0
https://cdnjs.cloudflare.com/ajax/libs/date-fns/4.4.0/locale/cdn.js,,349ca05198adba3d772673a4da641051db334553e7b848ddf63a3fa6412d98c0,0
https://cdnjs.cloudflare.com/ajax/libs/date-fns/4.4.0/locale/cdn.min.js,,7b14c6ea69cf9814f0149feb920b301bc9e6bc5836a3d5bbfb281c6a75432d0c,0
https://cdnjs.cloudflare.com/ajax/libs/date-fns/4.4.0/locale/ckb/cdn.js,,dfe02b84c11b248088c28c3ab4ebfcaee64a2b6e16fee75e0b6f627cd682f4c5,0
https://cdnjs.cloudflare.com/ajax/libs/date-fns/4.4.0/locale/ckb/cdn.min.js,,aa179288cd55408dd78ee076c40cd7d7660d97ded270cb90598d1ccda08a4faa,0
https://cdnjs.cloudflare.com/ajax/libs/date-fns/4.4.0/locale/cs/cdn.js,,fec5ebca2ecc529629805d348d5f528a76e2ab290d33fccb2384dd6fbeb56074,0
https://cdnjs.cloudflare.com/ajax/libs/date-fns/4.4.0/locale/cs/cdn.min.js,,64370dad632918ee3953952ea351bfe807d7c3ecec10923a6f96de60087f689c,0
https://cdnjs.cloudflare.com/ajax/libs/date-fns/4.4.0/locale/cy/cdn.js,,1cb15ecc18c95b8ad569292cf064dcc5b18ba30240d679e7877f59923cce7919,0
https://cdnjs.cloudflare.com/ajax/libs/date-fns/4.4.0/locale/cy/cdn.min.js,,f894aa1c2bd4214688e75fd1d2beb29f92e80e3644bd4618394dfecb9b68e9b7,0
https://cdnjs.cloudflare.com/ajax/libs/date-fns/4.4.0/locale/da/cdn.js,,64031e36f3965633cd6d602509ca1b9241e9bb6ff7e6438a8a2001fe22ad6e0f,0
https://cdnjs.cloudflare.com/ajax/libs/date-fns/4.4.0/locale/da/cdn.min.js,,a634391a7ee61e6e998f96bef751f8ae03aecc3f325aac31665d08790efcb3cf,0
https://cdnjs.cloudflare.com/ajax/libs/date-fns/4.4.0/locale/de-AT/cdn.js,,736bf731ef75c3eaacd5941b246055b889d5a00958a9c5855cb902a568b7979c,0
https://cdnjs.cloudflare.com/ajax/libs/date-fns/4.4.0/locale/de-AT/cdn.min.js,,59c73c6fee804288395d580fb69134be0dbb1d17ffe35831ba3ec90a4198d3a6,0
https://cdnjs.cloudflare.com/ajax/libs/date-fns/4.4.0/locale/de/cdn.js,,c51a3e27c17b5238bbffb079ec79b8e7d58a11af8c0a0cc1da6755de5b8edc15,0
https://cdnjs.cloudflare.com/ajax/libs/date-fns/4.4.0/locale/de/cdn.min.js,,9736d7d08171e37669b651b180e0c4dc246b5f9656d5fd7b246a802efdae4a70,0
https://cdnjs.cloudflare.com/ajax/libs/date-fns/4.4.0/locale/el/cdn.js,,44ad0bc69d7985e6990a034c82c6aeb478cddb5576f556e49edbf8e388c748b4,0
https://cdnjs.cloudflare.com/ajax/libs/date-fns/4.4.0/locale/el/cdn.min.js,,102cd1a1a23437a12b7e63aee39295610ba7b16b229a4862f1b4461808a6326a,0
https://cdnjs.cloudflare.com/ajax/libs/date-fns/4.4.0/locale/en-AU/cdn.js,,9a2144d093cbedd021887ea3c1f164e7b56091b577b2f5b9c38d08fdc0d34b70,0
https://cdnjs.cloudflare.com/ajax/libs/date-fns/4.4.0/locale/en-AU/cdn.min.js,,e58724a924c2d07de1abadb9596c555de4b7176ff962f7de778655f2414812d5,0
https://cdnjs.cloudflare.com/ajax/libs/date-fns/4.4.0/locale/en-CA/cdn.js,,ef509d3ec31c569fd077b6f1153dec3a81edca6790446aff860de94548c79419,0
https://cdnjs.cloudflare.com/ajax/libs/date-fns/4.4.0/locale/en-CA/cdn.min.js,,3c6acee29b94a7a909ea3304d3aabac25426100e88f90420fa8e6c8c7e864b39,0
https://cdnjs.cloudflare.com/ajax/libs/date-fns/4.4.0/locale/en-GB/cdn.js,,58e9ecb0cbe6d552b2102546066a85e6cbe00c5fcbe5597b29a58e2d7abaa5a6,0
https://cdnjs.cloudflare.com/ajax/libs/date-fns/4.4.0/locale/en-GB/cdn.min.js,,a228728ce6ef5b4d23cdc3607ab689762942f6e33882d17e21b8cd7e8719db8c,0
https://cdnjs.cloudflare.com/ajax/libs/date-fns/4.4.0/locale/en-IE/cdn.js,,aeddd92f0d91eba908ce21fac6b03a273812ffd672608b706bb8bd287b768e92,0
https://cdnjs.cloudflare.com/ajax/libs/date-fns/4.4.0/locale/en-IE/cdn.min.js,,7f6b69301e7b25de14a19ca438b207686dda5807bb624cdbd941ab73be10a1da,0
https://cdnjs.cloudflare.com/ajax/libs/date-fns/4.4.0/locale/en-IN/cdn.js,,9508ebebc61ced1f46150e9c795cb7212cc700ccfc44466b4e221ddc915f6b04,0
https://cdnjs.cloudflare.com/ajax/libs/date-fns/4.4.0/locale/en-IN/cdn.min.js,,7a225f7fbaf2e536713402930b7417b0c777fa9d260bb799fc8fb81c2eabc7c6,0
https://cdnjs.cloudflare.com/ajax/libs/date-fns/4.4.0/locale/en-NZ/cdn.js,,7e0ec02143d72ffae52b6a14121d0b6aac67d4d49d45e9d2fb5ec41b11ef836f,0
https://cdnjs.cloudflare.com/ajax/libs/date-fns/4.4.0/locale/en-NZ/cdn.min.js,,cdba4d37082e72f4ad0e55b6491ee61576bcba6e7aac50c8579b5922c8eacf6e,0
https://cdnjs.cloudflare.com/ajax/libs/date-fns/4.4.0/locale/en-US/cdn.js,,54b66427bc0a65a250aa62b8becc9f2aeacaf95377090b451c562d62501801ca,0
https://cdnjs.cloudflare.com/ajax/libs/date-fns/4.4.0/locale/en-US/cdn.min.js,,5eefad70f5085fc927396c4b284ee6d85b6b009128264a6e3fab7c545bfcef49,0
https://cdnjs.cloudflare.com/ajax/libs/date-fns/4.4.0/locale/en-ZA/cdn.js,,a851bc9fccdc7f393c064026967f5faf1f7f37372b1a579d30192e3c9ce878f5,0
https://cdnjs.cloudflare.com/ajax/libs/date-fns/4.4.0/locale/en-ZA/cdn.min.js,,44f6378bd8c8ec582aecc24f9b5554875b3995a9c781583110e89d61ebeff1be,0
https://cdnjs.cloudflare.com/ajax/libs/date-fns/4.4.0/locale/eo/cdn.js,,761438727c9b27c5b0050d8952cfbcee9b2ef2583057ec5aded18f9e6ac1feb7,0
https://cdnjs.cloudflare.com/ajax/libs/date-fns/4.4.0/locale/eo/cdn.min.js,,38ab8fb5bd20ceaa89294011fab2487aa5d4a69d1775ef2378eb239bcbfe242d,0
https://cdnjs.cloudflare.com/ajax/libs/date-fns/4.4.0/locale/es/cdn.js,,129e1566de4399742c6d438d5148357029f642bf19026075fd5b4b2133281bef,0
https://cdnjs.cloudflare.com/ajax/libs/date-fns/4.4.0/locale/es/cdn.min.js,,0a6b372c7dcab395a11881a433095f061d1e25863aefcd4adecf0c4f861a5968,0
https://cdnjs.cloudflare.com/ajax/libs/date-fns/4.4.0/locale/et/cdn.js,,8b2e02e1c6a0b2c2a8b41350925cba16e9ecdbd0018558b6d952626bf61c17a1,0
https://cdnjs.cloudflare.com/ajax/libs/date-fns/4.4.0/locale/et/cdn.min.js,,259c492a47591c7fca587a8ac3632b6404967195d73a11a58423bcf29021d3ab,0
https://cdnjs.cloudflare.com/ajax/libs/date-fns/4.4.0/locale/eu/cdn.js,,fc77b1b3890121eede88a5f7a4ec3d2d5045bf3b2522cb827466d3a0f20afc9c,0
https://cdnjs.cloudflare.com/ajax/libs/date-fns/4.4.0/locale/eu/cdn.min.js,,10b546e961a33a9d0d9286f049000c90cbc4b462d10721c21d8c86bc4b9707b0,0
https://cdnjs.cloudflare.com/ajax/libs/date-fns/4.4.0/locale/fa-IR/cdn.js,,4a46d95b9f0ec59c216dd663a14888cb77242c220722c2316ed5a962397425a4,0
https://cdnjs.cloudflare.com/ajax/libs/date-fns/4.4.0/locale/fa-IR/cdn.min.js,,d401ab6f929b3d22cea52ff2beb95945265504f7318ee0a0a0a7ccedb204fb61,0
https://cdnjs.cloudflare.com/ajax/libs/date-fns/4.4.0/locale/fi/cdn.js,,aac0b30c79e87f694401f0c3c6065fe195c98a56d54152eb99ec9a1887dfbbf9,0
https://cdnjs.cloudflare.com/ajax/libs/date-fns/4.4.0/locale/fi/cdn.min.js,,0b6ed6e7b915b00092416edcd3b9784947f48a32663b7e70d947fe5cc4ee532c,0
https://cdnjs.cloudflare.com/ajax/libs/date-fns/4.4.0/locale/fr-CA/cdn.js,,29904e437f8496660273403074f0b1ef930d219e9117712f18b00bf91fb67c8c,0
https://cdnjs.cloudflare.com/ajax/libs/date-fns/4.4.0/locale/fr-CA/cdn.min.js,,7204258ee9bd11f6bc5b25a02f0c237e5966e1abeec37879c8ce329ca4f36ea5,0
https://cdnjs.cloudflare.com/ajax/libs/date-fns/4.4.0/locale/fr-CH/cdn.js,,28827a77572aeb8b90a736e553400cde834f0af9d1e7ab8db2280b7ed6b4ae01,0
https://cdnjs.cloudflare.com/ajax/libs/date-fns/4.4.0/locale/fr-CH/cdn.min.js,,4165bde0fd61ee6a52e0d4d23ba926dfb92e391581a0577ebdc6f54788798e3d,0
https://cdnjs.cloudflare.com/ajax/libs/date-fns/4.4.0/locale/fr/cdn.js,,c0faf0901cc2f9c13e0f3ff0fa9d0fe76412592ee38a5930a26dacaa56b4806f,0
https://cdnjs.cloudflare.com/ajax/libs/date-fns/4.4.0/locale/fr/cdn.min.js,,65e2069e28433d99a587b0b41b39d588c933bacd169ed0f46dabf6695513e61a,0
https://cdnjs.cloudflare.com/ajax/libs/date-fns/4.4.0/locale/fy/cdn.js,,06dbc291c23f243b82c9c958ef1837c57942d705f08c1240433e1d558a88b859,0
https://cdnjs.cloudflare.com/ajax/libs/date-fns/4.4.0/locale/fy/cdn.min.js,,c214d76f3a5413488a0831f5a95803fcde7c56487f5557f51bc649b6b6c1ca29,0
https://cdnjs.cloudflare.com/ajax/libs/date-fns/4.4.0/locale/gd/cdn.js,,d6adfee44500fe59ff9840f8aeea375bb5bfe8d29f784676bd340168d2bb47f2,0
https://cdnjs.cloudflare.com/ajax/libs/date-fns/4.4.0/locale/gd/cdn.min.js,,11021bf8d836a82f4a2ce188154700bffe05ba5c0231f4c9102cd44572635b9f,0
https://cdnjs.cloudflare.com/ajax/libs/date-fns/4.4.0/locale/gl/cdn.js,,425da3a47c91a1f0c98749692456f941d58f450b4948ec55785b7fbb078def20,0
https://cdnjs.cloudflare.com/ajax/libs/date-fns/4.4.0/locale/gl/cdn.min.js,,88d033596929031802435e01e3d4d69b2d14e1e62df7dc2efcaaa02c74f3248b,0
https://cdnjs.cloudflare.com/ajax/libs/date-fns/4.4.0/locale/gu/cdn.js,,244a13bbc2d009741f2082af72f7f012175e9e00f17eb79ee7b2827b89f40852,0
https://cdnjs.cloudflare.com/ajax/libs/date-fns/4.4.0/locale/gu/cdn.min.js,,cbabfdb59750a8522cb42c6bc206072ca967507e82c051d3b45d6c6336131e82,0
https://cdnjs.cloudflare.com/ajax/libs/date-fns/4.4.0/locale/he/cdn.js,,f57832ce380e4339d6340eb38cb98162a2abb921c7c990b119710080c03f2818,0
https://cdnjs.cloudflare.com/ajax/libs/date-fns/4.4.0/locale/he/cdn.min.js,,5a49a218e5c5f472e1b519d7f5c1647b5694d16b90f75edc65aa3c8dfc18045f,0
https://cdnjs.cloudflare.com/ajax/libs/date-fns/4.4.0/locale/hi/cdn.js,,53e0abeed28c29c75c841b05547dce4b7a7b3a4106ad0bca6717f61d47b6bcf9,0
https://cdnjs.cloudflare.com/ajax/libs/date-fns/4.4.0/locale/hi/cdn.min.js,,5a4b45ece9926d1e5b705a5ec109b34bc6b8472a77c758c81d69542212b0478d,0
https://cdnjs.cloudflare.com/ajax/libs/date-fns/4.4.0/locale/hr/cdn.js,,8bddc95bb8ff7f4b86abe305e04205ce79f5a27ca50dbf8b79dc38d620a8bbad,0
https://cdnjs.cloudflare.com/ajax/libs/date-fns/4.4.0/locale/hr/cdn.min.js,,ad45cb3d3e0945917d44a494f5f0d0c299d70815e5ce6b8b452885826f9c685e,0
https://cdnjs.cloudflare.com/ajax/libs/date-fns/4.4.0/locale/ht/cdn.js,,ac88b10c4bab0b601247e80f07fd6ed6607febe38aa0613c287da4549bce0b24,0
https://cdnjs.cloudflare.com/ajax/libs/date-fns/4.4.0/locale/ht/cdn.min.js,,0e375ac054045a0618767e18f1d47b80c8ba70267f15508e6feef251dce325fa,0
https://cdnjs.cloudflare.com/ajax/libs/date-fns/4.4.0/locale/hu/cdn.js,,e2fed739c148b505aaff72009cd392121e18a8602837f89b4f0c5a66b8088aad,0
https://cdnjs.cloudflare.com/ajax/libs/date-fns/4.4.0/locale/hu/cdn.min.js,,9e2877497282327243367acffaf89b3e386ddf4a154b803d943f2e71ab9c408d,0
https://cdnjs.cloudflare.com/ajax/libs/date-fns/4.4.0/locale/hy/cdn.js,,e81cb823201f3b0ce5f7aea6c64e140544d616d8dd073ed51c507d61a3efd319,0
https://cdnjs.cloudflare.com/ajax/libs/date-fns/4.4.0/locale/hy/cdn.min.js,,d31943fba17907d01bcf0190eb67611c24c3c882396691cfbefc094aab400cbe,0
https://cdnjs.cloudflare.com/ajax/libs/date-fns/4.4.0/locale/id/cdn.js,,946c68315f42d8aa2689e09e0f31ac63cf0e19ec36f961676f7748b0d4d30846,0
https://cdnjs.cloudflare.com/ajax/libs/date-fns/4.4.0/locale/id/cdn.min.js,,deff55566584107049906da0200387e20fb429b27b1283b108fd5e4225e2f681,0
https://cdnjs.cloudflare.com/ajax/libs/date-fns/4.4.0/locale/is/cdn.js,,7f4903d5f7dd597872c2ed2bbb25a78adc6cc3536ad95368ea75d66dc31bc015,0
https://cdnjs.cloudflare.com/ajax/libs/date-fns/4.4.0/locale/is/cdn.min.js,,f0382008aea2816319ed39571225200510dbeff26c8c7af2988b8735c15d7520,0
https://cdnjs.cloudflare.com/ajax/libs/date-fns/4.4.0/locale/it-CH/cdn.js,,f46641312b1a4bfa76fffec123bc79d14037d4fcaa157f448dee9033bbf5d1ee,0
https://cdnjs.cloudflare.com/ajax/libs/date-fns/4.4.0/locale/it-CH/cdn.min.js,,803f08e52cec4bbb81aa93b62f73d0ed1373488833724cca672b81acd8f8d169,0
https://cdnjs.cloudflare.com/ajax/libs/date-fns/4.4.0/locale/it/cdn.js,,8798039e2d4eb496f2547e8da45c69351dd38df9efb588a8f24b771b7f5bdb2a,0
https://cdnjs.cloudflare.com/ajax/libs/date-fns/4.4.0/locale/it/cdn.min.js,,1b8867abb2a1bf8acd8342e6ba8d70ccc5d4f8ec82b9206084902266e01a5098,0
https://cdnjs.cloudflare.com/ajax/libs/date-fns/4.4.0/locale/ja-Hira/cdn.js,,99583e95f93327522f627e0a4bbc894e92c65757beecac41a7294d4df59f2b16,0
https://cdnjs.cloudflare.com/ajax/libs/date-fns/4.4.0/locale/ja-Hira/cdn.min.js,,c1562bfd69362779936f86bf25256d98ee6a1a28bcdc9c88b9d9476f5464fe2d,0
https://cdnjs.cloudflare.com/ajax/libs/date-fns/4.4.0/locale/ja/cdn.js,,332d5643c11a04825951ad5fdf4fb255d80801230dbfe5f28630ab6c50b64a28,0
https://cdnjs.cloudflare.com/ajax/libs/date-fns/4.4.0/locale/ja/cdn.min.js,,05ba90f631432caed2ca5f1812ac36e37bb972ceed6c92058576e60134c3929b,0
https://cdnjs.cloudflare.com/ajax/libs/date-fns/4.4.0/locale/ka/cdn.js,,120e0c53980100dba867368c93d6ce5ae0cbff6274c02419979e99700fe10ae5,0
https://cdnjs.cloudflare.com/ajax/libs/date-fns/4.4.0/locale/ka/cdn.min.js,,9fae962ec12666a5c494c89c534bc131446a6b4673252f4cda206ea141c7244b,0
https://cdnjs.cloudflare.com/ajax/libs/date-fns/4.4.0/locale/kk/cdn.js,,b047cd7164af3e7108e8e045529976003d721b6bba4b0452eb4b83be74b55dbc,0
https://cdnjs.cloudflare.com/ajax/libs/date-fns/4.4.0/locale/kk/cdn.min.js,,37bad9816d6ac71188fb0998fcdeb24bf42b3304b88a9ed5059d1755967be189,0
https://cdnjs.cloudflare.com/ajax/libs/date-fns/4.4.0/locale/km/cdn.js,,e9dfd14c011df22cf2838fc25abafbd609d2de08d41da4e36e63f2d4f090470d,0
https://cdnjs.cloudflare.com/ajax/libs/date-fns/4.4.0/locale/km/cdn.min.js,,dc54a1abe3a4d116cd6320808c1ba220cacea7202317060aceb492645fa37a92,0
https://cdnjs.cloudflare.com/ajax/libs/date-fns/4.4.0/locale/kn/cdn.js,,7d1420a5f76f2ac44ee1259c0c16182252a949d6cc54b912bd69dfc223791cc4,0
https://cdnjs.cloudflare.com/ajax/libs/date-fns/4.4.0/locale/kn/cdn.min.js,,c1374857ab03e3c6bfc7f4a334da9d9a1572807ad2b0baca9339117c7b1d8b65,0
https://cdnjs.cloudflare.com/ajax/libs/date-fns/4.4.0/locale/ko/cdn.js,,194d064f049222fdc5615efece08101567f721fb5b342ece0a3e4533d56c94dc,0
https://cdnjs.cloudflare.com/ajax/libs/date-fns/4.4.0/locale/ko/cdn.min.js,,2170ade701e0606375aa3d6f8e1ce30c1c60e9902e82053094ffc93cc03bd0f3,0
https://cdnjs.cloudflare.com/ajax/libs/date-fns/4.4.0/locale/lb/cdn.js,,57ba32cd10377a5c0ce30deb92a591362af391f400f6ad1712b8d7fad346dde0,0
https://cdnjs.cloudflare.com/ajax/libs/date-fns/4.4.0/locale/lb/cdn.min.js,,3675ab2599cd6c8c8a1d9b538c0c9327f3d2629c9ca210f04480aa593dbcc00e,0
https://cdnjs.cloudflare.com/ajax/libs/date-fns/4.4.0/locale/lt/cdn.js,,3e1db71445d781e88b191d36613759ee87693764f373723809c8a740c3a19dd0,0
https://cdnjs.cloudflare.com/ajax/libs/date-fns/4.4.0/locale/lt/cdn.min.js,,7b434f3be1e29ca8f2df7f8d5a7b24bcc19efab0214fa6c0637b22f2e9b18909,0
https://cdnjs.cloudflare.com/ajax/libs/date-fns/4.4.0/locale/lv/cdn.js,,1ee0bbaac8f03602cb450aadbbd90bbc4a54adb58b02209f2db3b487b6ed99c2,0
https://cdnjs.cloudflare.com/ajax/libs/date-fns/4.4.0/locale/lv/cdn.min.js,,f1ce54e7b6ad9c13b92d1e12576deb7edb8687efd11d51ce7584c963100384aa,0
https://cdnjs.cloudflare.com/ajax/libs/date-fns/4.4.0/locale/mk/cdn.js,,64c6593b7c910f8bf40fc9b29502e7f1412a5e120e5fcccac911363715e804fc,0
https://cdnjs.cloudflare.com/ajax/libs/date-fns/4.4.0/locale/mk/cdn.min.js,,e4557ef1f01e20c30e51f13c2b45bc5fda19291d23354d5a4fcdf0545ad60256,0
https://cdnjs.cloudflare.com/ajax/libs/date-fns/4.4.0/locale/mn/cdn.js,,a8ed810c57e92e3e6e0dc2b2733dca1c4310b70357ddea4c2e92534205db45bf,0
https://cdnjs.cloudflare.com/ajax/libs/date-fns/4.4.0/locale/mn/cdn.min.js,,1e40c5c0cd9f250a2605e651b61de5ffc123d4330d811b35bbe01bee481d6d17,0
https://cdnjs.cloudflare.com/ajax/libs/date-fns/4.4.0/locale/ms/cdn.js,,90429bacd2824c9a213d1041e21267c686d0f49e372ae32a45d5bc56ed9b485a,0
https://cdnjs.cloudflare.com/ajax/libs/date-fns/4.4.0/locale/ms/cdn.min.js,,0548cbc020e93d1a5bf07e77b33439759c9c70f2f4a9d45c8b7b29d449009a7a,0
https://cdnjs.cloudflare.com/ajax/libs/date-fns/4.4.0/locale/mt/cdn.js,,c974189da6041333f4c815cf69c5d4d7fc3140fe81aafc2ed69d7bc4017e3893,0
https://cdnjs.cloudflare.com/ajax/libs/date-fns/4.4.0/locale/mt/cdn.min.js,,13c54d7b0c87cb248ebff063bcea45b483798ba5a3fbec7f2ac00e4ccbbd50cc,0
https://cdnjs.cloudflare.com/ajax/libs/date-fns/4.4.0/locale/nb/cdn.js,,a66758bd6119cb554d976d1fb3e4675c9fab2d7ddadf1a86ab5eddc0df59cb15,0
https://cdnjs.cloudflare.com/ajax/libs/date-fns/4.4.0/locale/nb/cdn.min.js,,00444c4ad54cf9bde2d6017be8b3d2f153e13eaff385747b13a1b23c297d52a2,0
https://cdnjs.cloudflare.com/ajax/libs/date-fns/4.4.0/locale/nl-BE/cdn.js,,5be6aaf2a5859793b9f9c471d753bfaa033e45d33adeea88bdcc4988f39e37b1,0
https://cdnjs.cloudflare.com/ajax/libs/date-fns/4.4.0/locale/nl-BE/cdn.min.js,,bdbb1d42e322bda97d255bd92d2aca8da74d8b350bbd1ed8823d0603360a05cf,0
https://cdnjs.cloudflare.com/ajax/libs/date-fns/4.4.0/locale/nl/cdn.js,,8d66abfab0316c8d28c1c3409b009c79714f7391d641415559085b29eb93fd37,0
https://cdnjs.cloudflare.com/ajax/libs/date-fns/4.4.0/locale/nl/cdn.min.js,,720a7791c3c2f095056064e2ab9dd1ff6c408bf82797e96c2923793e12bc5860,0
https://cdnjs.cloudflare.com/ajax/libs/date-fns/4.4.0/locale/nn/cdn.js,,dae5012c034721bf8c9f8a3cfc9b417c254fef882975678a341369f3f63635a5,0
https://cdnjs.cloudflare.com/ajax/libs/date-fns/4.4.0/locale/nn/cdn.min.js,,386e66da2216f15ddb82252ba5dd4b34b2090b79050c49ebae3160dd6ee07261,0
https://cdnjs.cloudflare.com/ajax/libs/date-fns/4.4.0/locale/oc/cdn.js,,c893bc754aa5e7e364f26aebeb9a1510f2a45a8a0bb30ec0cf6f9a21e3d0431e,0
https://cdnjs.cloudflare.com/ajax/libs/date-fns/4.4.0/locale/oc/cdn.min.js,,0c5b2aee670e06117dc1cdba4366f581a069f627020f274050052743f31ba209,0
https://cdnjs.cloudflare.com/ajax/libs/date-fns/4.4.0/locale/pl/cdn.js,,ba62a6c50ca6884db46c6a3158e1ead79ea3ea5e45d040448c5c4a5f266b77da,0
https://cdnjs.cloudflare.com/ajax/libs/date-fns/4.4.0/locale/pl/cdn.min.js,,c34c90da9e6873f3a3018970c94d0344ca815d611759d8e4c9837943b49a3fd2,0
https://cdnjs.cloudflare.com/ajax/libs/date-fns/4.4.0/locale/pt-BR/cdn.js,,ddb03bb741986d30fecfe224603e01199e0b152c7ead7430f2914ed682e48bd0,0
https://cdnjs.cloudflare.com/ajax/libs/date-fns/4.4.0/locale/pt-BR/cdn.min.js,,d4ea876ad1dd764c0ecbb4cf041f5efbb545cf4b29c3bd723d8d4059f0130080,0
https://cdnjs.cloudflare.com/ajax/libs/date-fns/4.4.0/locale/pt/cdn.js,,b7ded7ec56aadbc805671a2afe1b4b8efbf4a42db04567b5846ad305c81da870,0
https://cdnjs.cloudflare.com/ajax/libs/date-fns/4.4.0/locale/pt/cdn.min.js,,a6d806e461c525fe5beffbc857fbe7ba4426b2340a900e777a57b01809f3ef20,0
https://cdnjs.cloudflare.com/ajax/libs/date-fns/4.4.0/locale/ro/cdn.js,,44cb58507abf71a75986c7196e41fa3af83b7df01940ce44b9b8057c9b848f97,0
https://cdnjs.cloudflare.com/ajax/libs/date-fns/4.4.0/locale/ro/cdn.min.js,,7b072e546980e8fc95d2fd6033b02112365bffaf7056e115d8a1dc0478068736,0
https://cdnjs.cloudflare.com/ajax/libs/date-fns/4.4.0/locale/ru/cdn.js,,f025591172304ae027dd303dfdee8597fc524dffba9803fcd2b981ced529759c,0
https://cdnjs.cloudflare.com/ajax/libs/date-fns/4.4.0/locale/ru/cdn.min.js,,b96a2ec278daed69f3135f3cc214cefe6cc01d622261521d9d038ef9bbb550a9,0
https://cdnjs.cloudflare.com/ajax/libs/date-fns/4.4.0/locale/se/cdn.js,,31f1b0c0c14d0ba4fd26012becf2e582939649c972453e428d96bedb2742808f,0
https://cdnjs.cloudflare.com/ajax/libs/date-fns/4.4.0/locale/se/cdn.min.js,,bafd58958dd1965bb47391473fc49d98cc93695ec5d9cfadc04470fa2c5c17c1,0
https://cdnjs.cloudflare.com/ajax/libs/date-fns/4.4.0/locale/sk/cdn.js,,2047494fb9c9260b7768e83c62cfc33528698a20c9dc94b058eea69508172c91,0
https://cdnjs.cloudflare.com/ajax/libs/date-fns/4.4.0/locale/sk/cdn.min.js,,120761d8e19a3dc74b2b052f9b8aad181c8f43b0d6ebb3f9849fcd0df9c15eb7,0
https://cdnjs.cloudflare.com/ajax/libs/date-fns/4.4.0/locale/sl/cdn.js,,650fe525e60bfc9a723d7a02e74cf63302525fe0296ab67cc6b08f3c528e3a40,0
https://cdnjs.cloudflare.com/ajax/libs/date-fns/4.4.0/locale/sl/cdn.min.js,,d53a597fc0be27d51e4e1527a43322979ed9f7f77fcaee043180268bb55f2ba7,0
https://cdnjs.cloudflare.com/ajax/libs/date-fns/4.4.0/locale/sq/cdn.js,,2cc2c86cbd3ad79c576f9c5971e8f3a3f6620f89c21faaff24c4c501c0d1d7b3,0
https://cdnjs.cloudflare.com/ajax/libs/date-fns/4.4.0/locale/sq/cdn.min.js,,829689579451655f2f1dbceac1b89bb8095d6479f03d708f29180c58d1b26058,0
https://cdnjs.cloudflare.com/ajax/libs/date-fns/4.4.0/locale/sr-Latn/cdn.js,,aa24ac96d771237b8cc4ac697bba824022d681cecb7fdaba0c3701257d6cf807,0
https://cdnjs.cloudflare.com/ajax/libs/date-fns/4.4.0/locale/sr-Latn/cdn.min.js,,b07ec91fc125390970851c47fa1345a150636c7a81ad9967f75892bad287ddb7,0
https://cdnjs.cloudflare.com/ajax/libs/date-fns/4.4.0/locale/sr/cdn.js,,07c7b659f9b7443bed9703ad575b80eabb00cc1eb9993e46fdfa35fe792a2a2e,0
https://cdnjs.cloudflare.com/ajax/libs/date-fns/4.4.0/locale/sr/cdn.min.js,,efbeb05f20a05ad2faec1f89d2c4ac9d6991e59560a64f29abef6803368acd78,0
https://cdnjs.cloudflare.com/ajax/libs/date-fns/4.4.0/locale/sv/cdn.js,,ebd1b19d41658d556c14d63c928e2c1254c4bc07330fc9f05f8ab5604c5f78b2,0
https://cdnjs.cloudflare.com/ajax/libs/date-fns/4.4.0/locale/sv/cdn.min.js,,f5952a33d2c16775a532a679266a47dfc683f7975bee90baa310fd534737e722,0
https://cdnjs.cloudflare.com/ajax/libs/date-fns/4.4.0/locale/ta/cdn.js,,82d8550fea934f6fabb9a5b91efde2564c4f95f8d5340e49d6573792e23062ed,0
https://cdnjs.cloudflare.com/ajax/libs/date-fns/4.4.0/locale/ta/cdn.min.js,,6dc7fe5440d20954277b46176fcd96210281bd6fa93411ffe3f5fbf8424f9128,0
https://cdnjs.cloudflare.com/ajax/libs/date-fns/4.4.0/locale/te/cdn.js,,fb0fb4e8510489fcadef410040ce9a5731a01c74e93e14225b308b3467789246,0
https://cdnjs.cloudflare.com/ajax/libs/date-fns/4.4.0/locale/te/cdn.min.js,,155a1b171fcfe77de207bc872ff4784d39fee6f06719bc34d07dbc6a84d08bbf,0
https://cdnjs.cloudflare.com/ajax/libs/date-fns/4.4.0/locale/th/cdn.js,,31eba9f44823a53d548b67dbe51e9472870b197cf4ad07465c190528ab0a9513,0
https://cdnjs.cloudflare.com/ajax/libs/date-fns/4.4.0/locale/th/cdn.min.js,,7f1c9f99389219855b70de924ee9e20875617cd30d3405fb87807a5de7348769,0
https://cdnjs.cloudflare.com/ajax/libs/date-fns/4.4.0/locale/tr/cdn.js,,6902aa10b92910ec313ab599cf70d6c1a99eb6d4ef8ed15e96100a1a2120b1e4,0
https://cdnjs.cloudflare.com/ajax/libs/date-fns/4.4.0/locale/tr/cdn.min.js,,f0c2698ea8c854f0850243c265f26ff7a64568fe94263e3a3922c5572002c772,0
https://cdnjs.cloudflare.com/ajax/libs/date-fns/4.4.0/locale/ug/cdn.js,,f55faf1bb2ce7a638773a17262363f13c88a6a28accfaa6cb6ad33aecf3f2d5f,0
https://cdnjs.cloudflare.com/ajax/libs/date-fns/4.4.0/locale/ug/cdn.min.js,,2170baa20417b5c8ffd7e2be81291a2ad4ae602479533bf419cdd8bc6c25266e,0
https://cdnjs.cloudflare.com/ajax/libs/date-fns/4.4.0/locale/uk/cdn.js,,616a2364f43c5f46ae2c377b599a07395a957d7d04db97272adec7816efa87e9,0
https://cdnjs.cloudflare.com/ajax/libs/date-fns/4.4.0/locale/uk/cdn.min.js,,5feb883d4bca819c6e326f5565dc39bad5e8030ee5f8dc5e26e29b8721a0f940,0
https://cdnjs.cloudflare.com/ajax/libs/date-fns/4.4.0/locale/uz-Cyrl/cdn.js,,a1105c1dfe9bd53d99908b76fa90645194c3851b646352f3735bb96455295057,0
https://cdnjs.cloudflare.com/ajax/libs/date-fns/4.4.0/locale/uz-Cyrl/cdn.min.js,,9fc69a3d44baad659536e61dfd68cd438ccf2855836c03018940ad6b4a6f60c7,0
https://cdnjs.cloudflare.com/ajax/libs/date-fns/4.4.0/locale/uz/cdn.js,,82b61dafb594f04c2c41bd14447f3d440be050566b1ebdc44a03dfd807a9806f,0
https://cdnjs.cloudflare.com/ajax/libs/date-fns/4.4.0/locale/uz/cdn.min.js,,4532103aa134133798a2c7e618bf555006b1fbf02e5cfdadd0a63995ec56c183,0
https://cdnjs.cloudflare.com/ajax/libs/date-fns/4.4.0/locale/vi/cdn.js,,03a22cc5efa01c4998387fe35f7484a7bae41b54128583d12d5e83771bc7ebc9,0
https://cdnjs.cloudflare.com/ajax/libs/date-fns/4.4.0/locale/vi/cdn.min.js,,264960aa96c35c756c814296adda60b454d048d057aeb9b95f8c6184716f4a43,0
https://cdnjs.cloudflare.com/ajax/libs/date-fns/4.4.0/locale/zh-CN/cdn.js,,2715e1ad778d42b0c39db89b169a086f02140f683bf75c7a42382364eae44094,0
https://cdnjs.cloudflare.com/ajax/libs/date-fns/4.4.0/locale/zh-CN/cdn.min.js,,ca768f526b4bdbb075eff2cc9adac4b39755ed33ff3ee50148bae1e077b38a61,0
https://cdnjs.cloudflare.com/ajax/libs/date-fns/4.4.0/locale/zh-HK/cdn.js,,5b715cb27242572f706fef1511274036a9af218cfe204f6b023b395f22ee07c7,0
https://cdnjs.cloudflare.com/ajax/libs/date-fns/4.4.0/locale/zh-HK/cdn.min.js,,5c808ff0a02193d60ac8aae0b0dcc6dd9726f2611d03b05970b1c56187ac1f6d,0
https://cdnjs.cloudflare.com/ajax/libs/date-fns/4.4.0/locale/zh-TW/cdn.js,,15638d3d0337d8a19de19041b98b4f102a819f13f6420b22473a7e7411cb10bd,0
https://cdnjs.cloudflare.com/ajax/libs/date-fns/4.4.0/locale/zh-TW/cdn.min.js,,712a8725bd6da428a58b6f72fbae7c75e2eb4e051606f8b4ac302f8429befa6f,0
https://cdnjs.cloudflare.com/ajax/libs/dayjs/1.11.23/dayjs.min.js,,0198dd0b1f760cded169c7e7ff7eaf56bc36c4c22c7c9b7c683e59437ed8700e,0
https://cdnjs.cloudflare.com/ajax/libs/dayjs/1.11.23/locale/af.js,,c9c619b8bb8efe1b2f4d5f061561e14cdd2b9464c4cace1b645578b6d688f03b,0
https://cdnjs.cloudflare.com/ajax/libs/dayjs/1.11.23/locale/af.min.js,,b8da83904b14096aaef9e51b5862c687e292306ca6d04193ae5a55c26e2899de,0
https://cdnjs.cloudflare.com/ajax/libs/dayjs/1.11.23/locale/am.js,,c5ad321a79cf3e266edc8f1946d20804670c3389459b6618ee153944d2afb19b,0
https://cdnjs.cloudflare.com/ajax/libs/dayjs/1.11.23/locale/am.min.js,,d9413ad66b300db29874c973a690ddb929390cfb0e5a431a2a3f74284c5cdc8e,0
https://cdnjs.cloudflare.com/ajax/libs/dayjs/1.11.23/locale/ar-dz.js,,d4704c92458b4b3bc23ffd7395a2a5809a1211e6d0d4ad898798c42924ee5e8e,0
https://cdnjs.cloudflare.com/ajax/libs/dayjs/1.11.23/locale/ar-dz.min.js,,77a2274537d830ab2a93c9a7a0ebd0af59a462f3a7eb9b13eb42b11c7b8a8482,0
https://cdnjs.cloudflare.com/ajax/libs/dayjs/1.11.23/locale/ar-iq.js,,3b68dbd73d3c8aa22fdb13f83a324a141c018b56fb3b2f2b34712b7ddd0f23d7,0
https://cdnjs.cloudflare.com/ajax/libs/dayjs/1.11.23/locale/ar-iq.min.js,,fbea66257d4ad59b7993f86dabc6f525356a36c3548307635f1869d0ff1564cc,0
https://cdnjs.cloudflare.com/ajax/libs/dayjs/1.11.23/locale/ar-kw.js,,f0554b3acbe15aa933b3e6811264a3cce3d83ec7915cd6eb4453317ba3b76283,0
https://cdnjs.cloudflare.com/ajax/libs/dayjs/1.11.23/locale/ar-kw.min.js,,2b43bccb4e330036b08865ed2fafb46517da267edd5438287d522124bfa90b8d,0
https://cdnjs.cloudflare.com/ajax/libs/dayjs/1.11.23/locale/ar-ly.js,,c8320bdecab7ffa4eafde3858efb7baae9bd1394a4f9bdd14156ce48b2267d31,0
https://cdnjs.cloudflare.com/ajax/libs/dayjs/1.11.23/locale/ar-ly.min.js,,b990a7a3606cd125e544389fa0430505789c551bf45fc33d1162782251342b9c,0
https://cdnjs.cloudflare.com/ajax/libs/dayjs/1.11.23/locale/ar-ma.js,,5a21e7f4dae4df73c18bfd8e1ad5cf23f6a123cead69c7d76caf378a6195a849,0
https://cdnjs.cloudflare.com/ajax/libs/dayjs/1.11.23/locale/ar-ma.min.js,,dd8a764a392f0d69b6532c7e37cdafe7125d5e7789adc6916a83f0e2b691110f,0
https://cdnjs.cloudflare.com/ajax/libs/dayjs/1.11.23/locale/ar-sa.js,,4844d982a423d205714a5c9dd0dc064f5c43c48bab298bba2e7da19d9be7734b,0
https://cdnjs.cloudflare.com/ajax/libs/dayjs/1.11.23/locale/ar-sa.min.js,,05bb87094c3d95870d2566cad024874901d6c64fb616982fd762fac0685fe7f0,0
https://cdnjs.cloudflare.com/ajax/libs/dayjs/1.11.23/locale/ar-tn.js,,ffd3d7eb16c537f3f7c74fb8ffed7d955dc8303b1a011f79951fda64a7555886,0
https://cdnjs.cloudflare.com/ajax/libs/dayjs/1.11.23/locale/ar-tn.min.js,,ee41888c8a8b9139e5fabf93fc3a272ea33a45e6b3dfa5580d5dd19865bd4a41,0
https://cdnjs.cloudflare.com/ajax/libs/dayjs/1.11.23/locale/ar.js,,2797e1990d083491347cc2b3582af147f386e5bdf2ebad90496a76314d306607,0
https://cdnjs.cloudflare.com/ajax/libs/dayjs/1.11.23/locale/ar.min.js,,630b3e49ab6b450e707370154f6b7fc821b1a336c304f83087cae6e6ca0e9645,0
https://cdnjs.cloudflare.com/ajax/libs/dayjs/1.11.23/locale/az.js,,586bd2488d4a77593a39af53fc846d149c7b34275211cf0c59e81f57a5610d00,0
https://cdnjs.cloudflare.com/ajax/libs/dayjs/1.11.23/locale/az.min.js,,a36836c8fa4aa37d37462ed7fc784ae63a80f1176709dba2932a76c6bff34691,0
https://cdnjs.cloudflare.com/ajax/libs/dayjs/1.11.23/locale/be.js,,a5224ebe66c028fd645bc5f1d26ed3bc3a0adeb4fc055211aa1a2db8b11730d8,0
https://cdnjs.cloudflare.com/ajax/libs/dayjs/1.11.23/locale/be.min.js,,6792e148d83e0fa975300673647631e265ed7d23b68e60574d8938cbe77e25d1,0
https://cdnjs.cloudflare.com/ajax/libs/dayjs/1.11.23/locale/bg.js,,f607e69bcdad404b78d9d4b233218231cd2dfbb280f57f8c99bb0af33e9bc495,0
https://cdnjs.cloudflare.com/ajax/libs/dayjs/1.11.23/locale/bg.min.js,,293ffec94fa2cd51b02ebcd6e86e9535a7f422d694c36699c713851eb5bb3a2b,0
https://cdnjs.cloudflare.com/ajax/libs/dayjs/1.11.23/locale/bi.js,,b87766e94bff34c8aa91a9a85f4015abcc74429e417bcd6ce5bb95b6ed0719ea,0
https://cdnjs.cloudflare.com/ajax/libs/dayjs/1.11.23/locale/bi.min.js,,df933e447c831ce251ce0b8191a3a65bd6fb168f502b751083996c7eaf3bebce,0
https://cdnjs.cloudflare.com/ajax/libs/dayjs/1.11.23/locale/bm.js,,5634c98659ee9aa615087b8559bb5612d0300472ee3bf67d1137017bbd6458fd,0
https://cdnjs.cloudflare.com/ajax/libs/dayjs/1.11.23/locale/bm.min.js,,d6d96c84b8a43e4f1a907e7901d66bb4bdd21e9332485ed49eeb69c306f736f8,0
https://cdnjs.cloudflare.com/ajax/libs/dayjs/1.11.23/locale/bn-bd.js,,cb14f3ec2cb6ea7cb6e25f614c46d5b29552e5f94a0b630bb5799748f4e9220a,0
https://cdnjs.cloudflare.com/ajax/libs/dayjs/1.11.23/locale/bn-bd.min.js,,f4b1711aa6317642df75c5af6a51199636cf7e68541ef6500e5d62b25882d059,0
https://cdnjs.cloudflare.com/ajax/libs/dayjs/1.11.23/locale/bn.js,,49481eaa850b6bf72bf2104352520ea71460b5193c60793edaa442c70d004b01,0
https://cdnjs.cloudflare.com/ajax/libs/dayjs/1.11.23/locale/bn.min.js,,ac27a3519e038ce7670d5dd933611d00c144687c446bee253aab53f870147005,0
https://cdnjs.cloudflare.com/ajax/libs/dayjs/1.11.23/locale/bo.js,,4d9538125cafe50af6cb9c0d7e75a6fcd14b4fa69d1f98c1f1eef727d7edfaa2,0
https://cdnjs.cloudflare.com/ajax/libs/dayjs/1.11.23/locale/bo.min.js,,96308182bc132c6ae8fde4410d4cb07019968efe0c2565ffea3ab6a0f62dd3d9,0
https://cdnjs.cloudflare.com/ajax/libs/dayjs/1.11.23/locale/br.js,,539cdafb02e7517727f86f034bd5b9bc36b123c1b4950d99147ca37f5bcd2b92,0
https://cdnjs.cloudflare.com/ajax/libs/dayjs/1.11.23/locale/br.min.js,,f4c8af5c237105ce8006e74ff35bc5291cf26367bc41cba04052a633b251219b,0
https://cdnjs.cloudflare.com/ajax/libs/dayjs/1.11.23/locale/bs.js,,a1399feee5a89618d0f58335083dbd3b396d8f388f98950636459763d5767515,0
https://cdnjs.cloudflare.com/ajax/libs/dayjs/1.11.23/locale/bs.min.js,,4b7778f994e7c710d255d739004bf238b7117bb61eb66e0fd10f8755e2ee3bed,0
https://cdnjs.cloudflare.com/ajax/libs/dayjs/1.11.23/locale/ca.js,,e7958d3325b6c25489e52c446818681adb76354fa0cfb26fe32d960ca07671fb,0
https://cdnjs.cloudflare.com/ajax/libs/dayjs/1.11.23/locale/ca.min.js,,f83f931d188ae9d6e858e4f2c8af7e8e53d207a098dfb9ae49e5aba069de1572,0
https://cdnjs.cloudflare.com/ajax/libs/dayjs/1.11.23/locale/cs.js,,990677ebe2b1743fb574594d35839a86b4e81df39ab4f2d0aee8f1081becb682,0
https://cdnjs.cloudflare.com/ajax/libs/dayjs/1.11.23/locale/cs.min.js,,5618ba0a90cea76f4aa7f4307041a444fd4258838926565eeca57e4fb335e333,0
https://cdnjs.cloudflare.com/ajax/libs/dayjs/1.11.23/locale/cv.js,,aa5ad5b7ea2676e7e3eb3f84a93941eef1a47a2ac5621e4c8ef929efc7cc4d38,0
https://cdnjs.cloudflare.com/ajax/libs/dayjs/1.11.23/locale/cv.min.js,,99f6bcf785b2af7e919b4e9a6df02bda797c5f5eb4381d5741a5cb7a6d968378,0
https://cdnjs.cloudflare.com/ajax/libs/dayjs/1.11.23/locale/cy.js,,083a5182f407e537a01ca0c6c39e7b95914127be78c07edd518748881b09e04a,0
https://cdnjs.cloudflare.com/ajax/libs/dayjs/1.11.23/locale/cy.min.js,,29c9228b9746ac2006ff3247ff5171bf6fc01529a9739f7cab45a40c346dca1e,0
https://cdnjs.cloudflare.com/ajax/libs/dayjs/1.11.23/locale/da.js,,a497c10832b7a3cbbf913c3281c15265e6c9eddd77d3b25f4a2215c444a69238,0
https://cdnjs.cloudflare.com/ajax/libs/dayjs/1.11.23/locale/da.min.js,,92742dd62eed586123180b2929548a64578efc2de45186b1ac1e537027dd81fa,0
https://cdnjs.cloudflare.com/ajax/libs/dayjs/1.11.23/locale/de-at.js,,d346ccc5064e7bf38fa576f8576555f692f1f2c9fa292f1b6dd4670c39bf95b1,0
https://cdnjs.cloudflare.com/ajax/libs/dayjs/1.11.23/locale/de-at.min.js,,c4e0b3af711523d43299c9c40b827b02b1530bbe4e8bf830449e2b485d0d596d,0
https://cdnjs.cloudflare.com/ajax/libs/dayjs/1.11.23/locale/de-ch.js,,eb6bc46bac0a0779f04d2a948d77fb904caaf3dde4bfccbc3804569a1d701949,0
https://cdnjs.cloudflare.com/ajax/libs/dayjs/1.11.23/locale/de-ch.min.js,,4ee8aed4e897fa9a70ce2030448342154301d8cd86cc9f8910ea930b5ba48395,0
https://cdnjs.cloudflare.com/ajax/libs/dayjs/1.11.23/locale/de.js,,3596deca0b5145ee014c77399ea17544ba8981a2fb8706097d82f10d3549599c,0
https://cdnjs.cloudflare.com/ajax/libs/dayjs/1.11.23/locale/de.min.js,,d5da2353a2f662c8b0bf0f7ec5a04a0422ae923d27a9f6ae26beeee0f248c592,0
https://cdnjs.cloudflare.com/ajax/libs/dayjs/1.11.23/locale/dv.js,,7291d7731fba3fb5228d8f89576828c76a8c3546af7c7c0a90d9fa68be0d6bab,0
https://cdnjs.cloudflare.com/ajax/libs/dayjs/1.11.23/locale/dv.min.js,,06296c2ce0214a651b84f56bac2432662b2f7db8b4716c81f0c630f0b089d3b0,0
https://cdnjs.cloudflare.com/ajax/libs/dayjs/1.11.23/locale/el.js,,6e1a34370719c1b3f6a203289dc8b1cc288a97f18ab048dcf25ce7dc2a56b0f9,0
https://cdnjs.cloudflare.com/ajax/libs/dayjs/1.11.23/locale/el.min.js,,4301861a89c48e7c2928ba5174b12ade265c0abb3da40e7e47a5ba926563ffd8,0
https://cdnjs.cloudflare.com/ajax/libs/dayjs/1.11.23/locale/en-au.js,,2e5928c2f76d07b837e605e79245b4a5b813f0aceb428a3d4c72f88273554cd7,0
https://cdnjs.cloudflare.com/ajax/libs/dayjs/1.11.23/locale/en-au.min.js,,7976cd7b5e829d7a925eb056a6fe27eaa194f0cec31ac19355184d1dd9aa5714,0
https://cdnjs.cloudflare.com/ajax/libs/dayjs/1.11.23/locale/en-ca.js,,45f0c44fd74b874a20e003f51e078dedbe45b4547db00755cd09a442457b4f23,0
https://cdnjs.cloudflare.com/ajax/libs/dayjs/1.11.23/locale/en-ca.min.js,,ba5f0fd638dbb078d9875703155c03efd7761fd80773d1f1a750c82afa9e08f9,0
https://cdnjs.cloudflare.com/ajax/libs/dayjs/1.11.23/locale/en-gb.js,,568b48aab0d3c9595c0da291a579af34d6e35e1b155bdd49a8ae3decc2af15da,0
https://cdnjs.cloudflare.com/ajax/libs/dayjs/1.11.23/locale/en-gb.min.js,,b67f76ab58ccd7ba83904407bcc3ee2da6ee8cd6013b72d111aa79f7b7dfd2f3,0
https://cdnjs.cloudflare.com/ajax/libs/dayjs/1.11.23/locale/en-ie.js,,5d08d7e953df5a07d6eb37a69b4c900b6bf08b8539bca51e8a143675e6f0ad75,0
https://cdnjs.cloudflare.com/ajax/libs/dayjs/1.11.23/locale/en-ie.min.js,,d0875b7a6f62ff53c5013e90c6a68a338a708bc18b1bc63bc75cc5d9de2ad465,0
https://cdnjs.cloudflare.com/ajax/libs/dayjs/1.11.23/locale/en-il.js,,dd74256a8fb8cbd4156a633f9278081665ac8df714bd022819508624969035ac,0
https://cdnjs.cloudflare.com/ajax/libs/dayjs/1.11.23/locale/en-il.min.js,,f2a14d9b6e495aaf8b0bd63ea7a9979a0e5a96e0a67604bd99f6e08514ef019d,0
https://cdnjs.cloudflare.com/ajax/libs/dayjs/1.11.23/locale/en-in.js,,3241b5b548c861f298619890fe5a88e431ce5be7d5a75a979274aa63e8308aeb,0
https://cdnjs.cloudflare.com/ajax/libs/dayjs/1.11.23/locale/en-in.min.js,,1bbaf2ec72572f19250735eb793fc9dcb661b898cc35dbf34ab4f47d034800cf,0
https://cdnjs.cloudflare.com/ajax/libs/dayjs/1.11.23/locale/en-nz.js,,9e7a7a41fc5aa02d88b3042f6ed824ab0175ec21edb0af3e15a1f3fd9a2ae489,0
https://cdnjs.cloudflare.com/ajax/libs/dayjs/1.11.23/locale/en-nz.min.js,,1be0821c69a7342cc2a81b19f726525de0548d0abfd1f9224359f4fbc5ec3596,0
https://cdnjs.cloudflare.com/ajax/libs/dayjs/1.11.23/locale/en-sg.js,,4260f16f587962c22d502e28a6f9debdfadc6b96bfba3903f3920e4f9ea5b507,0
https://cdnjs.cloudflare.com/ajax/libs/dayjs/1.11.23/locale/en-sg.min.js,,02e24ddba260ad0a4cfd3afa701c799c0365ed249b890662a8f94581b80ee937,0
https://cdnjs.cloudflare.com/ajax/libs/dayjs/1.11.23/locale/en-tt.js,,470e6634aaf4ce736ad23f117676813d6f163e1f3b0c2e7ed0ba6be45713cf66,0
https://cdnjs.cloudflare.com/ajax/libs/dayjs/1.11.23/locale/en-tt.min.js,,aa9f13ca1fbd7f7dc4da904f03574de1801496dde5f8df60f8c38a78caf0a347,0
https://cdnjs.cloudflare.com/ajax/libs/dayjs/1.11.23/locale/en.js,,def38160741cbf3169a800394148fe5ef89db95bd9445c1d5a93fdaf91d8889f,0
https://cdnjs.cloudflare.com/ajax/libs/dayjs/1.11.23/locale/en.min.js,,53300359677c2112612ea36269d2923393f8979e4b715dda4f6f99d8947464ec,0
https://cdnjs.cloudflare.com/ajax/libs/dayjs/1.11.23/locale/eo.js,,58748be14f634f6a1d58a88013be8a536dcbdd3fd0532cd3554b5a964754a60d,0
https://cdnjs.cloudflare.com/ajax/libs/dayjs/1.11.23/locale/eo.min.js,,d77f2752ab8090345b2cb4c66e8ed2fc53b1fde5c61c48184868077a55ad8749,0
https://cdnjs.cloudflare.com/ajax/libs/dayjs/1.11.23/locale/es-do.js,,cc1974b3384a5b8fc11380a5824a842f9af826a7a5109ca350074316c2b23b94,0
https://cdnjs.cloudflare.com/ajax/libs/dayjs/1.11.23/locale/es-do.min.js,,0e0452300070f06470370eb62ecc85c6342bc10286d1aba1b235b7eeaf2e6a60,0
https://cdnjs.cloudflare.com/ajax/libs/dayjs/1.11.23/locale/es-mx.js,,13d2ac289d324edca63a2612a04445122ed7dffac1ebceb3448c63764e590bde,0
https://cdnjs.cloudflare.com/ajax/libs/dayjs/1.11.23/locale/es-mx.min.js,,e41b427b5277d7d0a08b6a5bebf641fc056758a72618e136582456af3c409c6b,0
https://cdnjs.cloudflare.com/ajax/libs/dayjs/1.11.23/locale/es-pr.js,,850a9eb44ac3a9a1010ff92d3b11db8ace4a2ca1325f90566f3123142b17f257,0
https://cdnjs.cloudflare.com/ajax/libs/dayjs/1.11.23/locale/es-pr.min.js,,0fd3927a43bc1167c970843bcdbc900aa34a7bdb1a2f2633962dede4ec3c5698,0
https://cdnjs.cloudflare.com/ajax/libs/dayjs/1.11.23/locale/es-us.js,,e83b89340dd666ead6b0ecbc21cfd6ea61275a351aaee5be5a842466a3a45f93,0
https://cdnjs.cloudflare.com/ajax/libs/dayjs/1.11.23/locale/es-us.min.js,,eb77119b88c2cc7e62bd6c3fc49fde91eebfed1ddc975eee0086613e27d74e4e,0
https://cdnjs.cloudflare.com/ajax/libs/dayjs/1.11.23/locale/es.js,,d1b6db8523ad28948c14f2ad77fe93bf25e325c56cc7d1f4179879b29e9828a7,0
https://cdnjs.cloudflare.com/ajax/libs/dayjs/1.11.23/locale/es.min.js,,55b0d29bca1e526dde008c7e07ef87a85fbb5be1354d21eeab0a3aba8e137ff3,0
https://cdnjs.cloudflare.com/ajax/libs/dayjs/1.11.23/locale/et.js,,1e59486d3abf70850fad0d7a12e7a4ca65c171dbb9762ffc8e2ff0859773f2dd,0
https://cdnjs.cloudflare.com/ajax/libs/dayjs/1.11.23/locale/et.min.js,,a1c53311e3aa0d2d1f8e903e08369db462575b14b3437f4a214f6c6431c23c59,0
https://cdnjs.cloudflare.com/ajax/libs/dayjs/1.11.23/locale/eu.js,,c8c55f0091419e7ad8d15f79cd75a4bf2ec9549c374cbf48e7b957dfc12cab42,0
https://cdnjs.cloudflare.com/ajax/libs/dayjs/1.11.23/locale/eu.min.js,,964101790ae443e912e9ea92f7da07677b6c93bbd170029f3c4509b66da53839,0
https://cdnjs.cloudflare.com/ajax/libs/dayjs/1.11.23/locale/fa.js,,0723c8f2d3a10b6ad455af1d292c8733c0175daa2b779462f08465ae4807b9a4,0
https://cdnjs.cloudflare.com/ajax/libs/dayjs/1.11.23/locale/fa.min.js,,a5c3d23e12ae95567b5fdcca705bc04f022ec22a6d90f6f1e2164261d5e09fe4,0
https://cdnjs.cloudflare.com/ajax/libs/dayjs/1.11.23/locale/fi.js,,cf0b090b794a45d05aeaef013680552472bec4c7d82e7a3874f272e9dc4d67e7,0
https://cdnjs.cloudflare.com/ajax/libs/dayjs/1.11.23/locale/fi.min.js,,14aa1ec09c653e503ec5e61554a2316e725ec414babcd18ec326979f8f27c6fd,0
https://cdnjs.cloudflare.com/ajax/libs/dayjs/1.11.23/locale/fo.js,,b164c50c12f63c7b0ea0c961a2320ae77d848fdb65fd97f9daced48380a66539,0
https://cdnjs.cloudflare.com/ajax/libs/dayjs/1.11.23/locale/fo.min.js,,a0f5a007674b50f5799477d0f4bbd962b7452e895f8655208b9fd6f421e0ffcc,0
https://cdnjs.cloudflare.com/ajax/libs/dayjs/1.11.23/locale/fr-ca.js,,4d147fb2da3f1a3dad3c3eb04e8ce8c710208a71379fa7d9b2ebeb3c49fd42ed,0
https://cdnjs.cloudflare.com/ajax/libs/dayjs/1.11.23/locale/fr-ca.min.js,,f6fcc01be1256d75e2fa09f7cd092b7940d6bf718c771984e02a4b9886d64a55,0
https://cdnjs.cloudflare.com/ajax/libs/dayjs/1.11.23/locale/fr-ch.js,,f6d5c433518a9d66a802a261fd45f745172e5eae7718644df0d2c7e526825b44,0
https://cdnjs.cloudflare.com/ajax/libs/dayjs/1.11.23/locale/fr-ch.min.js,,1d8fedd1625ff1320888430376f5b490ff7c45cfcc7a5fee7ff022a2090885fb,0
https://cdnjs.cloudflare.com/ajax/libs/dayjs/1.11.23/locale/fr.js,,a1ad1b3e844785d50522e91f60993d360ec6221011c2593bb06f8727cdd6fcbf,0
https://cdnjs.cloudflare.com/ajax/libs/dayjs/1.11.23/locale/fr.min.js,,6413744520ee7c41b4aa374ae96ff95a6be22a836dfa639b911aac1d3609eeb3,0
https://cdnjs.cloudflare.com/ajax/libs/dayjs/1.11.23/locale/fy.js,,e8be6bd0f000bb09d2891943e94be438d0c36ebbc7f5e04f0909cdb297b5169b,0
https://cdnjs.cloudflare.com/ajax/libs/dayjs/1.11.23/locale/fy.min.js,,7b55b45503c615b88d734bcc3396ed0a4c8f988f087e3db17798c4b04c79daa6,0
https://cdnjs.cloudflare.com/ajax/libs/dayjs/1.11.23/locale/ga.js,,e202b1a8063b5f19b2daca2d280813408b1c8bbe727368d01351dd58b07ea632,0
https://cdnjs.cloudflare.com/ajax/libs/dayjs/1.11.23/locale/ga.min.js,,fbf01a17e60eef61af2da4c0e7aaa28a38a5d3e4d4e508a35a2ab9c93346bfe3,0
https://cdnjs.cloudflare.com/ajax/libs/dayjs/1.11.23/locale/gd.js,,de9a224871889515b045290e23fc5c75769446f87a2b950109ef4071159aa577,0
https://cdnjs.cloudflare.com/ajax/libs/dayjs/1.11.23/locale/gd.min.js,,e0787f5cd7a8fc4807f591939068e86ba018e47fc90f67a3b2afa930018b2e14,0
https://cdnjs.cloudflare.com/ajax/libs/dayjs/1.11.23/locale/gl.js,,5399e41a6b45eb33d487a1af6215276db8228c2e53d0cb690ace394075e0ce37,0
https://cdnjs.cloudflare.com/ajax/libs/dayjs/1.11.23/locale/gl.min.js,,7156af5288f7fb215a47456a0ff0a71a2b8906f57dfedc8da9b055386c4c08da,0
https://cdnjs.cloudflare.com/ajax/libs/dayjs/1.11.23/locale/gom-latn.js,,b914dbd96829fd69171efe61e2b45f20525c859839d3521b1cfd78ccaaaa9d8a,0
https://cdnjs.cloudflare.com/ajax/libs/dayjs/1.11.23/locale/gom-latn.min.js,,111effd94739270dd4cc7a9560e5e93317411086bf10582914ed945d7efbf5b0,0
https://cdnjs.cloudflare.com/ajax/libs/dayjs/1.11.23/locale/gu.js,,16dfc27a68171f979987223b89158feb57945c8c0e3291a3720fefd43b9d2c29,0
https://cdnjs.cloudflare.com/ajax/libs/dayjs/1.11.23/locale/gu.min.js,,5c8a34e1683e656d3bbeeeee07c885887dd0cb560564ab56a810937ed32e2250,0
https://cdnjs.cloudflare.com/ajax/libs/dayjs/1.11.23/locale/he.js,,295255a605a2d9fa1b0042967e2b1bd11d6775ba0c4c8a3e7edb299b52e1bd8d,0
https://cdnjs.cloudflare.com/ajax/libs/dayjs/1.11.23/locale/he.min.js,,c594a95958936f60f3f22ca7275219cebd3e373ee68088161918df722524a187,0
https://cdnjs.cloudflare.com/ajax/libs/dayjs/1.11.23/locale/hi.js,,9e209a5f9e21517964c6b751bb75f012ec86703d00ec177bd7dc357bf1b4c4d6,0
https://cdnjs.cloudflare.com/ajax/libs/dayjs/1.11.23/locale/hi.min.js,,a610afd30486c2f492690cc2d5ffd7f595195f387725481c6e666f8c927675de,0
https://cdnjs.cloudflare.com/ajax/libs/dayjs/1.11.23/locale/hr.js,,0d4ebcb318d9c0c83eb281218b7fd4f8d8b7037291891d3066ed938ab182e98d,0
https://cdnjs.cloudflare.com/ajax/libs/dayjs/1.11.23/locale/hr.min.js,,a606889ed402c0b0ed10801118b65548668b386cf2f23ea74021ccc77463fe04,0
https://cdnjs.cloudflare.com/ajax/libs/dayjs/1.11.23/locale/ht.js,,9e3c28e2947165ae37ff01314d750b4da987dcee2c14e4338a0b38c68fb6997c,0
https://cdnjs.cloudflare.com/ajax/libs/dayjs/1.11.23/locale/ht.min.js,,282306fd328e1ed6cba94030498b1e146eb763062f859fd0775d111ce2ac3ddc,0
https://cdnjs.cloudflare.com/ajax/libs/dayjs/1.11.23/locale/hu.js,,f0bd3bf9d167cf7a0d9cd1656cdf71f113c96c365f78ea1ec749ceb0a488f146,0
https://cdnjs.cloudflare.com/ajax/libs/dayjs/1.11.23/locale/hu.min.js,,9c4883f26293c74912d929e001df2a05327e362096c9b669a7f181e2138d23fb,0
https://cdnjs.cloudflare.com/ajax/libs/dayjs/1.11.23/locale/hy-am.js,,436deee65762dc2cd01329405c06d70bdb6b349796e5d40bfefb81aa6526802d,0
https://cdnjs.cloudflare.com/ajax/libs/dayjs/1.11.23/locale/hy-am.min.js,,58d190ea17285ed210111faac0855a8ddddf3be16f68cfdb88bcc5cc5ebfded1,0
https://cdnjs.cloudflare.com/ajax/libs/dayjs/1.11.23/locale/id.js,,b4cacf90a3a3cc339e6515ffb7fa5b03daf56350e1e23fe0b35d4ee2c4210969,0
https://cdnjs.cloudflare.com/ajax/libs/dayjs/1.11.23/locale/id.min.js,,4048112af5cdac346aff30688bc605cf1f7ea5a923d36b77f208779ef134b463,0
https://cdnjs.cloudflare.com/ajax/libs/dayjs/1.11.23/locale/is.js,,d60d34fca715d40bdd40ffaedc8cf7b3fb25e7e522f04a6aae90c59cb1f272d3,0
https://cdnjs.cloudflare.com/ajax/libs/dayjs/1.11.23/locale/is.min.js,,d05e7f41a7ea53e7c6b772088222bdf2143d0e6ff9ee9c67870a6bff12856236,0
https://cdnjs.cloudflare.com/ajax/libs/dayjs/1.11.23/locale/it-ch.js,,0b1f20d4249511bf7d4bb783555bbf261848aa2edcf4668c38bc1849fd62d4d9,0
https://cdnjs.cloudflare.com/ajax/libs/dayjs/1.11.23/locale/it-ch.min.js,,3859fcf6ac237684645e76eec4d10e9e3ac9ae8ec8e15b103e87448cd734e7f3,0
https://cdnjs.cloudflare.com/ajax/libs/dayjs/1.11.23/locale/it.js,,aad920e4b8dc2adac6bd49048879ce28b22908d416d3be9d23b0fe9c98bb82cb,0
https://cdnjs.cloudflare.com/ajax/libs/dayjs/1.11.23/locale/it.min.js,,551a67a21e8d71d4cb151a2a0c2026a19791e2545190f11d3e6cfe08cc8d8816,0
https://cdnjs.cloudflare.com/ajax/libs/dayjs/1.11.23/locale/ja.js,,93e9ea15b7405c0cccb50e3d6267e2802128fb61a38ee268569b76301d3074ac,0
https://cdnjs.cloudflare.com/ajax/libs/dayjs/1.11.23/locale/ja.min.js,,36aef012893e17c57c54d4da9611fb8c947318f0fd558c888bd22a1e48001d76,0
https://cdnjs.cloudflare.com/ajax/libs/dayjs/1.11.23/locale/jv.js,,b75e7c27864234a2ff32dec936de673fef64b9b89848888b823dc2ee87e96db9,0
https://cdnjs.cloudflare.com/ajax/libs/dayjs/1.11.23/locale/jv.min.js,,f707304eef548bf263fdc225a53b82837810670986551ee70eae5de546e0789c,0
https://cdnjs.cloudflare.com/ajax/libs/dayjs/1.11.23/locale/ka.js,,e6a887900c5ae147f35046915db6a62e200bcffbdcbb9ab0ff0fa94ef850c2c5,0
https://cdnjs.cloudflare.com/ajax/libs/dayjs/1.11.23/locale/ka.min.js,,498219ee86cf042e3c1ba21b16e7e448128629c6e91d74cdeb12d9427b376e57,0
https://cdnjs.cloudflare.com/ajax/libs/dayjs/1.11.23/locale/kk.js,,0ff7a3d3d01b9b1e18b75be440a576997b347aba36437baedede771a072fa87c,0
https://cdnjs.cloudflare.com/ajax/libs/dayjs/1.11.23/locale/kk.min.js,,2e2dd8c6f2f2dd523ff3a9df7e0672729b199dd3dfe78fc109263333346465a3,0
https://cdnjs.cloudflare.com/ajax/libs/dayjs/1.11.23/locale/km.js,,566aed6c7a826a0598f1106134d66b23ae46ef3c20854022f9b3eeec17c418a9,0
https://cdnjs.cloudflare.com/ajax/libs/dayjs/1.11.23/locale/km.min.js,,67cb128d14964328430e3c2769ebfa921c7fb60780138d3996da73c4bcaa21cc,0
https://cdnjs.cloudflare.com/ajax/libs/dayjs/1.11.23/locale/kn.js,,980e5169552fea14cc2afad099f461cfc0046d90aaaf5a7a68d590217beb455c,0
https://cdnjs.cloudflare.com/ajax/libs/dayjs/1.11.23/locale/kn.min.js,,78e5aa01bf9eba8ac25f5d00c2d4558c602830cfef4c263a51d82af51f82df9a,0
https://cdnjs.cloudflare.com/ajax/libs/dayjs/1.11.23/locale/ko.js,,6b1d41fb525eb9898c19b374bf5277891c232e35fc2be129e3eb9b6d1e60a64f,0
https://cdnjs.cloudflare.com/ajax/libs/dayjs/1.11.23/locale/ko.min.js,,aa82af307e53f40efb42d721e9d30ce87f4b4614080488ed360b67b9f444642a,0
https://cdnjs.cloudflare.com/ajax/libs/dayjs/1.11.23/locale/ku.js,,046805acb0a76fd8300ddaa089a19c09cf459013d93006af66fc5ef938376a65,0
https://cdnjs.cloudflare.com/ajax/libs/dayjs/1.11.23/locale/ku.min.js,,d9ce1aa39f52c02a8166459ccd6edcbaf2c9f8e59108e90a0db4e03fc55c66dd,0
https://cdnjs.cloudflare.com/ajax/libs/dayjs/1.11.23/locale/ky.js,,b2e252a646c9de830abe4e612d67d3d1a4d51e83650c8a10f515c0efd67e59eb,0
https://cdnjs.cloudflare.com/ajax/libs/dayjs/1.11.23/locale/ky.min.js,,40d1bbfc5056ff669e1a53fa9aba694097a08a095ea08a8216a0c515edb902fe,0
https://cdnjs.cloudflare.com/ajax/libs/dayjs/1.11.23/locale/lb.js,,dd5cbd0d94086f081eb17159bf14fa4a52f2e56d4cd6293382c40d164129f15c,0
https://cdnjs.cloudflare.com/ajax/libs/dayjs/1.11.23/locale/lb.min.js,,4550cced2b973e1185f8e1138b03efbf07c9a78332f2e0814039d6133c3eeadb,0
https://cdnjs.cloudflare.com/ajax/libs/dayjs/1.11.23/locale/lo.js,,4d85d4e3a8aa326363be22aa6f2f343571a0969f951ba269d6c89376d52fac16,0
https://cdnjs.cloudflare.com/ajax/libs/dayjs/1.11.23/locale/lo.min.js,,d2f15e0416d75b7d50f1a55feec6c87eff233204ac84bae44cd371b8966848f2,0
https://cdnjs.cloudflare.com/ajax/libs/dayjs/1.11.23/locale/lt.js,,3c933be43f969c0166d1ac4b28a8ecb655e9b9af1b81966abd4211c5f4962f62,0
https://cdnjs.cloudflare.com/ajax/libs/dayjs/1.11.23/locale/lt.min.js,,36fcb215d0152bdf49f738828b1a332356123bfbceb5ccf3d5e6b40460d69ef4,0
https://cdnjs.cloudflare.com/ajax/libs/dayjs/1.11.23/locale/lv.js,,a1c1814392ea630694b81991824971c92569c298470be13ca3785b74aec67655,0
https://cdnjs.cloudflare.com/ajax/libs/dayjs/1.11.23/locale/lv.min.js,,40c10a4949414f4aa7cf088127698f206817a6e6bf6b2dc7b08239cd1c8fc333,0
https://cdnjs.cloudflare.com/ajax/libs/dayjs/1.11.23/locale/me.js,,4181d09c7c02a6782680f338da6310abfbb4981ea4d1334a8ff1bee0a34dda1a,0
https://cdnjs.cloudflare.com/ajax/libs/dayjs/1.11.23/locale/me.min.js,,d3530056f0b677abc284726d6582d5d753e294f6b538966d5f7974f318e58f61,0
https://cdnjs.cloudflare.com/ajax/libs/dayjs/1.11.23/locale/mi.js,,bd1d389a503881081db1052745e71870ee46a1595ab4fc6748e188497f665a52,0
https://cdnjs.cloudflare.com/ajax/libs/dayjs/1.11.23/locale/mi.min.js,,a0983cde729b72097ce2652d7ff6f54e0eeec56a22814fd34ae117b8c2d6ee97,0
https://cdnjs.cloudflare.com/ajax/libs/dayjs/1.11.23/locale/mk.js,,48cda8293a9b9c7ce2b8c1a04d10f3e891f2156c0fce930a51fcd03724a57d43,0
https://cdnjs.cloudflare.com/ajax/libs/dayjs/1.11.23/locale/mk.min.js,,98748d22ad850e8fe43d5a94acd89dad3319ea6328fa46f6af14fe7422a630d2,0
https://cdnjs.cloudflare.com/ajax/libs/dayjs/1.11.23/locale/ml.js,,a9a84ff099cd03e64da2f980556d492f891c906fadccba8c9334c728a96d3637,0
https://cdnjs.cloudflare.com/ajax/libs/dayjs/1.11.23/locale/ml.min.js,,8f6ee191543831010b8da15c8dfb858cb2124d084a7ea368ca8c185e01b7f523,0
https://cdnjs.cloudflare.com/ajax/libs/dayjs/1.11.23/locale/mn.js,,41670be3521593e1069527489fc37d5105b5928d889999b5327832078f1c937b,0
https://cdnjs.cloudflare.com/ajax/libs/dayjs/1.11.23/locale/mn.min.js,,202594d61a8eee4a26e311cfd3521b0a62405258a6fc5b280cef21a356517ad0,0
https://cdnjs.cloudflare.com/ajax/libs/dayjs/1.11.23/locale/mr.js,,b168463498af8dd2dabb67ac873ecb6fc692a195f84fbe40096b287648f9c424,0
https://cdnjs.cloudflare.com/ajax/libs/dayjs/1.11.23/locale/mr.min.js,,ff26d3b855379ac7c8f3acd046f3e9d8bd0697822e53cdd64d2adffa4a3bdfda,0
https://cdnjs.cloudflare.com/ajax/libs/dayjs/1.11.23/locale/ms-my.js,,2f8ddd66bf77d8b247f77b70ac66b9869c6037f4b9b47ba70a2ce355dd567aae,0
https://cdnjs.cloudflare.com/ajax/libs/dayjs/1.11.23/locale/ms-my.min.js,,11ab76ecca4d5e17ce5335bf41d160c0fc5ae4c4b369838187ac016dfca83bb1,0
https://cdnjs.cloudflare.com/ajax/libs/dayjs/1.11.23/locale/ms.js,,06f187d9c0c36f65f40cebb57695df3471ec961ec515f899b843a73e8d11b975,0
https://cdnjs.cloudflare.com/ajax/libs/dayjs/1.11.23/locale/ms.min.js,,295587c125366fd48a916f45823171b449f1a5a96655c25795f8c2b854c9424b,0
https://cdnjs.cloudflare.com/ajax/libs/dayjs/1.11.23/locale/mt.js,,3fa2f459af271e7edc9a8bce9edbf7ab3cf331a3bef73ce2050b8bd97cb616db,0
https://cdnjs.cloudflare.com/ajax/libs/dayjs/1.11.23/locale/mt.min.js,,25a9590a4a251dcd7e30062f7bbdc8c2a523395407557c0915bae4c67132d23f,0
https://cdnjs.cloudflare.com/ajax/libs/dayjs/1.11.23/locale/my.js,,924a152b5dd45f26d5c7a95cbe5ea26a8a03d1924d10f4df6738dfe005a30def,0
https://cdnjs.cloudflare.com/ajax/libs/dayjs/1.11.23/locale/my.min.js,,01b29412411e04b5e885a3b388397398da749b7f4ad7f59c3cad9275a9959f2a,0
https://cdnjs.cloudflare.com/ajax/libs/dayjs/1.11.23/locale/nb.js,,b1e59b099dd5922d904cdff9bf0e7961905038a13d3a751ce71374a2dc6013be,0
https://cdnjs.cloudflare.com/ajax/libs/dayjs/1.11.23/locale/nb.min.js,,69c99427cbdf4e3b7fe85d630ab4c16e2522894c551c2771a37b1ef079db4dfd,0
https://cdnjs.cloudflare.com/ajax/libs/dayjs/1.11.23/locale/ne.js,,db512ff7f913f75903949b47be18ec0e02bec5324d826eac0ae93ca9ca671d70,0
https://cdnjs.cloudflare.com/ajax/libs/dayjs/1.11.23/locale/ne.min.js,,f1e16c73a10f045228804acc236e288913866112c333a07917b3ff56679a6f48,0
https://cdnjs.cloudflare.com/ajax/libs/dayjs/1.11.23/locale/nl-be.js,,ef916c2b2be1945226eb1c7d9b13250e070337ffc04a714a9a49ad2b7a142c5d,0
https://cdnjs.cloudflare.com/ajax/libs/dayjs/1.11.23/locale/nl-be.min.js,,5279af9ae04d145d3ced0b278565437bf5b8562ee2b291763e0d01ae70561518,0
https://cdnjs.cloudflare.com/ajax/libs/dayjs/1.11.23/locale/nl.js,,bd3ab491877cf6737dea460739d06e99f1e26b69645b452aa94c3d704125a0e9,0
https://cdnjs.cloudflare.com/ajax/libs/dayjs/1.11.23/locale/nl.min.js,,a9dd8b83ffda4d3587af87057d2740d21ce16203ab6ae53e67d0ce2a3341a0c2,0
https://cdnjs.cloudflare.com/ajax/libs/dayjs/1.11.23/locale/nn.js,,593391a73ae927223cdc601b6a1e1562b6c561b6aeb24d8cf6ae70a34b9f96d3,0
https://cdnjs.cloudflare.com/ajax/libs/dayjs/1.11.23/locale/nn.min.js,,43d2901f5e3e372ff51e252eb2dfe69a6543e2d0ca34b886507940c01ffdafbf,0
https://cdnjs.cloudflare.com/ajax/libs/dayjs/1.11.23/locale/oc-lnc.js,,2937b11bd6b7bea906bba52dcc8f9d5993274f60678ad88afa7d30f28178e0c6,0
https://cdnjs.cloudflare.com/ajax/libs/dayjs/1.11.23/locale/oc-lnc.min.js,,2914f9891555f391e9129acf57e4157ed2bae44c2d696feb50dc05cc8d399f4e,0
https://cdnjs.cloudflare.com/ajax/libs/dayjs/1.11.23/locale/pa-in.js,,10e96ded65e325f6563415da3ac40374f13930ddfb1affd05715977ca9113f0e,0
https://cdnjs.cloudflare.com/ajax/libs/dayjs/1.11.23/locale/pa-in.min.js,,a1425505899a18723625307208f9c893f73e40d3472d1c3fde9af42258fd2ddb,0
https://cdnjs.cloudflare.com/ajax/libs/dayjs/1.11.23/locale/pl.js,,1bd90fb6e1f0907bac9943799a0136460446fd62ce2f256bb240085a3cd7566d,0
https://cdnjs.cloudflare.com/ajax/libs/dayjs/1.11.23/locale/pl.min.js,,0f827f1ae37ffa902668c59e67565d0442498eba0c02977968838920d762604d,0
https://cdnjs.cloudflare.com/ajax/libs/dayjs/1.11.23/locale/pt-br.js,,284c01ef0aa3183632315ad4fb95838a0ed70926747d534cb93aebdb6b4299b2,0
https://cdnjs.cloudflare.com/ajax/libs/dayjs/1.11.23/locale/pt-br.min.js,,20da9c0ebdf7876dfaa2da87481bba2666a0f93cd0b1611fe7c691c5515d9a25,0
https://cdnjs.cloudflare.com/ajax/libs/dayjs/1.11.23/locale/pt.js,,9117b792a4ed3ddb4b328f3d19d2d1337293973d7a1a1c8f2187ebc0f51bc989,0
https://cdnjs.cloudflare.com/ajax/libs/dayjs/1.11.23/locale/pt.min.js,,877594df95137210e71e959aff6ab9c207dff4cc3daa3f42c50a3d1cf98dbfc5,0
https://cdnjs.cloudflare.com/ajax/libs/dayjs/1.11.23/locale/rn.js,,3b3d6be70a0af38aa18c6c2c352555db48a4114c7ab38e335e4df32bce6cfab9,0
https://cdnjs.cloudflare.com/ajax/libs/dayjs/1.11.23/locale/rn.min.js,,c366e7867cf4958be3bad782d8c826ec835e6c8be62cb0c2543b07f3c48f5326,0
https://cdnjs.cloudflare.com/ajax/libs/dayjs/1.11.23/locale/ro.js,,74f28cf256f165feb2e70d5f4088ce69254d002b33f5c45024b209fbd522e386,0
https://cdnjs.cloudflare.com/ajax/libs/dayjs/1.11.23/locale/ro.min.js,,5499529b0ec5fa8d79d586c50efe36d2d770748f3fe1514e6b5e7c5c9b488d91,0
https://cdnjs.cloudflare.com/ajax/libs/dayjs/1.11.23/locale/ru.js,,daf993577450babfdfd86ff503b2add6ca1519420943c53a69e249c6068dab4f,0
https://cdnjs.cloudflare.com/ajax/libs/dayjs/1.11.23/locale/ru.min.js,,88459c0cd16e90fddbac7a700a944d56ec54875d20581b363b6c33280e57a377,0
https://cdnjs.cloudflare.com/ajax/libs/dayjs/1.11.23/locale/rw.js,,4e7617ed42c4cd4e2264f84fd8273e840cdd4859054b86cac6a31fd3f1a6ff8c,0
https://cdnjs.cloudflare.com/ajax/libs/dayjs/1.11.23/locale/rw.min.js,,9becafeaeec06df813d06c4bc8fb622f729f848cb1bbfa0e451da48b8575476a,0
https://cdnjs.cloudflare.com/ajax/libs/dayjs/1.11.23/locale/sd.js,,7703096becb5df186966857571882ebfc7fe498dc05c4299314a1c1da1351dc7,0
https://cdnjs.cloudflare.com/ajax/libs/dayjs/1.11.23/locale/sd.min.js,,ea63c4568a7b3daec3b237cffd2f9c73a11de38150acceb7dae58b51d4dcdb56,0
https://cdnjs.cloudflare.com/ajax/libs/dayjs/1.11.23/locale/se.js,,458e8348348a3ec71db02948fd36198ca10a9233948087d25416848effa182a8,0
https://cdnjs.cloudflare.com/ajax/libs/dayjs/1.11.23/locale/se.min.js,,7d7aefe18b8e38d578189423d928069a7e3d449bdff7200b7ced59a80bf37cdc,0
https://cdnjs.cloudflare.com/ajax/libs/dayjs/1.11.23/locale/si.js,,6cce0ed35c694730c32188da84280d78b2afd7715a93c01a56ed425dfd0d49b5,0
https://cdnjs.cloudflare.com/ajax/libs/dayjs/1.11.23/locale/si.min.js,,627fcb1d810c42cacf9713e40cb976274a7d011ec30afe911efdbd8b885d97e6,0
https://cdnjs.cloudflare.com/ajax/libs/dayjs/1.11.23/locale/sk.js,,e177f1986759a4eb809e78d3a01bdd79c8a043e3f07222eabc61de39c80b268c,0
https://cdnjs.cloudflare.com/ajax/libs/dayjs/1.11.23/locale/sk.min.js,,c613f49f1907faefec1b05b463180ea737569a1ed0f053d39e93c07cf362f959,0
https://cdnjs.cloudflare.com/ajax/libs/dayjs/1.11.23/locale/sl.js,,565e490b90d3ecf1b98638dad0cd4d2b58f586c79b69237ccfd16c23646ac538,0
https://cdnjs.cloudflare.com/ajax/libs/dayjs/1.11.23/locale/sl.min.js,,92a44a9e1b2293de7748deb2aa32f6854baa13391a199b973696a1f81ce48691,0
https://cdnjs.cloudflare.com/ajax/libs/dayjs/1.11.23/locale/sq.js,,2d0e338ac1fb23f277c88611d881cc92a9455b37cbb24561801164839e356ae9,0
https://cdnjs.cloudflare.com/ajax/libs/dayjs/1.11.23/locale/sq.min.js,,21e016efa8fdd1a76747b7489c6bdafe3c7b1130b6ec2dcd2bda72a9b6f67931,0
https://cdnjs.cloudflare.com/ajax/libs/dayjs/1.11.23/locale/sr-cyrl.js,,8ca9addb5927c1f4cb8421704449774a4fa60e777093a3ea747d2afb282ad8ea,0
https://cdnjs.cloudflare.com/ajax/libs/dayjs/1.11.23/locale/sr-cyrl.min.js,,e03c310be9b8273d5c7c50d949fd83479bc20ae3b3c27fc7dd4de3e77785204e,0
https://cdnjs.cloudflare.com/ajax/libs/dayjs/1.11.23/locale/sr.js,,af1066eecfd56dc03c59b3db61b2ebebc8b7f755ad9d4523376788e904f30d85,0
https://cdnjs.cloudflare.com/ajax/libs/dayjs/1.11.23/locale/sr.min.js,,b20d0d1144bf69099aad169b19f9231b416dd35f913a6e56a4f36f4bada0f800,0
https://cdnjs.cloudflare.com/ajax/libs/dayjs/1.11.23/locale/ss.js,,11e33ccd0430f7722be1fa1f85d9637e8c1de65a64d2e9252ff80a58727ca529,0
https://cdnjs.cloudflare.com/ajax/libs/dayjs/1.11.23/locale/ss.min.js,,9b3405b50d9b26535deb9e9e66bc67d643a9d677358b4a71889a918c8cc8a45e,0
https://cdnjs.cloudflare.com/ajax/libs/dayjs/1.11.23/locale/sv-fi.js,,2f315e81474c2d6fa742b61197ed7d3a4b3660f4501629474b7e16b3b81a625c,0
https://cdnjs.cloudflare.com/ajax/libs/dayjs/1.11.23/locale/sv-fi.min.js,,9dc462097261ff0c941e467bcaee47f86becd44fc45c67d1aa5b1866b73f2280,0
https://cdnjs.cloudflare.com/ajax/libs/dayjs/1.11.23/locale/sv.js,,e899b6a49df9dae2166d32c4b2822ecff73662231f2b6970018ec632918b1c0a,0
https://cdnjs.cloudflare.com/ajax/libs/dayjs/1.11.23/locale/sv.min.js,,7cfcbeb5387d834f71dc31694eb215be78f6712d50152e14b8cedf6bc304482f,0
https://cdnjs.cloudflare.com/ajax/libs/dayjs/1.11.23/locale/sw.js,,f40b3f852bafcd4b16e6ee36a5ffad58d0e88878e84fe1b0e0a81caaf495c0a2,0
https://cdnjs.cloudflare.com/ajax/libs/dayjs/1.11.23/locale/sw.min.js,,0ee137727570c890489d97a349a3b4526c6161853c5bf6610b86a7aa5f2058d3,0
https://cdnjs.cloudflare.com/ajax/libs/dayjs/1.11.23/locale/ta.js,,3fe104e9602fe51a5927a22dbe293f48817e3b07c090bfa9d97cce409556dfcd,0
https://cdnjs.cloudflare.com/ajax/libs/dayjs/1.11.23/locale/ta.min.js,,aaa22af42589e1d9493608de34735333b81f4b595ba23c6aa77eb0e9decc433b,0
https://cdnjs.cloudflare.com/ajax/libs/dayjs/1.11.23/locale/te.js,,b259e05746affd63339992a811faeb401c3f52b5007ad46f29e63d3b6a5d94d6,0
https://cdnjs.cloudflare.com/ajax/libs/dayjs/1.11.23/locale/te.min.js,,1aca01d2462eb3c171b232f0e396a149dc7721cc65711382ccc738719db29204,0
https://cdnjs.cloudflare.com/ajax/libs/dayjs/1.11.23/locale/tet.js,,b9fe9e7bcf3c7b0fe95970a9c482c1054606e859d6b0510feebd5dfe4b9b4947,0
https://cdnjs.cloudflare.com/ajax/libs/dayjs/1.11.23/locale/tet.min.js,,b0a8f80391a71e0b71f7847663d720cf4517ce30a14025e3046429017e52cada,0
https://cdnjs.cloudflare.com/ajax/libs/dayjs/1.11.23/locale/tg.js,,3be189d9102a37d9d09d676315b7c435145d5b642d3893bf99ed8b55925a6cbe,0
https://cdnjs.cloudflare.com/ajax/libs/dayjs/1.11.23/locale/tg.min.js,,0ed6ad732aac0b68d9c772d1ec41c2f8e2eda4f264bb241f857875b98d8e7a37,0
https://cdnjs.cloudflare.com/ajax/libs/dayjs/1.11.23/locale/th.js,,c49fb06b5c666c1bb48454a3743b4a21aff63ce6f571b03a529112b5da982f40,0
https://cdnjs.cloudflare.com/ajax/libs/dayjs/1.11.23/locale/th.min.js,,9f67e3dd1fa0fb528f7fbdcd87fc18ee282d5636821550c1eec6aece28d129ea,0
https://cdnjs.cloudflare.com/ajax/libs/dayjs/1.11.23/locale/tk.js,,58346eb1da97294c17b563362e0759fa9cea189782de0c17c5396c0486e568b2,0
https://cdnjs.cloudflare.com/ajax/libs/dayjs/1.11.23/locale/tk.min.js,,0231ba19ba2017489ae563e6cab43b95425a991c629609b6243c5d9c61a5f6ef,0
https://cdnjs.cloudflare.com/ajax/libs/dayjs/1.11.23/locale/tl-ph.js,,dd9bc80b0628048d1567c8971fafbb276159b5e230fb948708e6eb85ca40fa6c,0
https://cdnjs.cloudflare.com/ajax/libs/dayjs/1.11.23/locale/tl-ph.min.js,,d6df0086287e5a8b0b5609605bc5c51ed71daf3b6c374493f5c30ca24893240a,0
https://cdnjs.cloudflare.com/ajax/libs/dayjs/1.11.23/locale/tlh.js,,3d469e41aea9da1caac426df61eb4105d5f83768aa0ddaf87254d5dc337a624a,0
https://cdnjs.cloudflare.com/ajax/libs/dayjs/1.11.23/locale/tlh.min.js,,e99a4a9881e638af2dd88b257ec3ea3229eb174931e86d6bbbb54c0955abcf76,0
https://cdnjs.cloudflare.com/ajax/libs/dayjs/1.11.23/locale/tr.js,,48181960ebddb6b9ff04914a9d00f2cebe56c6acd71731b71b1374224e92476d,0
https://cdnjs.cloudflare.com/ajax/libs/dayjs/1.11.23/locale/tr.min.js,,63c38b3384b93cadcb932d0d52250fb67175a4a279a4bc4fcefbc9c9fc8762c0,0
https://cdnjs.cloudflare.com/ajax/libs/dayjs/1.11.23/locale/tzl.js,,cc167f4f881b2a942e6d2e56722aa49b3fc7e3be13b848bfe92196ca6febb505,0
https://cdnjs.cloudflare.com/ajax/libs/dayjs/1.11.23/locale/tzl.min.js,,565e892b4ddd367b56cf98a96518d72c423ca0b7d0ca2fcc091c24ce62b2b9e6,0
https://cdnjs.cloudflare.com/ajax/libs/dayjs/1.11.23/locale/tzm-latn.js,,8f705a6c86b815e41bc91e48b0038e03c6422f707e8f4c9060810e670ab8122b,0
https://cdnjs.cloudflare.com/ajax/libs/dayjs/1.11.23/locale/tzm-latn.min.js,,9ea03f5ed22085e982a476207458939d0fa192ac83549657881d7c025e212d2d,0
https://cdnjs.cloudflare.com/ajax/libs/dayjs/1.11.23/locale/tzm.js,,d4cef7a0108ff568497a52625f84678e94873f5c4a7a6adfe45d0ed9f401a654,0
https://cdnjs.cloudflare.com/ajax/libs/dayjs/1.11.23/locale/tzm.min.js,,2e214d4246d61037e8ee89922faca73c23d4d69023c6736489a5f6d51ab0058b,0
https://cdnjs.cloudflare.com/ajax/libs/dayjs/1.11.23/locale/ug-cn.js,,ba03343557e7e14d156fa22ad51b800b858bd9075f58921c856387de0f1ba48b,0
https://cdnjs.cloudflare.com/ajax/libs/dayjs/1.11.23/locale/ug-cn.min.js,,ab783a8f477dbf21e919985cee743669eaf720a59082a0216cf1e24983e72610,0
https://cdnjs.cloudflare.com/ajax/libs/dayjs/1.11.23/locale/uk.js,,3be5fa8d4a26199fb8af8fd260ba869c9ef78c0529c27b2bccfe1f18d0105eca,0
https://cdnjs.cloudflare.com/ajax/libs/dayjs/1.11.23/locale/uk.min.js,,69b70fdfc89b454f69bee4f05e5b74669aee649a3d15684a52d7e2aa36b5104a,0
https://cdnjs.cloudflare.com/ajax/libs/dayjs/1.11.23/locale/ur.js,,8acc64ac5b45300ed34cb85e6c2173362ed14029ab20ffee1ad4e0aec3605ae9,0
https://cdnjs.cloudflare.com/ajax/libs/dayjs/1.11.23/locale/ur.min.js,,626ffa532b0ef5aa63818bd2c9e16f0830b90ef695d4bba1ff7420e08b74e155,0
https://cdnjs.cloudflare.com/ajax/libs/dayjs/1.11.23/locale/uz-latn.js,,07779fc271620893debffc460e16f00d0d4528d8e5644c4fe0030e5570238578,0
https://cdnjs.cloudflare.com/ajax/libs/dayjs/1.11.23/locale/uz-latn.min.js,,9d7b88abcd2a47d81c4e905aa3866ea4995ea0bce782bdcec2dc351b864106cc,0
https://cdnjs.cloudflare.com/ajax/libs/dayjs/1.11.23/locale/uz.js,,26c133b45b9ecd82f90ca8dce74ea106ece6c67f297ee59af9191e502bd2b076,0
https://cdnjs.cloudflare.com/ajax/libs/dayjs/1.11.23/locale/uz.min.js,,d614a1d3c3b5f6d555757c69ddf4b53fa4a42afb0eb43d89c0031a4e330545ec,0
https://cdnjs.cloudflare.com/ajax/libs/dayjs/1.11.23/locale/vi.js,,b10538e2f1a695b9ee72b6684d2931b0ba4ae04dc310411296593cadb21adbe2,0
https://cdnjs.cloudflare.com/ajax/libs/dayjs/1.11.23/locale/vi.min.js,,915cf837caee2bea3ee5d605cb06aafc0a688fff4589f4edd32dddf0afcc924b,0
https://cdnjs.cloudflare.com/ajax/libs/dayjs/1.11.23/locale/x-pseudo.js,,470948b2b32e157b4c11ce072e58a3325802c2d3d52d8a6848b7bca750a380ba,0
https://cdnjs.cloudflare.com/ajax/libs/dayjs/1.11.23/locale/x-pseudo.min.js,,9795b6cdc5aede7aa920cd7ff3f4641c7853f241028c2d4bf1a6410ab547261c,0
https://cdnjs.cloudflare.com/ajax/libs/dayjs/1.11.23/locale/yo.js,,0f02f1a048081906afe5dfeb0b5782b3f447bd692d5e8828d6561739229050b1,0
https://cdnjs.cloudflare.com/ajax/libs/dayjs/1.11.23/locale/yo.min.js,,1a20384a0735caaa8ac9b90fe7a5f3b4242537fb927bf32ea8381af7cab0794f,0
https://cdnjs.cloudflare.com/ajax/libs/dayjs/1.11.23/locale/zh-cn.js,,d93b074de4a1f0b5b7de810b1b4a7d180c6af6011b1f31a4455ca34e3411947b,0
https://cdnjs.cloudflare.com/ajax/libs/dayjs/1.11.23/locale/zh-cn.min.js,,15dfd0658ff63f8f923eb166af7a8124ccbf0d0f767ba2283130baa5904bf822,0
https://cdnjs.cloudflare.com/ajax/libs/dayjs/1.11.23/locale/zh-hk.js,,bdf03db84171e486bae1edc99093abc8c810a94674fe296f6f08544be9e589e4,0
https://cdnjs.cloudflare.com/ajax/libs/dayjs/1.11.23/locale/zh-hk.min.js,,49e78f5da481a49f65257571b82281305a0f8d5bab38ac902f54a90b9d356b54,0
https://cdnjs.cloudflare.com/ajax/libs/dayjs/1.11.23/locale/zh-tw.js,,780f79ee8e7ce0b36ea61c2e6e82dcf759c7cd99171b3f8f8b19547aa405b826,0
https://cdnjs.cloudflare.com/ajax/libs/dayjs/1.11.23/locale/zh-tw.min.js,,16db76a5afa594ca1521066e9398fc0270f88a6534930801d426876a12663b5b,0
https://cdnjs.cloudflare.com/ajax/libs/dayjs/1.11.23/locale/zh.js,,97811d3be2661c3557eee0d7677cbf41ad9532eae1b4d38cb9c9e1241aed7c85,0
https://cdnjs.cloudflare.com/ajax/libs/dayjs/1.11.23/locale/zh.min.js,,ae7c79707bbc81a41c1ae6aad81211fb0195d1794a2891b25ef7d891345d1652,0
https://cdnjs.cloudflare.com/ajax/libs/dayjs/1.11.23/plugin/advancedFormat.js,,6f9ca609c4af60f2a03033e72dec5714f4f8e7b240381934040f547a0282463f,0
https://cdnjs.cloudflare.com/ajax/libs/dayjs/1.11.23/plugin/advancedFormat.min.js,,731a8c8251bb2bedab4355cec43b73730c946ab9d930cd68a8603c07e8f5ae43,0
https://cdnjs.cloudflare.com/ajax/libs/dayjs/1.11.23/plugin/arraySupport.js,,e2cb919327920f5a7cee7a86ee6692298b60424f78688bba8032c9c1946b3cf3,0
https://cdnjs.cloudflare.com/ajax/libs/dayjs/1.11.23/plugin/arraySupport.min.js,,09512fbc97cdf6f3d1e2154bb293676d3a2d1cbcf9a1d53081aa991e6e8248ff,0
https://cdnjs.cloudflare.com/ajax/libs/dayjs/1.11.23/plugin/badMutable.js,,56fd282bd15c83b052a63eaa8100281c5ba5a092f74146f4caf8fccedef10ded,0
https://cdnjs.cloudflare.com/ajax/libs/dayjs/1.11.23/plugin/badMutable.min.js,,0397c3a71602205db70003deec3fdbb2528fd9a4685a4b10af9456d2e4632e3d,0
https://cdnjs.cloudflare.com/ajax/libs/dayjs/1.11.23/plugin/bigIntSupport.js,,b6ae2a92ca8fb8f99f42f40ecf4544467719a6feefe7489740747ab97da37a2d,0
https://cdnjs.cloudflare.com/ajax/libs/dayjs/1.11.23/plugin/bigIntSupport.min.js,,57621d8d193166184806f9696204d4f4c341350c6d28bdee862f57f9dc3cfe66,0
https://cdnjs.cloudflare.com/ajax/libs/dayjs/1.11.23/plugin/buddhistEra.js,,40638da2be2a2c97aceeb09bc7a64a3ca05728fdf3f62a726e8b83c1184395e2,0
https://cdnjs.cloudflare.com/ajax/libs/dayjs/1.11.23/plugin/buddhistEra.min.js,,883bc6a4310f0dfe8009cb07b23375a1de60644111e9a55d280dc9d079052025,0
https://cdnjs.cloudflare.com/ajax/libs/dayjs/1.11.23/plugin/calendar.js,,79db0b0cd841cca1e730fc17141e48c7d4175edc733cb54f03ed6de0093fed33,0
https://cdnjs.cloudflare.com/ajax/libs/dayjs/1.11.23/plugin/calendar.min.js,,138a0f07bb6cf738d52e519e950115dcbb1945d7fb01565b9bda1c7d6ac4db9a,0
https://cdnjs.cloudflare.com/ajax/libs/dayjs/1.11.23/plugin/customParseFormat.js,,b199a58d0fbbdc519a072eb9b140a2ca3d4775ea1b054a0c0e5aeed86603c941,0
https://cdnjs.cloudflare.com/ajax/libs/dayjs/1.11.23/plugin/customParseFormat.min.js,,90ce1c41bb6dafe990689e9aac952dae8230b9ed17ffab3c386dbfa4e501ea03,0
https://cdnjs.cloudflare.com/ajax/libs/dayjs/1.11.23/plugin/dayOfYear.js,,2e2b9b9bf4342965d6b7b1b1133fc0e503948bbf95f982689134eefdf48ad6e2,0
https://cdnjs.cloudflare.com/ajax/libs/dayjs/1.11.23/plugin/dayOfYear.min.js,,dd5044d9ff856cafdc8820b1de2953ca399c76c37b04c98d2f6d70b3ad433fec,0
https://cdnjs.cloudflare.com/ajax/libs/dayjs/1.11.23/plugin/devHelper.js,,b15d6c6d4ce249f849c1fcdadd53af77063ff1282c0ce37f4759abe393af79ac,0
https://cdnjs.cloudflare.com/ajax/libs/dayjs/1.11.23/plugin/devHelper.min.js,,93b92e48ed1eb497a6e190ef1bfb90025cda0cd4e0f546705a25d3d8a9dd0fd4,0
https://cdnjs.cloudflare.com/ajax/libs/dayjs/1.11.23/plugin/duration.js,,7dac282a770e1d475181d428babda30129a0a56907c57defaec9a361b9a8189d,0
https://cdnjs.cloudflare.com/ajax/libs/dayjs/1.11.23/plugin/duration.min.js,,b98a41fcd73b7382687c6ec56dea2ae5f0600d6aec39ec30ff02c3c48b8b50f3,0
https://cdnjs.cloudflare.com/ajax/libs/dayjs/1.11.23/plugin/isBetween.js,,00d079ea67e5afd2bcdfd972cdaa4a46d6389d3f1110c753acda28da86fe72d9,0
https://cdnjs.cloudflare.com/ajax/libs/dayjs/1.11.23/plugin/isBetween.min.js,,cfdde3c2c023d7c94bda030257adafb9808968f86bb3275f998d148565ac93de,0
https://cdnjs.cloudflare.com/ajax/libs/dayjs/1.11.23/plugin/isLeapYear.js,,386b1ac95b07da44f687cb5d55e1f6af75fc05cf89a49b6929bc63bab5cadef9,0
https://cdnjs.cloudflare.com/ajax/libs/dayjs/1.11.23/plugin/isLeapYear.min.js,,68aeb964e08bb17e178106c4bce85898477764696640faec5576192ab5e68b7e,0
https://cdnjs.cloudflare.com/ajax/libs/dayjs/1.11.23/plugin/isMoment.js,,7acd891dcef46b03538291b113756ff7051df19a0812bb15d26b35d929f40e95,0
https://cdnjs.cloudflare.com/ajax/libs/dayjs/1.11.23/plugin/isMoment.min.js,,f951e5ce02a24ae19732c1ccd2ef77b6c965fc65f988f42361667b1d94e2f960,0
https://cdnjs.cloudflare.com/ajax/libs/dayjs/1.11.23/plugin/isoWeek.js,,9937b6f6e7f852fd180a75d02f223298a4541a8cec415d0cadad5dfde7d40929,0
https://cdnjs.cloudflare.com/ajax/libs/dayjs/1.11.23/plugin/isoWeek.min.js,,de76fc65929e56f9b730f471da5ebcd611c64cc927355d2753ccb51189568bb5,0
https://cdnjs.cloudflare.com/ajax/libs/dayjs/1.11.23/plugin/isoWeeksInYear.js,,8e1b4a6e0fd64380555d81be9c4675168afa62127c5c508ab67f45bc9fc5773f,0
https://cdnjs.cloudflare.com/ajax/libs/dayjs/1.11.23/plugin/isoWeeksInYear.min.js,,3310192240f822741ff438c0e9a99df30647894fe4712bfcb241d3e7009995dd,0
https://cdnjs.cloudflare.com/ajax/libs/dayjs/1.11.23/plugin/isSameOrAfter.js,,ec4f67ae45b6c9ccc1a2b6d0d69419600e81792bf8aa93ea419d6adce98deb37,0
https://cdnjs.cloudflare.com/ajax/libs/dayjs/1.11.23/plugin/isSameOrAfter.min.js,,3573bdd8c59f5bf89e5b572af3091b28bec601227f2d343cc620a7cf6e40c20f,0
https://cdnjs.cloudflare.com/ajax/libs/dayjs/1.11.23/plugin/isSameOrBefore.js,,8d224646d3a5f834861c98eb46b8b0003092b1a063f9f19fda46d94f0a4fe4e6,0
https://cdnjs.cloudflare.com/ajax/libs/dayjs/1.11.23/plugin/isSameOrBefore.min.js,,91350c703ea591d00da1f834c03151d7b6c92ad22f62249285572b2fcce9fb10,0
https://cdnjs.cloudflare.com/ajax/libs/dayjs/1.11.23/plugin/isToday.js,,f0e72ffd346d2b052fe0369cfe1c819af30086f3f773fd86e501ba6fa54f94d5,0
https://cdnjs.cloudflare.com/ajax/libs/dayjs/1.11.23/plugin/isToday.min.js,,4012ff15770ba22142235d19ed84a575ba011b5064eeceb3ed20192165db0841,0
https://cdnjs.cloudflare.com/ajax/libs/dayjs/1.11.23/plugin/isTomorrow.js,,50b3ede3f3afe4156f7244de7bc998c7773209475207a7bcd64932a03972d9b3,0
https://cdnjs.cloudflare.com/ajax/libs/dayjs/1.11.23/plugin/isTomorrow.min.js,,8f9e64b5e6ee219e10c3fbcba7ccd66ad401846b7ac498889b15d1041095da83,0
https://cdnjs.cloudflare.com/ajax/libs/dayjs/1.11.23/plugin/isYesterday.js,,bdad8e52d9c2c719b0d2c59e9ea60955c01ceabfda660adbb3eb6b6d4a4710d9,0
https://cdnjs.cloudflare.com/ajax/libs/dayjs/1.11.23/plugin/isYesterday.min.js,,9e57e016a3b1614feb9f7db07ca47368aba4b34f51f1c856e4255acddd5ef436,0
https://cdnjs.cloudflare.com/ajax/libs/dayjs/1.11.23/plugin/localeData.js,,16e8ff612ead60f8c36e8045c486e4320acd5e53e61db7d644d343236248e78a,0
https://cdnjs.cloudflare.com/ajax/libs/dayjs/1.11.23/plugin/localeData.min.js,,43daacc4c9e70908a1ea6943a6ff99d57f23b9246ace7eccaff3a8e8e12505c6,0
https://cdnjs.cloudflare.com/ajax/libs/dayjs/1.11.23/plugin/localizedFormat.js,,83e8319b5c6646ae0879c491ba3bf678ac940a8fe2d5be6446758d7126d810ed,0
https://cdnjs.cloudflare.com/ajax/libs/dayjs/1.11.23/plugin/localizedFormat.min.js,,9cf7c3329fe0295b0f75a9baee9b0b2f3551512847f04c40844e17a28cccbc0a,0
https://cdnjs.cloudflare.com/ajax/libs/dayjs/1.11.23/plugin/minMax.js,,4e883d40b753248ae2ede48811a2a78d4013a8dbfe7e178a1bfd4e8241856455,0
https://cdnjs.cloudflare.com/ajax/libs/dayjs/1.11.23/plugin/minMax.min.js,,1a37b99ef0beccec37745e91ec7a418cc010363f746e5c40c51fb0b0c9248257,0
https://cdnjs.cloudflare.com/ajax/libs/dayjs/1.11.23/plugin/negativeYear.js,,fa79f7931473e5a244719fff9c7d7c1d2ccca2c7417a47d7bb29c020aafacf30,0
https://cdnjs.cloudflare.com/ajax/libs/dayjs/1.11.23/plugin/negativeYear.min.js,,838e8280376b08e645d6a916533ce36a7f6f79676ca8dde42c365b948a89e37b,0
https://cdnjs.cloudflare.com/ajax/libs/dayjs/1.11.23/plugin/objectSupport.js,,2a5b8b99cd30c337372a8971a5a172ff1d859dad72225746e8ded811da2edfec,0
https://cdnjs.cloudflare.com/ajax/libs/dayjs/1.11.23/plugin/objectSupport.min.js,,f83ed52c08f7f2f30187629cd4a53b40687b813e3a191079044b3384bc0b9d67,0
https://cdnjs.cloudflare.com/ajax/libs/dayjs/1.11.23/plugin/pluralGetSet.js,,8abba44e69a93d716f0b146b10f2d545eb762a464d6abae7486e8aaa78a63229,0
https://cdnjs.cloudflare.com/ajax/libs/dayjs/1.11.23/plugin/pluralGetSet.min.js,,2ae8f50f9022a330ac249b301f451fc9a064deed90d0bf29ed7d5d4450e39c73,0
https://cdnjs.cloudflare.com/ajax/libs/dayjs/1.11.23/plugin/preParsePostFormat.js,,1a2e36c203dd74ce7e5ace52a681a3cda2dcb7ee7acc8a211e6917f9ce06d00e,0
https://cdnjs.cloudflare.com/ajax/libs/dayjs/1.11.23/plugin/preParsePostFormat.min.js,,4240665cbf918bda8b785ba1575bc6c23a58183a07244b5ea72020d76f10ef2b,0
https://cdnjs.cloudflare.com/ajax/libs/dayjs/1.11.23/plugin/quarterOfYear.js,,ac0de30250d6ae30a9c230efaace353a0914a461ac86e5e8c7c27b4ab37bd560,0
https://cdnjs.cloudflare.com/ajax/libs/dayjs/1.11.23/plugin/quarterOfYear.min.js,,12c0ea7fac5500c495c48b9fc67926b6151144c98e02ab16242ed31678ef7a0c,0
https://cdnjs.cloudflare.com/ajax/libs/dayjs/1.11.23/plugin/relativeTime.js,,9aeaf25ce3c591525c24ed5816686e2b25d89860d3d93615c62bc6d0c0a04738,0
https://cdnjs.cloudflare.com/ajax/libs/dayjs/1.11.23/plugin/relativeTime.min.js,,c149e941fc5af2e13e3f49a8af0cf587b3da0d6ee9d494906ab3378397003ee9,0
https://cdnjs.cloudflare.com/ajax/libs/dayjs/1.11.23/plugin/timezone.js,,3847eee9b494500ac874aea0e08fbeb759b5ec92fbe8d6cde967cd3818fc1bfb,0
https://cdnjs.cloudflare.com/ajax/libs/dayjs/1.11.23/plugin/timezone.min.js,,a655464276ea66a138e09ef44ffff6f267ebbdf2a50e0112dba58d7d7360a08c,0
https://cdnjs.cloudflare.com/ajax/libs/dayjs/1.11.23/plugin/toArray.js,,13e91a4c4a9387dacd0e05e6ba9f3bdf999ff8f0b4a40865f07ccfa78eee3d1c,0
https://cdnjs.cloudflare.com/ajax/libs/dayjs/1.11.23/plugin/toArray.min.js,,47c349d898950b445f3f54473e8aefd6e9b7a01d49d05fc0b74292f8167238d8,0
https://cdnjs.cloudflare.com/ajax/libs/dayjs/1.11.23/plugin/toObject.js,,8a520555c6890cb63245ba37a863f6c4f7d4dda34e38bafac92e6c0f6cf46d02,0
https://cdnjs.cloudflare.com/ajax/libs/dayjs/1.11.23/plugin/toObject.min.js,,4575be3facc89fe141b54728c9e74138bc4081575343f0a7f4b30537b2744429,0
https://cdnjs.cloudflare.com/ajax/libs/dayjs/1.11.23/plugin/updateLocale.js,,35e30d2fade81bbfcbf05acb7339689999b0b6f55cd98c0169e36ef0d822cd95,0
https://cdnjs.cloudflare.com/ajax/libs/dayjs/1.11.23/plugin/updateLocale.min.js,,fe499fa2715d6e1ceb325043e80a65cf0392713742388a35bcc765160fc0128d,0
https://cdnjs.cloudflare.com/ajax/libs/dayjs/1.11.23/plugin/utc.js,,7e01072e6f1f2e646506a083ccc500ed19c5a657a5a6645b3fafeccdf3ce9c0a,0
https://cdnjs.cloudflare.com/ajax/libs/dayjs/1.11.23/plugin/utc.min.js,,a67ef2cc7be17da90d90693b1fb004d63bb00bd0d7e7a8d80f0abc6b9f47d93a,0
https://cdnjs.cloudflare.com/ajax/libs/dayjs/1.11.23/plugin/weekday.js,,c5ffac8fb7deb86ff2920f6a4f123f9053ced09c81f6e784bf3b60b63ac49b96,0
https://cdnjs.cloudflare.com/ajax/libs/dayjs/1.11.23/plugin/weekday.min.js,,6b5fd0764b42f91187d147b1957bec4636744174b014e3110d868bef83e7b796,0
https://cdnjs.cloudflare.com/ajax/libs/dayjs/1.11.23/plugin/weekOfYear.js,,fb7e9b4b213b2b7294fd5236bb4878b62e688292cf2c07745f0c7ff00762833f,0
https://cdnjs.cloudflare.com/ajax/libs/dayjs/1.11.23/plugin/weekOfYear.min.js,,485439f87b167f9becabafa7cd08122d396cd66184dde0890078ea6bef02007a,0
https://cdnjs.cloudflare.com/ajax/libs/dayjs/1.11.23/plugin/weekYear.js,,c3e73c56b2351e2bb14fd79bca54c6af4048202e77ce6da529785a85edb65ba1,0
https://cdnjs.cloudflare.com/ajax/libs/dayjs/1.11.23/plugin/weekYear.min.js,,693697b1406b80a9d16417088c488191083b3138bb4b319ca378906b70660d49,0
https://cdnjs.cloudflare.com/ajax/libs/decimal.js/10.6.0/decimal.js,,6e99821f8204c5f611b56077e3fce056a1562d22bc341a1f4af01afe7e527d83,0
https://cdnjs.cloudflare.com/ajax/libs/decimal.js/10.6.0/decimal.min.js,,99cb4f3ed57ce6f5b5aa892c0708a5646c647e2c4df6b940df4b1fc0ade55096,0
https://cdnjs.cloudflare.com/ajax/libs/dompurify/3.4.15/purify.js,,979b6c28df92881a36009de0bda1e866bee043ad69d36e54509e7210723d9af4,0
https://cdnjs.cloudflare.com/ajax/libs/dompurify/3.4.15/purify.min.js,,f263b05369e050fa175d4ecb9c9358eb4253602d510297adfb31df48b2f1c4d5,0
https://cdnjs.cloudflare.com/ajax/libs/ejs/6.0.1/ejs.js,,b5d4cdf010f80a265c3f53254a7947ea3a1f24cc122cd582a3211e9180b52090,0
https://cdnjs.cloudflare.com/ajax/libs/ejs/6.0.1/ejs.min.js,,8b40bb64829a2a2524bb1a86ac405368796433d6d171f1e6621eef9fe8cba74e,0
https://cdnjs.cloudflare.com/ajax/libs/es6-promise/4.2.8/es6-promise.auto.js,,29436a44b97e3cc71a5c5027ad75c04c53a41ad0bdf4d493925662d7ce66dfbb,0
https://cdnjs.cloudflare.com/ajax/libs/es6-promise/4.2.8/es6-promise.auto.min.js,,5f1addaf2e9f5922aed63d802f2b8afe01c543ed81a7be99ad1e9fdd05c8e3b6,0
https://cdnjs.cloudflare.com/ajax/libs/es6-promise/4.2.8/es6-promise.js,,a7b37bf23052eb5924d99f60cce1759d40af854beb2de4dd08d65ab7e828eaa1,0
https://cdnjs.cloudflare.com/ajax/libs/es6-promise/4.2.8/es6-promise.min.js,,c54d7286e4a0a52530538bd22385d60e5603a9d327fa321f11bc5a7cb090fc36,0
https://cdnjs.cloudflare.com/ajax/libs/exceljs/4.4.0/exceljs.bare.js,,0b4323032ee41395315f7aef8ddc6f645f93c5bbfb6ff3301993647765d214e4,0
https://cdnjs.cloudflare.com/ajax/libs/exceljs/4.4.0/exceljs.bare.min.js,,b039e32bfb7164dadd84a6973b30200dc07e1b58e1f21c546378fca6920a1f94,0
https://cdnjs.cloudflare.com/ajax/libs/exceljs/4.4.0/exceljs.js,,217ea0c8d055db909ca8b6d44b0c8dfef2a95f07010c634af88aa61202e4f08b,0
https://cdnjs.cloudflare.com/ajax/libs/exceljs/4.4.0/exceljs.min.js,,7e49da68588e250dbb8bba190d2caa8ab3787cc0284bda1d8b2f805c4df742c9,0
https://cdnjs.cloudflare.com/ajax/libs/fastify/5.12.1/fastify.js,,f41e8ccfec78fc09e18c19cad0035621cbba76c38e2539af68df42d2d1610a93,0
https://cdnjs.cloudflare.com/ajax/libs/fastify/5.12.1/fastify.min.js,,fccb6c037d019b510ffe72046a6c08cdf36dce03062aa78ef1f9df0d975f8fb1,0
https://cdnjs.cloudflare.com/ajax/libs/fastify/5.12.1/lib/config-validator.js,,ae5d9bec850c2a1a7155c865f438fbab1cc459b47d17bf04faf0bb182ee0ea19,0
https://cdnjs.cloudflare.com/ajax/libs/fastify/5.12.1/lib/config-validator.min.js,,8221cb017d27d52c41557039f81baee670a517e44e5004e18f4c3ff194e13ec2,0
https://cdnjs.cloudflare.com/ajax/libs/fastify/5.12.1/lib/content-type-parser.js,,b7603222cade344f9f7246b224cd9ecb028d63bbba934ff81370db79bf472491,0
https://cdnjs.cloudflare.com/ajax/libs/fastify/5.12.1/lib/content-type-parser.min.js,,4ec6a39739439a130b331aaa11e0bb0647352793aa8f059c1d448598394867b4,0
https://cdnjs.cloudflare.com/ajax/libs/fastify/5.12.1/lib/content-type.js,,6b010b2ade2606783be1c50ed1f26351d1579f51d35ff2831d541f86747d338f,0
https://cdnjs.cloudflare.com/ajax/libs/fastify/5.12.1/lib/content-type.min.js,,5914c8fb271f85d5bd40cfec70c6c37e53ad8fcaf3ddd1dcb63d4a5687f160ea,0
https://cdnjs.cloudflare.com/ajax/libs/fastify/5.12.1/lib/context.js,,4423cb19341514978364a3496d8b9a4da370d7680fca7f0f07607a40e4a1d62a,0
https://cdnjs.cloudflare.com/ajax/libs/fastify/5.12.1/lib/context.min.js,,da6d1c164836b501e0b19a3c557255cde40a08b01bc9ccab98fc7c3f1ce51dbe,0
https://cdnjs.cloudflare.com/ajax/libs/fastify/5.12.1/lib/decorate.js,,8b33c5fb73b04c6c95483277c5aad87ede9257af040e273f9b0df6ea1b7ab339,0
https://cdnjs.cloudflare.com/ajax/libs/fastify/5.12.1/lib/decorate.min.js,,792da507545006fda1d4def79ac39097ca666bcc95d5008dde94eb14db663d76,0
https://cdnjs.cloudflare.com/ajax/libs/fastify/5.12.1/lib/error-handler.js,,495e1da7cfa5215a7f17e54a846be5f5cf55e5fc1b828edf4adfd32734d5b3f7,0
https://cdnjs.cloudflare.com/ajax/libs/fastify/5.12.1/lib/error-handler.min.js,,aa88dde45fd4767e3855bdf1cbde4d8d71d81e3f17cf7926cfc7fe13ad0e943a,0
https://cdnjs.cloudflare.com/ajax/libs/fastify/5.12.1/lib/error-serializer.js,,086d2389e9d108f793c2102cfc2e639a1fe1fd200245602d31832328c92f8568,0
https://cdnjs.cloudflare.com/ajax/libs/fastify/5.12.1/lib/error-serializer.min.js,,ec2fbb3f577b0956c469fa8588195ab5426d9a560747979c58de72aa50d9efba,0
https://cdnjs.cloudflare.com/ajax/libs/fastify/5.12.1/lib/error-status.js,,e96bb7e966aceeefe973e6cf981a5da54412c1fbb8ae06e0711615c01689bea8,0
https://cdnjs.cloudflare.com/ajax/libs/fastify/5.12.1/lib/error-status.min.js,,ab310118b0cc2a777fb5e4b1f3dde9520b59154fbe4e855bb3ac8d3c507542a3,0
https://cdnjs.cloudflare.com/ajax/libs/fastify/5.12.1/lib/errors.js,,f846b188dd8ff04c7b2776e51541822b07a522b908cfe786caf5119e79cc73af,0
https://cdnjs.cloudflare.com/ajax/libs/fastify/5.12.1/lib/errors.min.js,,bcd819b8141471913bb9df180c10cb108ec5fea10bc6ef1bd26435a27243e890,0
https://cdnjs.cloudflare.com/ajax/libs/fastify/5.12.1/lib/four-oh-four.js,,7938234ca552ab71026d0a6c5dcca4ea2edddd86845b1c2a7291bf3577f2bbb1,0
https://cdnjs.cloudflare.com/ajax/libs/fastify/5.12.1/lib/four-oh-four.min.js,,42a0a8782b65df48b3cc1bffdd88f90aa073529f440d415b44c70e2a73b75c61,0
https://cdnjs.cloudflare.com/ajax/libs/fastify/5.12.1/lib/handle-request.js,,e98cbe20b027674622456e4af53aa08fa064c8dd76a1cfe7b41fe60711d1ed71,0
https://cdnjs.cloudflare.com/ajax/libs/fastify/5.12.1/lib/handle-request.min.js,,c13dde72d2e924265e40e2c23a74d0929784e99dd37853beb1c7983adf5ddacf,0
https://cdnjs.cloudflare.com/ajax/libs/fastify/5.12.1/lib/head-route.js,,442e4f45ee8bbd57325f0daa4a968cfe9bbd4d1ed087b43b615eaabcc2efb23b,0
https://cdnjs.cloudflare.com/ajax/libs/fastify/5.12.1/lib/head-route.min.js,,3a4832c3981793f99820d899c725af64f6fa31617ee8264063c7887bed318c1c,0
https://cdnjs.cloudflare.com/ajax/libs/fastify/5.12.1/lib/hooks.js,,02b428780d90101e5329e693121ebaf8bfe4a88f506ed1ae0d63687a774d5d67,0
https://cdnjs.cloudflare.com/ajax/libs/fastify/5.12.1/lib/hooks.min.js,,29d59e7e3385974e2468868c612c29ef8418ee25bf2df6e12d054f8b034fe4ec,0
https://cdnjs.cloudflare.com/ajax/libs/fastify/5.12.1/lib/initial-config-validation.js,,14426e4b89d806cf924fd412ea267b27801d1bb61c6ac9ebdc94be5866f1c82f,0
https://cdnjs.cloudflare.com/ajax/libs/fastify/5.12.1/lib/initial-config-validation.min.js,,9a56d1750314e2621dcc5afcab99fb39dbebf129fe6011c176f93a5540a4dfc5,0
https://cdnjs.cloudflare.com/ajax/libs/fastify/5.12.1/lib/log-controller.js,,52b70ac6ff5ea1dc50123c98643a460e6f62765404bb75c7ddc3ef472340c624,0
https://cdnjs.cloudflare.com/ajax/libs/fastify/5.12.1/lib/log-controller.min.js,,3ad2260b14b27bc52829184d69a15256098e89e659cec32c769e5f2ca76a5a00,0
https://cdnjs.cloudflare.com/ajax/libs/fastify/5.12.1/lib/logger-factory.js,,dcab5b685bde8505ddac35a12096a8d1c2dc154a18fe72595575560f1e8021cd,0
https://cdnjs.cloudflare.com/ajax/libs/fastify/5.12.1/lib/logger-factory.min.js,,76819d94ea8d7c4a34c8e4d68042839d305d2db38fa71adfed66ed923830b436,0
https://cdnjs.cloudflare.com/ajax/libs/fastify/5.12.1/lib/logger-pino.js,,51ecedc135fa6a9cd44e66c1edb032f41b633e83f146f502e483d31b77e3e881,0
https://cdnjs.cloudflare.com/ajax/libs/fastify/5.12.1/lib/logger-pino.min.js,,3535fe1ea8107d411dfd83bbc5a9e4eb0793db8368a5419de49db3ceeec4b556,0
https://cdnjs.cloudflare.com/ajax/libs/fastify/5.12.1/lib/noop-set.js,,d55aa7e5cb106bdf2a2eeb9bc6d38361481e284aa499e0a1dab191656e3a4c67,0
https://cdnjs.cloudflare.com/ajax/libs/fastify/5.12.1/lib/noop-set.min.js,,994a21fef19ec5b7485165c682769c32a23ffdcf9db08f8fb148780e0f8371da,0
https://cdnjs.cloudflare.com/ajax/libs/fastify/5.12.1/lib/plugin-override.js,,1718ff0f184e29bf57a15494c84406943f4e8dd35800447514b129910b7deb21,0
https://cdnjs.cloudflare.com/ajax/libs/fastify/5.12.1/lib/plugin-override.min.js,,484261e569f13b262a380690b13507bc9211de18dd0a34267d056920e745ea80,0
https://cdnjs.cloudflare.com/ajax/libs/fastify/5.12.1/lib/plugin-utils.js,,ce48d076b27d298042e5050a473165fd82225e0f0a1132765df10439c49cf516,0
https://cdnjs.cloudflare.com/ajax/libs/fastify/5.12.1/lib/plugin-utils.min.js,,0e1b324520ef49deb02e7fe03f3d56774022e5bcfef7d63ea2de01996f9b2380,0
https://cdnjs.cloudflare.com/ajax/libs/fastify/5.12.1/lib/promise.js,,80e8ab0e8f19f0df1f42a3947a399bd7bb332aabde73a1f2e35c54fb010d73fc,0
https://cdnjs.cloudflare.com/ajax/libs/fastify/5.12.1/lib/promise.min.js,,c4888389113f4ccb0bc6ab434e1ddb9900b34b3a528d349d10e11880d1a8739f,0
https://cdnjs.cloudflare.com/ajax/libs/fastify/5.12.1/lib/reply.js,,5da6d9b8bee462bec8ee0b92bc1e8b2a560bfce18db989b439921a659ddcaf7d,0
https://cdnjs.cloudflare.com/ajax/libs/fastify/5.12.1/lib/reply.min.js,,6abc887a0a9264060efde138e865a75719d28783289ebf6136441759687a679a,0
https://cdnjs.cloudflare.com/ajax/libs/fastify/5.12.1/lib/req-id-gen-factory.js,,87d0a1ed81f313ba12d57c90efbfbac721651f2b0852405e5d1e9cf53c59b373,0
https://cdnjs.cloudflare.com/ajax/libs/fastify/5.12.1/lib/req-id-gen-factory.min.js,,a77ad07ab42e487c3b0ec4a75e90d5ca0257de82244e14920c64c86c17f5cfb4,0
https://cdnjs.cloudflare.com/ajax/libs/fastify/5.12.1/lib/request.js,,a2df9953425dd3a69f30e8cdaf364f8d70b24363e45004d6f2d0d21b2d9e88d9,0
https://cdnjs.cloudflare.com/ajax/libs/fastify/5.12.1/lib/request.min.js,,a42901aee596bf40139d4e36005431378f5f6aced451e598c95b90164998d09d,0
https://cdnjs.cloudflare.com/ajax/libs/fastify/5.12.1/lib/route.js,,20acdc1a0fe5604cfdd57a2e175cdce2119267ea4c3f3f5f97910398f331fc0e,0
https://cdnjs.cloudflare.com/ajax/libs/fastify/5.12.1/lib/route.min.js,,a4be09d60700fe0f9c1149f17eb91206c26e688043ed067b54872ef3c7fd0740,0
https://cdnjs.cloudflare.com/ajax/libs/fastify/5.12.1/lib/schema-controller.js,,3be70596efc88bf028022cf9d4a77dfef31c2970f608a21d346a6a438c576559,0
https://cdnjs.cloudflare.com/ajax/libs/fastify/5.12.1/lib/schema-controller.min.js,,3f86a7ed57424753d23c2b54413fd6094deb28dbf6fa06d28d03934f8eaab21e,0
https://cdnjs.cloudflare.com/ajax/libs/fastify/5.12.1/lib/schemas.js,,966d2893570be1936c9a10ceef389dbeb1c8e2ea2cddc15b83bea8c50dab1624,0
https://cdnjs.cloudflare.com/ajax/libs/fastify/5.12.1/lib/schemas.min.js,,82f27b46ec9959413ab97abdd42485d2700deb7ef1ca3d7fd9ad12ff51132655,0
https://cdnjs.cloudflare.com/ajax/libs/fastify/5.12.1/lib/server.js,,514f454d947a1d33668d403876fe45acff5e4da245f8f90748ab64d7a8699a54,0
https://cdnjs.cloudflare.com/ajax/libs/fastify/5.12.1/lib/server.min.js,,e6abed6e8995da438a7969d73085e944997c2a1959e26eadc7f6834e184cb33b,0
https://cdnjs.cloudflare.com/ajax/libs/fastify/5.12.1/lib/symbols.js,,bddfadc6be13b7c28869ac052d499b0f400c6dacddc667500e3097cd7e6a4a6c,0
https://cdnjs.cloudflare.com/ajax/libs/fastify/5.12.1/lib/symbols.min.js,,be50914447a12f7032bb764c9c82047ee4808d0c8005177138917e6104af0c47,0
https://cdnjs.cloudflare.com/ajax/libs/fastify/5.12.1/lib/validation.js,,175f67d3e5e625bb183fdaf49f732abab4a8e7a0c987d17fa0960cfa3f9f6122,0
https://cdnjs.cloudflare.com/ajax/libs/fastify/5.12.1/lib/validation.min.js,,64b392a586920238ab0b1d5c96cab9b8721f5c47fdecf6aed0f5c46e9b9caade,0
https://cdnjs.cloudflare.com/ajax/libs/fastify/5.12.1/lib/warnings.js,,31fd3207bdf940b40659302ec20eef011d34f03bc08fe20b465b63bfce9b7c4c,0
https://cdnjs.cloudflare.com/ajax/libs/fastify/5.12.1/lib/warnings.min.js,,b9afde5458f0eb7d4af6db6c65b4f2c2ed2899e3391d1a5975f18ebb6a8199d9,0
https://cdnjs.cloudflare.com/ajax/libs/fastify/5.12.1/lib/wrap-thenable.js,,23e41424f4a19f947c0fe58cb21ee3fa97d15917d7d6dc668f375d71d8bf786b,0
https://cdnjs.cloudflare.com/ajax/libs/fastify/5.12.1/lib/wrap-thenable.min.js,,bedb427c5bd7f063d8c878300ce8ad6bc2a6230b80bf2682e59f244882005023,0
https://cdnjs.cloudflare.com/ajax/libs/forge/1.4.0/forge.all.min.js,,cb9ba4045a81825f8edb646c38d53a1ac30ce07665bf26042c8dea86d7208642,0
https://cdnjs.cloudflare.com/ajax/libs/forge/1.4.0/forge.min.js,,d9b9074e6861200d676e25dcfe97889db5e8f4150bb766d29c491ad709a51b58,0
https://cdnjs.cloudflare.com/ajax/libs/forge/1.4.0/prime.worker.min.js,,877bd31b0cc79ecb9163649034fbafaeec45e8e2861fc4fa9fb11335f28c4ef9,0
https://cdnjs.cloudflare.com/ajax/libs/fuse.js/7.5.0/fuse-worker.mjs,,fd75b4243f861ba55270f2eedab92a4a5d328f932d8c5f1542d54ec030ca036e,0
https://cdnjs.cloudflare.com/ajax/libs/fuse.js/7.5.0/fuse.basic.min.mjs,,8d0ff71fbe94cadc319be0c559c64fe7ce2754afe47c9f0a67579d4112c6b62b,0
https://cdnjs.cloudflare.com/ajax/libs/fuse.js/7.5.0/fuse.basic.mjs,,2d45430625ac0592aec1b0c5a414a467c8debf0ac64550120dc37816a01041da,0
https://cdnjs.cloudflare.com/ajax/libs/fuse.js/7.5.0/fuse.min.mjs,,5ab524d12492bb233568e9600046e1aaa9623d36ebe689589144f7dc9b1da6f7,0
https://cdnjs.cloudflare.com/ajax/libs/fuse.js/7.5.0/fuse.mjs,,cfb7f9c5b0572b6db1900633c5d573f6ef7885e5ac2adccc99ae757b38cbbf1f,0
https://cdnjs.cloudflare.com/ajax/libs/fuse.js/7.5.0/fuse.worker.min.mjs,,a6222b46a490a08424516b3f8dfc1f5ac071fa0e1981848902e979aea82ec39d,0
https://cdnjs.cloudflare.com/ajax/libs/fuse.js/7.5.0/fuse.worker.mjs,,909bbd29856e6b8a2c5f5d80ee4f4b6932e58c60ab9c689143e3984a6fdf206e,0
https://cdnjs.cloudflare.com/ajax/libs/handlebars.js/4.7.9/handlebars.amd.js,,7a7edcd4a67b766740fdc8a77063db094bbfbee20c8c5447a78151a78b821324,0
https://cdnjs.cloudflare.com/ajax/libs/handlebars.js/4.7.9/handlebars.amd.min.js,,1168472d24467142ce1b31188d8b06635ebf2cada7372c8dd4c8bb3ecf09a033,0
https://cdnjs.cloudflare.com/ajax/libs/handlebars.js/4.7.9/handlebars.js,,b942e021f95685bc22345b93929849f28e2f95e2e6d0aba63c4651fefc26e185,0
https://cdnjs.cloudflare.com/ajax/libs/handlebars.js/4.7.9/handlebars.min.js,,9274d8a9ebf63bfbd65cb657baa36d1aba9a8ce53cd5be4c05331b17371d2949,0
https://cdnjs.cloudflare.com/ajax/libs/handlebars.js/4.7.9/handlebars.runtime.amd.js,,316c0792e501cfdfa4629e58191eee3540e47daa1119a08893826dcd65ef948f,0
https://cdnjs.cloudflare.com/ajax/libs/handlebars.js/4.7.9/handlebars.runtime.amd.min.js,,c36a84642951d28108794e7ac8b3cd62b5bd0d2dbd74b4c94a2244f580eead49,0
https://cdnjs.cloudflare.com/ajax/libs/handlebars.js/4.7.9/handlebars.runtime.js,,548a475d9d2176563d50a23641dc4c471d83ab0be8bb4c0aee54ad8d2c512073,0
https://cdnjs.cloudflare.com/ajax/libs/handlebars.js/4.7.9/handlebars.runtime.min.js,,7fd551e31d1fbfd98eb6e830479a5ee022eff76dc4ba4517b0f53d035390cbe5,0
https://cdnjs.cloudflare.com/ajax/libs/history/5.3.0/history.development.js,,2fc6a0ccab6c60c69ed1bd107c7aa564f9b51d62377b4830cccf7995e1227033,0
https://cdnjs.cloudflare.com/ajax/libs/history/5.3.0/history.development.min.js,,6c615a16309bee54974f2af82459a0a1bb2fa3c18b7fc367af957ab825082ce7,0
https://cdnjs.cloudflare.com/ajax/libs/history/5.3.0/history.production.min.js,,e024797b7ca8bed91cab95b2a61044f1cb9e7a8654795ba6ee2cad51cae23e0a,0
https://cdnjs.cloudflare.com/ajax/libs/html2canvas/1.4.1/html2canvas.esm.js,,c3b0b8b257996d79b5e362d2aee2411ff74fd23e984e9900f5ba005ea4753d64,0
https://cdnjs.cloudflare.com/ajax/libs/html2canvas/1.4.1/html2canvas.esm.min.js,,9a971684019952062f6924df8daaa1dc29d20e83048bb24ce9736f21ba60a40f,0
https://cdnjs.cloudflare.com/ajax/libs/html2canvas/1.4.1/html2canvas.js,,01c5b468ffa0427e535e3019165d2efd2489650ec9cf1379d6ab79fdbf75736b,0
https://cdnjs.cloudflare.com/ajax/libs/html2canvas/1.4.1/html2canvas.min.js,,e87e550794322e574a1fda0c1549a3c70dae5a93d9113417a429016838eab8cb,0
https://cdnjs.cloudflare.com/ajax/libs/i18next/26.4.2/i18next.js,,f488d9b5b14dbbb69c834987f2bef41147caec57363a423141fa0332feec0a2f,0
https://cdnjs.cloudflare.com/ajax/libs/i18next/26.4.2/i18next.min.js,,eb0dd6d72e8f756b90faf864853af2a17870fe97b54473b7c34494870c65901c,0
https://cdnjs.cloudflare.com/ajax/libs/immer/11.1.18/cjs/immer.cjs.development.js,,a531d218132e2a8d5500881df3f0315bacc488fc0104659ba3f62829716dbe3f,0
https://cdnjs.cloudflare.com/ajax/libs/immer/11.1.18/cjs/immer.cjs.development.min.js,,f495f7de82f1518176c1bfa35c91caa2b6f14eb7d8c48c4ca81468454e3eb170,0
https://cdnjs.cloudflare.com/ajax/libs/immer/11.1.18/cjs/immer.cjs.production.js,,8f8d192851f2090effc5ed6d82942b737d8969e847407d60e10f30797307f28c,0
https://cdnjs.cloudflare.com/ajax/libs/immer/11.1.18/cjs/immer.cjs.production.min.js,,cfeca9b885bd90674bd66ab343397dc804889b84585b56fa3b42d41ed622cd1d,0
https://cdnjs.cloudflare.com/ajax/libs/immer/11.1.18/cjs/index.js,,7f637a5b444a27f4c6d66bd5be1bb0582691a449f0d3f15223d2463f9ceccf3a,0
https://cdnjs.cloudflare.com/ajax/libs/immer/11.1.18/cjs/index.min.js,,f37f113994ba9441d3554c25b6d9d74fcafe550ea96511a84f16da669d49f34f,0
https://cdnjs.cloudflare.com/ajax/libs/immer/11.1.18/immer.legacy-esm.js,,53966617bd290260325c0978ecadf51b8aeb8ed9245bbc784888ea74d2dbeac4,0
https://cdnjs.cloudflare.com/ajax/libs/immer/11.1.18/immer.legacy-esm.min.js,,84aee5b2ba86f894496abb0613aec83a6edcc8149847500e8dabec47da4dd7ca,0
https://cdnjs.cloudflare.com/ajax/libs/immutable/5.1.9/immutable.js,,357518ba2cab55c9990e60550dadddb8c39108bfe44ace61809af254a34d5d54,0
https://cdnjs.cloudflare.com/ajax/libs/immutable/5.1.9/immutable.min.js,,f28f21a8a9f0e919342cb802fd1c03b760eef495a4ad2a6ec23729094f5889dc,0
https://cdnjs.cloudflare.com/ajax/libs/isomorphic-fetch/3.0.0/fetch-npm-browserify.js,,4e1fb5828d882456912e121823f2c49484815e036cd78e3abc73b7becb4e82ce,0
https://cdnjs.cloudflare.com/ajax/libs/isomorphic-fetch/3.0.0/fetch-npm-browserify.min.js,,a51a9331132aefaabba819c4399d4b6a666e4c071b832b9a44f6aeae8daf02ae,0
https://cdnjs.cloudflare.com/ajax/libs/jose/6.2.12/index.bundle.js,,e7ae99af9af9d8de04c33e35534b05a58c0d3300b51680a8c85eec8e5f381a6d,0
https://cdnjs.cloudflare.com/ajax/libs/jose/6.2.12/index.bundle.min.js,,c064612ada6cbc21c7f7af624f904808755be4fc24cf2d8c9eb61dd9c812a849,0
https://cdnjs.cloudflare.com/ajax/libs/jose/6.2.12/index.js,,f198638529597ab18dc3d2799f362106121f90cf0b0c43e75c3dffa5cc6b8590,0
https://cdnjs.cloudflare.com/ajax/libs/jose/6.2.12/index.umd.js,,ad9399bb127a8e090e0e1535de3cf4a769c327554e17763a0995a4987cdd3a45,0
https://cdnjs.cloudflare.com/ajax/libs/jose/6.2.12/index.umd.min.js,,d10e07bd343f60315347f551ebd29e711c2301651ce9ed4f7362ce84968c36b0,0
https://cdnjs.cloudflare.com/ajax/libs/jose/6.2.12/jwe/compact/decrypt.js,,c08202f5114caee270bcaa0ed3e119acb241f88d51c6d65a34a1fd6a3353cd2a,0
https://cdnjs.cloudflare.com/ajax/libs/jose/6.2.12/jwe/compact/encrypt.js,,8db8eb9fa34a0187c0ff26e04c37024af421f2f265255d60a01c0edf416f2f85,0
https://cdnjs.cloudflare.com/ajax/libs/jose/6.2.12/jwe/flattened/decrypt.js,,4964d31fafb143a8f15cf4820214b268706dbbd569bdedaa9b24a11520f6c6b2,0
https://cdnjs.cloudflare.com/ajax/libs/jose/6.2.12/jwe/flattened/encrypt.js,,e1fe288a34aae4938dbdd13b86e33e54fef9ff3f3c55a2354ab9d7b5665d1e92,0
https://cdnjs.cloudflare.com/ajax/libs/jose/6.2.12/jwe/general/decrypt.js,,3a721fc3958f36c3bed7764a032238b35f9172bf95d40a7e28a4cea4d7ccd511,0
https://cdnjs.cloudflare.com/ajax/libs/jose/6.2.12/jwe/general/encrypt.js,,2b0bdf8227f2c88fbacf7965cc78809f14b844e76a179a16099b60cf1562012b,0
https://cdnjs.cloudflare.com/ajax/libs/jose/6.2.12/jwk/embedded.js,,449f2b08f47d006a4b937201692b7a830c9e9ac785e82073c1f6f9792642f91d,0
https://cdnjs.cloudflare.com/ajax/libs/jose/6.2.12/jwk/thumbprint.js,,a1a3918fc1e2d3a8e70d613bf7b486eeac39c1ef9fcb4b36e028460276565e41,0
https://cdnjs.cloudflare.com/ajax/libs/jose/6.2.12/jwks/local.js,,ac751386e13c8b5c0ef87848ae98e2a97dd6eaa3973346edff3b29350d3945b0,0
https://cdnjs.cloudflare.com/ajax/libs/jose/6.2.12/jwks/remote.js,,b0860b27b5cb461bc743291a228da93c387a664d989fc69829a9626bfa0de264,0
https://cdnjs.cloudflare.com/ajax/libs/jose/6.2.12/jws/compact/sign.js,,09450f2b3763b531d28bec9796d2f3ff0064c7b07dde15f7d1e1e7693e2ec12a,0
https://cdnjs.cloudflare.com/ajax/libs/jose/6.2.12/jws/compact/verify.js,,6d1109739b895858c7006d02ef91f8b13ce5ae8c91996d1f1c0b57c1ab33c398,0
https://cdnjs.cloudflare.com/ajax/libs/jose/6.2.12/jws/flattened/sign.js,,01cb90bcf39d8aa9bcf6d3efd36f5b80c112e547ef5448d7512b7aafa72bb6dd,0
https://cdnjs.cloudflare.com/ajax/libs/jose/6.2.12/jws/flattened/verify.js,,ff23003a7b0a4d8a7add2cd8b13b72393b863f6f251ddd814f08d69b35be3b2e,0
https://cdnjs.cloudflare.com/ajax/libs/jose/6.2.12/jws/general/sign.js,,226bf031e03174e6a505c534b4bdd228d8d677cf2c494ffc7c618dfd535f5b55,0
https://cdnjs.cloudflare.com/ajax/libs/jose/6.2.12/jws/general/verify.js,,4623bf6e59023c7a2bfe5cf9d40b5d1e9f8165f2f18b4374e061911582041a4a,0
https://cdnjs.cloudflare.com/ajax/libs/jose/6.2.12/jwt/decrypt.js,,233bb797f9239582ada83fac5723c818dfa0f24e9a864680759df5f2bb5b260c,0
https://cdnjs.cloudflare.com/ajax/libs/jose/6.2.12/jwt/encrypt.js,,c08c45c7ba87d6bd6d51051cafe80a8ce33150a4cf5116ae03e76e3c65edb2a2,0
https://cdnjs.cloudflare.com/ajax/libs/jose/6.2.12/jwt/sign.js,,aab04f3c698940af2bae4180bfda71914d36700b70f25afd0fefe3028a45f2dd,0
https://cdnjs.cloudflare.com/ajax/libs/jose/6.2.12/jwt/unsecured.js,,a9b3d6898039163c1e47573e27290b58fee7a3b8f9a3aac2fe04c1d7a77fb63d,0
https://cdnjs.cloudflare.com/ajax/libs/jose/6.2.12/jwt/verify.js,,e015a18744717762a1f138d0f0a88a40d3b660bc46f76ddf8309b32987175bef,0
https://cdnjs.cloudflare.com/ajax/libs/jose/6.2.12/key/export.js,,634aee75fbdabbffb73d439ae63305ad043a268354ecf53426b827ba3f81cfb7,0
https://cdnjs.cloudflare.com/ajax/libs/jose/6.2.12/key/generate_key_pair.js,,97e4e5b66af75700da10fc5807471636b633d7c72c65a7fe50980c4a3a2c6c74,0
https://cdnjs.cloudflare.com/ajax/libs/jose/6.2.12/key/generate_secret.js,,b6984ddbed52cff9179a1b681076ad6d1529ff50fabc58bb32b9b71752cf9523,0
https://cdnjs.cloudflare.com/ajax/libs/jose/6.2.12/key/import.js,,ab2f57a9db99e8d48451a8d0a8adf75379381f65b0e3e28ba6c02aa5bb3ee5fa,0
https://cdnjs.cloudflare.com/ajax/libs/jose/6.2.12/lib/asn1.js,,4945afdb21c49efc7fa703a2e1cde94b8a1d28f13416aafd26128453472903c5,0
https://cdnjs.cloudflare.com/ajax/libs/jose/6.2.12/lib/buffer_utils.js,,cac7d34f3eab78ad56967097b793f55cd50ae1d7b42012d8e1a1f2736f50d720,0
https://cdnjs.cloudflare.com/ajax/libs/jose/6.2.12/lib/content_encryption.js,,43b0e897c80a12b42516a6d48cbb2a31ef3a9522eccc5716a01d182cade9eb63,0
https://cdnjs.cloudflare.com/ajax/libs/jose/6.2.12/lib/deflate.js,,9f7b28c5705633835228c8e11642b860260d62ddda0d76dc02a487664b1d2eb5,0
https://cdnjs.cloudflare.com/ajax/libs/jose/6.2.12/lib/jwe_algorithms.js,,d41562ff2ccc3599f7189384653fbcd1ff68babd475fe99e31eccb61706abd47,0
https://cdnjs.cloudflare.com/ajax/libs/jose/6.2.12/lib/jwe_decrypt.js,,5d5ba0ac80a18138940d27b439f4420c16001f4da57c9d1168c7b41e4cfe009b,0
https://cdnjs.cloudflare.com/ajax/libs/jose/6.2.12/lib/jwe_encrypt.js,,783d800778e27227fb39987be2da1705c96993df614bc30fc08252b9cef137ed,0
https://cdnjs.cloudflare.com/ajax/libs/jose/6.2.12/lib/jws_algorithms.js,,72e8be8e3d179effde822ecc8f75c7726d7323be718a961837f6882b012992e9,0
https://cdnjs.cloudflare.com/ajax/libs/jose/6.2.12/lib/jws_sign.js,,f91650ec8e2248bdbcaa0b11a0f4018a4cfd9b42f30219b0ba7e839e86172e70,0
https://cdnjs.cloudflare.com/ajax/libs/jose/6.2.12/lib/jws_verify.js,,7c236143de90ead568128265a6d9dcfc5cb6a264e5fb0bdc1e39989e2cfc19c2,0
https://cdnjs.cloudflare.com/ajax/libs/jose/6.2.12/lib/jwt_claims_set.js,,624433ec72028d7feb512151541cfc96726aa8ceaa6f095867989c5eb8c50e5d,0
https://cdnjs.cloudflare.com/ajax/libs/jose/6.2.12/lib/key_algorithm.js,,4ef0b80292076659b054313f70eeef81cd7df01e2ec9988c24552206bc42cc07,0
https://cdnjs.cloudflare.com/ajax/libs/jose/6.2.12/lib/key_descriptor.js,,80ae05a1fc41271a29dbd5ab717255a1255ee0ac43b6820853d2f338d9e74b46,0
https://cdnjs.cloudflare.com/ajax/libs/jose/6.2.12/lib/key_management.js,,c65e89877bda7df0f5bf08686334a1ab8fe291b4bcdc5599edf901cd7b5cecaf,0
https://cdnjs.cloudflare.com/ajax/libs/jose/6.2.12/lib/key.js,,e150a72056a69a980a19c23334f5c16e4b9aedfbde9af2702070c5bf93fc075d,0
https://cdnjs.cloudflare.com/ajax/libs/jose/6.2.12/lib/validate.js,,2a85b6eadc2c03af99f9fbb1cf01198e9ef2e3af5589eadccb2eb17627aeccfb,0
https://cdnjs.cloudflare.com/ajax/libs/jose/6.2.12/util/base64url.js,,9c9c168e24c5be2db20956262065b94556de959e5dcc62430e31a0f57f821691,0
https://cdnjs.cloudflare.com/ajax/libs/jose/6.2.12/util/decode_jwt.js,,46031ba27050ae0a4da49682a0c799966e21df49b625651e499ddc29cbbf20a2,0
https://cdnjs.cloudflare.com/ajax/libs/jose/6.2.12/util/decode_protected_header.js,,8d53bde529f722c22f65be574e854a2a04fadd38f919456517707a172a394bda,0
https://cdnjs.cloudflare.com/ajax/libs/jose/6.2.12/util/errors.js,,9bb7503fd84d5387677f1b917969cdf7c20482c3d86e92e64972bc83938b95f8,0
https://cdnjs.cloudflare.com/ajax/libs/jquery/4.0.0/jquery.factory.js,,ab2920262b0705e86899ea95244da1fc44f6e7baf5df6f494cdebc0ad14f5c28,0
https://cdnjs.cloudflare.com/ajax/libs/jquery/4.0.0/jquery.factory.min.js,,8c301a814782483c31ed52bda8fc507b6bd80e05927596c7e1ec68176023bb6d,0
https://cdnjs.cloudflare.com/ajax/libs/jquery/4.0.0/jquery.factory.slim.js,,64f8af6e0b4739ec7169cee42aa2cdf9ffaca7c26d25f7b27e41763308cf7b30,0
https://cdnjs.cloudflare.com/ajax/libs/jquery/4.0.0/jquery.factory.slim.min.js,,c81790290f84bd254198630193d8829d9d0dd966b503bc30779438d24d7517e4,0
https://cdnjs.cloudflare.com/ajax/libs/jquery/4.0.0/jquery.js,,f5fb077959ca06faa1dc50761d8bbb836c6c78067932537a2b3fea9e401257c5,0
https://cdnjs.cloudflare.com/ajax/libs/jquery/4.0.0/jquery.min.js,,39a546ea9ad97f8bfaf5d3e0e8f8556adb415e470e59007ada9759dce472adaa,0
https://cdnjs.cloudflare.com/ajax/libs/jquery/4.0.0/jquery.slim.js,,33e1a384c05f5e290cd62ccca65202093b1c223e61ccf0a9eae0f36b2a71b608,0
https://cdnjs.cloudflare.com/ajax/libs/jquery/4.0.0/jquery.slim.min.js,,f031a9bf5dc7226fb9883356c355eac60141e268fec8e28535bfad1c164ea307,0
https://cdnjs.cloudflare.com/ajax/libs/jquery/4.0.0/wrappers/jquery.bundler-require-wrapper.js,,5217359d791fbda0199643427a966f2c5f07f7dfc802bbf47880db0941319269,0
https://cdnjs.cloudflare.com/ajax/libs/jquery/4.0.0/wrappers/jquery.bundler-require-wrapper.min.js,,2104d1c852f4b8d4651e9af0f2d7610ff29ff25619676f800f6e7cbcab731ad0,0
https://cdnjs.cloudflare.com/ajax/libs/jquery/4.0.0/wrappers/jquery.bundler-require-wrapper.slim.js,,fdcea4ec9fe9d919d24bb26575219206221076d72d65fd99d67bf839984b6d00,0
https://cdnjs.cloudflare.com/ajax/libs/jquery/4.0.0/wrappers/jquery.bundler-require-wrapper.slim.min.js,,21cb8d91091caa64744918ca086433e92a1e09fb32ad6bad6bf4c56767d2f34b,0
https://cdnjs.cloudflare.com/ajax/libs/js-beautify/2.0.3/beautifier.js,,b6240d0ae737bf88815f08a2df387737879058bfca147a0936803efa6f0f9eb5,0
https://cdnjs.cloudflare.com/ajax/libs/js-beautify/2.0.3/beautifier.min.js,,921fbb92e4042e4cf07985d402c26e1f577c109f9b19ccf7e98005cc3d461212,0
https://cdnjs.cloudflare.com/ajax/libs/js-beautify/2.0.3/beautify-css.js,,511af9357a595716883760560597f7872ad3c7946dc9e45f00b453f46ab317f3,0
https://cdnjs.cloudflare.com/ajax/libs/js-beautify/2.0.3/beautify-css.min.js,,58f32d8ea98dedee143ce87e7c9bef420bd6dda5a6043ec622bff414790cd78b,0
https://cdnjs.cloudflare.com/ajax/libs/js-beautify/2.0.3/beautify-html.js,,ca99c4bbcb547b7944dd42ee0695c4c4b703b06d5a6c30ebbe914bd70c174f4f,0
https://cdnjs.cloudflare.com/ajax/libs/js-beautify/2.0.3/beautify-html.min.js,,5a37f06b807ca4c4a4766ceb3be2f135d1126322f274e72bded0f26ee6d16887,0
https://cdnjs.cloudflare.com/ajax/libs/js-beautify/2.0.3/beautify.js,,e6faadb6576a35467538daee02f028152808b5b4d82f80aca57e6bfeb4ba11c7,0
https://cdnjs.cloudflare.com/ajax/libs/js-beautify/2.0.3/beautify.min.js,,54b80cfbe739da9aaf7f26e12d929e5ff80f02604eefb9ebc5f7c085861c1be5,0
https://cdnjs.cloudflare.com/ajax/libs/js-cookie/3.0.8/js.cookie.js,,9ac2ad4af30666c646f125a98c47e6ef36cb0ae726d03e3cdc408fec20f8245b,0
https://cdnjs.cloudflare.com/ajax/libs/js-cookie/3.0.8/js.cookie.min.js,,506834dde81524c74ba93c40c73ac0316fb8d4f860f816353a5562b2f8118c12,0
https://cdnjs.cloudflare.com/ajax/libs/js-cookie/3.0.8/js.cookie.min.mjs,,d029b8822aa680ad26dc7afa8f5ff30b8e208924f839120ca3a13762e078acd0,0
https://cdnjs.cloudflare.com/ajax/libs/js-cookie/3.0.8/js.cookie.mjs,,a73686a807ccd866cc21d1c67db55288c30a7e28626a9c44c846f731afedbe7b,0
https://cdnjs.cloudflare.com/ajax/libs/js-yaml/4.1.1/js-yaml.js,,283c7386b83e9155de96c51519a4b318bad3b5aaf2ddf3d240d5938193b8187f,0
https://cdnjs.cloudflare.com/ajax/libs/js-yaml/4.1.1/js-yaml.min.js,,0de3dec92d20eab9e0b46a5d928cd45ec025d73e348ddf458dbfb01da00cb473,0
https://cdnjs.cloudflare.com/ajax/libs/js-yaml/4.1.1/js-yaml.mjs,,efbc45850bf15f0c8ee3434983f512be656002d7507dc292c7ade4449b5d57fa,0
https://cdnjs.cloudflare.com/ajax/libs/jsdiff/9.0.0/diff.js,,5773c7efb34715bb9a9b6a9ebf5b0ff00f85f9efa6d9fd69fc65e181364f7b2e,0
https://cdnjs.cloudflare.com/ajax/libs/jsdiff/9.0.0/diff.min.js,,b51a9d2885f2c090dc97b981027395f7e7e6558a46c75ae3747db267913a89ab,0
https://cdnjs.cloudflare.com/ajax/libs/json5/2.2.3/index.js,,c3f094c550436757e955bc1e2619fa5624ae8f22f41a7587b95af1d14175800a,0
https://cdnjs.cloudflare.com/ajax/libs/json5/2.2.3/index.min.js,,4bb96d9d53f380ac801819411b8c10868ac9a984de863e56402ac00c2289b9f1,0
https://cdnjs.cloudflare.com/ajax/libs/json5/2.2.3/index.min.mjs,,126548ba98f98cb7fdd87c945b6a6b6e4bf6091d1fdae640062ee8bb046289ed,0
https://cdnjs.cloudflare.com/ajax/libs/json5/2.2.3/index.mjs,,12db0fd3eac76597c0f5aaef2e013d8267a235c773589effc36b1a8a80a1314d,0
https://cdnjs.cloudflare.com/ajax/libs/jsonwebtoken/9.0.3/decode.js,,32fa49ba4da4e2eb75f91a84385d8718660fe5b51192ed317c6161b5d72a4a89,0
https://cdnjs.cloudflare.com/ajax/libs/jsonwebtoken/9.0.3/decode.min.js,,d7fed92379b39f7d15c168a8ebaf17cc3d549a6e2537f37feff8b9b413faa822,0
https://cdnjs.cloudflare.com/ajax/libs/jsonwebtoken/9.0.3/index.js,,aae460b3f08f3f8b1cb229ee226fb084540fec04b6ddc8fc01463068ebf4b7de,0
https://cdnjs.cloudflare.com/ajax/libs/jsonwebtoken/9.0.3/index.min.js,,b1f4c93bb282ece643c99a98c26b84bcc01328719829525fc9acc083af0fac63,0
https://cdnjs.cloudflare.com/ajax/libs/jsonwebtoken/9.0.3/lib/asymmetricKeyDetailsSupported.js,,aa5ce3d7b296793af5743836266b41c225f53ed3622fb93547b370876bfd6863,0
https://cdnjs.cloudflare.com/ajax/libs/jsonwebtoken/9.0.3/lib/asymmetricKeyDetailsSupported.min.js,,67518ae41cbc4a03d2f02798ab1588453911e8e2c37d2ea430e57c4f98cbde44,0
https://cdnjs.cloudflare.com/ajax/libs/jsonwebtoken/9.0.3/lib/JsonWebTokenError.js,,35fdb68dea632779c5fa58f225fd02d65a6d8e15a004928a18b48724da423428,0
https://cdnjs.cloudflare.com/ajax/libs/jsonwebtoken/9.0.3/lib/JsonWebTokenError.min.js,,f57e28c0c896d056f00280eb0694cb85ad5cfd1e94fecf3f3ca40f64c64dc642,0
https://cdnjs.cloudflare.com/ajax/libs/jsonwebtoken/9.0.3/lib/NotBeforeError.js,,7e7de14d16fc9c308c53d4303309e4f924116d470ffec8e91436064382df95ca,0
https://cdnjs.cloudflare.com/ajax/libs/jsonwebtoken/9.0.3/lib/NotBeforeError.min.js,,f68ea29c9db3908fce2c0c602c04016dbacc364acbc8711133cc8e10b9260f79,0
https://cdnjs.cloudflare.com/ajax/libs/jsonwebtoken/9.0.3/lib/psSupported.js,,422fd617085929da78d1c4b2d4618af81bec231bffc635301056b4bd09a11b21,0
https://cdnjs.cloudflare.com/ajax/libs/jsonwebtoken/9.0.3/lib/psSupported.min.js,,ab694dfdd8a60f5d94f302e1bc7142f665a98b7a2a677d4cf9ebd4b683f1cd8d,0
https://cdnjs.cloudflare.com/ajax/libs/jsonwebtoken/9.0.3/lib/rsaPssKeyDetailsSupported.js,,affc2e0df7e8928b52c2a3078cf2b31541bc39d764ddfbbd5047bb70b3d2147f,0
https://cdnjs.cloudflare.com/ajax/libs/jsonwebtoken/9.0.3/lib/rsaPssKeyDetailsSupported.min.js,,c029e7d645165a2e0e323289d17fd3ee2f9f637b0c635353781f07d3819b6295,0
https://cdnjs.cloudflare.com/ajax/libs/jsonwebtoken/9.0.3/lib/timespan.js,,328f90a9a030c4d63159c75123e679c80e851ea9ea732d7f3345db7f4cd519d7,0
https://cdnjs.cloudflare.com/ajax/libs/jsonwebtoken/9.0.3/lib/timespan.min.js,,30963269c788e812ac303b5a701cd6f593864935fba82ea3a49459324d00c13a,0
https://cdnjs.cloudflare.com/ajax/libs/jsonwebtoken/9.0.3/lib/TokenExpiredError.js,,ba5ac1133bbd1db3ebc297f04657b256294771f1688a42588abebdef172f5c70,0
https://cdnjs.cloudflare.com/ajax/libs/jsonwebtoken/9.0.3/lib/TokenExpiredError.min.js,,7d02bdac0a3f016bd0ee058ea7dd47e08cfa8cbf9dd5235db9abf78a5473137b,0
https://cdnjs.cloudflare.com/ajax/libs/jsonwebtoken/9.0.3/lib/validateAsymmetricKey.js,,46c209d93f601141c15ed4c5b91a4d5742048f2bfbd04d1aaa5831c03f2b856b,0
https://cdnjs.cloudflare.com/ajax/libs/jsonwebtoken/9.0.3/lib/validateAsymmetricKey.min.js,,a4d91387090f2e22163782f31192675c333fb7ee93ce4452be45272bdbd837a8,0
https://cdnjs.cloudflare.com/ajax/libs/jsonwebtoken/9.0.3/sign.js,,00779cf25c179c89ff359a5544dea41850efb1c227f5c081cac04cf637ff53a8,0
https://cdnjs.cloudflare.com/ajax/libs/jsonwebtoken/9.0.3/sign.min.js,,2744e0bb7ee121ddfd62e5ce958c1b670cf5d7aceacb1c9b3062b916648c577d,0
https://cdnjs.cloudflare.com/ajax/libs/jsonwebtoken/9.0.3/verify.js,,fa01db296dfa5585bff7b097187ef65fcb017d636ab9900799eb53e0acee0b85,0
https://cdnjs.cloudflare.com/ajax/libs/jsonwebtoken/9.0.3/verify.min.js,,78e4fb0ec1bf696b4ff1e99fdf75f105247f3168ad00c681e8e22d5e9e7a5e09,0
https://cdnjs.cloudflare.com/ajax/libs/jspdf/4.2.1/jspdf.es.js,,5b7f65fa3928b104febbcc37c7174f8e5aa3b8d9d24d0378a3fecad693d86f76,0
https://cdnjs.cloudflare.com/ajax/libs/jspdf/4.2.1/jspdf.es.min.js,,761b3a84ae6acc087802bc60672a4092cd1d5b17c809621da37ea26c9224cb83,0
https://cdnjs.cloudflare.com/ajax/libs/jspdf/4.2.1/jspdf.umd.js,,c75a285514652d5a75f0813a6bb5e6d447d7bec2308a9f68cc95584fa5bf68a1,0
https://cdnjs.cloudflare.com/ajax/libs/jspdf/4.2.1/jspdf.umd.min.js,,e6551fcdc32f09d6853b2c5126d18d01d9447e0da618a41a11ebeee0f6c20d54,0
https://cdnjs.cloudflare.com/ajax/libs/jspdf/4.2.1/polyfills.es.js,,f6d05cee41c35a9fd22ff6dbd9c6f7c27046bf64c958dcedb2c0b484973f67a8,0
https://cdnjs.cloudflare.com/ajax/libs/jspdf/4.2.1/polyfills.es.min.js,,8fcc4b48d54cce10e8d62a2ae69510aff8cebfd7f508b9ba4175a4b7dceb0337,0
https://cdnjs.cloudflare.com/ajax/libs/jspdf/4.2.1/polyfills.umd.js,,be8a082ab01530d314bcddffb02353a6e08e1bb19988fd7b16c7ef04bd79e6f2,0
https://cdnjs.cloudflare.com/ajax/libs/jspdf/4.2.1/polyfills.umd.min.js,,2a273c74e5947bf6ff86a3f28d22ee56304470050b1d1c26820dd06cde90dfc0,0
https://cdnjs.cloudflare.com/ajax/libs/jszip/3.10.1/jszip.js,,e2e1be5c22d3f15b0b89e676d3eede94644529996d9898a6b1587c9908a78506,0
https://cdnjs.cloudflare.com/ajax/libs/jszip/3.10.1/jszip.min.js,,acc7e41455a80765b5fd9c7ee1b8078a6d160bbbca455aeae854de65c947d59e,0
https://cdnjs.cloudflare.com/ajax/libs/KaTeX/0.18.5/contrib/auto-render.js,,4cfb141d56e2c5644f5226e6b8709a3eadd39989fcec86a38c8150adb196d89b,0
https://cdnjs.cloudflare.com/ajax/libs/KaTeX/0.18.5/contrib/auto-render.min.js,,e5372d199bcdae8b4de71d0f7ceba72a4ba12774a27c60a6f1f77d03b3228ee4,0
https://cdnjs.cloudflare.com/ajax/libs/KaTeX/0.18.5/contrib/auto-render.mjs,,e0410e8ce6c38869bf2f703fcc3b8d192308b5f3b34264625d605d742b1309e0,0
https://cdnjs.cloudflare.com/ajax/libs/KaTeX/0.18.5/contrib/copy-tex.js,,75d6dbee9697706dc694d9500e876a1ad392db3e8a4588213e0cc300b280eb0a,0
https://cdnjs.cloudflare.com/ajax/libs/KaTeX/0.18.5/contrib/copy-tex.min.js,,c571c49b520cb8e9040287338286b21783e39b476660b8b56d9e1c037eeaeaff,0
https://cdnjs.cloudflare.com/ajax/libs/KaTeX/0.18.5/contrib/copy-tex.mjs,,d3a214e3f8c2de12410df5b4de45086dc54566b1919c0078e9ae947a15964283,0
https://cdnjs.cloudflare.com/ajax/libs/KaTeX/0.18.5/contrib/mathtex-script-type.js,,8c898971b4abe2fe9dadeb999617ea02cbeddd9a7b7d33e2c59e23dba922b380,0
https://cdnjs.cloudflare.com/ajax/libs/KaTeX/0.18.5/contrib/mathtex-script-type.min.js,,461b30e513fe6cffb7130f6786360d37208bb6945deaee0c520fa7fe51037795,0
https://cdnjs.cloudflare.com/ajax/libs/KaTeX/0.18.5/contrib/mathtex-script-type.mjs,,b11a5fab6ffeea4ef040f93e6f491bdbfcdec8963bc5e8c2b3642f3cb7d4799a,0
https://cdnjs.cloudflare.com/ajax/libs/KaTeX/0.18.5/contrib/mhchem.js,,b193073c57b9ba833ca09faa72013c8995eb56fd2d27d65a6814c2e75f2370ab,0
https://cdnjs.cloudflare.com/ajax/libs/KaTeX/0.18.5/contrib/mhchem.min.js,,aaf20145c0b8ecd450ccf6eb0cebece2f77d8e6a02c30d291f28c1167b57b2df,0
https://cdnjs.cloudflare.com/ajax/libs/KaTeX/0.18.5/contrib/mhchem.mjs,,d590d100ede9335bda7648d029db5510877205538af36b53d56cd8bac1de79c1,0
https://cdnjs.cloudflare.com/ajax/libs/KaTeX/0.18.5/contrib/render-a11y-string.js,,f0e2259b8bb929436d0c334f32b84c40311c71e00dd1874be9c743e0480db633,0
https://cdnjs.cloudflare.com/ajax/libs/KaTeX/0.18.5/contrib/render-a11y-string.min.js,,90a3049e599a1a850c9c34e44adec762a30abc72b793c272955c86888553fd9e,0
https://cdnjs.cloudflare.com/ajax/libs/KaTeX/0.18.5/contrib/render-a11y-string.mjs,,34d38d2c45197666b1657ebe01f7d907510b59d741199678ea3ff586b2bac648,0
https://cdnjs.cloudflare.com/ajax/libs/KaTeX/0.18.5/fonts/KaTeX_AMS-Regular.woff,,30da91e84c893f875e252689faebdc590b2871145e8adc7f9a9d4dbd8ce0b251,0
https://cdnjs.cloudflare.com/ajax/libs/KaTeX/0.18.5/fonts/KaTeX_AMS-Regular.woff2,,0cdd387c9590a1a9f9794560022dbb59654a7d86f187aa0c81495ad42d3a7308,0
https://cdnjs.cloudflare.com/ajax/libs/KaTeX/0.18.5/fonts/KaTeX_Caligraphic-Bold.woff,,1ae6bd7475590e97e7f145a89e09ccde322f7a6bc0b91607b1c8b8ee28290fed,0
https://cdnjs.cloudflare.com/ajax/libs/KaTeX/0.18.5/fonts/KaTeX_Caligraphic-Bold.woff2,,de7701e42cf1f4cf0b766c03fb27977207eee2f4fd5d76fa82188406da43ea4c,0
https://cdnjs.cloudflare.com/ajax/libs/KaTeX/0.18.5/fonts/KaTeX_Caligraphic-Regular.woff,,3398dd02302557a793f2863f88e02d96ce10df2abffa07c8e9fa90775116e65c,0
https://cdnjs.cloudflare.com/ajax/libs/KaTeX/0.18.5/fonts/KaTeX_Caligraphic-Regular.woff2,,5d53e70ad607c2352162dec9e0923fb54ecdafaccbf604cd8dcf7d00facb989b,0
https://cdnjs.cloudflare.com/ajax/libs/KaTeX/0.18.5/fonts/KaTeX_Fraktur-Bold.woff,,9be7ceb88004ab8ad124082246fbfcca4091e36385d4ec6ed1df67375dad50fb,0
https://cdnjs.cloudflare.com/ajax/libs/KaTeX/0.18.5/fonts/KaTeX_Fraktur-Bold.woff2,,74444efd593c005e3f4573b44524704c0af0a937fe911cca9e94068d0d140d3f,0
https://cdnjs.cloudflare.com/ajax/libs/KaTeX/0.18.5/fonts/KaTeX_Fraktur-Regular.woff,,5e28753be717dac97f559f49bc10be9cf3c124ddcabda6659d11cb68febc6463,0
https://cdnjs.cloudflare.com/ajax/libs/KaTeX/0.18.5/fonts/KaTeX_Fraktur-Regular.woff2,,51814d270d06ff0255dba0799994fa4d8c84d11f09951d47595f4abb1f3602dc,0
https://cdnjs.cloudflare.com/ajax/libs/KaTeX/0.18.5/fonts/KaTeX_Main-Bold.woff,,c76c5d696297d51b9cb1639c7da4334f0e7dec81b42b11213b5e25ef671bb822,0
https://cdnjs.cloudflare.com/ajax/libs/KaTeX/0.18.5/fonts/KaTeX_Main-Bold.woff2,,0f60d1b897938ec918c8ce073092411baf9438f6739465693ff18b0f9d20b021,0
https://cdnjs.cloudflare.com/ajax/libs/KaTeX/0.18.5/fonts/KaTeX_Main-BoldItalic.woff,,a6f7ec0d846ac7ad975adb8959c37ed49b94acbc4ae436db9ce9e20287e4a64c,0
https://cdnjs.cloudflare.com/ajax/libs/KaTeX/0.18.5/fonts/KaTeX_Main-BoldItalic.woff2,,99cd42a3c072d918f2f44984a807cf7aa16e13545fd0875fc07c6c65f99e715b,0
https://cdnjs.cloudflare.com/ajax/libs/KaTeX/0.18.5/fonts/KaTeX_Main-Italic.woff,,f1d6ef86f3b11a528bd5185199bd2443ecb2b0dead96d88674b5a2c12be24bdf,0
https://cdnjs.cloudflare.com/ajax/libs/KaTeX/0.18.5/fonts/KaTeX_Main-Italic.woff2,,97479ca6cce906abc961ecac96faa5f9ca2e61b8e7670d475826bcdee9a7c267,0
https://cdnjs.cloudflare.com/ajax/libs/KaTeX/0.18.5/fonts/KaTeX_Main-Regular.woff,,c6368d87e8a1a3a5d337623d83d8dc4b868f242a9ad476237d6f8d1e0f168cdc,0
https://cdnjs.cloudflare.com/ajax/libs/KaTeX/0.18.5/fonts/KaTeX_Main-Regular.woff2,,c2342cd8b869e01752a9321dc17213fc40d4d04c79688c1d43f2cf316abd7866,0
https://cdnjs.cloudflare.com/ajax/libs/KaTeX/0.18.5/fonts/KaTeX_Math-BoldItalic.woff,,850c0af5c2238497febaf5e461d880bf458c341f42f4f330f1b1ab5698b1998e,0
https://cdnjs.cloudflare.com/ajax/libs/KaTeX/0.18.5/fonts/KaTeX_Math-BoldItalic.woff2,,dc47344dbb6cb5b655c8460d561f4df5f501b90c804ad3c6cec65fe322351ab1,0
https://cdnjs.cloudflare.com/ajax/libs/KaTeX/0.18.5/fonts/KaTeX_Math-Italic.woff,,8a8d244581371912b8f3f5a23e2437cb2a59cd9bcaebb0346e722c05737a2571,0
https://cdnjs.cloudflare.com/ajax/libs/KaTeX/0.18.5/fonts/KaTeX_Math-Italic.woff2,,7af58c5ec8f132a2ddde9027c6d7814decce4d3b822a11192a42a20e2e973264,0
https://cdnjs.cloudflare.com/ajax/libs/KaTeX/0.18.5/fonts/KaTeX_SansSerif-Bold.woff,,ece03cfd83e22c212cdef66feb8442d25a083beb988db3f1883f3f9738d750ba,0
https://cdnjs.cloudflare.com/ajax/libs/KaTeX/0.18.5/fonts/KaTeX_SansSerif-Bold.woff2,,e99ae51144bf1232efcc1bfe5add36262c6866b0faab24fa75740e1b98577a62,0
https://cdnjs.cloudflare.com/ajax/libs/KaTeX/0.18.5/fonts/KaTeX_SansSerif-Italic.woff,,91ee67500cc0129aa0ace3ac5c61ff1692102f0f31d02b69347fba35dcb75bf2,0
https://cdnjs.cloudflare.com/ajax/libs/KaTeX/0.18.5/fonts/KaTeX_SansSerif-Italic.woff2,,00b26ac825e2095056396e0553b8ac26d3f8ad158c3826e28b4c45b385c4714a,0
https://cdnjs.cloudflare.com/ajax/libs/KaTeX/0.18.5/fonts/KaTeX_SansSerif-Regular.woff,,11e4dc8a6471ff6d6ee561d53d10fde8f7489e798257ff449c5d37c197435605,0
https://cdnjs.cloudflare.com/ajax/libs/KaTeX/0.18.5/fonts/KaTeX_SansSerif-Regular.woff2,,68e8c73ef42afd3ccec58bf0fba302cce448938e7fc020a5e31f8a952eee1342,0
https://cdnjs.cloudflare.com/ajax/libs/KaTeX/0.18.5/fonts/KaTeX_Script-Regular.woff,,d96cdf2b3bdd4d64a8fd5f74a4c467f123a8a73931cd435889f08ffaf9bf947a,0
https://cdnjs.cloudflare.com/ajax/libs/KaTeX/0.18.5/fonts/KaTeX_Script-Regular.woff2,,036d4e95149b69ff9bcc0cd55771efeb25ffa3947293e69acd78d5ac328c684b,0
https://cdnjs.cloudflare.com/ajax/libs/KaTeX/0.18.5/fonts/KaTeX_Size1-Regular.woff,,c943cc986384f59e86bea5fd7dc50a9c4dfe567a7c05eb40d6790720dead97c9,0
https://cdnjs.cloudflare.com/ajax/libs/KaTeX/0.18.5/fonts/KaTeX_Size1-Regular.woff2,,6b47c40166b6dbe21a5dfca7718413f2147fd2399be1ba605d8ad39cedf25dfe,0
https://cdnjs.cloudflare.com/ajax/libs/KaTeX/0.18.5/fonts/KaTeX_Size2-Regular.woff,,2014c523c3210bcc166648c4d4cc57f05b747df07a24277bf71c51e67dc79e3d,0
https://cdnjs.cloudflare.com/ajax/libs/KaTeX/0.18.5/fonts/KaTeX_Size2-Regular.woff2,,d04c54219f9eaec6d4d4fd42dfb28785975a4794d6b2fc71e566b9cd6db842dd,0
https://cdnjs.cloudflare.com/ajax/libs/KaTeX/0.18.5/fonts/KaTeX_Size3-Regular.woff,,6ab6b62e9b62dae2c00dd90f791bd10950be0ecc3490d7d6045f51c2e8fe0949,0
https://cdnjs.cloudflare.com/ajax/libs/KaTeX/0.18.5/fonts/KaTeX_Size3-Regular.woff2,,73d591271b1604960cb10bb90fee021670af7297017e0e98480b332d11f51995,0
https://cdnjs.cloudflare.com/ajax/libs/KaTeX/0.18.5/fonts/KaTeX_Size4-Regular.woff,,99f9c6750b489c9462bf04900bd3f939df9b829339daaaaa99ef5495cdddea58,0
https://cdnjs.cloudflare.com/ajax/libs/KaTeX/0.18.5/fonts/KaTeX_Size4-Regular.woff2,,a4af7d414440a1c1790825cfb700cf9cf43b0f2c4b04f0ebc523011ad9853ec0,0
https://cdnjs.cloudflare.com/ajax/libs/KaTeX/0.18.5/fonts/KaTeX_Typewriter-Regular.woff,,e14fed02b1aba7ce9f5afd5844b5d0321b22351febc720e0de8b8723527609f7,0
https://cdnjs.cloudflare.com/ajax/libs/KaTeX/0.18.5/fonts/KaTeX_Typewriter-Regular.woff2,,71d517d67827787cfabdf186914cc3358eda539e37931941f2b2fd4a21f68c0b,0
https://cdnjs.cloudflare.com/ajax/libs/KaTeX/0.18.5/katex-swap.css,,ad3b86913fc35cb9b1c279531d514d074d8bcf04153935e9ff404dfd4661b081,0
https://cdnjs.cloudflare.com/ajax/libs/KaTeX/0.18.5/katex-swap.min.css,,baa6e29806aeae35a04e92b8a16f83d6e79038b4b45c06f2ef42331bc6d6e33b,0
https://cdnjs.cloudflare.com/ajax/libs/KaTeX/0.18.5/katex.css,,e3e200eef5d7fd14e477e96c9e842c942f5124441aec450d7445198cfe786219,0
https://cdnjs.cloudflare.com/ajax/libs/KaTeX/0.18.5/katex.js,,45361352338a53dffe49f5f18901fa66a2372fcf436735532e4de2e0c0c0e313,0
https://cdnjs.cloudflare.com/ajax/libs/KaTeX/0.18.5/katex.min.css,,5bc44ab327592b75fcf2d412a1b396ebf20203bfe826a1966fb8ab03f8b08bb4,0
https://cdnjs.cloudflare.com/ajax/libs/KaTeX/0.18.5/katex.min.js,,30c9f7c07bf54d341ffd8f16dc6632766f12b16d0a064e2a08f2d6b1744396a6,0
https://cdnjs.cloudflare.com/ajax/libs/KaTeX/0.18.5/katex.mjs,,ffe6a02dbd5a2963cc0a1801825757082fb6690d0cd753edeb9c22526c33d606,0
https://cdnjs.cloudflare.com/ajax/libs/less.js/4.9.1/less.js,,950efe0275207b146aaa805eb4c5bb66373b774f1c6adbb8b549ab8c8211b340,0
https://cdnjs.cloudflare.com/ajax/libs/less.js/4.9.1/less.min.js,,4283b275378371c38b8dc1cc1d2d683947b441aa875e1d9716e922e2cff34977,0
https://cdnjs.cloudflare.com/ajax/libs/luxon/3.7.2/cjs-browser/luxon.js,,81b23a731b8c1951f40c2d50051e0d93bd6c9098758e8aac76a35f5a613b05e8,0
https://cdnjs.cloudflare.com/ajax/libs/luxon/3.7.2/cjs-browser/luxon.min.js,,3e041a0b01629b26c6959a0cac9bec64ad56901d831ca519408e4fc7473a1768,0
https://cdnjs.cloudflare.com/ajax/libs/luxon/3.7.2/luxon.js,,30983bcc0e67d1c9dd7772070b6b9173a980f705bdaa4924cddaf51e56a34045,0
https://cdnjs.cloudflare.com/ajax/libs/luxon/3.7.2/luxon.min.js,,516c5fea5c82bdf1fb5c472b9aafdca9cda6dc806b2c12ce9d62c2e0fc348104,0
https://cdnjs.cloudflare.com/ajax/libs/marked/18.0.11/lib/marked.esm.js,,05e41134d075ad3a009a748d6c779c3d83cea9b942be911c2d9abade36d1dd31,0
https://cdnjs.cloudflare.com/ajax/libs/marked/18.0.11/lib/marked.esm.min.js,,85e8dcfd347c710fc1c2b3a2e12046f9041983bb8eb3b629fab0ecbc7476a02b,0
https://cdnjs.cloudflare.com/ajax/libs/marked/18.0.11/lib/marked.umd.js,,69451c8541c9c1e7a4bf3ffc6f73c4d89633de92bfbe3e484dfe182ef8091f88,0
https://cdnjs.cloudflare.com/ajax/libs/marked/18.0.11/lib/marked.umd.min.js,,a7b5c1bdc19be6edf201bc78c1219c2f96a4e92de738e0411fb6e31f738b756b,0
https://cdnjs.cloudflare.com/ajax/libs/mermaid/11.15.0/chunks/mermaid.core/architectureDiagram-3BPJPVTR.mjs,,0f85ded872aded96449f03f5bed840cc641b72ef3c16c8c784f7b0f6b5267c4b,0
https://cdnjs.cloudflare.com/ajax/libs/mermaid/11.15.0/chunks/mermaid.core/blockDiagram-GPEHLZMM.mjs,,abd9bea0763056a852e85c5f94a738443690341f98e96738b4385402ab8233d0,0
https://cdnjs.cloudflare.com/ajax/libs/mermaid/11.15.0/chunks/mermaid.core/c4Diagram-AAUBKEIU.mjs,,f45429e1608fb53ea55904eed774d285491e9badd442af424f4f93eee1e80c12,0
https://cdnjs.cloudflare.com/ajax/libs/mermaid/11.15.0/chunks/mermaid.core/chunk-2J33WTMH.mjs,,e4d440ad5fac72fcc79d732bc5c4b08e9cc888448f6a418262eff6a0cede7922,0
https://cdnjs.cloudflare.com/ajax/libs/mermaid/11.15.0/chunks/mermaid.core/chunk-3OPIFGDE.mjs,,365f1b538bc2e2ecf0f869318d9d12a0fbc1e669bec952450ccbaf2739ce3e59,0
https://cdnjs.cloudflare.com/ajax/libs/mermaid/11.15.0/chunks/mermaid.core/chunk-4BX2VUAB.mjs,,c77c577174baef03628fb8835ee5cf654cb5c9eda8bee2b454c861bc89896cce,0
https://cdnjs.cloudflare.com/ajax/libs/mermaid/11.15.0/chunks/mermaid.core/chunk-55IACEB6.mjs,,2f3d625cf8c52c3d9874a1d8e413a9b22751b332ecbad87613e5d6e73869633c,0
https://cdnjs.cloudflare.com/ajax/libs/mermaid/11.15.0/chunks/mermaid.core/chunk-5ZQYHXKU.mjs,,b6b942d78c8ef9c6c432547036e877d472f9f360bafda10ed12d1756d7693607,0
https://cdnjs.cloudflare.com/ajax/libs/mermaid/11.15.0/chunks/mermaid.core/chunk-727SXJPM.mjs,,0dca4c8972840487c6bb74cc5dcfdf2167b0816909b78fb77ac0500e35f632ab,0
https://cdnjs.cloudflare.com/ajax/libs/mermaid/11.15.0/chunks/mermaid.core/chunk-AGHRB4JF.mjs,,2943c38f49ff6ec179ac67899922492b691efb32f8f799272a916cf5760ebf00,0
https://cdnjs.cloudflare.com/ajax/libs/mermaid/11.15.0/chunks/mermaid.core/chunk-AQP2D5EJ.mjs,,c5d1c6425925580fc4ff36a5e6726c201b887fa9c83e6f6e000abcf5ea3a17d4,0
https://cdnjs.cloudflare.com/ajax/libs/mermaid/11.15.0/chunks/mermaid.core/chunk-BSJP7CBP.mjs,,778e47bf5538b0ff427fcb9f50a87e7d60c539b4ace4d895225142f4df250a6b,0
https://cdnjs.cloudflare.com/ajax/libs/mermaid/11.15.0/chunks/mermaid.core/chunk-CSCIHK7Q.mjs,,4122c2fdca2d87ac6fcb3f276e435bd2661c3e15bdc2b980a8aa5157ed7342ae,0
https://cdnjs.cloudflare.com/ajax/libs/mermaid/11.15.0/chunks/mermaid.core/chunk-FMBD7UC4.mjs,,9bf0b2b7904622e55fdd673c4042cc71e95418899fa741836b431a9cb6727383,0
https://cdnjs.cloudflare.com/ajax/libs/mermaid/11.15.0/chunks/mermaid.core/chunk-KSCS5N6A.mjs,,22a104b3a415cfba2cbdd7344af9aa5c22a84366ae6e28a5aa0d59bb3df2e9fb,0
https://cdnjs.cloudflare.com/ajax/libs/mermaid/11.15.0/chunks/mermaid.core/chunk-L5ZTLDWV.mjs,,73cde253b0734596699be06668f25e8d1c8c7c71dde45e61daa5ee81e37accae,0
https://cdnjs.cloudflare.com/ajax/libs/mermaid/11.15.0/chunks/mermaid.core/chunk-LZXEDZCA.mjs,,6ceb3a05e48291d0db45f9a4fd92d7b7882abc3110726ef4017e82b8cd9f631c,0
https://cdnjs.cloudflare.com/ajax/libs/mermaid/11.15.0/chunks/mermaid.core/chunk-ND2GUHAM.mjs,,3b78bf990055d9eb8b0b11b59b8f481a8c5cacabf219f747adaf7d1466784271,0
https://cdnjs.cloudflare.com/ajax/libs/mermaid/11.15.0/chunks/mermaid.core/chunk-NZK2D7GU.mjs,,9dd75ed1c39c8be41f5f27568b62b95c385c0af79e791d2dd476924233ac0a90,0
https://cdnjs.cloudflare.com/ajax/libs/mermaid/11.15.0/chunks/mermaid.core/chunk-O5CBEL6O.mjs,,b97a6c0488254781fe8d178d32038729c657127affa7ecfc9e6c8f8ef618d33e,0
https://cdnjs.cloudflare.com/ajax/libs/mermaid/11.15.0/chunks/mermaid.core/chunk-QZHKN3VN.mjs,,525022a94a5211b774755f1c09e955eab8b6a34b8ead1d68d3cd257c860e81f8,0
https://cdnjs.cloudflare.com/ajax/libs/mermaid/11.15.0/chunks/mermaid.core/chunk-WU5MYG2G.mjs,,2718045e766fbaf29ce1e9d4d9bd51cba7675ac678b138e4e2ca6d1d5d7f8d97,0
https://cdnjs.cloudflare.com/ajax/libs/mermaid/11.15.0/chunks/mermaid.core/chunk-XPW4576I.mjs,,76dd5a50aed1a9dc67a1f527cf1c0b227912c8102b6efbc9530639a80cae0d22,0
https://cdnjs.cloudflare.com/ajax/libs/mermaid/11.15.0/chunks/mermaid.core/classDiagram-4FO5ZUOK.mjs,,e60b94628b4abc16f17653db8354bcda3d55390125380900f9b2076cf56d764b,0
https://cdnjs.cloudflare.com/ajax/libs/mermaid/11.15.0/chunks/mermaid.core/classDiagram-v2-Q7XG4LA2.mjs,,283b971127b7a4fffc14e1924b88d8337c9b3bbef5f000701f9709f1b6211789,0
https://cdnjs.cloudflare.com/ajax/libs/mermaid/11.15.0/chunks/mermaid.core/cose-bilkent-S5V4N54A.mjs,,4338522a538ce3ebfbe07c3cfe1225acb2014c40a05027aaf37a6a17056e28c5,0
https://cdnjs.cloudflare.com/ajax/libs/mermaid/11.15.0/chunks/mermaid.core/dagre-BM42HDAG.mjs,,d6555075863a4ed6e740d467811670eb2baa63984beb115d77581d64c670555b,0
https://cdnjs.cloudflare.com/ajax/libs/mermaid/11.15.0/chunks/mermaid.core/diagram-2AECGRRQ.mjs,,9da3629a6336f5401dde76d1ec0c02d8924f49408b28e7063cc5c6ce5bc2f49d,0
https://cdnjs.cloudflare.com/ajax/libs/mermaid/11.15.0/chunks/mermaid.core/diagram-5GNKFQAL.mjs,,77b092e0d42aa1e1f4e7ff41efed2cd8eaf929d5e698de5b3785c6db8644b877,0
https://cdnjs.cloudflare.com/ajax/libs/mermaid/11.15.0/chunks/mermaid.core/diagram-KO2AKTUF.mjs,,22093e3361d6d549ad83f724c6f987de8217b9f3b6fb53d4f95a54bbc96942a7,0
https://cdnjs.cloudflare.com/ajax/libs/mermaid/11.15.0/chunks/mermaid.core/diagram-LMA3HP47.mjs,,7b96be9ed357c8643ae96f55cad37f90b0aee3cecb59c60accf7cee93f3d7254,0
https://cdnjs.cloudflare.com/ajax/libs/mermaid/11.15.0/chunks/mermaid.core/diagram-OG6HWLK6.mjs,,d60caa5c97b4869db17d5d8e3caa0ffdfc2110d4815355093382e29279523141,0
https://cdnjs.cloudflare.com/ajax/libs/mermaid/11.15.0/chunks/mermaid.core/erDiagram-TEJ5UH35.mjs,,94bc987a585c956d4689609a593f69bd4ea794f6717431a598459442b97351cc,0
https://cdnjs.cloudflare.com/ajax/libs/mermaid/11.15.0/chunks/mermaid.core/flowDiagram-I6XJVG4X.mjs,,a2af07755825980cfb780c3df36b4ca5883804ae3439bbe3202573af7f9d7650,0
https://cdnjs.cloudflare.com/ajax/libs/mermaid/11.15.0/chunks/mermaid.core/ganttDiagram-6RSMTGT7.mjs,,7a41d1b73cab6499fd9a70fe19b986a65618707b1919f5d78130c465339e2bdf,0
https://cdnjs.cloudflare.com/ajax/libs/mermaid/11.15.0/chunks/mermaid.core/gitGraphDiagram-PVQCEYII.mjs,,3def655192adbec1d2cf82c3ad7c1e5501f0961ab4e2f145d2a2f4163f602233,0
https://cdnjs.cloudflare.com/ajax/libs/mermaid/11.15.0/chunks/mermaid.core/infoDiagram-5YYISTIA.mjs,,bc2e263cc58cb1c6a6b9343f1765c0e03af305906e7a1dd0cadf5fb06af8be95,0
https://cdnjs.cloudflare.com/ajax/libs/mermaid/11.15.0/chunks/mermaid.core/ishikawaDiagram-YF4QCWOH.mjs,,e16394c0629e0e7cc47dcfd7dc62565b7e158cdc878f9038642ea58f0b1d92ab,0
https://cdnjs.cloudflare.com/ajax/libs/mermaid/11.15.0/chunks/mermaid.core/journeyDiagram-JHISSGLW.mjs,,f92ee2cfb3bbce9718dc43cdf1e43b7f9276f1d9b2223ef70c664101c580e0a6,0
https://cdnjs.cloudflare.com/ajax/libs/mermaid/11.15.0/chunks/mermaid.core/kanban-definition-UN3LZRKU.mjs,,2af0808422b0c8661ed954694a18fe70ec4fda21a7b8d83b3941a9ee523d3776,0
https://cdnjs.cloudflare.com/ajax/libs/mermaid/11.15.0/chunks/mermaid.core/mindmap-definition-RKZ34NQL.mjs,,c5b6cd37fb077683ad49f2dfa531d8e5a1b9388ec3918635c3d2c012169b5326,0
https://cdnjs.cloudflare.com/ajax/libs/mermaid/11.15.0/chunks/mermaid.core/pieDiagram-4H26LBE5.mjs,,e092ea8c2f00ab0458fc6fbafa32132a79a4abef3ff0ab46b6d70291b7c15c67,0
https://cdnjs.cloudflare.com/ajax/libs/mermaid/11.15.0/chunks/mermaid.core/quadrantDiagram-W4KKPZXB.mjs,,6efc82776554f002a06bd139f71394e1ea989f1fc7f729fe43e95b4f1842c666,0
https://cdnjs.cloudflare.com/ajax/libs/mermaid/11.15.0/chunks/mermaid.core/requirementDiagram-4Y6WPE33.mjs,,7058a100451bf67f042ea716580bf116d1d601257e05820fa127b0496f18bea5,0
https://cdnjs.cloudflare.com/ajax/libs/mermaid/11.15.0/chunks/mermaid.core/sankeyDiagram-5OEKKPKP.mjs,,ff39b4d521866800e06e87fdf15315f58c2b5da805103c2c39f677ea253c24ec,0
https://cdnjs.cloudflare.com/ajax/libs/mermaid/11.15.0/chunks/mermaid.core/sequenceDiagram-3UESZ5HK.mjs,,e62a0837dd71b33740eabbea2ef61ddb8ad421beffb7a0808e0a5ad65ce1985b,0
https://cdnjs.cloudflare.com/ajax/libs/mermaid/11.15.0/chunks/mermaid.core/stateDiagram-AJRCARHV.mjs,,3b67de41247d78688c308d0b1b34533b041c9a8b3c0e97cdb28f2904d8e4a1eb,0
https://cdnjs.cloudflare.com/ajax/libs/mermaid/11.15.0/chunks/mermaid.core/stateDiagram-v2-BHNVJYJU.mjs,,7138e3dce5d58f8a59db9f63a3ca987088a116aeb4fbd7195fffe34a3c021948,0
https://cdnjs.cloudflare.com/ajax/libs/mermaid/11.15.0/chunks/mermaid.core/timeline-definition-PNZ67QCA.mjs,,5fc29c7f9242927b0a91f900bd6d9f6e97c0973369c2fed716757d67fc468c2b,0
https://cdnjs.cloudflare.com/ajax/libs/mermaid/11.15.0/chunks/mermaid.core/vennDiagram-CIIHVFJN.mjs,,c62cdcbcb1ef6f4eff5f874c3bd7ff55ef610d787c0593694ffe38735c21fc98,0
https://cdnjs.cloudflare.com/ajax/libs/mermaid/11.15.0/chunks/mermaid.core/wardleyDiagram-YWT4CUSO.mjs,,5a515d9646051e22987850ca7cd23ff685de338d14d29b6bb10d869755aceda9,0
https://cdnjs.cloudflare.com/ajax/libs/mermaid/11.15.0/chunks/mermaid.core/xychartDiagram-2RQKCTM6.mjs,,91b8c95d906242d504dc3ea3c57eef332e5b4eccadb4332fb40f908b1a724b73,0
https://cdnjs.cloudflare.com/ajax/libs/mermaid/11.15.0/chunks/mermaid.esm.min/architecture-7EHR7CIX-6QZW5X65.mjs,,50fe0201e555891e2b001c48ea8ef6790675710a21d4eb7c8a6f214770135b4a,0
https://cdnjs.cloudflare.com/ajax/libs/mermaid/11.15.0/chunks/mermaid.esm.min/architectureDiagram-UL44E2DR.mjs,,c09708f621b112d23fd8f373104adcb37f1d938be09c554d36816208576ee1b7,0
https://cdnjs.cloudflare.com/ajax/libs/mermaid/11.15.0/chunks/mermaid.esm.min/blockDiagram-7IZFK4PR.mjs,,14a6ec55081465cffb104e971947c8934d80c40f881f333d6a6feed90bde0b0d,0
https://cdnjs.cloudflare.com/ajax/libs/mermaid/11.15.0/chunks/mermaid.esm.min/c4Diagram-Y2BXMSZH.mjs,,6c259ac9a085f6643b71635295e1c006f478fc83be7022d5622fff0e678a81f9,0
https://cdnjs.cloudflare.com/ajax/libs/mermaid/11.15.0/chunks/mermaid.esm.min/chunk-2T2R6R2M.mjs,,8368466bbc6311f3977ef534ea40af9981b7f73d49609f02cb1b144e6d270cd4,0
https://cdnjs.cloudflare.com/ajax/libs/mermaid/11.15.0/chunks/mermaid.esm.min/chunk-2UTLFMKG.mjs,,8890bdbae6f9fcbc0a2b005a6e8ad4fb5a6df7a472582aff40a940e7326b95c9,0
https://cdnjs.cloudflare.com/ajax/libs/mermaid/11.15.0/chunks/mermaid.esm.min/chunk-3SSMPTDK.mjs,,9a54950b39a9a8985612ff51ef4720f39ab5c9667efdf9ea987199a608aaf298,0
https://cdnjs.cloudflare.com/ajax/libs/mermaid/11.15.0/chunks/mermaid.esm.min/chunk-4R4BOZG6.mjs,,e9119789d3b4840e1f3e53923b687973e6c4f50b3eb05e4e85ec63b45078a005,0
https://cdnjs.cloudflare.com/ajax/libs/mermaid/11.15.0/chunks/mermaid.esm.min/chunk-5IMINLNL.mjs,,ed3c40c332ee25f9c86e89507f2a6d18edefda66eadfb38ef3aeb59b95dad2b2,0
https://cdnjs.cloudflare.com/ajax/libs/mermaid/11.15.0/chunks/mermaid.esm.min/chunk-5VCL7Z4A.mjs,,923319fb47f66b4ec1eda16c8e2b7c86c3126dd30e670772c61fdfd40bd1fed3,0
https://cdnjs.cloudflare.com/ajax/libs/mermaid/11.15.0/chunks/mermaid.esm.min/chunk-6764PJDD.mjs,,92cf96a812905b8fef7839ea48a6e844921bcdf2b089820fa5aa3a2d39236b8f,0
https://cdnjs.cloudflare.com/ajax/libs/mermaid/11.15.0/chunks/mermaid.esm.min/chunk-67TQ5CYL.mjs,,96642aa2a8a77fbf77cf2df57b4f6fed785b01d0894bbed8be2163c15d299aa4,0
https://cdnjs.cloudflare.com/ajax/libs/mermaid/11.15.0/chunks/mermaid.esm.min/chunk-7FYTHRHK.mjs,,d8289e52f9933b146725db036cf8c935df33378aea95d8b37e8232ca7c1efd30,0
https://cdnjs.cloudflare.com/ajax/libs/mermaid/11.15.0/chunks/mermaid.esm.min/chunk-7J6CGLKN.mjs,,87133f57a632ff24383c4d34e3f855c08d6b2a5c1bd0413a5e9b57e0e3197556,0
https://cdnjs.cloudflare.com/ajax/libs/mermaid/11.15.0/chunks/mermaid.esm.min/chunk-7W6UQGC5.mjs,,e6d431e84c685d0eca811a02f62708a25f9191171d7d384e2521268a46422300,0
https://cdnjs.cloudflare.com/ajax/libs/mermaid/11.15.0/chunks/mermaid.esm.min/chunk-AQ6EADP3.mjs,,13f83482f9731f6ed320746bf4f69aaaff5e1efdda94f64cd9ea6d9030b868c2,0
https://cdnjs.cloudflare.com/ajax/libs/mermaid/11.15.0/chunks/mermaid.esm.min/chunk-AZZRMDJM.mjs,,e5c109a799a86fc58b75bbb2cbdb72a6570c8c29821037d181ebe019db0beab1,0
https://cdnjs.cloudflare.com/ajax/libs/mermaid/11.15.0/chunks/mermaid.esm.min/chunk-C62D2QBJ.mjs,,dfd75c2803efb2e5c3691b1fe5e60dd80183779460fd6c8b281bed829fb974a0,0
https://cdnjs.cloudflare.com/ajax/libs/mermaid/11.15.0/chunks/mermaid.esm.min/chunk-CEXFNPSA.mjs,,2d3a3a2bc33c3ecb9793bfc5be45bc1f0f37e79b07bc19a7bcb0358bec7e7e04,0
https://cdnjs.cloudflare.com/ajax/libs/mermaid/11.15.0/chunks/mermaid.esm.min/chunk-INKRHTLW.mjs,,e50bef7e87c09117f6e556bdd5aba3a2c6679dc64f096f3d14e11d68beb64df6,0
https://cdnjs.cloudflare.com/ajax/libs/mermaid/11.15.0/chunks/mermaid.esm.min/chunk-J5EP6P6S.mjs,,4c2f9ba4bfeceba61098f9045d7e89ea09c617db3804b7184db0d6980372e611,0
https://cdnjs.cloudflare.com/ajax/libs/mermaid/11.15.0/chunks/mermaid.esm.min/chunk-JQRUD6KW.mjs,,ab31e28cd7a9246443f102d2d34e07740bb9a872d1a6a65deb165f163a641517,0
https://cdnjs.cloudflare.com/ajax/libs/mermaid/11.15.0/chunks/mermaid.esm.min/chunk-KGFNY3KK.mjs,,a44c92d3b97fd507d086ce2c81bc492f5435407a5d753978794127366e2f2f2d,0
https://cdnjs.cloudflare.com/ajax/libs/mermaid/11.15.0/chunks/mermaid.esm.min/chunk-KGYTTC2M.mjs,,e288a43ae761084cec8aaa603b5a2cdd8bb5790ac49557e0245d88b8ca3bd892,0
https://cdnjs.cloudflare.com/ajax/libs/mermaid/11.15.0/chunks/mermaid.esm.min/chunk-KNLZD3CH.mjs,,2dae2f209ab865c9ce7ef3a82d2b3e2f10eba68fe01f727aa6c29c34e85ba38c,0
https://cdnjs.cloudflare.com/ajax/libs/mermaid/11.15.0/chunks/mermaid.esm.min/chunk-KRXBNO2N.mjs,,45d2e1a6271e678ca3823e6da3bead7effbc3f4b9f751ed9109c98c4b01af561,0
https://cdnjs.cloudflare.com/ajax/libs/mermaid/11.15.0/chunks/mermaid.esm.min/chunk-LCXTWHL2.mjs,,e05cbcdcf326b8100fda3c3f98c2a0c238366d84c9e2dff926b393f57805b5d8,0
https://cdnjs.cloudflare.com/ajax/libs/mermaid/11.15.0/chunks/mermaid.esm.min/chunk-LII3EMHJ.mjs,,b824a2444b41af955696a57a5996689ce126cb68eab4431021e3704810ff34ea,0
https://cdnjs.cloudflare.com/ajax/libs/mermaid/11.15.0/chunks/mermaid.esm.min/chunk-LRIF4GLE.mjs,,2f53a08964aa837cb08692c68e28552b61d8ee90f351d3e57cca739593a259cf,0
https://cdnjs.cloudflare.com/ajax/libs/mermaid/11.15.0/chunks/mermaid.esm.min/chunk-QA3QBVWF.mjs,,ddb6db3e01f4365ae02d79c04728a169f680f3cc176ba2c9ba461645c7527d2b,0
https://cdnjs.cloudflare.com/ajax/libs/mermaid/11.15.0/chunks/mermaid.esm.min/chunk-RERM46MO.mjs,,fdab6e3a7d1fcdbd69bb6d6509c63fb9626d20f1b6e0d5370696ce14e4b34fb0,0
https://cdnjs.cloudflare.com/ajax/libs/mermaid/11.15.0/chunks/mermaid.esm.min/chunk-RG4AUYOV.mjs,,c1d9b024be6740dba958a98f3ecf0ee64af67f7ff80e302a142e75ba985ee2e2,0
https://cdnjs.cloudflare.com/ajax/libs/mermaid/11.15.0/chunks/mermaid.esm.min/chunk-RKZBBQEN.mjs,,5b0eae79c84daf9817031b9e54ea56af5f366298d4456a54096eb89cba5e3fb5,0
https://cdnjs.cloudflare.com/ajax/libs/mermaid/11.15.0/chunks/mermaid.esm.min/chunk-RLI5ZMPA.mjs,,31eed7408ecf88d5731dfc2253364ede42caa1f07336c763cb0ef55ba3a1deed,0
https://cdnjs.cloudflare.com/ajax/libs/mermaid/11.15.0/chunks/mermaid.esm.min/chunk-T2UQINTJ.mjs,,d3ec57a3b6552a7f11cf7d624f0149bb090bf235a1cf1568ba21a0d2d3a76f3b,0
https://cdnjs.cloudflare.com/ajax/libs/mermaid/11.15.0/chunks/mermaid.esm.min/chunk-T5OCTHI4.mjs,,bcf848310d29d090f623a39375c36b19f4c78c0856bddd8a68b3998a729f2fdc,0
https://cdnjs.cloudflare.com/ajax/libs/mermaid/11.15.0/chunks/mermaid.esm.min/chunk-UP6H54XL.mjs,,88b4407cb82fc7463551e2d19352b732192a6bb78b76e3521e49ad735201522e,0
https://cdnjs.cloudflare.com/ajax/libs/mermaid/11.15.0/chunks/mermaid.esm.min/chunk-UXSXWOXI.mjs,,8d44b24061391ca54d3237e5487f4773ea298768f4c4cf9be69c71beac7beec4,0
https://cdnjs.cloudflare.com/ajax/libs/mermaid/11.15.0/chunks/mermaid.esm.min/chunk-UY5QBCOK.mjs,,01b06b1e37666eb5fd1c8503719e13f0dcf31701062c2cae0b38f827baffc2b9,0
https://cdnjs.cloudflare.com/ajax/libs/mermaid/11.15.0/chunks/mermaid.esm.min/chunk-VU6ZFW4Y.mjs,,86e8215cb061df3cbe5fdbd7392043bdea762e7c335356e0c6bf2e6cb8f53dde,0
https://cdnjs.cloudflare.com/ajax/libs/mermaid/11.15.0/chunks/mermaid.esm.min/chunk-W44A43WB.mjs,,5ea884c347e3c61eae14a29442ea017a28b22734d600dc7bed957b6fd3dbfd8e,0
https://cdnjs.cloudflare.com/ajax/libs/mermaid/11.15.0/chunks/mermaid.esm.min/chunk-ZXARS5L4.mjs,,540a105264d30efbf1a8738e340f007517f244aa83e5051de65f14d9669366d4,0
https://cdnjs.cloudflare.com/ajax/libs/mermaid/11.15.0/chunks/mermaid.esm.min/classDiagram-KGZ6W3CR.mjs,,85ff8a81a524f9cfd0220c0f464b7bfe5091a28a3f894b94346baf040ba0ffa7,0
https://cdnjs.cloudflare.com/ajax/libs/mermaid/11.15.0/chunks/mermaid.esm.min/classDiagram-v2-72OJOZXJ.mjs,,85ff8a81a524f9cfd0220c0f464b7bfe5091a28a3f894b94346baf040ba0ffa7,0
https://cdnjs.cloudflare.com/ajax/libs/mermaid/11.15.0/chunks/mermaid.esm.min/cose-bilkent-UX7MHV2Q.mjs,,165f779cac7b9176959859d164ed8348e5975fda3fb28ce68d77d6e287f39f03,0
https://cdnjs.cloudflare.com/ajax/libs/mermaid/11.15.0/chunks/mermaid.esm.min/dagre-ND4H6XIP.mjs,,fbf7e09644a77eca93e7c955e754c9e04928d82329e9d88fef7bb86e23fc2b24,0
https://cdnjs.cloudflare.com/ajax/libs/mermaid/11.15.0/chunks/mermaid.esm.min/diagram-3NCE3AQN.mjs,,c5a04a80351b18fa71dafcf6f24aa84e8266a24f536222c97d419efeb0b8d79e,0
https://cdnjs.cloudflare.com/ajax/libs/mermaid/11.15.0/chunks/mermaid.esm.min/diagram-GF46GFSD.mjs,,164f0d8fb1d87bd64d50bd9d5bec0a15d1b04a46f745e6aaad3c227d32706a2b,0
https://cdnjs.cloudflare.com/ajax/libs/mermaid/11.15.0/chunks/mermaid.esm.min/diagram-HNR7UZ2L.mjs,,0fbffc65fe1cb939a9d2ce473eb0b49212f598b700cdcf6cfd8388c47066647b,0
https://cdnjs.cloudflare.com/ajax/libs/mermaid/11.15.0/chunks/mermaid.esm.min/diagram-QXG6HAR7.mjs,,00f407c8b9d8a30febca7879ba3ab2d3953a7eba3e896ad658db942149571c29,0
https://cdnjs.cloudflare.com/ajax/libs/mermaid/11.15.0/chunks/mermaid.esm.min/diagram-WEQXMOUZ.mjs,,ea381d822640d09a16d43641a68f1f13e1cccc4ada615d0be791d08dcbe0c1f1,0
https://cdnjs.cloudflare.com/ajax/libs/mermaid/11.15.0/chunks/mermaid.esm.min/erDiagram-L5TCEMPS.mjs,,0bf1a1ee749f9b464801d3cb9ad731645f2b77b1ea00e43704fcc38fd4b0df74,0
https://cdnjs.cloudflare.com/ajax/libs/mermaid/11.15.0/chunks/mermaid.esm.min/eventmodeling-FCH6USID-MREXMVOE.mjs,,224a41ed7b46c651f8511d776f013d7bf1019d11088f918181d286e77b9ccad2,0
https://cdnjs.cloudflare.com/ajax/libs/mermaid/11.15.0/chunks/mermaid.esm.min/flowDiagram-H6V6AXG4.mjs,,91e268de8626bd72febf1314b665c0d6ecada128976d7e610eb68998e53ce1b5,0
https://cdnjs.cloudflare.com/ajax/libs/mermaid/11.15.0/chunks/mermaid.esm.min/ganttDiagram-JCBTUEKG.mjs,,c40b677f0016d1c4ce2b1fd5542c9b1bf42133f2bbd32584c96bc5222342212a,0
https://cdnjs.cloudflare.com/ajax/libs/mermaid/11.15.0/chunks/mermaid.esm.min/gitGraph-WXDBUCRP-R675I2BI.mjs,,c256fd83bac88cdb75799a48beeb4fa33fe73cded805f8f7ccc28b5e043a0f1b,0
https://cdnjs.cloudflare.com/ajax/libs/mermaid/11.15.0/chunks/mermaid.esm.min/gitGraphDiagram-S2ZK5IYY.mjs,,005a42b3911aae05ece440c0167ab81fa8e15edb1834c12ad0adb2e3c9790847,0
https://cdnjs.cloudflare.com/ajax/libs/mermaid/11.15.0/chunks/mermaid.esm.min/info-J43DQDTF-KCYPFFUO.mjs,,8d82ac12a909118249edeed45902786a0a9161c4aecd9f755484e2682f40a063,0
https://cdnjs.cloudflare.com/ajax/libs/mermaid/11.15.0/chunks/mermaid.esm.min/infoDiagram-3YFTVSEB.mjs,,dc141f337439f5b6a89f5abca926731676ef2c643fedd7156d53903c01000bfd,0
https://cdnjs.cloudflare.com/ajax/libs/mermaid/11.15.0/chunks/mermaid.esm.min/ishikawaDiagram-BNXS4ZKH.mjs,,207a9eba0a12ed6557b843d972e472e86694cd3d244bbcbd4215828ba6f118ec,0
https://cdnjs.cloudflare.com/ajax/libs/mermaid/11.15.0/chunks/mermaid.esm.min/journeyDiagram-M6C3CM3L.mjs,,a1226e024bf192cb06afe659a59fa48e93cfd8f7b9351f3919ebacb261052806,0
https://cdnjs.cloudflare.com/ajax/libs/mermaid/11.15.0/chunks/mermaid.esm.min/kanban-definition-75IXJCU3.mjs,,101d4ef3eed9e6c8fc640926baa8f483a9d7ce9aace8aa0fa6b9379673fce081,0
https://cdnjs.cloudflare.com/ajax/libs/mermaid/11.15.0/chunks/mermaid.esm.min/katex-K3KEBU37.mjs,,8e2c3c7f5aba8e58c326afd8b66ee556d3211ef73d7a55552acf51fdedd53944,0
https://cdnjs.cloudflare.com/ajax/libs/mermaid/11.15.0/chunks/mermaid.esm.min/mindmap-definition-2TDM6QVE.mjs,,8acb0e154fb327293001fd48237fa259e2e5fd7b23f5c30d013179b6060cd317,0
https://cdnjs.cloudflare.com/ajax/libs/mermaid/11.15.0/chunks/mermaid.esm.min/packet-YPE3B663-LP52Z2RK.mjs,,39ca13cd21e15abde9843defd0b031c226f094fbd22190be62b3d3a365861d40,0
https://cdnjs.cloudflare.com/ajax/libs/mermaid/11.15.0/chunks/mermaid.esm.min/pie-LRSECV5Y-TCRJHUBD.mjs,,3d63974bcd93e7d78f66739d01ec6c50f786654e646ef692339c25445b5df703,0
https://cdnjs.cloudflare.com/ajax/libs/mermaid/11.15.0/chunks/mermaid.esm.min/pieDiagram-CU6KROY3.mjs,,05b61ca5693f317bcc58bcd546059bf07c45ac63d66e71c2cc9ad26b38fc0262,0
https://cdnjs.cloudflare.com/ajax/libs/mermaid/11.15.0/chunks/mermaid.esm.min/quadrantDiagram-VICAPDV7.mjs,,2958e323f88c6ea90c2c4439a9d02f7d3683b87e3a9de752a60b53132b4f523d,0
https://cdnjs.cloudflare.com/ajax/libs/mermaid/11.15.0/chunks/mermaid.esm.min/radar-GUYGQ44K-RDLRG3WG.mjs,,ac4e73ace99a91bd3dcfdecc477ae0e5eb765a80c1a80be6702763a724fd30dc,0
https://cdnjs.cloudflare.com/ajax/libs/mermaid/11.15.0/chunks/mermaid.esm.min/requirementDiagram-JXO7QTGE.mjs,,92104002dc0bc2dc4adc9bf5e5b725e822ce83922b8ad515a6b736b7c1986e7e,0
https://cdnjs.cloudflare.com/ajax/libs/mermaid/11.15.0/chunks/mermaid.esm.min/sankeyDiagram-URQDO5SZ.mjs,,7615f988f1fa0160bb80ccfffb13535b8c5573fccba8f8de06c0b7dbde8bd7bd,0
https://cdnjs.cloudflare.com/ajax/libs/mermaid/11.15.0/chunks/mermaid.esm.min/sequenceDiagram-VS2MUI6T.mjs,,a206e751e3a00bbc65de7867789081ce6e5bda5b9aeb7c8fa7ee47d46a7b0e51,0
https://cdnjs.cloudflare.com/ajax/libs/mermaid/11.15.0/chunks/mermaid.esm.min/stateDiagram-7D4R322I.mjs,,9f41bd6597a1d61b2831e3ef72119f62a237c8a766e7934f818c44dcb1639e0d,0
https://cdnjs.cloudflare.com/ajax/libs/mermaid/11.15.0/chunks/mermaid.esm.min/stateDiagram-v2-36443NZ5.mjs,,52b1a065a21ecfce2e785e6f2302c3ccc0d1d32aaf609eaab105eb9a9dd1fcae,0
https://cdnjs.cloudflare.com/ajax/libs/mermaid/11.15.0/chunks/mermaid.esm.min/timeline-definition-O6YCAMPW.mjs,,f6debc857585af5dd2d152366433d5da4674aac5fda3020d672b01e1c6ee6ef9,0
https://cdnjs.cloudflare.com/ajax/libs/mermaid/11.15.0/chunks/mermaid.esm.min/treemap-LRROVOQU-LLAWBHMP.mjs,,1e1f0928147568af74f434e42db4d44f8544093abaa4de21f52ab7031fe5faa9,0
https://cdnjs.cloudflare.com/ajax/libs/mermaid/11.15.0/chunks/mermaid.esm.min/treeView-BLDUP644-QA4HXRO3.mjs,,21a780b673320c800c45490dd7f56df43216874a965b336bcd0a723ac2819820,0
https://cdnjs.cloudflare.com/ajax/libs/mermaid/11.15.0/chunks/mermaid.esm.min/vennDiagram-MWXL3ELB.mjs,,809d9b3196bf5c9552f278d49e51acd914515b726c47481b0519329543576544,0
https://cdnjs.cloudflare.com/ajax/libs/mermaid/11.15.0/chunks/mermaid.esm.min/wardley-L42UT6IY-5TKZOOLJ.mjs,,e93cc7efa4a74fc5a0ee601828f641b16f3968bd681e7b715f0c2a061eaca177,0
https://cdnjs.cloudflare.com/ajax/libs/mermaid/11.15.0/chunks/mermaid.esm.min/wardleyDiagram-CUQ6CDDI.mjs,,1bf5ca77cce5e0c02c5ff375af1c8553ab205d81c59218b7117671768328938c,0
https://cdnjs.cloudflare.com/ajax/libs/mermaid/11.15.0/chunks/mermaid.esm.min/xychartDiagram-N2JHSOCM.mjs,,a8a08948c0a74901c9e70041a7e9533ae174d5710c348ff603530cf808fe1e72,0
https://cdnjs.cloudflare.com/ajax/libs/mermaid/11.15.0/chunks/mermaid.esm/architecture-7EHR7CIX-OP562TCL.mjs,,210c820fbff5864f14d02c895f928e0acf5526f4370e6d35c18fd818ff19a2ef,0
https://cdnjs.cloudflare.com/ajax/libs/mermaid/11.15.0/chunks/mermaid.esm/architectureDiagram-BSNNHI6N.mjs,,371642cdf4e97aad9d3f6b444342945842a49df1ee41ac299a233e8be12c8a56,0
https://cdnjs.cloudflare.com/ajax/libs/mermaid/11.15.0/chunks/mermaid.esm/blockDiagram-DM4EUEQ4.mjs,,df68890b8ea5de35bd196d91467949c5e0de0c7ac897c943c05e796b1da8463c,0
https://cdnjs.cloudflare.com/ajax/libs/mermaid/11.15.0/chunks/mermaid.esm/c4Diagram-MWKDPP7W.mjs,,5ef7efa2f0f1e9f249e1d3cfea3e7affa7d62053485d981d01e9b32589b4a43c,0
https://cdnjs.cloudflare.com/ajax/libs/mermaid/11.15.0/chunks/mermaid.esm/chunk-234R4QNB.mjs,,6fb79c44acdb7e7aed73443dcb78031a57b121c1ff9a21a1f4d3ebd54f8d8dc9,0
https://cdnjs.cloudflare.com/ajax/libs/mermaid/11.15.0/chunks/mermaid.esm/chunk-2ENXBMWA.mjs,,6f693592f14104ce89df9ab9ce5788e9fd4addf1027558ad563aea097ec413d1,0
https://cdnjs.cloudflare.com/ajax/libs/mermaid/11.15.0/chunks/mermaid.esm/chunk-3O5MS6M4.mjs,,90e785abe0e10f4a947411e7723d2e9e8d33fb1d28bcd96e769667ccc572e152,0
https://cdnjs.cloudflare.com/ajax/libs/mermaid/11.15.0/chunks/mermaid.esm/chunk-6ZKBGPIT.mjs,,0a27a5c626827b987a0e96bcd228fc29461d2024f6bfe314d7fa508913d39064,0
https://cdnjs.cloudflare.com/ajax/libs/mermaid/11.15.0/chunks/mermaid.esm/chunk-7723GVCQ.mjs,,6bfe4e3b42a4e39c20f75bb8b2de65af1e875512c06eb50115b67b5799c7bcd6,0
https://cdnjs.cloudflare.com/ajax/libs/mermaid/11.15.0/chunks/mermaid.esm/chunk-7TFACZ55.mjs,,ed0aaeb45a44d4b651f0cef427e690e1cd87ebea01f45924d6780c3533ba7b8c,0
https://cdnjs.cloudflare.com/ajax/libs/mermaid/11.15.0/chunks/mermaid.esm/chunk-BBDM4ZFP.mjs,,c0da6d8246199c2fb9c67b7bc87bd7ddac9f8a4591567bbc135a91f16f216151,0
https://cdnjs.cloudflare.com/ajax/libs/mermaid/11.15.0/chunks/mermaid.esm/chunk-BSZA5ISF.mjs,,aaf8f799b2cb9a748aed283a9479bcf9d14171e64380d4c6128aa4b5c76f581c,0
https://cdnjs.cloudflare.com/ajax/libs/mermaid/11.15.0/chunks/mermaid.esm/chunk-CT5Q72BK.mjs,,912bb107139e9ddf87cb42ff8c4f7478e130cce1eba42ada68247d88f9125a1c,0
https://cdnjs.cloudflare.com/ajax/libs/mermaid/11.15.0/chunks/mermaid.esm/chunk-CYW2HGLJ.mjs,,31e743a952ea866d26fa54204a9afe783d6ef4cc119c8a332421d2ad43074f91,0
https://cdnjs.cloudflare.com/ajax/libs/mermaid/11.15.0/chunks/mermaid.esm/chunk-D6MTONMS.mjs,,98f3ac8db3037871960fbc0fde861c72171d24753f8af903913a0e0c23bd9cb8,0
https://cdnjs.cloudflare.com/ajax/libs/mermaid/11.15.0/chunks/mermaid.esm/chunk-D6UAH5RW.mjs,,2e9b3caf4e2331376a993366f2b743930435b2b0d89d2031e30bed48a9ba9d42,0
https://cdnjs.cloudflare.com/ajax/libs/mermaid/11.15.0/chunks/mermaid.esm/chunk-GTILCTU2.mjs,,3ac65e0bcbb31d0b93488d6249f4baac3cdd6b700632b8773eb522648be34648,0
https://cdnjs.cloudflare.com/ajax/libs/mermaid/11.15.0/chunks/mermaid.esm/chunk-HQDACWF7.mjs,,721c374b349b46b4f7dca9464386f3b9971f528edce1cf560f42d85eb3952d30,0
https://cdnjs.cloudflare.com/ajax/libs/mermaid/11.15.0/chunks/mermaid.esm/chunk-HQMLCRZ6.mjs,,aeb0f2b59bb41b7791caa97a7f36dd87599fbd36c2e7a6187616a746c9f68ae0,0
https://cdnjs.cloudflare.com/ajax/libs/mermaid/11.15.0/chunks/mermaid.esm/chunk-IALYP65X.mjs,,ac4005a3457501d8cf6ef57bdeea8fa22d8644fccd149ec948070c7091111207,0
https://cdnjs.cloudflare.com/ajax/libs/mermaid/11.15.0/chunks/mermaid.esm/chunk-KEUPHFFI.mjs,,4ac1eb89ec468d389b9a848c79919804c107984713ab8629dbe2064a4f1edf73,0
https://cdnjs.cloudflare.com/ajax/libs/mermaid/11.15.0/chunks/mermaid.esm/chunk-L44QOBYK.mjs,,bb69a9dc5311d533b0b2dcd1fbb2a109dbb4d3e919472e256d311d23824e4e3e,0
https://cdnjs.cloudflare.com/ajax/libs/mermaid/11.15.0/chunks/mermaid.esm/chunk-LJRZYMMA.mjs,,3b51672151872afd73142350e1f0846c0cd04ce5ed6c5f908f4e70b7b864c6d4,0
https://cdnjs.cloudflare.com/ajax/libs/mermaid/11.15.0/chunks/mermaid.esm/chunk-NW2N4LI3.mjs,,16882c321450c08a456a94f6bcb8f5873adab5790a2c8626fcc15eeb13a6a697,0
https://cdnjs.cloudflare.com/ajax/libs/mermaid/11.15.0/chunks/mermaid.esm/chunk-NZTEHIZO.mjs,,8a0d5c62e0adde79d2b182490cb772b518e112d401a93fc2f5dd5470b9ee8665,0
https://cdnjs.cloudflare.com/ajax/libs/mermaid/11.15.0/chunks/mermaid.esm/chunk-O4A3IS3O.mjs,,73cfbdeb0e875768b65c65df4c45d7387911c4ae4ff828da09dd2169e8f558a8,0
https://cdnjs.cloudflare.com/ajax/libs/mermaid/11.15.0/chunks/mermaid.esm/chunk-PLCLPJVV.mjs,,e5525bb513dfc1275194dc721cc9ecee0b449804e6f291c365360029d80da6b4,0
https://cdnjs.cloudflare.com/ajax/libs/mermaid/11.15.0/chunks/mermaid.esm/chunk-PTVI3W5X.mjs,,440e466909d41611baf683ecf8017f927534a3aff5ce145b348598d5502cc5d2,0
https://cdnjs.cloudflare.com/ajax/libs/mermaid/11.15.0/chunks/mermaid.esm/chunk-PUIB63ON.mjs,,f2123c67211f3c5c0d40082db2acb1faf5027a2c2a1f10068eb370dc213da6d3,0
https://cdnjs.cloudflare.com/ajax/libs/mermaid/11.15.0/chunks/mermaid.esm/chunk-PWCFYZI5.mjs,,378dd5d3a27b81a09da36b84dea1122509c6fb44286706cde58b2e4dfc408284,0
https://cdnjs.cloudflare.com/ajax/libs/mermaid/11.15.0/chunks/mermaid.esm/chunk-Q52JI7PB.mjs,,2cd5d5ba799703d878fb5e54eaaf8295ca347f7f040cf2bb025e79d0f0a644da,0
https://cdnjs.cloudflare.com/ajax/libs/mermaid/11.15.0/chunks/mermaid.esm/chunk-RTBOCTTP.mjs,,37cc81f8067667e372a0533d6c5fd04baac9fd9d97bf8648a755ccd95381b0ab,0
https://cdnjs.cloudflare.com/ajax/libs/mermaid/11.15.0/chunks/mermaid.esm/chunk-RTI7CJYH.mjs,,fd08702b2b7ac95e63504f5a138853590f6fd342f2ec7a3576dafeb5e47b539e,0
https://cdnjs.cloudflare.com/ajax/libs/mermaid/11.15.0/chunks/mermaid.esm/chunk-SNQTKDUU.mjs,,210ab66f44af8ce9f1ddb2b9ffcc597341953733518a4371fd25d02a37fe0592,0
https://cdnjs.cloudflare.com/ajax/libs/mermaid/11.15.0/chunks/mermaid.esm/chunk-SZ5Y56Q4.mjs,,c64249c6365ffe05965ef7537e0b198a06369bcb7f258ed4b4ef63caf6fea46f,0
https://cdnjs.cloudflare.com/ajax/libs/mermaid/11.15.0/chunks/mermaid.esm/chunk-T5XCKZAJ.mjs,,48219ef6bec401af331a2f8f819d61451ba7645d9b07532c4020c114bfcb4182,0
https://cdnjs.cloudflare.com/ajax/libs/mermaid/11.15.0/chunks/mermaid.esm/chunk-TRQY2T3P.mjs,,492e41141cd0d53e3a359500e94efbd11c472b4d88f5ef1f71362b410db83307,0
https://cdnjs.cloudflare.com/ajax/libs/mermaid/11.15.0/chunks/mermaid.esm/chunk-V7P66DNM.mjs,,d5e16ac0ee77e270c8a317e203bce7621a15ae3138e5061ac3544f47e37393bc,0
https://cdnjs.cloudflare.com/ajax/libs/mermaid/11.15.0/chunks/mermaid.esm/chunk-VFD24L5A.mjs,,3a01ce2a8b26b52d06627bab9c9f4ae819863c99256730ad5f382d42388bb82f,0
https://cdnjs.cloudflare.com/ajax/libs/mermaid/11.15.0/chunks/mermaid.esm/chunk-WM6EUEOH.mjs,,64de3fd8ca716e766cfda3fb6b35771eb88444e455d1b966a52aaf2294d27743,0
https://cdnjs.cloudflare.com/ajax/libs/mermaid/11.15.0/chunks/mermaid.esm/chunk-XAKTCX7R.mjs,,bc9ffc24ab15ad061eac53d6dd859babbed978668bc4a5f013b49d34425b2562,0
https://cdnjs.cloudflare.com/ajax/libs/mermaid/11.15.0/chunks/mermaid.esm/chunk-YSJUE5HW.mjs,,85dc636231728370453cf16ee41b3e052bdab884cd104c1b6ee401eb27faa183,0
https://cdnjs.cloudflare.com/ajax/libs/mermaid/11.15.0/chunks/mermaid.esm/classDiagram-SEOGYEGJ.mjs,,b6e7c25b1dd36b92d94f24a4d6b2bdc516129f4a229e11796faf085eaab26208,0
https://cdnjs.cloudflare.com/ajax/libs/mermaid/11.15.0/chunks/mermaid.esm/classDiagram-v2-AOBZDD47.mjs,,b634eeb983b5ba147309a82384c656ab94744d4d2eafd58df8d39a151e9a466a,0
https://cdnjs.cloudflare.com/ajax/libs/mermaid/11.15.0/chunks/mermaid.esm/cose-bilkent-WZ3F43K2.mjs,,1708a9d74eab49dac191b939c32738f18ff82d2a9a58ec49d3c335a1835c9dec,0
https://cdnjs.cloudflare.com/ajax/libs/mermaid/11.15.0/chunks/mermaid.esm/dagre-ZXKKJJHT.mjs,,16fa684734edfdb89a3ff9f3831cba884497e5d33e5c6db8cb21756fd722f317,0
https://cdnjs.cloudflare.com/ajax/libs/mermaid/11.15.0/chunks/mermaid.esm/diagram-AU3YPP64.mjs,,cf91c318599c7a829a48abc938f187bc88027438071ee2b43c6a115b65d9e96c,0
https://cdnjs.cloudflare.com/ajax/libs/mermaid/11.15.0/chunks/mermaid.esm/diagram-CAG56N7L.mjs,,12c786640b13d4cda9656fb8ea96a30de436e0807740b0c0ebb7f6555cee543d,0
https://cdnjs.cloudflare.com/ajax/libs/mermaid/11.15.0/chunks/mermaid.esm/diagram-N34NG4AO.mjs,,deefdf36e7e2a3b63984f7fceafd6437543b624fc261f5eb289ad0e37a9fde6f,0
https://cdnjs.cloudflare.com/ajax/libs/mermaid/11.15.0/chunks/mermaid.esm/diagram-OKXK7GIF.mjs,,43a92fde1f014668e32b1f0df70e4cecb2f7ed9f2f32e19dfc7f93069404abf3,0
https://cdnjs.cloudflare.com/ajax/libs/mermaid/11.15.0/chunks/mermaid.esm/diagram-ZEGC52LS.mjs,,eb10d98d48ac6a19ceb2c59a6a882a89cd73464f116302c5ed4e2f8df69a11bc,0
https://cdnjs.cloudflare.com/ajax/libs/mermaid/11.15.0/chunks/mermaid.esm/erDiagram-T2DQBZM5.mjs,,2a2345e56dadc53f9680f9ab7a17c296333be47a164a01645c593987fa5f251d,0
https://cdnjs.cloudflare.com/ajax/libs/mermaid/11.15.0/chunks/mermaid.esm/eventmodeling-FCH6USID-KPOGAU7Q.mjs,,43f6afa9652e7640b1e8b57cae7661322d4919ce3b74fe054f96001602f24ef8,0
https://cdnjs.cloudflare.com/ajax/libs/mermaid/11.15.0/chunks/mermaid.esm/flowDiagram-3HAHYXQ6.mjs,,868a03c119ea493ee443e66dc9a52ecd29c86ac05ae0b646f1d20b62a441ea74,0
https://cdnjs.cloudflare.com/ajax/libs/mermaid/11.15.0/chunks/mermaid.esm/ganttDiagram-2ISF3G2B.mjs,,dc5bb654d6cf4ce7cd8a981dc6426e1d77cd5b00bc249c160c3e4dc8f18531ed,0
https://cdnjs.cloudflare.com/ajax/libs/mermaid/11.15.0/chunks/mermaid.esm/gitGraph-WXDBUCRP-EUW4T63J.mjs,,f11364f714847e0e6b01c1ddd6e9b6f53b41106d42dd0b061ad2571da5bb0eda,0
https://cdnjs.cloudflare.com/ajax/libs/mermaid/11.15.0/chunks/mermaid.esm/gitGraphDiagram-6WOFZIJB.mjs,,466418bac583f47f30110b64406bebd2b37bd230f95cdc83f70ec45584c93ef3,0
https://cdnjs.cloudflare.com/ajax/libs/mermaid/11.15.0/chunks/mermaid.esm/info-J43DQDTF-ZY6QRYG4.mjs,,d280e68b372a20c055d7a3219c9d28cdcc5e1c8c6f0290f9e8dc89720a41621f,0
https://cdnjs.cloudflare.com/ajax/libs/mermaid/11.15.0/chunks/mermaid.esm/infoDiagram-EYWOMQDI.mjs,,e0909390d292dea92a179bc12b2591aec20a5ac3640a685d77e5f1431bbd04e8,0
https://cdnjs.cloudflare.com/ajax/libs/mermaid/11.15.0/chunks/mermaid.esm/ishikawaDiagram-RFIIXC3A.mjs,,ddf5288228cac50898943d74dda7a48b439e054905119c7289e75b7edb5cb763,0
https://cdnjs.cloudflare.com/ajax/libs/mermaid/11.15.0/chunks/mermaid.esm/journeyDiagram-MYZUOU3L.mjs,,4460919b83ef1794784efc238c2e47040a6174b66a65868954d1bae5d6154c68,0
https://cdnjs.cloudflare.com/ajax/libs/mermaid/11.15.0/chunks/mermaid.esm/kanban-definition-ERDM4LRJ.mjs,,3ec76c6a0015727c7dadfe135ae57367e69e09a21ad390a8b99f41a5c6140275,0
https://cdnjs.cloudflare.com/ajax/libs/mermaid/11.15.0/chunks/mermaid.esm/katex-4FWWIGR4.mjs,,f78cc0d8a425c6988cffeea5719236ec34749317bec242d6afa2b84b33d75ebb,0
https://cdnjs.cloudflare.com/ajax/libs/mermaid/11.15.0/chunks/mermaid.esm/mindmap-definition-AITDCVNG.mjs,,f53a5feddfecf67d80a1db5921c966291a47aa7a9494974734dd558bf2f03f35,0
https://cdnjs.cloudflare.com/ajax/libs/mermaid/11.15.0/chunks/mermaid.esm/packet-YPE3B663-JK7CTFV3.mjs,,9d1759312e3742279cb0c58733482fce71b3f294916726e89a6f91108125b84f,0
https://cdnjs.cloudflare.com/ajax/libs/mermaid/11.15.0/chunks/mermaid.esm/pie-LRSECV5Y-YQIUPWZK.mjs,,8b14889f9ed0bf76ada578ced5723d4a96aaa37437dfcaa347aea7d45a4211e1,0
https://cdnjs.cloudflare.com/ajax/libs/mermaid/11.15.0/chunks/mermaid.esm/pieDiagram-2C4A3L6T.mjs,,6aa9835819f8d22d533854c7718d2060b93936120cb01286ff59cf00b2b54975,0
https://cdnjs.cloudflare.com/ajax/libs/mermaid/11.15.0/chunks/mermaid.esm/quadrantDiagram-K3KQ5NL4.mjs,,3638bd74f04b470715246e8d2a45ddfe07a427ad8d24b8387c3fdcf7cefe5cf6,0
https://cdnjs.cloudflare.com/ajax/libs/mermaid/11.15.0/chunks/mermaid.esm/radar-GUYGQ44K-S4BGN5FN.mjs,,c9f629ddcad51ea25de6305d0e5ca1e281e6fd27a629ff7bdd0e956d6c5b47a4,0
https://cdnjs.cloudflare.com/ajax/libs/mermaid/11.15.0/chunks/mermaid.esm/requirementDiagram-WYUPVDHP.mjs,,1f4faa84ea9f3867095b3df049e169a859f753adceff0fa03a8fbe3fd96647b4,0
https://cdnjs.cloudflare.com/ajax/libs/mermaid/11.15.0/chunks/mermaid.esm/sankeyDiagram-TAHJUD2B.mjs,,abbc3edda4d274e205ed6abe6e862f97ef61e3a7a05c95bbbc77fa51a2dcba9c,0
https://cdnjs.cloudflare.com/ajax/libs/mermaid/11.15.0/chunks/mermaid.esm/sequenceDiagram-37ID66UD.mjs,,f4147a952ff2d995c073d11c9e41ff5394194f3be3e7962a5213765c6a33b0f5,0
https://cdnjs.cloudflare.com/ajax/libs/mermaid/11.15.0/chunks/mermaid.esm/stateDiagram-FKBH27AD.mjs,,c93b0875821aea63d89fa00a68b1f50435b54d2d301e1949f3a85e26767a5324,0
https://cdnjs.cloudflare.com/ajax/libs/mermaid/11.15.0/chunks/mermaid.esm/stateDiagram-v2-PT3EUVB6.mjs,,6d2f41a6d2bed0c6aaa188387ab947be09d89f488af7071ea08552ae0a758f09,0
https://cdnjs.cloudflare.com/ajax/libs/mermaid/11.15.0/chunks/mermaid.esm/timeline-definition-VWZII4OX.mjs,,c5e88176d0977f4528ecc196625aabded91f6d140c09ffce6516f8b9d5a0e3a1,0
https://cdnjs.cloudflare.com/ajax/libs/mermaid/11.15.0/chunks/mermaid.esm/treemap-LRROVOQU-URWGPAEI.mjs,,94d116c10334e22383fb42e579476df8edaaadd236b687c3f7d0732caf75bb0e,0
https://cdnjs.cloudflare.com/ajax/libs/mermaid/11.15.0/chunks/mermaid.esm/treeView-BLDUP644-Z5PZNN5R.mjs,,3b14545d2188d14131d7bf0c32095541ad3928eb8a68510bf793e4099bbf0aac,0
https://cdnjs.cloudflare.com/ajax/libs/mermaid/11.15.0/chunks/mermaid.esm/vennDiagram-CDPVD3PM.mjs,,7c606208dab42dc0ad64bb68d4e8d41f8d141e8cbeabf62fb785d20d6e4f1ba6,0
https://cdnjs.cloudflare.com/ajax/libs/mermaid/11.15.0/chunks/mermaid.esm/wardley-L42UT6IY-YAZPMKU5.mjs,,2e2ca089453bd2cbfd8652c630e2d8a638f421d96996cb136bacff814f5ed1ab,0
https://cdnjs.cloudflare.com/ajax/libs/mermaid/11.15.0/chunks/mermaid.esm/wardleyDiagram-OB3YXH5L.mjs,,f8309f56272f33d70d4a07038e3bd87a8a5d985bef7d5ae04f813d9d8a583621,0
https://cdnjs.cloudflare.com/ajax/libs/mermaid/11.15.0/chunks/mermaid.esm/xychartDiagram-2MMURBJR.mjs,,875dd5a70982fc740b4d7258e22fd748d761ffd88fae0768acfbb8735b0e88bf,0
https://cdnjs.cloudflare.com/ajax/libs/mermaid/11.15.0/mermaid.core.mjs,,f763b7681a0dace9133d5d5aaeb361cccb5c6389222f226f9aa4ac2a0fc82e03,0
https://cdnjs.cloudflare.com/ajax/libs/mermaid/11.15.0/mermaid.esm.min.mjs,,efda9be228b49c4ab90d6b515a920eda2f3fc683a66d7dd3c0196bccb355d1fa,0
https://cdnjs.cloudflare.com/ajax/libs/mermaid/11.15.0/mermaid.esm.mjs,,6158d283efde1792df4136c715635bdf61462766c102d14f992b516d97665420,0
https://cdnjs.cloudflare.com/ajax/libs/mermaid/11.15.0/mermaid.js,,84085f29b92ed0be18d8abe0f9af7dce9726bad28ede9619f142b8827ca592f7,0
https://cdnjs.cloudflare.com/ajax/libs/mermaid/11.15.0/mermaid.min.js,,70137e77bb273bb2ef972b86e8b0400cca8be53cb25bfc45911a186dc98665de,0
https://cdnjs.cloudflare.com/ajax/libs/mocha/12.0.0/mocha.css,,901ff95fdb6bc954c85fd7ad79095d1a1321faf63f2ef282f172868c0605aa8e,0
https://cdnjs.cloudflare.com/ajax/libs/mocha/12.0.0/mocha.js,,928dbe2ad57174f9d540fc02bfec60160cc3fa03ae0abcb2ec22f4c143729ab1,0
https://cdnjs.cloudflare.com/ajax/libs/mocha/12.0.0/mocha.min.css,,f1aaf1a08a505b4d5d8129fb12a44c1c9f144ceb7a400ec54f7c029cdd79a991,0
https://cdnjs.cloudflare.com/ajax/libs/mocha/12.0.0/mocha.min.js,,0cf169c544ea413393bd7747db0e811bd0c2b6986f9d2db03f91c9cbc54ddf45,0
https://cdnjs.cloudflare.com/ajax/libs/moment.js/2.30.1/locale/af.js,,c59e2f2d09098829d00f5dab85e6ec623f6aa9e70285ec2aac12030a014e4161,0
https://cdnjs.cloudflare.com/ajax/libs/moment.js/2.30.1/locale/af.min.js,,b34bec42e01f4d3bd9437b05330a286b3e71c5b4a31fe64191c5e90ac2afa0a2,0
https://cdnjs.cloudflare.com/ajax/libs/moment.js/2.30.1/locale/ar-dz.js,,0af164ea2d9615077c31029df784b1b61ee3e4675efb32060299bfcebffb12c5,0
https://cdnjs.cloudflare.com/ajax/libs/moment.js/2.30.1/locale/ar-dz.min.js,,4708a9dfcd83eb392f1d5e3878962167e806fc4ccb8a05a12b3a1a6989fa0c25,0
https://cdnjs.cloudflare.com/ajax/libs/moment.js/2.30.1/locale/ar-kw.js,,ebcd2afd129890e49aa91cbd6718916ceb743122a4d264c681a533d8066de673,0
https://cdnjs.cloudflare.com/ajax/libs/moment.js/2.30.1/locale/ar-kw.min.js,,bba9f6cd567a06618bad2ed49bad732f7b7a5b41928ffde5c763df7452896f6c,0
https://cdnjs.cloudflare.com/ajax/libs/moment.js/2.30.1/locale/ar-ly.js,,34eeb5e0f809a13192fb25bac6743da67b4660d776b6d50387a8ead1bb957e2c,0
https://cdnjs.cloudflare.com/ajax/libs/moment.js/2.30.1/locale/ar-ly.min.js,,b1c7570326da7c4114df158b6c5f4f9d4bbbdf5cc6bdc4c7605510fde808ee0f,0
https://cdnjs.cloudflare.com/ajax/libs/moment.js/2.30.1/locale/ar-ma.js,,ae28a7c4d994a1d4059f2dc1e6385182f3d5aab262d637a6bdfc80f3e3f5471e,0
https://cdnjs.cloudflare.com/ajax/libs/moment.js/2.30.1/locale/ar-ma.min.js,,8c96a957b79f2773b2392237eb28f601e0e56c9ce87715baa6462c915a221e4d,0
https://cdnjs.cloudflare.com/ajax/libs/moment.js/2.30.1/locale/ar-ps.js,,728ef03c0b043054dc0d190937baaa86cfa50696ce72d04fe6bb48a40f3ab566,0
https://cdnjs.cloudflare.com/ajax/libs/moment.js/2.30.1/locale/ar-ps.min.js,,f519e733247116f090fa5e989ce8d7e56cd41fd0127a70cda57eac73cfb9d3aa,0
https://cdnjs.cloudflare.com/ajax/libs/moment.js/2.30.1/locale/ar-sa.js,,4913900a380ed33b662fc5299fda05cfba74367870ba23f3d9db5dfd0775c876,0
https://cdnjs.cloudflare.com/ajax/libs/moment.js/2.30.1/locale/ar-sa.min.js,,f37cd8307a0a68bdb3221f57e9518ec1090e7fefac8137301365fbf8cbcd5ef0,0
https://cdnjs.cloudflare.com/ajax/libs/moment.js/2.30.1/locale/ar-tn.js,,2b6a611f7d21a0752d9101347b22943dcdd91293f7e09ac11c3b04cee41f594f,0
https://cdnjs.cloudflare.com/ajax/libs/moment.js/2.30.1/locale/ar-tn.min.js,,27aa9afe06ce877aba4424a47425dd724aaccf568e8f21f210b74b877cce4249,0
https://cdnjs.cloudflare.com/ajax/libs/moment.js/2.30.1/locale/ar.js,,d49b0390cae06c6439cf3cf61047fa9e1ae02efa3c05fa265d876b94a0505770,0
https://cdnjs.cloudflare.com/ajax/libs/moment.js/2.30.1/locale/ar.min.js,,43b56cfb3ba01a3904dda09c629560b1c6c8499274147144527cae13834d3a7d,0
https://cdnjs.cloudflare.com/ajax/libs/moment.js/2.30.1/locale/az.js,,21cfe14e920b3edc4bc394709929f61aa5f2f9e51d3ca0c6edd1e51f29d7e3c9,0
https://cdnjs.cloudflare.com/ajax/libs/moment.js/2.30.1/locale/az.min.js,,24d75bb288be399b3b5b6950088b700426deaee6cbc315c81f3b01e902d59a1b,0
https://cdnjs.cloudflare.com/ajax/libs/moment.js/2.30.1/locale/be.js,,e6632a4dc48d68fde0a5e62dd4d29fd28517339897ca69ec97bd1d1631fc68a6,0
https://cdnjs.cloudflare.com/ajax/libs/moment.js/2.30.1/locale/be.min.js,,1f9312cffc1f4abf1e964bdfd88bb31741373b51872fc41dc58b76bdb5c2844d,0
https://cdnjs.cloudflare.com/ajax/libs/moment.js/2.30.1/locale/bg.js,,0d034309eedbd03f17e22dbd963c8cc8d490c8e877f39c6c4081636d1cd28fca,0
https://cdnjs.cloudflare.com/ajax/libs/moment.js/2.30.1/locale/bg.min.js,,92ef8aae9ca870847d6fe80b1a5015af17bd7ce593a914e40d84999c75f34589,0
https://cdnjs.cloudflare.com/ajax/libs/moment.js/2.30.1/locale/bm.js,,1f3217d69f6512ea3984fb7428e1afe0c7779cf3822582c52e6eaa8982ac23b1,0
https://cdnjs.cloudflare.com/ajax/libs/moment.js/2.30.1/locale/bm.min.js,,239b808703fdde12c2f6985d93f7d47b97949ee905238dd502c590896974064d,0
https://cdnjs.cloudflare.com/ajax/libs/moment.js/2.30.1/locale/bn-bd.js,,87296cd8b904b633d89b0a72b779aaf04e8d625fd8ed772e3227046b3a3acf80,0
https://cdnjs.cloudflare.com/ajax/libs/moment.js/2.30.1/locale/bn-bd.min.js,,4cbb01943efd227b24c8ec293e03648f3589733cfb51140222d1a3484a24e3ae,0
https://cdnjs.cloudflare.com/ajax/libs/moment.js/2.30.1/locale/bn.js,,a43f974ec15f638e67cec9d73cb33c339ce7cb35bb7041b478a930197977a890,0
https://cdnjs.cloudflare.com/ajax/libs/moment.js/2.30.1/locale/bn.min.js,,e6ad0247b362ad80797c2139d2854a43cfa88956fb58e6e9d4675711e071c366,0
https://cdnjs.cloudflare.com/ajax/libs/moment.js/2.30.1/locale/bo.js,,dbf83d196ab69149d5f056a2b44e06441626f1e5d3c3aa1a300e64dc5150565f,0
https://cdnjs.cloudflare.com/ajax/libs/moment.js/2.30.1/locale/bo.min.js,,9145e37c366abf8cbac46a191488649f8e5801ddb142cf4197f2645600345cf1,0
https://cdnjs.cloudflare.com/ajax/libs/moment.js/2.30.1/locale/br.js,,35b4113f7552400639dc76ea40d55f1be6f44af2eaf4289e7c37e4e657522ba4,0
https://cdnjs.cloudflare.com/ajax/libs/moment.js/2.30.1/locale/br.min.js,,9a08a61d529e0d430fe230fb93a48ade4e6befd80d652aab808dd4de5aeeca36,0
https://cdnjs.cloudflare.com/ajax/libs/moment.js/2.30.1/locale/bs.js,,daadd0b2ed26097a529ccad26de3b13c39c2582b5e2635610bc6422328526587,0
https://cdnjs.cloudflare.com/ajax/libs/moment.js/2.30.1/locale/bs.min.js,,2db6bb7da786587cb7051777a3cd9bc1c6a3d321a4686da3074a47a87c92e4f5,0
https://cdnjs.cloudflare.com/ajax/libs/moment.js/2.30.1/locale/ca.js,,2eb9d155862667b3f5985f06e5817a2df194831b73ce5f36b410612c7393f627,0
https://cdnjs.cloudflare.com/ajax/libs/moment.js/2.30.1/locale/ca.min.js,,414127c17dd1d148622f9af2202257d516f048da07dd944599f38a41f2b90d4b,0
https://cdnjs.cloudflare.com/ajax/libs/moment.js/2.30.1/locale/cs.js,,2d62b3eed32309379961b1d0b725614585855b0e12b82d9ae72228d8990beeb9,0
https://cdnjs.cloudflare.com/ajax/libs/moment.js/2.30.1/locale/cs.min.js,,801fab32c822c62047efa2efba212f04809c3ba2cfc9fc24de64077d1bd166ad,0
https://cdnjs.cloudflare.com/ajax/libs/moment.js/2.30.1/locale/cv.js,,423c41974cdb3b526fdf0b0bcd582f20590d2f3ba878ec0bffeb1d0bc89b8c29,0
https://cdnjs.cloudflare.com/ajax/libs/moment.js/2.30.1/locale/cv.min.js,,b55189c1b2794af8bf071a13ae3b7e78721befe2d3f448f1c02c0ccb6a7d0f37,0
https://cdnjs.cloudflare.com/ajax/libs/moment.js/2.30.1/locale/cy.js,,05d100692e8cdd4a6b3b0eb56eb37c9c64dacab3254aaeba18c24689b18a6cf8,0
https://cdnjs.cloudflare.com/ajax/libs/moment.js/2.30.1/locale/cy.min.js,,807530f678aa50c6dcfe4c26dae7d2c49dbee40ef5209ad73cd609e07644a4d6,0
https://cdnjs.cloudflare.com/ajax/libs/moment.js/2.30.1/locale/da.js,,891e90544d1061ea578b51173a2dc4638c0e9af95cc2986f1f89ad5008e301e7,0
https://cdnjs.cloudflare.com/ajax/libs/moment.js/2.30.1/locale/da.min.js,,8750e74e4593ac0a83d2d6a009aec3f39852b0c5435f918de5ad21b0955ad0e3,0
https://cdnjs.cloudflare.com/ajax/libs/moment.js/2.30.1/locale/de-at.js,,0575c8ba66974f2eb3d7d74e16a265c40dbfe7802cefdecc9f196f92c0ecee97,0
https://cdnjs.cloudflare.com/ajax/libs/moment.js/2.30.1/locale/de-at.min.js,,f9ceeafdee53bfbf4d4787f53cfe8b9084ca325f96af7e5d84c7c55dfe72d9d8,0
https://cdnjs.cloudflare.com/ajax/libs/moment.js/2.30.1/locale/de-ch.js,,b3c3d71abc98200d579cbbef89d470a6cbb272c4faa71e31232a68ef6451edd4,0
https://cdnjs.cloudflare.com/ajax/libs/moment.js/2.30.1/locale/de-ch.min.js,,892feeccff0cf42ff8ea418f87acc9e384a95984accb057deed8a8e18bdc3f7b,0
https://cdnjs.cloudflare.com/ajax/libs/moment.js/2.30.1/locale/de.js,,20fb0d0967e2720d135a6894165bf96e327b42bdedcbf45a9b2f9e44da7986dc,0
https://cdnjs.cloudflare.com/ajax/libs/moment.js/2.30.1/locale/de.min.js,,2eb90600e22ce90e6844795c66dcb5e8b3a703c621dbcf27423c410a6f66da1e,0
https://cdnjs.cloudflare.com/ajax/libs/moment.js/2.30.1/locale/dv.js,,94a1563faab9fe61f359a515042f56e2672886200e084de98bbd98769f71ba69,0
https://cdnjs.cloudflare.com/ajax/libs/moment.js/2.30.1/locale/dv.min.js,,e9cd32d5a89327c360746cd6dc7fee4a70bd05d324e687f63e3c41152dc148de,0
https://cdnjs.cloudflare.com/ajax/libs/moment.js/2.30.1/locale/el.js,,a73fa8b59dd099d28a7824980577379437273f6ef35a90409cf36492bc2b3600,0
https://cdnjs.cloudflare.com/ajax/libs/moment.js/2.30.1/locale/el.min.js,,22332e204a00bf387d853edb439defc934efdfec8dac5c90347c88b3a90023ce,0
https://cdnjs.cloudflare.com/ajax/libs/moment.js/2.30.1/locale/en-au.js,,4cb3b96d7c22b17c7410a0192dd7d6e274e27029ea2bfe267eae41508892dce4,0
https://cdnjs.cloudflare.com/ajax/libs/moment.js/2.30.1/locale/en-au.min.js,,edbb1138ec9bd850e056dfa74ece7052f12852db5a6009868ebc2117f32313f0,0
https://cdnjs.cloudflare.com/ajax/libs/moment.js/2.30.1/locale/en-ca.js,,1ea874e69f3e23dcbb671a937eccef0e7af36b27124d5050e36fcaae8a2e98bd,0
https://cdnjs.cloudflare.com/ajax/libs/moment.js/2.30.1/locale/en-ca.min.js,,a1f26d2f16c45d49e45fe0f70e5b2abda605ceb80749f6b6d8e4263e9900fa61,0
https://cdnjs.cloudflare.com/ajax/libs/moment.js/2.30.1/locale/en-gb.js,,46f4de0ead36f0ae0b6ec8fa35a4d8b0443891092393b4fdb6348ded15e46b26,0
https://cdnjs.cloudflare.com/ajax/libs/moment.js/2.30.1/locale/en-gb.min.js,,b163490489d6f500971920b190c350a38cafc67ef7eaeb44d5822f80719c59d3,0
https://cdnjs.cloudflare.com/ajax/libs/moment.js/2.30.1/locale/en-ie.js,,08a681bf4b42e9b7f289f722a3b1b277d1a1d90c3aa201742d8789fdd19306e8,0
https://cdnjs.cloudflare.com/ajax/libs/moment.js/2.30.1/locale/en-ie.min.js,,52e13589bb56e143502b56010b80bfa5db962ca5ae8ecdcc648462a5fd8ab667,0
https://cdnjs.cloudflare.com/ajax/libs/moment.js/2.30.1/locale/en-il.js,,841d4ce27a29a408815e95c4698f6b8ed31282d66d8ae6469dde5af980cbce63,0
https://cdnjs.cloudflare.com/ajax/libs/moment.js/2.30.1/locale/en-il.min.js,,fbb985d22fdf157f3c163a75cc8b472fe83d38a882372487a1e45b439bc9560f,0
https://cdnjs.cloudflare.com/ajax/libs/moment.js/2.30.1/locale/en-in.js,,89dcdf4b519a8269cdcea976b22b79fb6d59382a79c567b751ea66f3eac76c70,0
https://cdnjs.cloudflare.com/ajax/libs/moment.js/2.30.1/locale/en-in.min.js,,45bd93cf6229b02d95e7dc963c0e456016bb8753fa1aa3ceeb9ce1b988cb357f,0
https://cdnjs.cloudflare.com/ajax/libs/moment.js/2.30.1/locale/en-nz.js,,7193070cfccb8f43549e8947983c3ef79a8f5f332d8b95213ea38632cbee5e77,0
https://cdnjs.cloudflare.com/ajax/libs/moment.js/2.30.1/locale/en-nz.min.js,,959b52498e30dbc111320f0344943813173045ad6459ffadf6e1395a09ac9c84,0
https://cdnjs.cloudflare.com/ajax/libs/moment.js/2.30.1/locale/en-sg.js,,8562045977f6ddba5a441b98601f9a46065caee9e0ca4cab1b6089fda75b92d8,0
https://cdnjs.cloudflare.com/ajax/libs/moment.js/2.30.1/locale/en-sg.min.js,,72127fc0ab4d7b9fa0c614fb5177cdc3fdc2ab10db7b48d641f5d09699b22bb3,0
https://cdnjs.cloudflare.com/ajax/libs/moment.js/2.30.1/locale/eo.js,,823d3e21f85f9d3801f7004cc5cde82d5f45d98e977979322543a65908411e4c,0
https://cdnjs.cloudflare.com/ajax/libs/moment.js/2.30.1/locale/eo.min.js,,53bbbdf2f5ae24e19c22899887ce76bcc5883cab52990b6da1a7a0cf73c59f04,0
https://cdnjs.cloudflare.com/ajax/libs/moment.js/2.30.1/locale/es-do.js,,a1d29019dcff0ce2a11cdf97018c20e99fbcb739163c059ad8bf2408f77d3161,0
https://cdnjs.cloudflare.com/ajax/libs/moment.js/2.30.1/locale/es-do.min.js,,d345bf2120ce26d583e4e96e20c14fd911d8a6e688a667ec207f1cc3d250c8fd,0
https://cdnjs.cloudflare.com/ajax/libs/moment.js/2.30.1/locale/es-mx.js,,a233573f641cc9c93c87b555fc5564c2e5ebb97e251338e971ba76e74d512646,0
https://cdnjs.cloudflare.com/ajax/libs/moment.js/2.30.1/locale/es-mx.min.js,,815349e49660ed022e56b1656e174913d35a2978d1321056a9c86f61fd7c1a68,0
https://cdnjs.cloudflare.com/ajax/libs/moment.js/2.30.1/locale/es-us.js,,3923c6bd6137387d5edc62f6dc0174cc9eef8363238c16eef78bd9d9c69bfafc,0
https://cdnjs.cloudflare.com/ajax/libs/moment.js/2.30.1/locale/es-us.min.js,,60e3cf606e370e78f9463b242ab766bbb6b4d8d12e37c4ee23024b12b217a5ce,0
https://cdnjs.cloudflare.com/ajax/libs/moment.js/2.30.1/locale/es.js,,2a8f1790d492fc338933a032a862f99998f31bcaf7a0e4fc298b6a3cb04cdf7e,0
https://cdnjs.cloudflare.com/ajax/libs/moment.js/2.30.1/locale/es.min.js,,935c81a36fb830db1b080681497606a40a62434633ea92293df8310a6c75697f,0
https://cdnjs.cloudflare.com/ajax/libs/moment.js/2.30.1/locale/et.js,,95c974679dba419b7d835fa51340c430bd0066bdc38a7a139caa575b67389d7e,0
https://cdnjs.cloudflare.com/ajax/libs/moment.js/2.30.1/locale/et.min.js,,511d18f18cd8bbac90882f3b13d195409644da61951db435b46668714b324e88,0
https://cdnjs.cloudflare.com/ajax/libs/moment.js/2.30.1/locale/eu.js,,ecbc07cdb215cf9996405fa56ef306761ec6a9383e19a53c2b45d6a1c5c4dc68,0
https://cdnjs.cloudflare.com/ajax/libs/moment.js/2.30.1/locale/eu.min.js,,fe563cdd2c31c9134af5528834125aaadd9a100c8d8c2a7dd344a1e50b85e9a9,0
https://cdnjs.cloudflare.com/ajax/libs/moment.js/2.30.1/locale/fa.js,,15ca66ce1faa865c68998fcc8ab1160207636b9161ad76f7cf7acd0d7c0ebd1f,0
https://cdnjs.cloudflare.com/ajax/libs/moment.js/2.30.1/locale/fa.min.js,,d4d31d8385100b6fec50d926e3fb9a77f02da76b9afe9ed8519092d91c8ef1a9,0
https://cdnjs.cloudflare.com/ajax/libs/moment.js/2.30.1/locale/fi.js,,1339d4170019588a6764a56236c2a7c5b2389ace52a9ec5e8c09f1997935741f,0
https://cdnjs.cloudflare.com/ajax/libs/moment.js/2.30.1/locale/fi.min.js,,9233d3f56b8cfdef977941f56b31c8ddd5312dc20b00dc70a4ab48ded231bb30,0
https://cdnjs.cloudflare.com/ajax/libs/moment.js/2.30.1/locale/fil.js,,d24cac0d0069d89c48b4c8cee34cddcb7e39892c91f07b884574fe0cafb66ef7,0
https://cdnjs.cloudflare.com/ajax/libs/moment.js/2.30.1/locale/fil.min.js,,f569df7cdc8fdb801f94f824cae0084958f7c55ace29b8af86ff86779e7751d5,0
https://cdnjs.cloudflare.com/ajax/libs/moment.js/2.30.1/locale/fo.js,,6338de573601e330030918569b8d2f80f98a57754e748a03ff56e3672fa25be7,0
https://cdnjs.cloudflare.com/ajax/libs/moment.js/2.30.1/locale/fo.min.js,,3b6c6e3b265283f4c9b1db4db6fbaaddb0755a88d600ecbb35556f27c474c4f7,0
https://cdnjs.cloudflare.com/ajax/libs/moment.js/2.30.1/locale/fr-ca.js,,59c5acfba5605fa641721bf16123300164ccc043f4bad6009aa8d880b159124a,0
https://cdnjs.cloudflare.com/ajax/libs/moment.js/2.30.1/locale/fr-ca.min.js,,eb27642729a930dc334c7392e6cdea8f302accbdf39f995b3665e474bf024dfb,0
https://cdnjs.cloudflare.com/ajax/libs/moment.js/2.30.1/locale/fr-ch.js,,b32f50aa3d147ba5441d7728a45bce592125fd0a97117ca4b93b32c6393d847d,0
https://cdnjs.cloudflare.com/ajax/libs/moment.js/2.30.1/locale/fr-ch.min.js,,6bf54c8f559f1baa288be406715a10efa7cdd1bde90a85a4ebfa3f5aed2addb4,0
https://cdnjs.cloudflare.com/ajax/libs/moment.js/2.30.1/locale/fr.js,,d87b4eb850bc7742c104557450d0a70d18a48a917335221af08d23850667523e,0
https://cdnjs.cloudflare.com/ajax/libs/moment.js/2.30.1/locale/fr.min.js,,6716e1fbf6d0c0f086b71e077f2b4fe59a0bbd89e8b1248440d71e24a4df78f3,0
https://cdnjs.cloudflare.com/ajax/libs/moment.js/2.30.1/locale/fy.js,,c33ae59d9a05aca0dbe86d74bff25eb44d04ee97b738034fcb72a21b73ec1cf1,0
https://cdnjs.cloudflare.com/ajax/libs/moment.js/2.30.1/locale/fy.min.js,,ff67ae317e639b85d625c555caaed84dabe2083fc9e1dad66ae67345157cc0a1,0
https://cdnjs.cloudflare.com/ajax/libs/moment.js/2.30.1/locale/ga.js,,fc6d5d441553b23b5ebc3c79896499a093a3285f1e6134a680b8899b5cca4c86,0
https://cdnjs.cloudflare.com/ajax/libs/moment.js/2.30.1/locale/ga.min.js,,ce491c4b5a76249aac62cf4cb97a4ae056107d2d57f3110d0613e3d4558835c6,0
https://cdnjs.cloudflare.com/ajax/libs/moment.js/2.30.1/locale/gd.js,,efa1d779f65671809a63f900479c69bed19c262f2fe7936076793bd13deda080,0
https://cdnjs.cloudflare.com/ajax/libs/moment.js/2.30.1/locale/gd.min.js,,2ef78dca117360cb843d617b10333356eb8753b82fa2f7f510991b937a5c3f00,0
https://cdnjs.cloudflare.com/ajax/libs/moment.js/2.30.1/locale/gl.js,,825e6fad55094c13118d2cada0b6c5945a97ea9b647686c2b00dc6980bea4608,0
https://cdnjs.cloudflare.com/ajax/libs/moment.js/2.30.1/locale/gl.min.js,,a4ac690aa6b0366edd642455ab687f895545dd354d8f3d5c060b73f4ff34e285,0
https://cdnjs.cloudflare.com/ajax/libs/moment.js/2.30.1/locale/gom-deva.js,,ff5ebf00d100f610caa956ea22c45584e34067f762c2e9811326d5903ccd819c,0
https://cdnjs.cloudflare.com/ajax/libs/moment.js/2.30.1/locale/gom-deva.min.js,,7259ac7ff4efeb468e978553351fabe17fb5df9c83cdfe7544feb4e38bbd8f73,0
https://cdnjs.cloudflare.com/ajax/libs/moment.js/2.30.1/locale/gom-latn.js,,caa6b3cafb8d463c7cb0b47783b84d7f7637f685b8d33d1224548f7f9a124cd5,0
https://cdnjs.cloudflare.com/ajax/libs/moment.js/2.30.1/locale/gom-latn.min.js,,bbffb625ddf3c74455853be683d959b567c140ed030de9510838e1a3ac8beadd,0
https://cdnjs.cloudflare.com/ajax/libs/moment.js/2.30.1/locale/gu.js,,5155f3aa5fe43b18c7b06cf02ff6e9d6c157d7da822c658fbd8e2f0edceef161,0
https://cdnjs.cloudflare.com/ajax/libs/moment.js/2.30.1/locale/gu.min.js,,a94403df794eb64170a40f9670d0bc9d89d32d6f638aec999100230e23c9b8c7,0
https://cdnjs.cloudflare.com/ajax/libs/moment.js/2.30.1/locale/he.js,,93b540d4f1bc21d5668854475e8efd2d6fcaa2f596704752a586ce07d471d475,0
https://cdnjs.cloudflare.com/ajax/libs/moment.js/2.30.1/locale/he.min.js,,cf83c50064ffaf0191e18752f1d5b53924017b4a006cde2efcc8ab922f239208,0
https://cdnjs.cloudflare.com/ajax/libs/moment.js/2.30.1/locale/hi.js,,482f9289851cc5add17895787d427259acf8d9467db37000d383021aa097a1e3,0
https://cdnjs.cloudflare.com/ajax/libs/moment.js/2.30.1/locale/hi.min.js,,fd90b83693a92f476378c83f696ec597b72410f70d9811c215c65a87b452a06a,0
https://cdnjs.cloudflare.com/ajax/libs/moment.js/2.30.1/locale/hr.js,,4af37cc6b498a4c3418f0b5d90efe5354422b3d158681454dc2eedee31ce1469,0
https://cdnjs.cloudflare.com/ajax/libs/moment.js/2.30.1/locale/hr.min.js,,df9daefa66ef9d323e9c06299672015b941e9a107793f16c0f468e1c62614c4b,0
https://cdnjs.cloudflare.com/ajax/libs/moment.js/2.30.1/locale/hu.js,,518c3c1b849d41be9ef9673726ac3c71290096a727ff29c9edfb0f7489e3253f,0
https://cdnjs.cloudflare.com/ajax/libs/moment.js/2.30.1/locale/hu.min.js,,aa3120523f1d98dab187e385c154ad020736bd1a1d7e8e3bace2554b7d28f3ca,0
https://cdnjs.cloudflare.com/ajax/libs/moment.js/2.30.1/locale/hy-am.js,,2c3bf5ef8c5162c7c4ed0ce4b144fad24eefd691911d7c8b86c21cab84f3bfe6,0
https://cdnjs.cloudflare.com/ajax/libs/moment.js/2.30.1/locale/hy-am.min.js,,27b83af4a1ad34b50fa7e17b0b1b7294092af20a465812fc1268a4a2809bf3ae,0
https://cdnjs.cloudflare.com/ajax/libs/moment.js/2.30.1/locale/id.js,,036154641aa4cba94ac8a65b98af75d2fa0ec29156674947d1148fa146689dc3,0
https://cdnjs.cloudflare.com/ajax/libs/moment.js/2.30.1/locale/id.min.js,,4ba62f8728c1a9ef5d149f4ad0a34266dc463552c84bd40c1cab34f8c00a9339,0
https://cdnjs.cloudflare.com/ajax/libs/moment.js/2.30.1/locale/is.js,,6943c853ee0ad65ad2e3e38baecc90dc8088071f10406ee8a5ad995d7cf5f6e6,0
https://cdnjs.cloudflare.com/ajax/libs/moment.js/2.30.1/locale/is.min.js,,24e1b9d84341956a2b35d49647754dc4589bb95388df676c8496e758cb86e3c0,0
https://cdnjs.cloudflare.com/ajax/libs/moment.js/2.30.1/locale/it-ch.js,,9670e2244dd63556408fc20671fd763fb91be52041eee92934710e75e2b3b7fa,0
https://cdnjs.cloudflare.com/ajax/libs/moment.js/2.30.1/locale/it-ch.min.js,,6e0962882e32ce4fae958fc71146560aadd747a631b2b64345d0817a6369ee07,0
https://cdnjs.cloudflare.com/ajax/libs/moment.js/2.30.1/locale/it.js,,3a4c8a3341d0461e91a7191610b06c255b8293cf7e7bdeedabe6b2381f64d754,0
https://cdnjs.cloudflare.com/ajax/libs/moment.js/2.30.1/locale/it.min.js,,bdbc628c0366f21860896344595956c46414515078de5113ed5f73449fff3ca5,0
https://cdnjs.cloudflare.com/ajax/libs/moment.js/2.30.1/locale/ja.js,,9720de4592dd94861f2fabb51110533fe44620f517e50448dd828a7f2eef7009,0
https://cdnjs.cloudflare.com/ajax/libs/moment.js/2.30.1/locale/ja.min.js,,cbc5e69ee595864591f6e8948d1f5f2931f89ec0fe60615adbb1c31fbfd1f86d,0
https://cdnjs.cloudflare.com/ajax/libs/moment.js/2.30.1/locale/jv.js,,707617feaac7459e5d5c39ff3ea4a5e5da0cf398384902c1cd5975cbd1a113cd,0
https://cdnjs.cloudflare.com/ajax/libs/moment.js/2.30.1/locale/jv.min.js,,7975337a92bf72bb691df572421785d1dddea6d4ab6488444b7f8504f5c5532f,0
https://cdnjs.cloudflare.com/ajax/libs/moment.js/2.30.1/locale/ka.js,,2c15068d2ceb1f34e4b92f95710b181bd1034410b8a96ae15dd11ee24d0ff0fa,0
https://cdnjs.cloudflare.com/ajax/libs/moment.js/2.30.1/locale/ka.min.js,,16239e384bf23480c805b7aca7e66cc617f62aed889963d766b33a55409bace8,0
https://cdnjs.cloudflare.com/ajax/libs/moment.js/2.30.1/locale/kk.js,,430c86f6c0ea0199d8622045883048b35875bea37b44424663bbe573056ec981,0
https://cdnjs.cloudflare.com/ajax/libs/moment.js/2.30.1/locale/kk.min.js,,f5523ea0221656f73d9da1f0f1b65687d4f2b07015154b38fa011e6575b68fbc,0
https://cdnjs.cloudflare.com/ajax/libs/moment.js/2.30.1/locale/km.js,,01b837409a1ee03d8269886915f10ae1b9460b2cc42cc5f6fac862f7360ba103,0
https://cdnjs.cloudflare.com/ajax/libs/moment.js/2.30.1/locale/km.min.js,,2bf2956f9884298a8371cf2cc317cf8511ba15f12fab7265397a787e690f1533,0
https://cdnjs.cloudflare.com/ajax/libs/moment.js/2.30.1/locale/kn.js,,9673f6d7a10086cda8228f1c080ec032e8f34e3a3de2f1413582e0a6cc6f2128,0
https://cdnjs.cloudflare.com/ajax/libs/moment.js/2.30.1/locale/kn.min.js,,a746f80ebe9a1f522ea874a709d98acbf951c68efc996ffbb468052dcb496701,0
https://cdnjs.cloudflare.com/ajax/libs/moment.js/2.30.1/locale/ko.js,,f15f592b5d7d5bbbd061c5ad31d4c45f462ad43acad74808c6a7105b108ec0eb,0
https://cdnjs.cloudflare.com/ajax/libs/moment.js/2.30.1/locale/ko.min.js,,3759d8b1d36d802740e07d9265c963a426214a2b9eb10c5908f6339b46d31b6a,0
https://cdnjs.cloudflare.com/ajax/libs/moment.js/2.30.1/locale/ku-kmr.js,,9dbb3d95e4b5b82e5f31b0c023abec9a2b327834624841c23e8f069a14c32b24,0
https://cdnjs.cloudflare.com/ajax/libs/moment.js/2.30.1/locale/ku-kmr.min.js,,73c9a8d242612d4cc757fa8f0bf71c12abc4cabe96af3fbb52b3ed231e13abcf,0
https://cdnjs.cloudflare.com/ajax/libs/moment.js/2.30.1/locale/ku.js,,816c9c27f4237f1fa595c5be0a60b7e5c58ec0336d5a908e03f73fd8596e1caf,0
https://cdnjs.cloudflare.com/ajax/libs/moment.js/2.30.1/locale/ku.min.js,,1920cf3e8db622ef00bab084e8f6df474845f00564d819a455ce832846ffe8da,0
https://cdnjs.cloudflare.com/ajax/libs/moment.js/2.30.1/locale/ky.js,,d3c35f2c47610c7c921268cb98cf398599068d24d51e7a89167707130c85ad59,0
https://cdnjs.cloudflare.com/ajax/libs/moment.js/2.30.1/locale/ky.min.js,,581fe5f58bcd2a61f2716f54634c387e1cba4e75770480f9aff33b328c973645,0
https://cdnjs.cloudflare.com/ajax/libs/moment.js/2.30.1/locale/lb.js,,cecd52da4e3f3a7a69d4cde1692c90d000a3726772f8e00a9c232faf4d6ff985,0
https://cdnjs.cloudflare.com/ajax/libs/moment.js/2.30.1/locale/lb.min.js,,28ff04fb6c427631995cc7334fc98265dfbd6c8b2f57a4610f4a188b3cf3f171,0
https://cdnjs.cloudflare.com/ajax/libs/moment.js/2.30.1/locale/lo.js,,83c284d16d40e861cd01c28683acf77475813993b2a17201f17127e238e5bcd6,0
https://cdnjs.cloudflare.com/ajax/libs/moment.js/2.30.1/locale/lo.min.js,,c24f867cb1f3f761a3141e330d1c7b7a886e82e405365834376aa67588d0d4bf,0
https://cdnjs.cloudflare.com/ajax/libs/moment.js/2.30.1/locale/lt.js,,7915e857beb4f772ad66a4add1eb6c4e2794ee98644f618bfae143b5c5807a37,0
https://cdnjs.cloudflare.com/ajax/libs/moment.js/2.30.1/locale/lt.min.js,,cfab6ba4dcb8aa11fbf75190aa9795f49ebccd5d130124f727e2ca7cccd778e4,0
https://cdnjs.cloudflare.com/ajax/libs/moment.js/2.30.1/locale/lv.js,,e4f68dbe7147bdc76d7614102eb525f9a5d8dacc690dd661091412b0c9505cb1,0
https://cdnjs.cloudflare.com/ajax/libs/moment.js/2.30.1/locale/lv.min.js,,5342b8677daaf8ef30dae4d13962da86e942d92586e88d72b59162aac6bc04ad,0
https://cdnjs.cloudflare.com/ajax/libs/moment.js/2.30.1/locale/me.js,,c482510732e1510c65229e3b251efd2eaa9de6a0622c2d87f3074dfc29b53d3a,0
https://cdnjs.cloudflare.com/ajax/libs/moment.js/2.30.1/locale/me.min.js,,293f407596e37ca410f24164eb94fdd9f9d8b66d7180afb0afa08cc6b0aaeecc,0
https://cdnjs.cloudflare.com/ajax/libs/moment.js/2.30.1/locale/mi.js,,9cc67dce66cf3f0f9a57ce732af6878cc23fedcf256fd5302c6cf57df87eac3a,0
https://cdnjs.cloudflare.com/ajax/libs/moment.js/2.30.1/locale/mi.min.js,,0afce601d6d2a71b33b3ecb11377406b540baa1b580c8b0c11a1963cfea6d533,0
https://cdnjs.cloudflare.com/ajax/libs/moment.js/2.30.1/locale/mk.js,,c38140b5408a91d9632765d23f4368f0cc98dfb6aafb0fcce452b6b4bfa93efd,0
https://cdnjs.cloudflare.com/ajax/libs/moment.js/2.30.1/locale/mk.min.js,,00ffa9faa229a4bbb5b01684d23fbe0838ce2a2f9d59d3480c8eae1dfe17fd66,0
https://cdnjs.cloudflare.com/ajax/libs/moment.js/2.30.1/locale/ml.js,,d45ac595a918393ae8f76838688fcd569c917b945e9c53861ec4a1f11f20aed2,0
https://cdnjs.cloudflare.com/ajax/libs/moment.js/2.30.1/locale/ml.min.js,,10da634f8ce8a2ccd5392e2404cb3f093dc129d3dda4b21427c269ed15390353,0
https://cdnjs.cloudflare.com/ajax/libs/moment.js/2.30.1/locale/mn.js,,0f1f5bbc9eaf020931f8cb54ae085e51c41c0761ffc7fd265dbb60cbe7d84076,0
https://cdnjs.cloudflare.com/ajax/libs/moment.js/2.30.1/locale/mn.min.js,,f93d89011137d5d00a9e9674f19e3f24f0347c8504c84f37f18396306e1b8c53,0
https://cdnjs.cloudflare.com/ajax/libs/moment.js/2.30.1/locale/mr.js,,f6347f442281844a205245620f9e469f52cacb7dd41640ef67d32a94f2c583d0,0
https://cdnjs.cloudflare.com/ajax/libs/moment.js/2.30.1/locale/mr.min.js,,3f1a3c06507476184ab2a662b4a6e9bc340999539dbcc0bacacf3e50e9b4caf9,0
https://cdnjs.cloudflare.com/ajax/libs/moment.js/2.30.1/locale/ms-my.js,,fa77f6b23884ace43199d189a596c8cd436ab20b2b6966599dd9fd589e51548f,0
https://cdnjs.cloudflare.com/ajax/libs/moment.js/2.30.1/locale/ms-my.min.js,,f9f3f0c1caca10b0740176be0fb90126a9f64197a3bafd8ff91d6c9978501e04,0
https://cdnjs.cloudflare.com/ajax/libs/moment.js/2.30.1/locale/ms.js,,6b6301d42544281a07e51e517a1acd2e498e6289b29e74817433a86751761f71,0
https://cdnjs.cloudflare.com/ajax/libs/moment.js/2.30.1/locale/ms.min.js,,32af95877d046e17b77c4d0e849ce557eb8affb1d0063da4e361f725b34c900d,0
https://cdnjs.cloudflare.com/ajax/libs/moment.js/2.30.1/locale/mt.js,,6af1d3643bd218941f30da0f6ba7bd64d4c2d0c49336876308af3af0387b0440,0
https://cdnjs.cloudflare.com/ajax/libs/moment.js/2.30.1/locale/mt.min.js,,e455eef4669e44bebc6257ac736dc6c3c58826b68b75bbc79f4d062cfef072f5,0
https://cdnjs.cloudflare.com/ajax/libs/moment.js/2.30.1/locale/my.js,,92732cb26a774bc3e049c7e212d8ef1425413d63522ccca1fb1b0696854da4ad,0
https://cdnjs.cloudflare.com/ajax/libs/moment.js/2.30.1/locale/my.min.js,,85d6895239162632ce3158c5c74f3a48ea20f37991cf2397a96198515b79cc79,0
https://cdnjs.cloudflare.com/ajax/libs/moment.js/2.30.1/locale/nb.js,,4aa0fb4199a5a287a433aaa7410354cb4f5fa7eb15ea80ebcba67dbb02bda1e5,0
https://cdnjs.cloudflare.com/ajax/libs/moment.js/2.30.1/locale/nb.min.js,,83816083bbc34d49c33c41f66c63f428d1d07b69e171942101bdfea293a244f8,0
https://cdnjs.cloudflare.com/ajax/libs/moment.js/2.30.1/locale/ne.js,,804bbd6c30dc3b74de711a44f9019db06210323a0db31e53ce730feab5ea6275,0
https://cdnjs.cloudflare.com/ajax/libs/moment.js/2.30.1/locale/ne.min.js,,37db5b38ba0bae460d13361e457934ec8ff8c24a4d67039d0fc1c62bbe4b110f,0
https://cdnjs.cloudflare.com/ajax/libs/moment.js/2.30.1/locale/nl-be.js,,15dbf0cc01d400f1436e0c458fcd08882e66784d2dc1824307c6052895e76f7c,0
https://cdnjs.cloudflare.com/ajax/libs/moment.js/2.30.1/locale/nl-be.min.js,,06763f560b9583779da8c49e6ee660bc5f03761555a35ac5115c3bc4dd83359b,0
https://cdnjs.cloudflare.com/ajax/libs/moment.js/2.30.1/locale/nl.js,,dac04760d7e7e3cead606a76e238a8b1c358b73d614aea3714d0c7bcde07a546,0
https://cdnjs.cloudflare.com/ajax/libs/moment.js/2.30.1/locale/nl.min.js,,bf809c34743279ff36a03b8ac4196697e777055f22295c587ff89ae5799b773c,0
https://cdnjs.cloudflare.com/ajax/libs/moment.js/2.30.1/locale/nn.js,,66007f84c945a3475100a3024d5fa3d430d6e11e64de81849e50ea73e3f390be,0
https://cdnjs.cloudflare.com/ajax/libs/moment.js/2.30.1/locale/nn.min.js,,00943b14f17989f795d1c0666119668cfc5c358b7b13dd1171935c9a9b759956,0
https://cdnjs.cloudflare.com/ajax/libs/moment.js/2.30.1/locale/oc-lnc.js,,d5b1565c2aa6b1eac9583ff373ce26c5e5ad7035554577e57fb64a8e25a9fb7a,0
https://cdnjs.cloudflare.com/ajax/libs/moment.js/2.30.1/locale/oc-lnc.min.js,,2300a779b92393d194dde96e95742236fa2dace8ea696434822f4590611e60a2,0
https://cdnjs.cloudflare.com/ajax/libs/moment.js/2.30.1/locale/pa-in.js,,5ba548ba7844a1c5c4a7f003337237f940b5e8aa67254fb90e1a05a66f2b43ac,0
https://cdnjs.cloudflare.com/ajax/libs/moment.js/2.30.1/locale/pa-in.min.js,,0ab2a34408d113840fdbf0bf78849e35fd57bd678ab69e4eb9d4e3bc9048feae,0
https://cdnjs.cloudflare.com/ajax/libs/moment.js/2.30.1/locale/pl.js,,5435a1265dacc269403f275095e24a63ff3b8bb0f95908f7a2a987fbe2ab9e43,0
https://cdnjs.cloudflare.com/ajax/libs/moment.js/2.30.1/locale/pl.min.js,,c6223ed0cd418ad429db3b3085b010459eb7148ea3cdb3111a43b1681731f0bc,0
https://cdnjs.cloudflare.com/ajax/libs/moment.js/2.30.1/locale/pt-br.js,,8a8b165be42795d9e945e7494f38ea353ee2f7eee7eab123073f3a42ce755687,0
https://cdnjs.cloudflare.com/ajax/libs/moment.js/2.30.1/locale/pt-br.min.js,,542c8e37fad15d9554af99069aaff24655ddcf075e199f9968350ebc678830f3,0
https://cdnjs.cloudflare.com/ajax/libs/moment.js/2.30.1/locale/pt.js,,89e4c2f2d351ad7e2fefec9332778b16cd4a31858ded9ad6fece12fd9db94ac2,0
https://cdnjs.cloudflare.com/ajax/libs/moment.js/2.30.1/locale/pt.min.js,,ec162f652f24c009252cb617e36b153b902d30d43244fd9b14150428419e5a1f,0
https://cdnjs.cloudflare.com/ajax/libs/moment.js/2.30.1/locale/ro.js,,f66bcaadde14018ffb3bce26ea8ffc3ce36cc65c4c1e9ef9ed6cb321b7ae9481,0
https://cdnjs.cloudflare.com/ajax/libs/moment.js/2.30.1/locale/ro.min.js,,8bd42b445166b4b5b7f0f78f92c19efdb67d273e1954a0db064c0955151e8d8e,0
https://cdnjs.cloudflare.com/ajax/libs/moment.js/2.30.1/locale/ru.js,,653aed43f3cc4c90a50ac0dda1e5b3468e54eccee7506163454c66f780408639,0
https://cdnjs.cloudflare.com/ajax/libs/moment.js/2.30.1/locale/ru.min.js,,8bf874dfbd1a47f7689b24ea6c5cbffe96ecdc4c134cdad4e2a91c16865295e5,0
https://cdnjs.cloudflare.com/ajax/libs/moment.js/2.30.1/locale/sd.js,,e5f27127927a41eb82e45491e52bd6a529d3db5e6cd519c48f7473268909f6c3,0
https://cdnjs.cloudflare.com/ajax/libs/moment.js/2.30.1/locale/sd.min.js,,d3b4fefb7783b407cbf0f4da6407596233354fca4f898e4216f048d9a9397953,0
https://cdnjs.cloudflare.com/ajax/libs/moment.js/2.30.1/locale/se.js,,424ed10805d004f217b44ff6a0da5bad51d8f3b25577306f6e1f59c387525da2,0
https://cdnjs.cloudflare.com/ajax/libs/moment.js/2.30.1/locale/se.min.js,,06e8cd72c23d7f6f383e2c668c89602f48885e63f041312355cae8207c30bc0d,0
https://cdnjs.cloudflare.com/ajax/libs/moment.js/2.30.1/locale/si.js,,8e7582efb99ff00bb7aeb6de0bfa65792592a5b4e81ae6caa7bf8cd8cb3180de,0
https://cdnjs.cloudflare.com/ajax/libs/moment.js/2.30.1/locale/si.min.js,,68db6d4dc39b6544d8f6f77daf843ec9d6ae13cf22af7e5bfdbaf48ff5e1862c,0
https://cdnjs.cloudflare.com/ajax/libs/moment.js/2.30.1/locale/sk.js,,7685c076b71fd8e36c2cb84c645bb3a75d84566f26c3682a2792f0113b4d9b16,0
https://cdnjs.cloudflare.com/ajax/libs/moment.js/2.30.1/locale/sk.min.js,,e898d4caf3a3480fff30f04af2fa433163cdd2f98ece6c5833c7b74fbdb4fdc9,0
https://cdnjs.cloudflare.com/ajax/libs/moment.js/2.30.1/locale/sl.js,,ff2e8352962c2d13d114356c863701f2473651f6491639e1826ab417d0377f90,0
https://cdnjs.cloudflare.com/ajax/libs/moment.js/2.30.1/locale/sl.min.js,,61eb8f5f669cdee42eb1922bfb67e8d4457341c950057aa5b76d003a687e087b,0
https://cdnjs.cloudflare.com/ajax/libs/moment.js/2.30.1/locale/sq.js,,9d7d061c245349d6897732c90ad57841c9132b9b556be07a24dc76ff17cf75a0,0
https://cdnjs.cloudflare.com/ajax/libs/moment.js/2.30.1/locale/sq.min.js,,15a181afcd8958c5b90de6a66ed80fd4783a50cdae4cfbd99871d8006e37c7b0,0
https://cdnjs.cloudflare.com/ajax/libs/moment.js/2.30.1/locale/sr-cyrl.js,,e62567ebcb6434f8652b1867386d7324c06d1f226fe9fad0517e658503ab496a,0
https://cdnjs.cloudflare.com/ajax/libs/moment.js/2.30.1/locale/sr-cyrl.min.js,,626b21c6862b0ea410ce82a70432ace5e56ec415c9a2b0dbb6c908b34ea3e51f,0
https://cdnjs.cloudflare.com/ajax/libs/moment.js/2.30.1/locale/sr.js,,307eb8be823a2997ce88c5ad8c3ca19e7a6345f116331fe3856659665de0d453,0
https://cdnjs.cloudflare.com/ajax/libs/moment.js/2.30.1/locale/sr.min.js,,b4bcc8bcb1e54e9b009979e82f3a613a8975fafc342e615ca8da00e835eabcd3,0
https://cdnjs.cloudflare.com/ajax/libs/moment.js/2.30.1/locale/ss.js,,0d8a08574cc28602738aca72bed6364e88dd93fb2131a20c06630e3dd7565945,0
https://cdnjs.cloudflare.com/ajax/libs/moment.js/2.30.1/locale/ss.min.js,,72adcb23bdcdbd327b3a37ea3e6874da74ed8d2cff12c9b745fcf70e462ea04a,0
https://cdnjs.cloudflare.com/ajax/libs/moment.js/2.30.1/locale/sv.js,,f6d24b8f98916c15bf65605e39183e5a86a257ea77ba72fdb72670494c7422a9,0
https://cdnjs.cloudflare.com/ajax/libs/moment.js/2.30.1/locale/sv.min.js,,fb698db11b951aabbee98af1ce6ffca295fa04d547acf9d3a5c7d292041b0c5c,0
https://cdnjs.cloudflare.com/ajax/libs/moment.js/2.30.1/locale/sw.js,,d6056ac79071a9f60793825357dac3ecf35c43acf10e02a65f1892f1fd9cc0c1,0
https://cdnjs.cloudflare.com/ajax/libs/moment.js/2.30.1/locale/sw.min.js,,2cb48e95898f869350a4db10c1c508ed60e798cbf3b1494f055e2cdb1877a92c,0
https://cdnjs.cloudflare.com/ajax/libs/moment.js/2.30.1/locale/ta.js,,2dae88a3138adda69fdec54914461ec28d4fa5e720d7626ddb3fb91a74a2ab6b,0
https://cdnjs.cloudflare.com/ajax/libs/moment.js/2.30.1/locale/ta.min.js,,9efb93d1e54f1d8e06096229252a888613b3c55f3dd826e9ee98b82a723263ae,0
https://cdnjs.cloudflare.com/ajax/libs/moment.js/2.30.1/locale/te.js,,2cc07292a2ab5702d8e1e849ae3b28cca5c6194d0d150ec637c6289d9d864e32,0
https://cdnjs.cloudflare.com/ajax/libs/moment.js/2.30.1/locale/te.min.js,,2f798f77929c788a4e011f1028c7edf38b5f522f55fec3597e62a379bae58d61,0
https://cdnjs.cloudflare.com/ajax/libs/moment.js/2.30.1/locale/tet.js,,b9f7803407d5baeb0e7f5b5dccada3d711d2fae07a6f2c1976b7196cba73e3dc,0
https://cdnjs.cloudflare.com/ajax/libs/moment.js/2.30.1/locale/tet.min.js,,bed166f523f936471613bf44d1a6fd90a6cb59810df9d0d2e20e0509dd28d0e6,0
https://cdnjs.cloudflare.com/ajax/libs/moment.js/2.30.1/locale/tg.js,,24c8928619c471831467afc05aca6f0299e40b418b78bb30b4d66942d872d2bb,0
https://cdnjs.cloudflare.com/ajax/libs/moment.js/2.30.1/locale/tg.min.js,,455d28d71b8d59da5d26877fb2b42ac3822fb213dd69179002c01fde937c0fa3,0
https://cdnjs.cloudflare.com/ajax/libs/moment.js/2.30.1/locale/th.js,,9911634c353a7ce63a81139f914552fc80a499029a803ced8b32b6af88c53bf4,0
https://cdnjs.cloudflare.com/ajax/libs/moment.js/2.30.1/locale/th.min.js,,19dc21c69b489f4c373570299be98a652daf472c5239701edfe5b57e61dee16a,0
https://cdnjs.cloudflare.com/ajax/libs/moment.js/2.30.1/locale/tk.js,,fc6654229cf3f6e6bb2aeb5b70dc4e6adf7f307575af9d15b7a31aab897a9988,0
https://cdnjs.cloudflare.com/ajax/libs/moment.js/2.30.1/locale/tk.min.js,,91ab20128af635f1c2f357639cdb896fa215ad5e7585c75e2d42af5f5b746f43,0
https://cdnjs.cloudflare.com/ajax/libs/moment.js/2.30.1/locale/tl-ph.js,,e324f1791432534af3ada36c185637db02eaf3d3ed8f88ddf143538dc484cc3a,0
https://cdnjs.cloudflare.com/ajax/libs/moment.js/2.30.1/locale/tl-ph.min.js,,3517c69d20ba4cbe00974daa5d47bef10f6cae8bb3a6e82e2b7fad8105bf99c1,0
https://cdnjs.cloudflare.com/ajax/libs/moment.js/2.30.1/locale/tlh.js,,a939a35ad29e3fbec86d2fea7c8d4b578a4fa49c99edf11d505088a1e2a8ef47,0
https://cdnjs.cloudflare.com/ajax/libs/moment.js/2.30.1/locale/tlh.min.js,,7f06acb563554367a2271cec437c2ac481161f1ddbef88848e0704ac6c01c4d4,0
https://cdnjs.cloudflare.com/ajax/libs/moment.js/2.30.1/locale/tr.js,,e8af125b0bdb3c15ff5ef2eb171bfe698507a026a9cab54bedb0770cdca34fb2,0
https://cdnjs.cloudflare.com/ajax/libs/moment.js/2.30.1/locale/tr.min.js,,cb034725d4c3da0717fd38bb856b19e3fa21c91a7bc6f988eb9c962bd60d0b29,0
https://cdnjs.cloudflare.com/ajax/libs/moment.js/2.30.1/locale/tzl.js,,e1f86a0d437d5e2488307d0b4a7fa142d80688f2a11b0acdca8474a33457c801,0
https://cdnjs.cloudflare.com/ajax/libs/moment.js/2.30.1/locale/tzl.min.js,,72e3ea13a8eaabcea89c63b6b9933d58eb1c5e76741dae02ef22110acf4840ea,0
https://cdnjs.cloudflare.com/ajax/libs/moment.js/2.30.1/locale/tzm-latn.js,,7909cef0eb3080599c24794c079e05ba07af565f198450df0ad411c85be45030,0
https://cdnjs.cloudflare.com/ajax/libs/moment.js/2.30.1/locale/tzm-latn.min.js,,ccc0682f464816b121a0aaecde7616820dc8831fe2ddc0e1d4638a53c6659c2d,0
https://cdnjs.cloudflare.com/ajax/libs/moment.js/2.30.1/locale/tzm.js,,e6f3a2e2e3ca86953e2c06ca562607a95d2b5129e751e5e0905270f3e56a1f52,0
https://cdnjs.cloudflare.com/ajax/libs/moment.js/2.30.1/locale/tzm.min.js,,f2619982ce710e53d72132b497267fdba714cb5d21776a5f2179db8b8d4710fe,0
https://cdnjs.cloudflare.com/ajax/libs/moment.js/2.30.1/locale/ug-cn.js,,58de2ad653876b1eb27ceaffb0037ddb0e4fb7917e111fa7a88ef8ab01fd041d,0
https://cdnjs.cloudflare.com/ajax/libs/moment.js/2.30.1/locale/ug-cn.min.js,,6c62e3d58fd23d98baf67f4d6e3c40d91ab4a17b0d4fdd61ffd9565c274b1be1,0
https://cdnjs.cloudflare.com/ajax/libs/moment.js/2.30.1/locale/uk.js,,ded5adf6aaa7ed4b544ecb2467b1369938a157c6c9ef2edf2eac39ff092b56a7,0
https://cdnjs.cloudflare.com/ajax/libs/moment.js/2.30.1/locale/uk.min.js,,e911f6b4642d409c4d589e65ca9f6f0321d561f077f11987ab33f69bbedd50c1,0
https://cdnjs.cloudflare.com/ajax/libs/moment.js/2.30.1/locale/ur.js,,c89fc485a14cb20c0576ff20bc3d157e1296f2b2ddfa8035f71e8b58f61a29a4,0
https://cdnjs.cloudflare.com/ajax/libs/moment.js/2.30.1/locale/ur.min.js,,6852734eab18b39c34599fe1e08c721d3c167d2d0db8efd8439889eefdf2ca0f,0
https://cdnjs.cloudflare.com/ajax/libs/moment.js/2.30.1/locale/uz-latn.js,,3943e946fcad9c965f147c50e08da71d3270239175de530d1f48be6fb44956ed,0
https://cdnjs.cloudflare.com/ajax/libs/moment.js/2.30.1/locale/uz-latn.min.js,,24232769a9ff80fc29ea2fede0fd6bc451d726a506f42d50c81fb57d9d6d3646,0
https://cdnjs.cloudflare.com/ajax/libs/moment.js/2.30.1/locale/uz.js,,9f22344f9ff69b1cf5546c975fd8847884bb032216d15054ea267cb964a09b08,0
https://cdnjs.cloudflare.com/ajax/libs/moment.js/2.30.1/locale/uz.min.js,,f0ed7ca45d2dadc96dfb3725c848a0f8ea0b2703c1b8c3ebed213a3311d12191,0
https://cdnjs.cloudflare.com/ajax/libs/moment.js/2.30.1/locale/vi.js,,c5db03ae438e4c55a6edfa004540aaf1def14fe0968f9ed3e03fe7dd7c3faf03,0
https://cdnjs.cloudflare.com/ajax/libs/moment.js/2.30.1/locale/vi.min.js,,b6d74ca4bde3fddb71bf1b74d49129e16cfea09f4fdfb049c1fc33dfadac5d07,0
https://cdnjs.cloudflare.com/ajax/libs/moment.js/2.30.1/locale/x-pseudo.js,,6a8d1da1c51902ce09d2cf5bb40da13de08c748ffdd2db00e0d50728c7f1d5a3,0
https://cdnjs.cloudflare.com/ajax/libs/moment.js/2.30.1/locale/x-pseudo.min.js,,f6f4a25ea35dbaa69df33582520e04df7f3a6dafaa34108af1e2303309971626,0
https://cdnjs.cloudflare.com/ajax/libs/moment.js/2.30.1/locale/yo.js,,d80655b604558af2855f5b67b21b28ec5770985b67fde59e94e1168e5f4795c8,0
https://cdnjs.cloudflare.com/ajax/libs/moment.js/2.30.1/locale/yo.min.js,,b1954131c10429f17c2233fe1cfbe5320314cadb9b843154f5b31c893b94e558,0
https://cdnjs.cloudflare.com/ajax/libs/moment.js/2.30.1/locale/zh-cn.js,,53138532aad7c571af10cf6b17a678552e9a9e7ef5014d250f97af8dc61ae6e1,0
https://cdnjs.cloudflare.com/ajax/libs/moment.js/2.30.1/locale/zh-cn.min.js,,458182f10739336a6f8cada6088fb7977d155202e809b5d5fd74fbec27356561,0
https://cdnjs.cloudflare.com/ajax/libs/moment.js/2.30.1/locale/zh-hk.js,,c6d7de0d1f5544a1d3bb64c7eb27481b30316766f1214fbb5b1c6be358a4b921,0
https://cdnjs.cloudflare.com/ajax/libs/moment.js/2.30.1/locale/zh-hk.min.js,,f8d5aabfbb8ca73a0522875da97f079a159c3bf2937c4e5ac7aab31de6a38c72,0
https://cdnjs.cloudflare.com/ajax/libs/moment.js/2.30.1/locale/zh-mo.js,,874ca3806f556c5809842613ba410c965111ea9441fb949a32abe2a7c3bf7f8a,0
https://cdnjs.cloudflare.com/ajax/libs/moment.js/2.30.1/locale/zh-mo.min.js,,93363ef6e6b3bb49ab11828d8a17ceb5bb57b5bde997b0823fdece59c4c7f0a4,0
https://cdnjs.cloudflare.com/ajax/libs/moment.js/2.30.1/locale/zh-tw.js,,62fb1b36d24050120cadf807b975ffe9d7986aeb41a0f4ac218c3ad23a1c9b1a,0
https://cdnjs.cloudflare.com/ajax/libs/moment.js/2.30.1/locale/zh-tw.min.js,,dc8d2c6aba6b67d07a399fd42fe352baf497855b409bf668ad2218817bde2373,0
https://cdnjs.cloudflare.com/ajax/libs/moment.js/2.30.1/moment-with-locales.js,,369ed6204dcd2373f618bfc026b7a513134df9500aae67c520d68b4a0d7b3134,0
https://cdnjs.cloudflare.com/ajax/libs/moment.js/2.30.1/moment-with-locales.min.js,,69ad644b0ab4b3c39486a909655430e53a3436ef05b207b127e74da669d97325,0
https://cdnjs.cloudflare.com/ajax/libs/moment.js/2.30.1/moment.js,,7dc0a51c32dae143f2eade235145dfd6a7756388c0f0bf409fa373dd6c233629,0
https://cdnjs.cloudflare.com/ajax/libs/moment.js/2.30.1/moment.min.js,,5b3eef58af8f051a73350fb530ccd1826e6a21ea840a60d5a9b81acb6d3823a0,0
https://cdnjs.cloudflare.com/ajax/libs/mustache.js/4.2.0/mustache.js,,0f6041f042ef7d23dc6b229dfd7b6f7af75aa192a72a458d82471cd2c0ac61f2,0
https://cdnjs.cloudflare.com/ajax/libs/mustache.js/4.2.0/mustache.min.js,,fa4e44c6c914d71a4890ece1f75bed9c805a649a854a81c6a217fe5e427aff17,0
https://cdnjs.cloudflare.com/ajax/libs/nanoid/6.0.0/index.browser.js,,0a123488b347dbb607a21965f91af76be0b117d2cef3de0e387ef967c205e3c1,0
https://cdnjs.cloudflare.com/ajax/libs/nanoid/6.0.0/index.browser.min.js,,06efdc9067df4e931a456e9cee3b41a44a55ecbf1b28e5f81f2d565dd0d3ea02,0
https://cdnjs.cloudflare.com/ajax/libs/nanoid/6.0.0/index.js,,5a530cf49a9c4b0694c447808a1f857cce95962f94f2780cd776e5b0c3c95f2b,0
https://cdnjs.cloudflare.com/ajax/libs/nanoid/6.0.0/index.min.js,,da16714c2851253a7105a6f4176d5cc6d8f7e6d5ece055d79bd66df927e5fe07,0
https://cdnjs.cloudflare.com/ajax/libs/nanoid/6.0.0/nanoid.js,,fdd9b994abae495794a6e60f0fe50d7f0ce147df072a5786443362419951730e,0
https://cdnjs.cloudflare.com/ajax/libs/nanoid/6.0.0/nanoid.min.js,,fdd9b994abae495794a6e60f0fe50d7f0ce147df072a5786443362419951730e,0
https://cdnjs.cloudflare.com/ajax/libs/nanoid/6.0.0/non-secure/index.js,,6c25ff996c0fc5e4ef65fceb3ffc8e76d21d51e2a23a66febce306b848a187dd,0
https://cdnjs.cloudflare.com/ajax/libs/nanoid/6.0.0/non-secure/index.min.js,,fbd3134982a4d8de794a99ce84f8fdd3cf78ec1a9835a91b123e1a0dec55026d,0
https://cdnjs.cloudflare.com/ajax/libs/nanoid/6.0.0/url-alphabet/index.js,,0e1e2118e5e5ad7c1895002997cc1b0ec20bff05ac44ce10cdf78596c5c14ea8,0
https://cdnjs.cloudflare.com/ajax/libs/nanoid/6.0.0/url-alphabet/index.min.js,,a01528953080d6216dbbe22c26d966420d11c139b58d5e7b1340aac49bdba95a,0
https://cdnjs.cloudflare.com/ajax/libs/pako/2.2.0/pako_deflate.es5.js,,dda18cd09a11b725ba40ce7a6f2ba41c71178d955f7ffa2e8cf2033fdbd8e31f,0
https://cdnjs.cloudflare.com/ajax/libs/pako/2.2.0/pako_deflate.es5.min.js,,854cb03914c54b855a24c76493f980c25ecaa7ca78554a490e0fbc94224c6d9e,0
https://cdnjs.cloudflare.com/ajax/libs/pako/2.2.0/pako_deflate.js,,51fbde7814a982223f89d272402e39b06b1a445657a7e7ac6f56506c5c2b5d23,0
https://cdnjs.cloudflare.com/ajax/libs/pako/2.2.0/pako_deflate.min.js,,767e9e5a5de31904646f81e068ccc080d6a298201896d3c699ce88414c9d0d05,0
https://cdnjs.cloudflare.com/ajax/libs/pako/2.2.0/pako_inflate.es5.js,,ff9295813da328dda4fd236cd0f6efd336481c84e9e5ba75576989ede1b07f08,0
https://cdnjs.cloudflare.com/ajax/libs/pako/2.2.0/pako_inflate.es5.min.js,,9fbdec3706bb739d174448a0a8c6e870f9d51255a00a39be410e4eb6fbf5e297,0
https://cdnjs.cloudflare.com/ajax/libs/pako/2.2.0/pako_inflate.js,,2c00d4d790b08fd5d7dabdce1e28d9ee6f0df67d3f1461965f9cb00fb7b333d0,0
https://cdnjs.cloudflare.com/ajax/libs/pako/2.2.0/pako_inflate.min.js,,bbcaa5e569e289b4904c7e12c45b6785bc41745977091d105086a6cbb0faf832,0
https://cdnjs.cloudflare.com/ajax/libs/pako/2.2.0/pako.es5.js,,d4ed12ae60a6106be4e65661810a9371c3dde93d539b726f5897308c828f999e,0
https://cdnjs.cloudflare.com/ajax/libs/pako/2.2.0/pako.es5.min.js,,7420457ec218cafec3515b75adf7dcbc8c3e46b020fa81c3c7c9f0a89973e370,0
https://cdnjs.cloudflare.com/ajax/libs/pako/2.2.0/pako.esm.mjs,,c704f219caa9c3ddbaa23b925c078cc4390ea8c7db105c3aed8acb18c5fb248a,0
https://cdnjs.cloudflare.com/ajax/libs/pako/2.2.0/pako.js,,8e59383452bdd910bd25acfe3ad4a59670dadae054a3759eb177704c4a8b4c53,0
https://cdnjs.cloudflare.com/ajax/libs/pako/2.2.0/pako.min.js,,a5e3214ae5cfabc01b3fddbaa635b78a4f766a938b64c20d57271a297edebe92,0
https://cdnjs.cloudflare.com/ajax/libs/pdf.js/6.3.289/images/altText_add.svg,,1a9591a23999e1924438b948a9f9671147f04e01e5be724391a3a8a2b58289d9,0
https://cdnjs.cloudflare.com/ajax/libs/pdf.js/6.3.289/images/altText_disclaimer.svg,,5d19067a6b51e5bcc2d61325033a8450d301535505a97c50f4141f4cd9e2cf05,0
https://cdnjs.cloudflare.com/ajax/libs/pdf.js/6.3.289/images/altText_done.svg,,5b40360d098d1a93227a0a5cdb110f6e5ff3a3eb4af97b61e856c49e17141621,0
https://cdnjs.cloudflare.com/ajax/libs/pdf.js/6.3.289/images/altText_spinner.svg,,4089182e21627182ed1d4020978b597d984fb8de4cf547e9f4ac2aec9af13179,0
https://cdnjs.cloudflare.com/ajax/libs/pdf.js/6.3.289/images/altText_warning.svg,,07264f4de78a45a4177ddefb48837217aa69b51462ef5b35d3fb9f90000c9ead,0
https://cdnjs.cloudflare.com/ajax/libs/pdf.js/6.3.289/images/annotation-check.svg,,9a680f1212888ede7dcae6bfc8cafc447babf4ce531271c8d07277b0aedade96,0
https://cdnjs.cloudflare.com/ajax/libs/pdf.js/6.3.289/images/annotation-comment.svg,,c58b385b4a0be6de822a3262b8191073d1730f6420368bd9c6d80db7312327ff,0
https://cdnjs.cloudflare.com/ajax/libs/pdf.js/6.3.289/images/annotation-help.svg,,74d9bba0814d12f5ae2715189e1747b7edf5ff6d82c4ca75bae86d717319b6eb,0
https://cdnjs.cloudflare.com/ajax/libs/pdf.js/6.3.289/images/annotation-insert.svg,,b2153e2c88c62179029ea9876d463216529ecf581b77d52c971a2cdf3d3166c6,0
https://cdnjs.cloudflare.com/ajax/libs/pdf.js/6.3.289/images/annotation-key.svg,,5772b8dd158b0f02bb2be689bb680f4903d84e202cb29a3dc0560af53134c6ba,0
https://cdnjs.cloudflare.com/ajax/libs/pdf.js/6.3.289/images/annotation-newparagraph.svg,,a583cca122263d94c3eebfefe83c965a1b305b9c84e5aa3c5ba10527941db7db,0
https://cdnjs.cloudflare.com/ajax/libs/pdf.js/6.3.289/images/annotation-noicon.svg,,76399e70d311834d11ab2d6239118b36847d79a78d7655b1f839d51c811304cf,0
https://cdnjs.cloudflare.com/ajax/libs/pdf.js/6.3.289/images/annotation-note.svg,,11a75c9f233dd3e5e3500edcdd733358394f28395337616e8b0430694bf0dba1,0
https://cdnjs.cloudflare.com/ajax/libs/pdf.js/6.3.289/images/annotation-paperclip.svg,,0213c8baed4f8c497881ffed0e49abb309291d51725aaf1a0a757174b4999368,0
https://cdnjs.cloudflare.com/ajax/libs/pdf.js/6.3.289/images/annotation-paragraph.svg,,efbcd2a6cfb4581dad74a1c09ad43cf2b8245611e5b19c966317da948f2bcb7c,0
https://cdnjs.cloudflare.com/ajax/libs/pdf.js/6.3.289/images/annotation-pushpin.svg,,22197186d18445959e5fe5577d8e34440b31d87c811daf47318078310c0c5530,0
https://cdnjs.cloudflare.com/ajax/libs/pdf.js/6.3.289/images/checkmark.svg,,424df6b8515df22424c9505a9e87d35d87d3fd59962d56692fcc4d17613f2165,0
https://cdnjs.cloudflare.com/ajax/libs/pdf.js/6.3.289/images/comment-actionsButton.svg,,281b2348ed747ea3ee74763a01d56441d8c570b3e68f11556dc4084a14484d1f,0
https://cdnjs.cloudflare.com/ajax/libs/pdf.js/6.3.289/images/comment-closeButton.svg,,fdb819984e10758952bc35b5be3220538b21a787656794b1071fecd3d2648930,0
https://cdnjs.cloudflare.com/ajax/libs/pdf.js/6.3.289/images/comment-editButton.svg,,e79c41bf53a89ced9a3ad364a49943813189d06fd96174952e5fb2636938b70f,0
https://cdnjs.cloudflare.com/ajax/libs/pdf.js/6.3.289/images/comment-popup-editButton.svg,,857c0198bc536885f2b486353d5719d0c1bb91d69325474f7d787ce5b43cfe1e,0
https://cdnjs.cloudflare.com/ajax/libs/pdf.js/6.3.289/images/cursor-editorFreeHighlight.svg,,90b04428328a67e184fe1b1a1f28cb0d62bf6e298614ca241b6564fb24cb9e7e,0
https://cdnjs.cloudflare.com/ajax/libs/pdf.js/6.3.289/images/cursor-editorFreeText.svg,,fedb05ee0dd510514ed9edb24b3b4da2707931279a0bf48e2a1deb3a1f4cf581,0
https://cdnjs.cloudflare.com/ajax/libs/pdf.js/6.3.289/images/cursor-editorInk.svg,,0ae889debe01269b49b89d8845995281223b8ae289405758631076b763da3efe,0
https://cdnjs.cloudflare.com/ajax/libs/pdf.js/6.3.289/images/cursor-editorTextHighlight.svg,,c6252b0edcb68dac87557a027180fcbdbd93466841aa34792530f7cce54cec5d,0
https://cdnjs.cloudflare.com/ajax/libs/pdf.js/6.3.289/images/editor-toolbar-delete.svg,,f1f47a2cb479a87807f9bd61bd5813c1fe857dbbcb4fb35ae7a77ca39114f920,0
https://cdnjs.cloudflare.com/ajax/libs/pdf.js/6.3.289/images/editor-toolbar-edit.svg,,c6eacc709e4dd30a57120b6531856c003a4c931c46656c3625e2fd5886cf4ce6,0
https://cdnjs.cloudflare.com/ajax/libs/pdf.js/6.3.289/images/findbarButton-next.svg,,3029879b7e1060d54c4edcfe0c93c8c3b8c1756fb794e5d4add64028b5f99fab,0
https://cdnjs.cloudflare.com/ajax/libs/pdf.js/6.3.289/images/findbarButton-previous.svg,,766d12bb08b9f13c753d289f3c029f5ca202eda3a8be52afc9e31697335f4a80,0
https://cdnjs.cloudflare.com/ajax/libs/pdf.js/6.3.289/images/gv-toolbarButton-download.svg,,010d9d77a425e80eb666a196f500cdd8b15758af69a19ad7f11279b78c29e3f5,0
https://cdnjs.cloudflare.com/ajax/libs/pdf.js/6.3.289/images/loading.svg,,7d6e14cf6226c74c26e2141180eadc944ef4ce8565e9b6dd2670ec202417a764,0
https://cdnjs.cloudflare.com/ajax/libs/pdf.js/6.3.289/images/messageBar_closingButton.svg,,7393c7791916243eca6bbdda8bf137d36600fffc76d7a55d33a77bd4e7778193,0
https://cdnjs.cloudflare.com/ajax/libs/pdf.js/6.3.289/images/messageBar_info.svg,,050e838b982b1b3e993e06bd666f8693ea98e89fb568c39c4af32e128477aeef,0
https://cdnjs.cloudflare.com/ajax/libs/pdf.js/6.3.289/images/messageBar_warning.svg,,888a4bf2ad5150028663dde01fe71599336c87ca12697180e51bd8a13b88084f,0
https://cdnjs.cloudflare.com/ajax/libs/pdf.js/6.3.289/images/pages_closeButton.svg,,03577a1fc1fc16be0331c65d45accc4d57c269381999e00b2bec9005225a7643,0
https://cdnjs.cloudflare.com/ajax/libs/pdf.js/6.3.289/images/pages_selected.svg,,a66ae84122fc40cc1282c68205909387e05a80061b9a7268a54b4bd0c9e7e2fc,0
https://cdnjs.cloudflare.com/ajax/libs/pdf.js/6.3.289/images/pages_viewArrow.svg,,409d9a306df6e86bc433365f961be50c9b4256b7a89b741f2f858af5b456b2ce,0
https://cdnjs.cloudflare.com/ajax/libs/pdf.js/6.3.289/images/pages_viewButton.svg,,f49c2ddd994c602dcaceb3c6b1445ef37bfd6ca8e2cb468d894741368c3344af,0
https://cdnjs.cloudflare.com/ajax/libs/pdf.js/6.3.289/images/secondaryToolbarButton-documentProperties.svg,,735a4bc556610bc6dedaa40a36ccf444c31032be02ad20df5ac4c66ebaa5bbc3,0
https://cdnjs.cloudflare.com/ajax/libs/pdf.js/6.3.289/images/secondaryToolbarButton-firstPage.svg,,d46a7b0760fbc043a98f9b328f6b4ee56df8de140a2a290f0e2a915ff772e287,0
https://cdnjs.cloudflare.com/ajax/libs/pdf.js/6.3.289/images/secondaryToolbarButton-handTool.svg,,e968339ba921e68d4d83e6ec7a4321f1791c86f4eff552f28cf4c81c6f88155b,0
https://cdnjs.cloudflare.com/ajax/libs/pdf.js/6.3.289/images/secondaryToolbarButton-lastPage.svg,,4cc4b92888b776ea3a09d5e86b17d7bb50a8f3e6d09854d4c2e3f050c34dc9f8,0
https://cdnjs.cloudflare.com/ajax/libs/pdf.js/6.3.289/images/secondaryToolbarButton-rotateCcw.svg,,7eb24492df9f42c8ab053cbead5d985b0daaccced649392d1fbfde4931459451,0
https://cdnjs.cloudflare.com/ajax/libs/pdf.js/6.3.289/images/secondaryToolbarButton-rotateCw.svg,,03d2e7bad2fc95895334e43edf34309a64223f32504304034eb1f6b163954898,0
https://cdnjs.cloudflare.com/ajax/libs/pdf.js/6.3.289/images/secondaryToolbarButton-scrollHorizontal.svg,,c61fb184d5311255b627a9943c156bb1f00f835282d832241e01a7d82a22b678,0
https://cdnjs.cloudflare.com/ajax/libs/pdf.js/6.3.289/images/secondaryToolbarButton-scrollPage.svg,,e60ae21987a2e6e5352ac3171363352cac9d2cae36bf828d1729cbfa286e085d,0
https://cdnjs.cloudflare.com/ajax/libs/pdf.js/6.3.289/images/secondaryToolbarButton-scrollVertical.svg,,79871e2329cbb4dc2b6df94aae5f3074b3fdebffba46fe7d3ade9aff5726bfb0,0
https://cdnjs.cloudflare.com/ajax/libs/pdf.js/6.3.289/images/secondaryToolbarButton-scrollWrapped.svg,,8734aa2747f6fff9e8fd09f6e9509db43ec1b63935c8f6b8291e9347bc7e2706,0
https://cdnjs.cloudflare.com/ajax/libs/pdf.js/6.3.289/images/secondaryToolbarButton-selectTool.svg,,332e08979379ff2f8a7bfd336e8ca6348546c78ce2a6bf464cd31dc2c64004ac,0
https://cdnjs.cloudflare.com/ajax/libs/pdf.js/6.3.289/images/secondaryToolbarButton-spreadEven.svg,,ac385199d448c0d5ae5d4c06d2c76db0a31bb5db54d0fbd727f3dc889e73271b,0
https://cdnjs.cloudflare.com/ajax/libs/pdf.js/6.3.289/images/secondaryToolbarButton-spreadNone.svg,,649934c2f447d7a239d6ffce8f8e0804b50dfe1d9421a1d16e9543c0aee9b03e,0
https://cdnjs.cloudflare.com/ajax/libs/pdf.js/6.3.289/images/secondaryToolbarButton-spreadOdd.svg,,43b6862d35f86dbe5fec6b16e2cb59ca22c490bdf0787e4590c1ceb494d05244,0
https://cdnjs.cloudflare.com/ajax/libs/pdf.js/6.3.289/images/signature-properties-row-check.svg,,3fe9e7e5869e80c04e560ec79e8960ed0f3e918195b6de2b039bd33fb23ecf0f,0
https://cdnjs.cloudflare.com/ajax/libs/pdf.js/6.3.289/images/toolbarButton-bookmark.svg,,f2a335bc963e95344d26d61157b1511f5f78d705b38579004971d51a3c62401c,0
https://cdnjs.cloudflare.com/ajax/libs/pdf.js/6.3.289/images/toolbarButton-currentOutlineItem.svg,,5f6505f05dbc728301942b37de22d490f09276e6c9a6561b1894afa91f34439c,0
https://cdnjs.cloudflare.com/ajax/libs/pdf.js/6.3.289/images/toolbarButton-download.svg,,afa286c8ea1941eaec589ed6a2103c5a845f3ff76a7423ba985f449465005163,0
https://cdnjs.cloudflare.com/ajax/libs/pdf.js/6.3.289/images/toolbarButton-editorFreeText.svg,,9ec2202e18ba668ee1753179afead4e1786eac82da2cc82afc5a09584c242c43,0
https://cdnjs.cloudflare.com/ajax/libs/pdf.js/6.3.289/images/toolbarButton-editorHighlight.svg,,df0aac50621777fb63da60b38c71c5bbbde746c4dd55c30dd141621cb30b7cc4,0
https://cdnjs.cloudflare.com/ajax/libs/pdf.js/6.3.289/images/toolbarButton-editorInk.svg,,081bf99d3c2390036a2d9c7e9485316bcd049f90a74e982f1eebcfd4d9b178e3,0
https://cdnjs.cloudflare.com/ajax/libs/pdf.js/6.3.289/images/toolbarButton-editorSignature.svg,,32e07998fd55a7ed40ec2b542fe324ec097d9023fc4c59d6debe33becdf215c2,0
https://cdnjs.cloudflare.com/ajax/libs/pdf.js/6.3.289/images/toolbarButton-editorStamp.svg,,18294793f2399a8a44ee246d63b20cd46cb3cd38a1bb72f00b826e7f756c5f52,0
https://cdnjs.cloudflare.com/ajax/libs/pdf.js/6.3.289/images/toolbarButton-menuArrow.svg,,2db41f97615a8c912f676a62c88b12e2b8715f4ed188df325737423501aa4a8a,0
https://cdnjs.cloudflare.com/ajax/libs/pdf.js/6.3.289/images/toolbarButton-menuArrowNova.svg,,8677b09af730ba49dde7be6f16d08a0b4eb594ed3402f9693e298223d3e9efff,0
https://cdnjs.cloudflare.com/ajax/libs/pdf.js/6.3.289/images/toolbarButton-openFile.svg,,7acb9e9964dd618bfcb657d8d18db2c55ef8f168c37f3873c06d72c63e1b11ec,0
https://cdnjs.cloudflare.com/ajax/libs/pdf.js/6.3.289/images/toolbarButton-pageDown.svg,,09a14cbd902aad9fe40f2351db2ac5593ad897aed8810b9c6aeb0e56389ff100,0
https://cdnjs.cloudflare.com/ajax/libs/pdf.js/6.3.289/images/toolbarButton-pageUp.svg,,bac79138cb730c6bfa63bef02d7e5906aee727bb54df15878823426822badaaa,0
https://cdnjs.cloudflare.com/ajax/libs/pdf.js/6.3.289/images/toolbarButton-presentationMode.svg,,2a08e4277e39a9faef69520570744650bb017c2e90fe7c15224144d6b4abfbe7,0
https://cdnjs.cloudflare.com/ajax/libs/pdf.js/6.3.289/images/toolbarButton-print.svg,,267745d6c176afe038630c3f7c0fcda78141fc7634f73898ffc6cbb1262c77ab,0
https://cdnjs.cloudflare.com/ajax/libs/pdf.js/6.3.289/images/toolbarButton-search.svg,,32889acafd84edeec513db6131252fa97ffff00fee6272d05e35e2d95216e30f,0
https://cdnjs.cloudflare.com/ajax/libs/pdf.js/6.3.289/images/toolbarButton-secondaryToolbarToggle.svg,,ff717321d89309f51bcccc28f347e6a888e73570527845d6560a84f5d70cb3a0,0
https://cdnjs.cloudflare.com/ajax/libs/pdf.js/6.3.289/images/toolbarButton-signaturePropertiesError.svg,,957d6ce5e6c4a62f88ad0e79c50b6ccd94358524a7450d3b04eb318146a46351,0
https://cdnjs.cloudflare.com/ajax/libs/pdf.js/6.3.289/images/toolbarButton-signaturePropertiesVerified.svg,,ae9f3a3e7e8e16900e6b2dbaa7acea0111763b72125246e55b572f4e9e66bc16,0
https://cdnjs.cloudflare.com/ajax/libs/pdf.js/6.3.289/images/toolbarButton-viewAttachments.svg,,e07fbf17b3c7ca2cda9c4e54cdd66cb0aa63d368232cbb2c9aed5559720bf96c,0
https://cdnjs.cloudflare.com/ajax/libs/pdf.js/6.3.289/images/toolbarButton-viewLayers.svg,,e0b8a59c272dc9a1d9a07d461363f96c3b3bd3df2db778f8f99743dfffd51d78,0
https://cdnjs.cloudflare.com/ajax/libs/pdf.js/6.3.289/images/toolbarButton-viewOutline.svg,,eeb6cd0ce94dcfea6bd2aca222da7b1583d74800ea9c94640ff8fa06c13fb044,0
https://cdnjs.cloudflare.com/ajax/libs/pdf.js/6.3.289/images/toolbarButton-viewsManagerToggle.svg,,88098d3e47fd921122c5263dce50ee67c662c9cb65908be0481891dfe521a6c5,0
https://cdnjs.cloudflare.com/ajax/libs/pdf.js/6.3.289/images/toolbarButton-viewThumbnail.svg,,5fa35769db66b33d6408f378e8aa68fa060331f0cc9dd6ad41fb7366082aad34,0
https://cdnjs.cloudflare.com/ajax/libs/pdf.js/6.3.289/images/toolbarButton-zoomIn.svg,,722dfe315686a5841d0a0d00f34df8f706d2c6e24551d46a5ebe971fe4af62d2,0
https://cdnjs.cloudflare.com/ajax/libs/pdf.js/6.3.289/images/toolbarButton-zoomOut.svg,,366a40c3627e67f97164976d5ff38b5484716e834d08fefe252a6ea37feda895,0
https://cdnjs.cloudflare.com/ajax/libs/pdf.js/6.3.289/images/treeitem-collapsed.svg,,37c96d0dc2f626c541303a76067184ac09614f2390a8430e973a84e5184e2646,0
https://cdnjs.cloudflare.com/ajax/libs/pdf.js/6.3.289/images/treeitem-expanded.svg,,df4a149c4eaed4573620621087f7bab816f049e3e341574654fab598435db086,0
https://cdnjs.cloudflare.com/ajax/libs/pdf.js/6.3.289/pdf_viewer.css,,d26aee4b5a7eab8f1a9ad16f271c674474d69d9a1e99ae8923776252052e0f98,0
https://cdnjs.cloudflare.com/ajax/libs/pdf.js/6.3.289/pdf_viewer.mjs,,e48aa528d626b49b70705245c22646cf41b59c54f77243d8612dcffdc366b823,0
https://cdnjs.cloudflare.com/ajax/libs/pdf.js/6.3.289/pdf.min.mjs,,f80490490320511e5df18c580b9edd6b5db8058dceebaf6f161992e0a964b9e2,0
https://cdnjs.cloudflare.com/ajax/libs/pdf.js/6.3.289/pdf.mjs,,495588717f62303a839e91a5343deebf1b41f52e2f9f6361e73dee6ea6a4355e,0
https://cdnjs.cloudflare.com/ajax/libs/pdf.js/6.3.289/pdf.sandbox.min.mjs,,6d5dc46f990a82c0cb30e4ca342c3af7a802c91514192838e2b889eb87f72dae,0
https://cdnjs.cloudflare.com/ajax/libs/pdf.js/6.3.289/pdf.sandbox.mjs,,94120f63205cf63cb1f7b77b11797ae3f29b185a77c8e5c4f2b68ff10023e386,0
https://cdnjs.cloudflare.com/ajax/libs/pdf.js/6.3.289/pdf.worker.min.mjs,,8ab0e5e30031b4a06ecfddd5ae9562f0227f830ee7ec9ed1a968b134243d2386,0
https://cdnjs.cloudflare.com/ajax/libs/pdf.js/6.3.289/pdf.worker.mjs,,f2870db902eaff8397442c912b69459980ac91f6f4b5ed827167b12cf7057930,0
https://cdnjs.cloudflare.com/ajax/libs/popper.js/2.11.8/cjs/enums.js,,beada7732e6a765b0e601f0359a1e0b6b8f58eecfaa689f8c83bd75ccb58289c,0
https://cdnjs.cloudflare.com/ajax/libs/popper.js/2.11.8/cjs/enums.min.js,,e18364e86c12986aa566eb0cf475586e0b1da47d006b82a78a4c0af952dde29a,0
https://cdnjs.cloudflare.com/ajax/libs/popper.js/2.11.8/cjs/popper-base.js,,3e501bb205a6b4aa839247dc1e645caa37400f0657a9f62ece4bc181cac62deb,0
https://cdnjs.cloudflare.com/ajax/libs/popper.js/2.11.8/cjs/popper-base.min.js,,665b39c296ff01d4d511d2c50b4207e26ef0b96043032f4f396b8bd24386855e,0
https://cdnjs.cloudflare.com/ajax/libs/popper.js/2.11.8/cjs/popper-lite.js,,11ce416be2b2866f2cf34605040a58ccae057e186479dd556c4d6f8bb6d7d931,0
https://cdnjs.cloudflare.com/ajax/libs/popper.js/2.11.8/cjs/popper-lite.min.js,,af862a3b7d2371f060ab1cf911f5e72c6d82e0a438302fa0ee427bcf188d7be9,0
https://cdnjs.cloudflare.com/ajax/libs/popper.js/2.11.8/cjs/popper.js,,c3483fb8a38d666abe61e3fd5d0a9dff4b5a4ba258cf827fdfdf047117ac82eb,0
https://cdnjs.cloudflare.com/ajax/libs/popper.js/2.11.8/cjs/popper.min.js,,8602963110105f2807f419b185705ce9cc0517d6d3a3e32019188fa9225b0d81,0
https://cdnjs.cloudflare.com/ajax/libs/popper.js/2.11.8/esm/createPopper.js,,f9939ec81f7feaec3131624f824e6417ab944c06029d977ae7a818feb6ec6f27,0
https://cdnjs.cloudflare.com/ajax/libs/popper.js/2.11.8/esm/createPopper.min.js,,5ce87bf23dee496c2dcb0187a0eefff40c43714e1368586ad5edd62614061e88,0
https://cdnjs.cloudflare.com/ajax/libs/popper.js/2.11.8/esm/dom-utils/contains.js,,44782eef6a54b0ec8b9f7fbef5858152812a408a6b576521a9db82394e2ea04b,0
https://cdnjs.cloudflare.com/ajax/libs/popper.js/2.11.8/esm/dom-utils/contains.min.js,,f212b4837394c2ccbd902a28cd8055b9caccfe97b3c5083b8b99a4f439e329c2,0
https://cdnjs.cloudflare.com/ajax/libs/popper.js/2.11.8/esm/dom-utils/getBoundingClientRect.js,,898036238a79e90728cf82166999569fc6e99a6c7e9283c611c78d9a8a0e61cd,0
https://cdnjs.cloudflare.com/ajax/libs/popper.js/2.11.8/esm/dom-utils/getBoundingClientRect.min.js,,abc324c3b60ccb3f4df102e6149662a4b87aa793becb4d70dc6b2efecf72b198,0
https://cdnjs.cloudflare.com/ajax/libs/popper.js/2.11.8/esm/dom-utils/getClippingRect.js,,a080edbb637840ba2000bc5ef036d7bd1eb816339477ab7f6a5ab0bf819f01f8,0
https://cdnjs.cloudflare.com/ajax/libs/popper.js/2.11.8/esm/dom-utils/getClippingRect.min.js,,941398406af40791c5b21944e3d56cb7302408b3236c3174513aa2a0350650c8,0
https://cdnjs.cloudflare.com/ajax/libs/popper.js/2.11.8/esm/dom-utils/getCompositeRect.js,,a9899d556c805da74d7d795e04d9397fba00c5b18013548fb5f8d977bc852a60,0
https://cdnjs.cloudflare.com/ajax/libs/popper.js/2.11.8/esm/dom-utils/getCompositeRect.min.js,,2908afd6e99a5fee2a40f41f074e71a748cdf4d9b298673418ae06da2e2dc441,0
https://cdnjs.cloudflare.com/ajax/libs/popper.js/2.11.8/esm/dom-utils/getComputedStyle.js,,e5eea602da99a00d0ca4ae8d5948a3ff24a9f737a3d0179cebb5845dad2c17b7,0
https://cdnjs.cloudflare.com/ajax/libs/popper.js/2.11.8/esm/dom-utils/getComputedStyle.min.js,,f5895005185df6509351da3b60b2efd81f5736d063cf3ac69f13d84d0415110b,0
https://cdnjs.cloudflare.com/ajax/libs/popper.js/2.11.8/esm/dom-utils/getDocumentElement.js,,90b1d04869a3ab9b9f97c4187a75789ac64d9e197536c835897c2daa342ef11f,0
https://cdnjs.cloudflare.com/ajax/libs/popper.js/2.11.8/esm/dom-utils/getDocumentElement.min.js,,7646618202758944de4f4aa30468ac860e78918d437f3cfd2d96522c7f49675d,0
https://cdnjs.cloudflare.com/ajax/libs/popper.js/2.11.8/esm/dom-utils/getDocumentRect.js,,0f1019d09ca7b81a9603f17d1e04aadfd406dead7c8312c172f75b94efb8e6b3,0
https://cdnjs.cloudflare.com/ajax/libs/popper.js/2.11.8/esm/dom-utils/getDocumentRect.min.js,,1b7e1482a112ab2d24e67cd14370c123f1045af759919ca985463004c453aef1,0
https://cdnjs.cloudflare.com/ajax/libs/popper.js/2.11.8/esm/dom-utils/getHTMLElementScroll.js,,6f4dc8c434a0a505a9f31f348bea11917b819704d199c47c75695827c13c896e,0
https://cdnjs.cloudflare.com/ajax/libs/popper.js/2.11.8/esm/dom-utils/getHTMLElementScroll.min.js,,796a6a847836449f9e2c5b6466b9e2d388a124dd34501d854e9760892be57556,0
https://cdnjs.cloudflare.com/ajax/libs/popper.js/2.11.8/esm/dom-utils/getLayoutRect.js,,32fbfa6791e4abf23d3c7d0598f6ab5a71b36ea80094e25f2d4fff15f4831e44,0
https://cdnjs.cloudflare.com/ajax/libs/popper.js/2.11.8/esm/dom-utils/getLayoutRect.min.js,,59b4253d14ac439cdc7894ecf9b2675cb464fc6d3093ce0000eec6a04d81c2e5,0
https://cdnjs.cloudflare.com/ajax/libs/popper.js/2.11.8/esm/dom-utils/getNodeName.js,,5dd3625ea7fc6c00559d575988c0f8d8d3a78ddb36c7544929181ea037a3748a,0
https://cdnjs.cloudflare.com/ajax/libs/popper.js/2.11.8/esm/dom-utils/getNodeName.min.js,,6a8588daa3f7cd2d9c2d95f0d28c04376e0fef8d911dec850de5e471015d8cd5,0
https://cdnjs.cloudflare.com/ajax/libs/popper.js/2.11.8/esm/dom-utils/getNodeScroll.js,,b555e6fec6fba79f6769356873591964f6ce766f9733072964a3775eb251d7fe,0
https://cdnjs.cloudflare.com/ajax/libs/popper.js/2.11.8/esm/dom-utils/getNodeScroll.min.js,,6dd52634e58e62664ebfa9f8758443543451102258c73b4cdf525d37f6847df0,0
https://cdnjs.cloudflare.com/ajax/libs/popper.js/2.11.8/esm/dom-utils/getOffsetParent.js,,ee40b626ea4d326a1c201b5e832e54ef144340b0bf2da26b2c8a081b18a5622a,0
https://cdnjs.cloudflare.com/ajax/libs/popper.js/2.11.8/esm/dom-utils/getOffsetParent.min.js,,1b732ad9de07f8372101f519e276610174e4ba776bdd1207b3d2804b1bb26725,0
https://cdnjs.cloudflare.com/ajax/libs/popper.js/2.11.8/esm/dom-utils/getParentNode.js,,58b66021c6fc2777c3f70096fc774ced21325331591dcb0619f4972fb2dccdf8,0
https://cdnjs.cloudflare.com/ajax/libs/popper.js/2.11.8/esm/dom-utils/getParentNode.min.js,,9ef4760630a7dea14fbb889f5058f8cad6625e9f5ac2f9944bc93dc07c58e0ee,0
https://cdnjs.cloudflare.com/ajax/libs/popper.js/2.11.8/esm/dom-utils/getScrollParent.js,,b72c8afb2d2b4f61c83c5414674b7a4fdade95d5e158f21519f32a60a0fb937e,0
https://cdnjs.cloudflare.com/ajax/libs/popper.js/2.11.8/esm/dom-utils/getScrollParent.min.js,,b9e71187aa69cc825439ff966a4d94bbf73984f3ebb7503ab93280fe9d41d085,0
https://cdnjs.cloudflare.com/ajax/libs/popper.js/2.11.8/esm/dom-utils/getViewportRect.js,,d214bcfbf9c40bdf33d6af6b06d27b95bfaf9cc8f1ea0d78ab374c88b8586f8a,0
https://cdnjs.cloudflare.com/ajax/libs/popper.js/2.11.8/esm/dom-utils/getViewportRect.min.js,,d7c80be8ba1c16e126e94fd7d1ba7acafb29d3dd0a511c59d99f6fd37480a5e1,0
https://cdnjs.cloudflare.com/ajax/libs/popper.js/2.11.8/esm/dom-utils/getWindow.js,,3e76e1dc883b283100a6e8b9dad16b529006e509423f250126352c7cbc381bd6,0
https://cdnjs.cloudflare.com/ajax/libs/popper.js/2.11.8/esm/dom-utils/getWindow.min.js,,970012c382cb9d0ca6334cd8359c20169bb0c3ed1d07ae35f74a512f45080da0,0
https://cdnjs.cloudflare.com/ajax/libs/popper.js/2.11.8/esm/dom-utils/getWindowScroll.js,,f69800ff6922ba9a967d7247e587f0ec9048ef5674523e17a428df43419f1f0f,0
https://cdnjs.cloudflare.com/ajax/libs/popper.js/2.11.8/esm/dom-utils/getWindowScroll.min.js,,e63f1133686563b89dac56fa7398e550997253b1412fd6b635a259e57c90db17,0
https://cdnjs.cloudflare.com/ajax/libs/popper.js/2.11.8/esm/dom-utils/getWindowScrollBarX.js,,d1c58ddf75df61254077ee3a66564b8e9070c26b5f69a2eb6ff65ea7fb536827,0
https://cdnjs.cloudflare.com/ajax/libs/popper.js/2.11.8/esm/dom-utils/getWindowScrollBarX.min.js,,8bdd66b9f3bf30af13b2ff87dcf50641c055796460754d2287afc7524988b9b7,0
https://cdnjs.cloudflare.com/ajax/libs/popper.js/2.11.8/esm/dom-utils/instanceOf.js,,d16d28b0de3d7151e0356429832d668efc515849f256bf3c41ed20baf1dadb77,0
https://cdnjs.cloudflare.com/ajax/libs/popper.js/2.11.8/esm/dom-utils/instanceOf.min.js,,963af89f139c7219081cff53885f61d951dee0a13aad3e220105afcbd596564f,0
https://cdnjs.cloudflare.com/ajax/libs/popper.js/2.11.8/esm/dom-utils/isLayoutViewport.js,,10240845c667ebe892003a384cb6b80de68e0c5e1eb8e9fda9acc99ab6f3c2d0,0
https://cdnjs.cloudflare.com/ajax/libs/popper.js/2.11.8/esm/dom-utils/isLayoutViewport.min.js,,e5951cf093f05d0469a91509bedf07f817bd716cd187fdbe86785f55a0afaaad,0
https://cdnjs.cloudflare.com/ajax/libs/popper.js/2.11.8/esm/dom-utils/isScrollParent.js,,9cd30c21e4430f16e3dabc83c7d45af54a238cabbdf2201a1233bf04424ec169,0
https://cdnjs.cloudflare.com/ajax/libs/popper.js/2.11.8/esm/dom-utils/isScrollParent.min.js,,35f7366343913dfb918d4177cebb984b97cadfee7e33664a4d963864909611a5,0
https://cdnjs.cloudflare.com/ajax/libs/popper.js/2.11.8/esm/dom-utils/isTableElement.js,,254d16e0c2ca9216ba271f2bb67681e023e6a83fe37905c103db2cf03f0d23b9,0
https://cdnjs.cloudflare.com/ajax/libs/popper.js/2.11.8/esm/dom-utils/isTableElement.min.js,,4dd0f1692347e70d4257c7e87500f560d6f092a0b36d15ef44cab4e588ecee6e,0
https://cdnjs.cloudflare.com/ajax/libs/popper.js/2.11.8/esm/dom-utils/listScrollParents.js,,129a81b6681a9663513fafdc77e660d1bf4e303858b930642105b041c42ca063,0
https://cdnjs.cloudflare.com/ajax/libs/popper.js/2.11.8/esm/dom-utils/listScrollParents.min.js,,e81d659d93b10cf12b7c431ac4bfbd685ee0307f1a9667a8b1d21cf704621e77,0
https://cdnjs.cloudflare.com/ajax/libs/popper.js/2.11.8/esm/enums.js,,086a7301f1cf3f83306c96149b0567f98a348dd258a693ba83c70786755df84c,0
https://cdnjs.cloudflare.com/ajax/libs/popper.js/2.11.8/esm/enums.min.js,,15da8641bb847690758c3ad4712f636dd803001751b1df6aebe1a29851096db0,0
https://cdnjs.cloudflare.com/ajax/libs/popper.js/2.11.8/esm/index.js,,52a90015bcd96704d5194dc4b369c05ed1f4fa3b68f1280726629d29a8f06851,0
https://cdnjs.cloudflare.com/ajax/libs/popper.js/2.11.8/esm/index.min.js,,0c537fde1f724140e6a3ab103ab900d0bb1ebfb91829aacedb85bd0e5489afbb,0
https://cdnjs.cloudflare.com/ajax/libs/popper.js/2.11.8/esm/modifiers/applyStyles.js,,99a3070b335a00b5918a189aed054a406a55a7ac6478ead3cdda568b5f4e9bbc,0
https://cdnjs.cloudflare.com/ajax/libs/popper.js/2.11.8/esm/modifiers/applyStyles.min.js,,6eee294996582bad0005f45ba351dab5b29905d42313201496c56b400d8ccbee,0
https://cdnjs.cloudflare.com/ajax/libs/popper.js/2.11.8/esm/modifiers/arrow.js,,fad8745ef0cec2e9f29b28351d8930689f2419c4a39262f54fa1713301f215de,0
https://cdnjs.cloudflare.com/ajax/libs/popper.js/2.11.8/esm/modifiers/arrow.min.js,,032ebde1ea4e22fe0001657d01bb3bb86be7adcfa9397cae6b9e0945e7a33dd9,0
https://cdnjs.cloudflare.com/ajax/libs/popper.js/2.11.8/esm/modifiers/computeStyles.js,,1dc69d5213e5ad0777a380cb15fcd4d3237084f0b40a0db4fdeb203ff863ec6c,0
https://cdnjs.cloudflare.com/ajax/libs/popper.js/2.11.8/esm/modifiers/computeStyles.min.js,,0678afdaddedcc9ea79652dfe4ad681a8e59570fcc01349f1c856ee0273eaead,0
https://cdnjs.cloudflare.com/ajax/libs/popper.js/2.11.8/esm/modifiers/eventListeners.js,,6d10614b494320d1dd278b26c1707aa1f8191ef39875984cf1d51bac7cbfd9e9,0
https://cdnjs.cloudflare.com/ajax/libs/popper.js/2.11.8/esm/modifiers/eventListeners.min.js,,316de4acfee9ca4c390b9d0c2aaaeb6e9208c912fb614a8c507d26588d43a129,0
https://cdnjs.cloudflare.com/ajax/libs/popper.js/2.11.8/esm/modifiers/flip.js,,bbc932e69fec06f8f91d53e6bb32925df65a5816d4a2406cf97ed4545efd0cb6,0
https://cdnjs.cloudflare.com/ajax/libs/popper.js/2.11.8/esm/modifiers/flip.min.js,,bb1e4cc2b49a3e7e4386c330c8f09205c9ca17a57b45f9a9e7b9ae886ffa9641,0
https://cdnjs.cloudflare.com/ajax/libs/popper.js/2.11.8/esm/modifiers/hide.js,,259ad59cefcfd33be71822653c7135440c8f0084bdc889e3671d4668a1ec2be8,0
https://cdnjs.cloudflare.com/ajax/libs/popper.js/2.11.8/esm/modifiers/hide.min.js,,ce6ef7f2d39d8112dcf6dfc316e2501b108b6b6fb1289f3d2349389c2ffd9051,0
https://cdnjs.cloudflare.com/ajax/libs/popper.js/2.11.8/esm/modifiers/index.js,,5c973d45e87f6d9916e7397f26a624062aef81d38d2813dba809418238fcf684,0
https://cdnjs.cloudflare.com/ajax/libs/popper.js/2.11.8/esm/modifiers/index.min.js,,2ac6f2618a99381a11510876b1cf6f7d166a4664f86b1def08c741224776ca2b,0
https://cdnjs.cloudflare.com/ajax/libs/popper.js/2.11.8/esm/modifiers/offset.js,,6e99824040b6fe242f7c0dc892b880da15c1b62332805e1d590ee809d70090a9,0
https://cdnjs.cloudflare.com/ajax/libs/popper.js/2.11.8/esm/modifiers/offset.min.js,,92b2247f490e9d71874a2e68b48b9964257c96a1cff0e9785eef07ca0e429697,0
https://cdnjs.cloudflare.com/ajax/libs/popper.js/2.11.8/esm/modifiers/popperOffsets.js,,6bb3b09cc35762c59092c17e2b4d7fc8d1ebdab5dff23e298f2fd5f607c5ad7f,0
https://cdnjs.cloudflare.com/ajax/libs/popper.js/2.11.8/esm/modifiers/popperOffsets.min.js,,2b687769fdb40e61ed4a9bb4266b3cfbffc6b221e7bd5b1a7114c7399204ae3f,0
https://cdnjs.cloudflare.com/ajax/libs/popper.js/2.11.8/esm/modifiers/preventOverflow.js,,0070d3663d0dfb74239970302a2833ef7fc952341dfc438c7d208b0f0626924d,0
https://cdnjs.cloudflare.com/ajax/libs/popper.js/2.11.8/esm/modifiers/preventOverflow.min.js,,cdaab53eae6074747c526e9d0f4b023a5d2526ae75560288707309c102a0e9a1,0
https://cdnjs.cloudflare.com/ajax/libs/popper.js/2.11.8/esm/popper-base.js,,9def49a134279771fceeb08a1b3e45d686d9e6d3ed3778036cc66e847f46f87f,0
https://cdnjs.cloudflare.com/ajax/libs/popper.js/2.11.8/esm/popper-base.min.js,,055aed429377275b84f1022fc6d39a18b76760d1e634050cfe2fcb87313efa38,0
https://cdnjs.cloudflare.com/ajax/libs/popper.js/2.11.8/esm/popper-lite.js,,74b3f8baa7b206ec62875e5a4a3fdee7cc862e20ed41264238c5180d7e66d765,0
https://cdnjs.cloudflare.com/ajax/libs/popper.js/2.11.8/esm/popper-lite.min.js,,a97a1b561329f448a14da1f0c1f77e7e5ff62d0581f6c8bc5fa3d5a2610b8d28,0
https://cdnjs.cloudflare.com/ajax/libs/popper.js/2.11.8/esm/popper.js,,24263c9d2dad6c3aaf208b58ac10994dbb3a83bb0e2e81297a17d0015ed7f6fc,0
https://cdnjs.cloudflare.com/ajax/libs/popper.js/2.11.8/esm/popper.min.js,,4612d712f53f79361dd9567c09f4fb48f72266064d9c0feb1b8e908f38953ae7,0
https://cdnjs.cloudflare.com/ajax/libs/popper.js/2.11.8/esm/types.js,,e3b0c44298fc1c149afbf4c8996fb92427ae41e4649b934ca495991b7852b855,0
https://cdnjs.cloudflare.com/ajax/libs/popper.js/2.11.8/esm/types.min.js,,e3b0c44298fc1c149afbf4c8996fb92427ae41e4649b934ca495991b7852b855,0
https://cdnjs.cloudflare.com/ajax/libs/popper.js/2.11.8/esm/utils/computeAutoPlacement.js,,3428e76ca879e1c4c9460f85d353ea86b79f46a0352e6be8f720b26f5c04da32,0
https://cdnjs.cloudflare.com/ajax/libs/popper.js/2.11.8/esm/utils/computeAutoPlacement.min.js,,2bc744d3a3e57f2012c4716103ef39812b820e65acb9a98eeba821219d17535b,0
https://cdnjs.cloudflare.com/ajax/libs/popper.js/2.11.8/esm/utils/computeOffsets.js,,384b1106a643ea4b6eb6e93c4c2620847e6be982ba2879dfb743a97b42c494a1,0
https://cdnjs.cloudflare.com/ajax/libs/popper.js/2.11.8/esm/utils/computeOffsets.min.js,,3b49189f80f194fa2c10afbd1c416d559c91d25982a5502eca5ee07b8faa44f2,0
https://cdnjs.cloudflare.com/ajax/libs/popper.js/2.11.8/esm/utils/debounce.js,,30bce1b3ef4b3153a3c455bf48d8d17c8f7a6b062298b300520573b5d4ce88b7,0
https://cdnjs.cloudflare.com/ajax/libs/popper.js/2.11.8/esm/utils/debounce.min.js,,f642805f2d1dc0e49e7413d6e5b64c1615326dfb3485123a88aead0f7191d99b,0
https://cdnjs.cloudflare.com/ajax/libs/popper.js/2.11.8/esm/utils/detectOverflow.js,,14e77225787d5de1f01e68cfee18a38efec8eb8176427c43332b63a9d9d91c07,0
https://cdnjs.cloudflare.com/ajax/libs/popper.js/2.11.8/esm/utils/detectOverflow.min.js,,5e0a9fcb3671381dacd0aba9409a9ebb754198b5523cf69f639fad55c0ba9960,0
https://cdnjs.cloudflare.com/ajax/libs/popper.js/2.11.8/esm/utils/expandToHashMap.js,,6311bd085b19434d282ead35f0b055e53b05f43d6087db6b9181209b821b14ec,0
https://cdnjs.cloudflare.com/ajax/libs/popper.js/2.11.8/esm/utils/expandToHashMap.min.js,,2c2495d58191196670cec23dabb98e07f7cad147f5f0e35ba27fb6467bd13812,0
https://cdnjs.cloudflare.com/ajax/libs/popper.js/2.11.8/esm/utils/getAltAxis.js,,90441cdf16c770891f40c523c18faa65d53afdafcf43216cb60b2835f8aca917,0
https://cdnjs.cloudflare.com/ajax/libs/popper.js/2.11.8/esm/utils/getAltAxis.min.js,,80824410ee8a4a7f2c76e3c07cf3d3e220e8700f74d02f49f1706fe253d63c26,0
https://cdnjs.cloudflare.com/ajax/libs/popper.js/2.11.8/esm/utils/getAltLen.js,,3e8a6a6d16ffd3df4fa2b449086cad6cbc9a0ef6a39b09c0a7b660454c594d0f,0
https://cdnjs.cloudflare.com/ajax/libs/popper.js/2.11.8/esm/utils/getAltLen.min.js,,434b61ac05ad506c47f65f679f1638cf38870885d52b786822ffd1b34a41bbcb,0
https://cdnjs.cloudflare.com/ajax/libs/popper.js/2.11.8/esm/utils/getBasePlacement.js,,03d59389aec95bdcef34ae6535cf301c1c6bcc5f5d3bc38a07225058b6e9f256,0
https://cdnjs.cloudflare.com/ajax/libs/popper.js/2.11.8/esm/utils/getBasePlacement.min.js,,bfeaaabc3a27d846963b9a9c5b055b03287930ddf454303f92bcf1c6e8fdc42b,0
https://cdnjs.cloudflare.com/ajax/libs/popper.js/2.11.8/esm/utils/getFreshSideObject.js,,75b4105c96ec450a48aabdb2c3312fef9409bff8b48f8db5472e9c6eb3d67c73,0
https://cdnjs.cloudflare.com/ajax/libs/popper.js/2.11.8/esm/utils/getFreshSideObject.min.js,,a45aad7c8f1943171157efd884ab5fe76312c560f6df81011ac82eb05743b206,0
https://cdnjs.cloudflare.com/ajax/libs/popper.js/2.11.8/esm/utils/getMainAxisFromPlacement.js,,05e4fb4f299eb28636e7a0543998ae2e1e2665ba508cf157baec90212ba85243,0
https://cdnjs.cloudflare.com/ajax/libs/popper.js/2.11.8/esm/utils/getMainAxisFromPlacement.min.js,,6f64246151ea972e362913a8d856c53fed86172f53a0dcd5119b2dea47c44a64,0
https://cdnjs.cloudflare.com/ajax/libs/popper.js/2.11.8/esm/utils/getOppositePlacement.js,,da8c5eca0bfb47dc264b210bf898ff8fef6978a50f2156c07953f0f60b06ac84,0
https://cdnjs.cloudflare.com/ajax/libs/popper.js/2.11.8/esm/utils/getOppositePlacement.min.js,,4257e7fd3a3677b22d6a98b8c60e905f070bdc36605c12b9eb340570fec47604,0
https://cdnjs.cloudflare.com/ajax/libs/popper.js/2.11.8/esm/utils/getOppositeVariationPlacement.js,,cfe050ffd9cd04791b30010c65ce97db022678ca8446a2c000c72e4af1b96cd0,0
https://cdnjs.cloudflare.com/ajax/libs/popper.js/2.11.8/esm/utils/getOppositeVariationPlacement.min.js,,9d0964236c8c30b42cca22efd6c52080ab491e31ecdb250bb37fcec9e7299c7e,0
https://cdnjs.cloudflare.com/ajax/libs/popper.js/2.11.8/esm/utils/getVariation.js,,9f7e8d8220b3f7e7324ef196b9e7beab6f11999ebaf06ea50da2cf1647b72613,0
https://cdnjs.cloudflare.com/ajax/libs/popper.js/2.11.8/esm/utils/getVariation.min.js,,fe004deb8ee328131762f95614b62ae70bc1f91f5ea9d31e621edd1371886993,0
https://cdnjs.cloudflare.com/ajax/libs/popper.js/2.11.8/esm/utils/math.js,,74f8519105dcd69d00523539a50b342932b63de0b4f86f7d36fe11043dde541f,0
https://cdnjs.cloudflare.com/ajax/libs/popper.js/2.11.8/esm/utils/math.min.js,,94a48cac314f9e5672a8371948e018921c6eb39b191eb07824fec3f442d001ef,0
https://cdnjs.cloudflare.com/ajax/libs/popper.js/2.11.8/esm/utils/mergeByName.js,,c5c562283381de46b56107ed19e2a344c57a0c3ac115afc9d375aa1dcfa9be1c,0
https://cdnjs.cloudflare.com/ajax/libs/popper.js/2.11.8/esm/utils/mergeByName.min.js,,34970b98696e77ba7a8eba818f8446931de4e52ad3d6978def783f4341114fed,0
https://cdnjs.cloudflare.com/ajax/libs/popper.js/2.11.8/esm/utils/mergePaddingObject.js,,ee4d20b372d6fa2f59bd3db3be03cca8334e1c62e48aec0b62a9b3e89fea3167,0
https://cdnjs.cloudflare.com/ajax/libs/popper.js/2.11.8/esm/utils/mergePaddingObject.min.js,,1e5bb35a81146c4c12bbe2f2d429515716bd87606b0fe770fc5d735cb5abfad3,0
https://cdnjs.cloudflare.com/ajax/libs/popper.js/2.11.8/esm/utils/orderModifiers.js,,90184ede782ffb1021583397e16507f73960cd93d2bde80b7b42d111f616b84f,0
https://cdnjs.cloudflare.com/ajax/libs/popper.js/2.11.8/esm/utils/orderModifiers.min.js,,7b3855ff08cd6ccecfd1939280487130b6729f8282c87888a209ab74f2271356,0
https://cdnjs.cloudflare.com/ajax/libs/popper.js/2.11.8/esm/utils/rectToClientRect.js,,4ca3a45346846f7ae258725985596972dff818b6eeb406f1c8851f17783d9a08,0
https://cdnjs.cloudflare.com/ajax/libs/popper.js/2.11.8/esm/utils/rectToClientRect.min.js,,1828ee3aaf6f7b6fd8513e08d8e0f50a412eee168009dd03fb2f5c447ff01185,0
https://cdnjs.cloudflare.com/ajax/libs/popper.js/2.11.8/esm/utils/uniqueBy.js,,2388ca24ba1ed2c8f0028d5c72acdf25652740bc590fdf2deeb8ff64395334e2,0
https://cdnjs.cloudflare.com/ajax/libs/popper.js/2.11.8/esm/utils/uniqueBy.min.js,,1b0a7ac0e69aeb0ef1c54ae4b39d8615400d186036cbf0249e536fd09e00e92c,0
https://cdnjs.cloudflare.com/ajax/libs/popper.js/2.11.8/esm/utils/userAgent.js,,47933880a9ae2c21896314d83b864eda21d9c40e858398049178bd57f6b2d413,0
https://cdnjs.cloudflare.com/ajax/libs/popper.js/2.11.8/esm/utils/userAgent.min.js,,62c1466725d04a9e8ec2fd7ddb1ca89a15b91b1ff280c4c1163b625b3585bede,0
https://cdnjs.cloudflare.com/ajax/libs/popper.js/2.11.8/esm/utils/within.js,,71973a211d1a9bd3500977e90dbf34f00620638183db307e8107c3265cd9da06,0
https://cdnjs.cloudflare.com/ajax/libs/popper.js/2.11.8/esm/utils/within.min.js,,f02c3346e2c261919fdb339c70710cbfca33e0d1d2ec37df3946aeba20b5c639,0
https://cdnjs.cloudflare.com/ajax/libs/popper.js/2.11.8/umd/enums.js,,47098c61f977c6b0d12d4fdc73b3eeb029279368f7a50b8121eb31b212197eef,0
https://cdnjs.cloudflare.com/ajax/libs/popper.js/2.11.8/umd/enums.min.js,,bf30aae6d16362d1ca3c3cae04a5932f5e2c28e9904f0f451de212d36f3acdf3,0
https://cdnjs.cloudflare.com/ajax/libs/popper.js/2.11.8/umd/popper-base.js,,b0227c1d23cf00bcc19f2959f4c6900a2e10d72bee97560544c74dad50cabcbc,0
https://cdnjs.cloudflare.com/ajax/libs/popper.js/2.11.8/umd/popper-base.min.js,,5da186bf6594b96c187c641359037480e6f7034763491458afbed847871d50f3,0
https://cdnjs.cloudflare.com/ajax/libs/popper.js/2.11.8/umd/popper-lite.js,,25e6b544ee02c43b37cdda3fad01e1adbee9c2e6779adf7971e91c88b949aa6e,0
https://cdnjs.cloudflare.com/ajax/libs/popper.js/2.11.8/umd/popper-lite.min.js,,1bcd04a910dc9935d6d928727115f20f1c873f5b7cbe27261fe80f9e320aa6f8,0
https://cdnjs.cloudflare.com/ajax/libs/popper.js/2.11.8/umd/popper.js,,63434ce3722e02ed9937660e3cef8274ed750e403bed0796807dfc3d1c3fabfb,0
https://cdnjs.cloudflare.com/ajax/libs/popper.js/2.11.8/umd/popper.min.js,,c212f4b505a86352aed62b24a8f16f999f821ecbe6456c7f3c8a04bc87968782,0
https://cdnjs.cloudflare.com/ajax/libs/preact/10.29.6/compat.js,,2a4ed33b3df1c575617cd3ff66c03f7dc8c39538ac21a5d180f5d9356dbdf008,0
https://cdnjs.cloudflare.com/ajax/libs/preact/10.29.6/compat.min.js,,1254175438bfb1d02cde501d15bbe3446cc362a41bb24b805c6a5c720bf5e327,0
https://cdnjs.cloudflare.com/ajax/libs/preact/10.29.6/compat.module.js,,3ed55d3851f7c6408ccc930f7b8de8b59dd5df8f6ed3c2df832b66800d0905d6,0
https://cdnjs.cloudflare.com/ajax/libs/preact/10.29.6/compat.module.min.js,,5fd8fdf1d631580f4ecab6a64854155fbe2bdbd63b1e966e72623b16bce25724,0
https://cdnjs.cloudflare.com/ajax/libs/preact/10.29.6/compat.umd.js,,c4f1eda74f65ef2abedcdc4cf3051f6426e7eb19a6fdcce04b5460b806237200,0
https://cdnjs.cloudflare.com/ajax/libs/preact/10.29.6/compat.umd.min.js,,dad3528812b3d6144a2fb0c871a6dc5dcf4d5b348ce12d38d30d4149b95d1797,0
https://cdnjs.cloudflare.com/ajax/libs/preact/10.29.6/hooks.js,,09d9695c56b764da11a3b779ca1530123de10808199236cb4e86b882d57cac97,0
https://cdnjs.cloudflare.com/ajax/libs/preact/10.29.6/hooks.min.js,,997ad6a3d0f81d09125a13e0ab4591086dc32ea8aa8cb929332ad276f30234f9,0
https://cdnjs.cloudflare.com/ajax/libs/preact/10.29.6/hooks.module.js,,a6ee626f2d01570592dd569a792e3f050154aa02890eead8c223fa3ed5aa3d5a,0
https://cdnjs.cloudflare.com/ajax/libs/preact/10.29.6/hooks.module.min.js,,af0573fea8204aefd77a05aca0a92fc554d75d03c4e2d8cd7081212bf6b89d66,0
https://cdnjs.cloudflare.com/ajax/libs/preact/10.29.6/hooks.umd.js,,5c29238e5dc99df306d7f7fff038591a397cfcfabb59f81fbdef43d670aa0566,0
https://cdnjs.cloudflare.com/ajax/libs/preact/10.29.6/hooks.umd.min.js,,bd59a1b46d08445f3c82d4e9bd51ea2819bddf37b92abf4ab2c283f8e8f1ee08,0
https://cdnjs.cloudflare.com/ajax/libs/preact/10.29.6/preact.js,,7a52aa43dbb1a3be28b5956ca78d46f633fb95f7c4fe2fdf13b30ea50e55b698,0
https://cdnjs.cloudflare.com/ajax/libs/preact/10.29.6/preact.min.js,,4d826c9965db82f213ea6a9564c977e83ba5761bf9fb4dc7b3f3fe6ba07c41e4,0
https://cdnjs.cloudflare.com/ajax/libs/preact/10.29.6/preact.min.module.js,,d7a6d85bcadfa70211768ca0ebffda4fb98b7cb4d49c70283c1206e6748cd4ae,0
https://cdnjs.cloudflare.com/ajax/libs/preact/10.29.6/preact.min.module.min.js,,dca3bd10482ae4d83447cae195d9c0614180f4e2de939af5e20bea858a97a06b,0
https://cdnjs.cloudflare.com/ajax/libs/preact/10.29.6/preact.min.umd.js,,bd608af28915acf65c3822fe0d80d21e9b30369eb55f901bdbd23e2a187612b9,0
https://cdnjs.cloudflare.com/ajax/libs/preact/10.29.6/preact.min.umd.min.js,,7d553840dc4e6fcdfeafab32979edb5d011fa66c741c15dbf6d2232cc10b7cd8,0
https://cdnjs.cloudflare.com/ajax/libs/preact/10.29.6/preact.module.js,,850dcba8ed3535b0a3611495c405551b9887724885d3b8482207a03de365d64e,0
https://cdnjs.cloudflare.com/ajax/libs/preact/10.29.6/preact.module.min.js,,850a7e564ee570a2b7b6d954a3f0dc49327d893254d46279365b5d4f0a1b5a34,0
https://cdnjs.cloudflare.com/ajax/libs/preact/10.29.6/preact.umd.js,,cbd57e13bf5f22f0db06272b729fd47d5c8a3d25d59c416367c46c485822d2e8,0
https://cdnjs.cloudflare.com/ajax/libs/preact/10.29.6/preact.umd.min.js,,5173487d1bcc9130354f9cc889f66a5cc172b150cf7ccc203bd15b32fb894ce7,0
https://cdnjs.cloudflare.com/ajax/libs/prettier/3.9.6/standalone.js,,0c1acd3ad53d96bb66a4c530e4eb6240693f37dd0ecb81f51920edffa8c05567,0
https://cdnjs.cloudflare.com/ajax/libs/prettier/3.9.6/standalone.min.js,,c4d659b11411326b3c2dc8aad28156d18d88230ded435722f5e760585944f560,0
https://cdnjs.cloudflare.com/ajax/libs/prism/9000.0.1/components/prism-actionscript.js,,79077bba7611a04ca0f960a926d3d445324bef4294824cd9a2e548898de0f8f9,0
https://cdnjs.cloudflare.com/ajax/libs/prism/9000.0.1/components/prism-actionscript.min.js,,9c08d49149ab343b8a4dff9e2b0bce6232560288b7413e5eee2f5aaf764f3826,0
https://cdnjs.cloudflare.com/ajax/libs/prism/9000.0.1/components/prism-apacheconf.js,,b8af56d0b1202699e5f31d6a1526d826f9dfbc1b29a74bd730ec7ac423be54db,0
https://cdnjs.cloudflare.com/ajax/libs/prism/9000.0.1/components/prism-apacheconf.min.js,,e2d13dcd867a5b1640a49ef87581bcaada599a5911e28350705891ef139a58bf,0
https://cdnjs.cloudflare.com/ajax/libs/prism/9000.0.1/components/prism-applescript.js,,fb78edeb7fa8a6188af3e66c47004e2b98a79bda3a4fcb9faf92a6461a3b905c,0
https://cdnjs.cloudflare.com/ajax/libs/prism/9000.0.1/components/prism-applescript.min.js,,97c66a5ac8b337c27f4e2856ad4724b6934fa75f0324f35fe6834c91820903f3,0
https://cdnjs.cloudflare.com/ajax/libs/prism/9000.0.1/components/prism-aspnet.js,,6e4b9d073caca3d8574534b44983d0dfb86a0f09654105c663ab6def37d8f9e7,0
https://cdnjs.cloudflare.com/ajax/libs/prism/9000.0.1/components/prism-aspnet.min.js,,cfe027ddbd73c55a71332d68c2e67e47679ed1fb820cfd20b47758b3e644ee3f,0
https://cdnjs.cloudflare.com/ajax/libs/prism/9000.0.1/components/prism-autohotkey.js,,3bb77630d4bc3fa50d0e25cb83bd0e46760ee927e4e1a161fc8d4dd61e4e6639,0
https://cdnjs.cloudflare.com/ajax/libs/prism/9000.0.1/components/prism-autohotkey.min.js,,6c272034fbf328bec2f89ce8593be85ab9b54625af19f95db0fc9c3ecc2fa967,0
https://cdnjs.cloudflare.com/ajax/libs/prism/9000.0.1/components/prism-bash.js,,100d07294dd021e92b3862ae41babb028f546452c7e7023dbad3260c56674fae,0
https://cdnjs.cloudflare.com/ajax/libs/prism/9000.0.1/components/prism-bash.min.js,,93a955846c6772db3d1b36375bba47e7761f7070b61e1c0e8f433a27cae1bd98,0
https://cdnjs.cloudflare.com/ajax/libs/prism/9000.0.1/components/prism-c.js,,fd8e4e42c7392715338630566b0fa802ae32881b59e7e2a125b1bf5af4451665,0
https://cdnjs.cloudflare.com/ajax/libs/prism/9000.0.1/components/prism-c.min.js,,fe144565804557ca5f159e4f98f20d89a1243452fee8d5f0b89c2f963e0482a5,0
https://cdnjs.cloudflare.com/ajax/libs/prism/9000.0.1/components/prism-clike.js,,d6e9f5c9ee32ba79f3e54cf7df92e5219b00ed9c65d48e1e0e0c39c36dea4981,0
https://cdnjs.cloudflare.com/ajax/libs/prism/9000.0.1/components/prism-clike.min.js,,edb58cae9cfa2d70939dcd905ea369f96f481ff0df6177aa931e5cf25f7fbf17,0
https://cdnjs.cloudflare.com/ajax/libs/prism/9000.0.1/components/prism-coffeescript.js,,cb034b7173cdf66b4d2fb47e51811911a97c5c1b66a2886a86e11d4ec8fa899b,0
https://cdnjs.cloudflare.com/ajax/libs/prism/9000.0.1/components/prism-coffeescript.min.js,,410d48bd407d037c25fd12012d10523c847106fc5415ff61be7f4cd20960bda6,0
https://cdnjs.cloudflare.com/ajax/libs/prism/9000.0.1/components/prism-core.js,,8175de848a4f0540efce92a36bdb1c78bce3971cc09d86d3b0989e52b72b1ec1,0
https://cdnjs.cloudflare.com/ajax/libs/prism/9000.0.1/components/prism-core.min.js,,a2ff916e3355f6e2a6881b0f7b6e7f933070c6192fcefe8435a460a3bf2d39f0,0
https://cdnjs.cloudflare.com/ajax/libs/prism/9000.0.1/components/prism-cpp.js,,a10b5c13478f60b1a5e5d644d683103a5d4373df2ebda149b251ac2d2da51bdf,0
https://cdnjs.cloudflare.com/ajax/libs/prism/9000.0.1/components/prism-cpp.min.js,,4a1e7e88be4b1a02bfa942dd0d989d53d633ad125a212a6fb871434c4e2eec97,0
https://cdnjs.cloudflare.com/ajax/libs/prism/9000.0.1/components/prism-csharp.js,,be01b4bd2b5d4d273bff0f3ebbc15856498d08764305da72c40f0e1004f716ae,0
https://cdnjs.cloudflare.com/ajax/libs/prism/9000.0.1/components/prism-csharp.min.js,,0cf8e568dbd5673a4278322bbe767f1cbf8a401044834ee69d390b6d076546de,0
https://cdnjs.cloudflare.com/ajax/libs/prism/9000.0.1/components/prism-css-extras.js,,9b352b37e1047bc64e79f3a18570fd5684cbf93943bfe1c6cf508dd04ffb8e36,0
https://cdnjs.cloudflare.com/ajax/libs/prism/9000.0.1/components/prism-css-extras.min.js,,817bd19ffba8a71482507e3b422027d32ae324ea4acd509e5248ac6c3539bcab,0
https://cdnjs.cloudflare.com/ajax/libs/prism/9000.0.1/components/prism-css.js,,139c389476b93fdc72474f194c085754a1b20244dcbd1cd8de11cec3a93b1b66,0
https://cdnjs.cloudflare.com/ajax/libs/prism/9000.0.1/components/prism-css.min.js,,a3ea7b9864f006837f75b433b532613c6152680f2eff86beca283928fea46e47,0
https://cdnjs.cloudflare.com/ajax/libs/prism/9000.0.1/components/prism-dart.js,,8a8cb7b82b50320f73db75b08199f1e75f60914432b54e2866c7ae051f3b55c2,0
https://cdnjs.cloudflare.com/ajax/libs/prism/9000.0.1/components/prism-dart.min.js,,9461fb308c4b68dc57eacc3c350fc46d556723d3e79309d24d267403103bb13d,0
https://cdnjs.cloudflare.com/ajax/libs/prism/9000.0.1/components/prism-eiffel.js,,7b6cc4b7021f3dba0c88b788425f2fd96020fb02b9be0e6701ebe5dcb3b9dbc1,0
https://cdnjs.cloudflare.com/ajax/libs/prism/9000.0.1/components/prism-eiffel.min.js,,ea358e1da2ee1641e0a40dc1500c9c3e1b8d8ea3eca2372096502033fe45ee32,0
https://cdnjs.cloudflare.com/ajax/libs/prism/9000.0.1/components/prism-erlang.js,,f023c0f154c91269f0130adfdd92c818e8df41c6d9713488a0b776abc9eb416d,0
https://cdnjs.cloudflare.com/ajax/libs/prism/9000.0.1/components/prism-erlang.min.js,,d73ec7a41c2e4f67de33a593f801d0f97d584d72f318568dff875d763b32dc79,0
https://cdnjs.cloudflare.com/ajax/libs/prism/9000.0.1/components/prism-fortran.js,,c45482510ee812324edfaf994c4522e6341bf33b1197a267d767cb22eb60e968,0
https://cdnjs.cloudflare.com/ajax/libs/prism/9000.0.1/components/prism-fortran.min.js,,2c0cf52a9381993c5676d755dde55f1754122a80b22a8c3e126edb44e2880fb5,0
https://cdnjs.cloudflare.com/ajax/libs/prism/9000.0.1/components/prism-fsharp.js,,38adae2c05e82ec3aa7e765b94b5a7ec4c7862d403581a0b52640b1b4182856d,0
https://cdnjs.cloudflare.com/ajax/libs/prism/9000.0.1/components/prism-fsharp.min.js,,fda9ab9d4c8d70d4c5e54a119aefc34caa2447a9d00ab41dd4daff9437a380ad,0
https://cdnjs.cloudflare.com/ajax/libs/prism/9000.0.1/components/prism-gherkin.js,,53e3bc9d41c34550a478925cf71a36bf0bd27bc914078c6fa9e25869e0cfb82d,0
https://cdnjs.cloudflare.com/ajax/libs/prism/9000.0.1/components/prism-gherkin.min.js,,fa5ac9a016093500edd94250552b57973fef8c1e98193e86f0e98c0b52827e3b,0
https://cdnjs.cloudflare.com/ajax/libs/prism/9000.0.1/components/prism-git.js,,ea4258756c61d24721cf9ed1fa4d990cd3f0aed9bc6f708253cd2dc98fcc95b0,0
https://cdnjs.cloudflare.com/ajax/libs/prism/9000.0.1/components/prism-git.min.js,,3074e39a9800d664590fcdcd2d33597050e9e3d01fb6d52b968996059543fc6f,0
https://cdnjs.cloudflare.com/ajax/libs/prism/9000.0.1/components/prism-go.js,,1bdd23feda5e3effbbd69c32c57ff0a2068ac827d0e9a0cd73ddc7a3bcc2aaa5,0
https://cdnjs.cloudflare.com/ajax/libs/prism/9000.0.1/components/prism-go.min.js,,9ab451fff6eb9596d42b578b3f6de9e50b31ace50455e308f24eb53cd45f8b1f,0
https://cdnjs.cloudflare.com/ajax/libs/prism/9000.0.1/components/prism-groovy.js,,79612d98db01edc0bf298aa6d76d12be478fd75bb0345af22e405eae1efc9d23,0
https://cdnjs.cloudflare.com/ajax/libs/prism/9000.0.1/components/prism-groovy.min.js,,cfd227e5970d70b8ec93924992a7c89e797b2e02d1ee435c08fb7eff3acc9a2a,0
https://cdnjs.cloudflare.com/ajax/libs/prism/9000.0.1/components/prism-haml.js,,c7e401628caf87c924e8d726d13b02056e6f558389bb5e052ff00e7351afb779,0
https://cdnjs.cloudflare.com/ajax/libs/prism/9000.0.1/components/prism-haml.min.js,,54a7831bf498d66d1fd512bd7cbd1a2c411fcef1654582f04e303b81abd32c9a,0
https://cdnjs.cloudflare.com/ajax/libs/prism/9000.0.1/components/prism-handlebars.js,,c7c3da9b18bd788f3037edfac9767fd0688f117d72f3550cd9774b4eca1446a9,0
https://cdnjs.cloudflare.com/ajax/libs/prism/9000.0.1/components/prism-handlebars.min.js,,9489a87bfb592913396f5b5102ba9414aadafe51a2287aeac1f085095a979124,0
https://cdnjs.cloudflare.com/ajax/libs/prism/9000.0.1/components/prism-haskell.js,,1d6f5449d4e40e774ecc08c820e8899e8f837b5abb326d1d446ae9f3185ac339,0
https://cdnjs.cloudflare.com/ajax/libs/prism/9000.0.1/components/prism-haskell.min.js,,aa4282e1a9c1b60cde51b620319edce240a495fd397abaabe5fd510a089ca287,0
https://cdnjs.cloudflare.com/ajax/libs/prism/9000.0.1/components/prism-http.js,,45910406a59219dfff45c0c3d3d781b337a45929127206d899b1a22a3c0097ba,0
https://cdnjs.cloudflare.com/ajax/libs/prism/9000.0.1/components/prism-http.min.js,,b8668f7b46f92804b104d989153329047d73682988a8181eb80c31a5bf6df8cc,0
https://cdnjs.cloudflare.com/ajax/libs/prism/9000.0.1/components/prism-ini.js,,1a15c36a43ba7ba86bc59e3a749d0f66f6dee255e9ffb2b01c021464b041802e,0
https://cdnjs.cloudflare.com/ajax/libs/prism/9000.0.1/components/prism-ini.min.js,,148bc5eb70dd4f36be6dd9bd1be832c54dcfdbc7aacb60bf79877a3fdadf676a,0
https://cdnjs.cloudflare.com/ajax/libs/prism/9000.0.1/components/prism-jade.js,,e639649167819527c9e0cd4e60bb1786a0ce75360f6e32c389a99ad0fa465922,0
https://cdnjs.cloudflare.com/ajax/libs/prism/9000.0.1/components/prism-jade.min.js,,1f5664e1a24ed771727fa50417014bba809c2d0ee8a6ff77a7334f1a7712726a,0
https://cdnjs.cloudflare.com/ajax/libs/prism/9000.0.1/components/prism-java.js,,a92cea7fdea56f5458d5fe14560e2c275e10396643e28f676eb88fe9710e82a5,0
https://cdnjs.cloudflare.com/ajax/libs/prism/9000.0.1/components/prism-java.min.js,,bf4d5d0d45cb268a03053101633e2259dd2e165052787d3dba8cb57e44df1d20,0
https://cdnjs.cloudflare.com/ajax/libs/prism/9000.0.1/components/prism-javascript.js,,35213c52580f9240d2fb7b12825a29cf758461abf346adede2784c714b89fc35,0
https://cdnjs.cloudflare.com/ajax/libs/prism/9000.0.1/components/prism-javascript.min.js,,ab9fca426dfed73ff712f9de216bbd5055dd42d8a566f20f701bdc202d69344c,0
https://cdnjs.cloudflare.com/ajax/libs/prism/9000.0.1/components/prism-jsx.js,,e8ab8f4554055f92be78eb29e7df40cdda1126a8480a73bfc439ddc9a9d3bf16,0
https://cdnjs.cloudflare.com/ajax/libs/prism/9000.0.1/components/prism-jsx.min.js,,fdb8a12d4dd7214ae05d7aa4f153eb8a1686fc5b16b3c15903216c2ef5778076,0
https://cdnjs.cloudflare.com/ajax/libs/prism/9000.0.1/components/prism-julia.js,,2a89f4b0b93f55eba0ac546c1310317471eaa4aaa5e6a81e60747e23820a5637,0
https://cdnjs.cloudflare.com/ajax/libs/prism/9000.0.1/components/prism-julia.min.js,,1399a55c3986cb8059f337ecbae4254d2e0997efb90f313c7a1170910d6bb1f1,0
https://cdnjs.cloudflare.com/ajax/libs/prism/9000.0.1/components/prism-latex.js,,45995ddf4b7239b57521886956eaf0c7b7ce0c303aa63249894946cb2730d836,0
https://cdnjs.cloudflare.com/ajax/libs/prism/9000.0.1/components/prism-latex.min.js,,e9e6ccd9ebbd03838486f4284a57e68b76627284b0bdd2ee3af86077612a7662,0
https://cdnjs.cloudflare.com/ajax/libs/prism/9000.0.1/components/prism-less.js,,e4a1559931271de761b2ba159d79ab46349eb505eca20c09539ac1c454f49ad1,0
https://cdnjs.cloudflare.com/ajax/libs/prism/9000.0.1/components/prism-less.min.js,,dc8a5f9b7167dec929955d2428da0cd1bfb341e8d7b30ab4604d4bad1038b831,0
https://cdnjs.cloudflare.com/ajax/libs/prism/9000.0.1/components/prism-lolcode.js,,3f6f19368eb52257aa83967ebffe2e11b3aedf0610f229880610cd38460b6d17,0
https://cdnjs.cloudflare.com/ajax/libs/prism/9000.0.1/components/prism-lolcode.min.js,,fa0e0261924e89f0a2bc6482321cff942a636c1d191ec8a7d0f8846f12362b75,0
https://cdnjs.cloudflare.com/ajax/libs/prism/9000.0.1/components/prism-markdown.js,,d77201b33ce02edb0c687337ae063bf66e8c3b5bfc371d0509db953b4e1c6e29,0
https://cdnjs.cloudflare.com/ajax/libs/prism/9000.0.1/components/prism-markdown.min.js,,06c63950455a018f59d9cc704fdbb62b4e80bba24a1b800d1d507db476fd09c3,0
https://cdnjs.cloudflare.com/ajax/libs/prism/9000.0.1/components/prism-markup.js,,c27c488feb26e572f19baf570005efa61ec5e86ae1a698b88cf39d7d151b5565,0
https://cdnjs.cloudflare.com/ajax/libs/prism/9000.0.1/components/prism-markup.min.js,,ceff70e230ae69c7741d4926ecd2b0e26c8d6947d0a9676057bbbce1d4dc2140,0
https://cdnjs.cloudflare.com/ajax/libs/prism/9000.0.1/components/prism-matlab.js,,6862ad0573d9e0dc7df96f7c9ce6efe9094e4fc42d2e4277f6a85d32f29de398,0
https://cdnjs.cloudflare.com/ajax/libs/prism/9000.0.1/components/prism-matlab.min.js,,69df2418cc958e871f48a2c927193da3fe981953675cbde664e1c8024ddcb89c,0
https://cdnjs.cloudflare.com/ajax/libs/prism/9000.0.1/components/prism-nasm.js,,fd37a8624597c5431a01ae5fe67f20d5e4e5c363ac9ac6d82da0a2885c170fb6,0
https://cdnjs.cloudflare.com/ajax/libs/prism/9000.0.1/components/prism-nasm.min.js,,ed402d59a7029653fd9633881fd7a4e17c65ce994f831d92153c412285992611,0
https://cdnjs.cloudflare.com/ajax/libs/prism/9000.0.1/components/prism-nsis.js,,2812d625ee79e57845893acdf604599b32505eca3b6de8fa98b3815bd51c4f3d,0
https://cdnjs.cloudflare.com/ajax/libs/prism/9000.0.1/components/prism-nsis.min.js,,fe685708738b876c2e06637caa0e4bb989e948e61bffd4689b1ab46762ffed2e,0
https://cdnjs.cloudflare.com/ajax/libs/prism/9000.0.1/components/prism-objectivec.js,,ebffacfe32f6a39351ebc9f20f9f90ee91046db29a1f36f8fd2eecb294b90bf7,0
https://cdnjs.cloudflare.com/ajax/libs/prism/9000.0.1/components/prism-objectivec.min.js,,41036d1ad78836c990e754a71b31d7343989bb644ab82358b7f943d727ee757e,0
https://cdnjs.cloudflare.com/ajax/libs/prism/9000.0.1/components/prism-pascal.js,,f6cce34d12ff721e59af39cf43eb274104292d287827a02efad537dcdc7f28a6,0
https://cdnjs.cloudflare.com/ajax/libs/prism/9000.0.1/components/prism-pascal.min.js,,a46e315358ab0254fc0c72483b87aa752a3fc0e492b3e263c7965badd4d7b6c6,0
https://cdnjs.cloudflare.com/ajax/libs/prism/9000.0.1/components/prism-perl.js,,cc85b44e45b64e45496fb8296165eab98a156d8475db384b14f320fa0a7df649,0
https://cdnjs.cloudflare.com/ajax/libs/prism/9000.0.1/components/prism-perl.min.js,,742d2f4c3ea8b47c5a5d3d8dea6fcf79e062ada7ab61412745e9ba002bb8eb6f,0
https://cdnjs.cloudflare.com/ajax/libs/prism/9000.0.1/components/prism-php-extras.js,,7741322b6f931f34f9f3444639302280b9ca39f1390b8d9c13b080461025a2ce,0
https://cdnjs.cloudflare.com/ajax/libs/prism/9000.0.1/components/prism-php-extras.min.js,,f6b23045ce8e59d38d3182aac89a7e782e87f5eac54e5b0bd971c4fbccfe01c6,0
https://cdnjs.cloudflare.com/ajax/libs/prism/9000.0.1/components/prism-php.js,,b536db38da34da4f926771802c27bdec9da878599a9eae84d64b0bbab7d590b5,0
https://cdnjs.cloudflare.com/ajax/libs/prism/9000.0.1/components/prism-php.min.js,,7120d4265bb364f256122b926ddaa2f9b11b1a0c0fc1f94550b20cb88a0fe907,0
https://cdnjs.cloudflare.com/ajax/libs/prism/9000.0.1/components/prism-powershell.js,,2d448e1f95abbb9612c4cd99b930f3af42eff2a3b48e66928c5c0f2ef8082a73,0
https://cdnjs.cloudflare.com/ajax/libs/prism/9000.0.1/components/prism-powershell.min.js,,8d27f3256b5fd63e3b835e2d3f2073ac19240a7d6e36eed0748426706607aaf2,0
https://cdnjs.cloudflare.com/ajax/libs/prism/9000.0.1/components/prism-python.js,,27137da5c964a764766bfa2895495217694ad2b1229c5d32e6366118160a98d9,0
https://cdnjs.cloudflare.com/ajax/libs/prism/9000.0.1/components/prism-python.min.js,,d25071dc74993279244965e8f068cea17d96eda768c4672b9aa79f973059f0bd,0
https://cdnjs.cloudflare.com/ajax/libs/prism/9000.0.1/components/prism-r.js,,6a7a3c47d3440c5e6ed2ac2722626973d62b89cf5418de913e44ecfb79b21225,0
https://cdnjs.cloudflare.com/ajax/libs/prism/9000.0.1/components/prism-r.min.js,,f41b18f833fb3ea62c0a71afdb55c3520719224deb3840ac917685df5ec9b182,0
https://cdnjs.cloudflare.com/ajax/libs/prism/9000.0.1/components/prism-rest.js,,3d2204f635ccd7112f90b2b9d55aa2daddf8d1c13739ed0e67366551eab9c6e4,0
https://cdnjs.cloudflare.com/ajax/libs/prism/9000.0.1/components/prism-rest.min.js,,e910c9b383935ab59c323e3ecb7cad87fce067c99d3f8a1d61ccd990a86dd54d,0
https://cdnjs.cloudflare.com/ajax/libs/prism/9000.0.1/components/prism-rip.js,,bf3e539e7037c17311c7ab9bfa43e5015b577625dbed6df1dff7a5b4991f52c1,0
https://cdnjs.cloudflare.com/ajax/libs/prism/9000.0.1/components/prism-rip.min.js,,d64e6d0dcf7ab696e6565090ad070909c2adc32cb17f908e46f21959779e3c0f,0
https://cdnjs.cloudflare.com/ajax/libs/prism/9000.0.1/components/prism-ruby.js,,e2bd6fc3388689ac0503c4e46544b1a1425182dc7b447e174b2882b99f81f042,0
https://cdnjs.cloudflare.com/ajax/libs/prism/9000.0.1/components/prism-ruby.min.js,,e0fe1c0cbde776a8a2a2613c8a415debd268683b76e667dc0e5ed62e5533d67e,0
https://cdnjs.cloudflare.com/ajax/libs/prism/9000.0.1/components/prism-rust.js,,7f8646944a6bb41d6a001ddf2f4bf538d4df8c550d0ae8915f5d7b6a88a74f09,0
https://cdnjs.cloudflare.com/ajax/libs/prism/9000.0.1/components/prism-rust.min.js,,1aede2ddd7657f63db0ca7dfcf62d999b42388500c1614c86cbd92d448b450d1,0
https://cdnjs.cloudflare.com/ajax/libs/prism/9000.0.1/components/prism-sas.js,,31bec7daaa7da4ba33a04fb426ae38d8ef779f4919fc731ab49414ab41b4981c,0
https://cdnjs.cloudflare.com/ajax/libs/prism/9000.0.1/components/prism-sas.min.js,,cc4874a6fd87ea8b2734d22035bf04042151296d2667f001555cb89cbc6c21a5,0
https://cdnjs.cloudflare.com/ajax/libs/prism/9000.0.1/components/prism-scala.js,,4fa7f2eabb5cbdeb10c3aa899a8337a04bf2880ffec075883a5d09ee4666c4f2,0
https://cdnjs.cloudflare.com/ajax/libs/prism/9000.0.1/components/prism-scala.min.js,,efc953cd0b5ec5fa0f88fd6fbf725ef318c3e937eab8824e5970af1299f291ff,0
https://cdnjs.cloudflare.com/ajax/libs/prism/9000.0.1/components/prism-scheme.js,,1b1d6ba1a958aa763f6bab4d3cd4570ef2a6ce927d81a7e75b82a5ed50a57c62,0
https://cdnjs.cloudflare.com/ajax/libs/prism/9000.0.1/components/prism-scheme.min.js,,9f3500bf40f819cca11ca851f93fe4dda5b9703cf2e2374a56a20d3c8f24cc1b,0
https://cdnjs.cloudflare.com/ajax/libs/prism/9000.0.1/components/prism-scss.js,,f1bbf76b2483926863a16b38e2ca6ea990fad0cc6173e0b7b97b7bba2bcf0e2c,0
https://cdnjs.cloudflare.com/ajax/libs/prism/9000.0.1/components/prism-scss.min.js,,69dfba66308cb9e46bec657b1f6e1dc19c1b06bbf00b8b7ad15c5ee687792589,0
https://cdnjs.cloudflare.com/ajax/libs/prism/9000.0.1/components/prism-smalltalk.js,,bfb38da76ad2dadb466741f6ae786ea33f6a5a8bd7a1b78892a3132cd5562842,0
https://cdnjs.cloudflare.com/ajax/libs/prism/9000.0.1/components/prism-smalltalk.min.js,,186799bccfd6799c86e3806e20ecdf88eb793a0095e22762fb2e83ae8623bc86,0
https://cdnjs.cloudflare.com/ajax/libs/prism/9000.0.1/components/prism-smarty.js,,1e6814fa8d3d1de5985330bc6a24b2233f528981a97f8e5ba3cb7af4178f474c,0
https://cdnjs.cloudflare.com/ajax/libs/prism/9000.0.1/components/prism-smarty.min.js,,50ac8a0bc1aeb6f8d0ab6b93883492601cc07ee5197eee7507e4fa868635fbc6,0
https://cdnjs.cloudflare.com/ajax/libs/prism/9000.0.1/components/prism-sql.js,,988c2dafcb305a7c6182c7627b325f9c50e5664afa6fddfc259cc4c53b2144da,0
https://cdnjs.cloudflare.com/ajax/libs/prism/9000.0.1/components/prism-sql.min.js,,1f9cdeb0535c47622bb1615a1b57b6185b53fabbb1e450079627220778c2b876,0
https://cdnjs.cloudflare.com/ajax/libs/prism/9000.0.1/components/prism-stylus.js,,64ef526913b286ab2ff57fc140214259b7bd2995e17f1494abf8ebcf96bc6f29,0
https://cdnjs.cloudflare.com/ajax/libs/prism/9000.0.1/components/prism-stylus.min.js,,d1d1db961361e4a6c6d86f25c996bda43e3951affe63b157298b9487acd4c1bd,0
https://cdnjs.cloudflare.com/ajax/libs/prism/9000.0.1/components/prism-swift.js,,9a32fe79963cba8bde72afebc913705add3a86d66d553df523fc6014662f8631,0
https://cdnjs.cloudflare.com/ajax/libs/prism/9000.0.1/components/prism-swift.min.js,,8c371d3249f6bddfb53613c9a64da357b11a4639a928f7292a09166fbd451b17,0
https://cdnjs.cloudflare.com/ajax/libs/prism/9000.0.1/components/prism-twig.js,,55cf4d79d6b088228f9917fda5f664b78b1a8719516add1c10d4dc65618a7484,0
https://cdnjs.cloudflare.com/ajax/libs/prism/9000.0.1/components/prism-twig.min.js,,7831b100dcfa88d3ff9d1136f1fe233b3f0ca46af818aa58a2e23f815468aca2,0
https://cdnjs.cloudflare.com/ajax/libs/prism/9000.0.1/components/prism-typescript.js,,f05be0362a7ffdf6b876730dc0df2b1db87682d05fc69842b3f8ac212dceb181,0
https://cdnjs.cloudflare.com/ajax/libs/prism/9000.0.1/components/prism-typescript.min.js,,9e5a538972a02d1f89f01d843f234ef65343c10b166941528987c49cac83ba9d,0
https://cdnjs.cloudflare.com/ajax/libs/prism/9000.0.1/components/prism-wiki.js,,86b1399f564bcc92032e04c981be81bf0fe001e5a6028d33e6daaf6dd0fbb682,0
https://cdnjs.cloudflare.com/ajax/libs/prism/9000.0.1/components/prism-wiki.min.js,,89604fb14e9aaac34c26ab76989ce4b33a5291a86c0646d83a2bc545d43f7ac7,0
https://cdnjs.cloudflare.com/ajax/libs/prism/9000.0.1/components/prism-yaml.js,,92791ed9bf33eb2836b2522f9dde5303221bd4ff08f30218be0167b8dfb6f3a3,0
https://cdnjs.cloudflare.com/ajax/libs/prism/9000.0.1/components/prism-yaml.min.js,,46eb0b3d58003085eff6b97439d3c845b404b1f870c8fa33c14e5d1168850c98,0
https://cdnjs.cloudflare.com/ajax/libs/prism/9000.0.1/plugins/autolinker/prism-autolinker.css,,5d27b84713281b7214a10a255287323e154ced7f1aaca4194e986666523cf6cb,0
https://cdnjs.cloudflare.com/ajax/libs/prism/9000.0.1/plugins/autolinker/prism-autolinker.js,,cbe99a4c20897bd7fdce78cd148d2746bdaa11f82690aef18f8f7dd504c4e9fd,0
https://cdnjs.cloudflare.com/ajax/libs/prism/9000.0.1/plugins/autolinker/prism-autolinker.min.css,,643743ca5cfcd983f8aa14b90c9a4a38902049eddc5b6e59697236ce9f43396f,0
https://cdnjs.cloudflare.com/ajax/libs/prism/9000.0.1/plugins/autolinker/prism-autolinker.min.js,,f72ba48f1051c597dde94bc02ba981e6edf1f46d7d018a3dcc664da8a622387e,0
https://cdnjs.cloudflare.com/ajax/libs/prism/9000.0.1/plugins/file-highlight/prism-file-highlight.js,,5ddda6459e634887e64fa2aea76a9bb6f1936ba0532492fb9a656025f897bf6c,0
https://cdnjs.cloudflare.com/ajax/libs/prism/9000.0.1/plugins/file-highlight/prism-file-highlight.min.js,,0f7a81a109713ed1ff8483cf38139dd627a0c94d78359caf33d8d48ea4eeaec9,0
https://cdnjs.cloudflare.com/ajax/libs/prism/9000.0.1/plugins/highlight-keywords/prism-highlight-keywords.js,,184d6ec45637364366bac98bd893a8fa5f760a80468e0b10d3e4070ba35c6286,0
https://cdnjs.cloudflare.com/ajax/libs/prism/9000.0.1/plugins/highlight-keywords/prism-highlight-keywords.min.js,,a5ad46c4cca39cd21f1732ed2bd8c83813da711cb7331ed46e5a44ce7d658376,0
https://cdnjs.cloudflare.com/ajax/libs/prism/9000.0.1/plugins/ie8/prism-ie8.css,,5d27b84713281b7214a10a255287323e154ced7f1aaca4194e986666523cf6cb,0
https://cdnjs.cloudflare.com/ajax/libs/prism/9000.0.1/plugins/ie8/prism-ie8.js,,fe5774e4d8b81be61a8e088f81badc0162068a4c32865e4ad633b8c87e7f19b1,0
https://cdnjs.cloudflare.com/ajax/libs/prism/9000.0.1/plugins/ie8/prism-ie8.min.css,,643743ca5cfcd983f8aa14b90c9a4a38902049eddc5b6e59697236ce9f43396f,0
https://cdnjs.cloudflare.com/ajax/libs/prism/9000.0.1/plugins/ie8/prism-ie8.min.js,,2c2595aace6078114a53bc49194cc41d2528907fb449ebb41b32383f5699904e,0
https://cdnjs.cloudflare.com/ajax/libs/prism/9000.0.1/plugins/line-highlight/prism-line-highlight.css,,39d49d302f40c5c8245599e95efbf08aea9aa9f4471cc5cbebcfd5c13e966046,0
https://cdnjs.cloudflare.com/ajax/libs/prism/9000.0.1/plugins/line-highlight/prism-line-highlight.js,,63211eb921a269e83ed10ac34329a4ba87ffa97dfd1f95933af4a9b80b3a0f73,0
https://cdnjs.cloudflare.com/ajax/libs/prism/9000.0.1/plugins/line-highlight/prism-line-highlight.min.css,,727c7a4ce74f8258c9552ed7395877f114eac2af2e8e55fea673b1029dd1ba0e,0
https://cdnjs.cloudflare.com/ajax/libs/prism/9000.0.1/plugins/line-highlight/prism-line-highlight.min.js,,c00a13e44f552e96970abf6699cba3d135128bd38fa981be22cf86f3c66a440f,0
https://cdnjs.cloudflare.com/ajax/libs/prism/9000.0.1/plugins/line-numbers/prism-line-numbers.css,,5166a1fbafe5b0fa487d0db761ef06483b784ed83ac5ed60b5a764f53919eab5,0
https://cdnjs.cloudflare.com/ajax/libs/prism/9000.0.1/plugins/line-numbers/prism-line-numbers.js,,ff322c0caf88fcccb03c196d4b4faa6e367494a2b53fca612d64aea6076734df,0
https://cdnjs.cloudflare.com/ajax/libs/prism/9000.0.1/plugins/line-numbers/prism-line-numbers.min.css,,ba629a75227532e5c660df05cdd166a0880dfc4609b249fb4c97409e9b57fc84,0
https://cdnjs.cloudflare.com/ajax/libs/prism/9000.0.1/plugins/line-numbers/prism-line-numbers.min.js,,80563d7fc125972e6312bf37b4c7f45a2856da6eb5d9b1816288e9d54406dcb5,0
https://cdnjs.cloudflare.com/ajax/libs/prism/9000.0.1/plugins/show-invisibles/prism-show-invisibles.css,,ea62a3160d1fba682e65499f0707a8999539552fb84586ff396c27690e580b58,0
https://cdnjs.cloudflare.com/ajax/libs/prism/9000.0.1/plugins/show-invisibles/prism-show-invisibles.js,,1f992c9123c36ca4ac534d87c144850d0ca799e26643b62d49e98d40cd146391,0
https://cdnjs.cloudflare.com/ajax/libs/prism/9000.0.1/plugins/show-invisibles/prism-show-invisibles.min.css,,63638d1e0086675a81dae7a05ecbae948056388621ab9643d3fd77fca3fdac75,0
https://cdnjs.cloudflare.com/ajax/libs/prism/9000.0.1/plugins/show-invisibles/prism-show-invisibles.min.js,,1d367fe704ebe2c561917a5fe04960ad8887e305cead50d0a80692c38e868142,0
https://cdnjs.cloudflare.com/ajax/libs/prism/9000.0.1/plugins/show-language/prism-show-language.css,,4a165b93d4e30b2f81e6089534799470c0cbbee6c2ee36c97213ef7f2b7ada21,0
https://cdnjs.cloudflare.com/ajax/libs/prism/9000.0.1/plugins/show-language/prism-show-language.js,,81f086921926792a82d554cfd4d12257a3add6ab3d1860ea9d66fa1b468e9558,0
https://cdnjs.cloudflare.com/ajax/libs/prism/9000.0.1/plugins/show-language/prism-show-language.min.css,,b9fd81c9c814974368fba889096e6106574f2c7fc5298f862652a9c827e0a833,0
https://cdnjs.cloudflare.com/ajax/libs/prism/9000.0.1/plugins/show-language/prism-show-language.min.js,,62cbfb2a9766e1ce92097277208d124aec73311e0ccba5d86f396da611bbfc89,0
https://cdnjs.cloudflare.com/ajax/libs/prism/9000.0.1/plugins/wpd/prism-wpd.css,,9ec94d6d954066eb2b4a25ef91a6c0775605e17eda9b13c25dd39a323f3bcd0e,0
https://cdnjs.cloudflare.com/ajax/libs/prism/9000.0.1/plugins/wpd/prism-wpd.js,,b9ab3a93a832f25991a0e2236c13c6b5365e08e0f5c51d59a207ebc355e0877c,0
https://cdnjs.cloudflare.com/ajax/libs/prism/9000.0.1/plugins/wpd/prism-wpd.min.css,,0cdcf74b81dd183f8da7eaa754edffd74452c7d6a47b21aaab49749e542994a5,0
https://cdnjs.cloudflare.com/ajax/libs/prism/9000.0.1/plugins/wpd/prism-wpd.min.js,,488ee9be4172452530912cd7949b2d6bf8d41f59386dff450342b13189a1956c,0
https://cdnjs.cloudflare.com/ajax/libs/prism/9000.0.1/prism.js,,35e108df2d4482e4984bda7ffaed21d525652cedbe603307c6ef3d77dde0d946,0
https://cdnjs.cloudflare.com/ajax/libs/prism/9000.0.1/prism.min.js,,06b5c81c9e4ecd978c28813815c315f67670ab5e96629b6f527dde4941166f1a,0
https://cdnjs.cloudflare.com/ajax/libs/prism/9000.0.1/themes/prism-coy.css,,8d196a6d6f89bea465b60aff6c1a9f15df5ea0e1a605dcf42bfeb22d74e5df2c,0
https://cdnjs.cloudflare.com/ajax/libs/prism/9000.0.1/themes/prism-coy.min.css,,0077f6bc99c96ad631a21fea31c6d6ac7447886df94c8b9ff386b92b0aceabcd,0
https://cdnjs.cloudflare.com/ajax/libs/prism/9000.0.1/themes/prism-dark.css,,152bdf2d65b9c0188a2e1fc1c853fd0a12d81a9d891ccaa97fe47f8750dd05d3,0
https://cdnjs.cloudflare.com/ajax/libs/prism/9000.0.1/themes/prism-dark.min.css,,a30f779d6d43a88b304bee2daf805a02ec4e542375653c5ebd3807f5ad1e47ac,0
https://cdnjs.cloudflare.com/ajax/libs/prism/9000.0.1/themes/prism-funky.css,,1f1b1f367a6c41dc489bb20832a68f214509fde61f888ca29a548adc2678a82e,0
https://cdnjs.cloudflare.com/ajax/libs/prism/9000.0.1/themes/prism-funky.min.css,,0212cc713a890d6d18cd0a6730e05beb9371b20ce9cfb5278f0167fac46ccff4,0
https://cdnjs.cloudflare.com/ajax/libs/prism/9000.0.1/themes/prism-okaidia.css,,1069f164c60b49eea711c9e234d64468a692b17fadcd8e44c0a1e249c92ce2e0,0
https://cdnjs.cloudflare.com/ajax/libs/prism/9000.0.1/themes/prism-okaidia.min.css,,b342f6ada9382b731992820c3c20ccceb0f1916de48a666de4e4647fb55a4479,0
https://cdnjs.cloudflare.com/ajax/libs/prism/9000.0.1/themes/prism-tomorrow.css,,26fa0e203ffb28f3e977607c57baf09f915f9bb939e375ff4ce9a68b5860e913,0
https://cdnjs.cloudflare.com/ajax/libs/prism/9000.0.1/themes/prism-tomorrow.min.css,,d17f66fe9cf08d17c56ffbd27bac2caae7544379b1f6581e5d2774a42a907ff1,0
https://cdnjs.cloudflare.com/ajax/libs/prism/9000.0.1/themes/prism-twilight.css,,5132124393b5e683974341923e887800a250e69ec0a6a8dbc4d0924b4e6e59fc,0
https://cdnjs.cloudflare.com/ajax/libs/prism/9000.0.1/themes/prism-twilight.min.css,,290f233e4f6f436a4db3581ab5a9c9ea010136fd4f339da8c7db6175028ac2a0,0
https://cdnjs.cloudflare.com/ajax/libs/prism/9000.0.1/themes/prism.css,,350d8d49ebaafaae95890b12133043f01f73c95d01f96ec51aaeb9943c1bdcb9,0
https://cdnjs.cloudflare.com/ajax/libs/prism/9000.0.1/themes/prism.min.css,,7b101d32d1dbbf05bbf8312ce7aecc5fae45ab56894137d110fe69c3c816f806,0
https://cdnjs.cloudflare.com/ajax/libs/protobufjs/8.7.2/light/protobuf.js,,f03e33c3351b44ce63cd54a059160b5f4e91b27921084177ad2d6e7491a8fde9,0
https://cdnjs.cloudflare.com/ajax/libs/protobufjs/8.7.2/light/protobuf.min.js,,c440afc52609b49da26b2e147a60c76f6af9352f9ab6e9da133dc01fcae82ac0,0
https://cdnjs.cloudflare.com/ajax/libs/protobufjs/8.7.2/minimal/protobuf.js,,0e422d9ca82f6a225403a97b4a7fcbf132c69e9c03f19f0edf41adeb6df4a74b,0
https://cdnjs.cloudflare.com/ajax/libs/protobufjs/8.7.2/minimal/protobuf.min.js,,69b7a9fb05cf7a55b296c08a23e67511d2aee6f934d41b28ceaf86e320844c73,0
https://cdnjs.cloudflare.com/ajax/libs/protobufjs/8.7.2/protobuf.js,,d133172903044b5855dabbb31d6b5d617fc01b0b5c4495b6d15de9648185ef41,0
https://cdnjs.cloudflare.com/ajax/libs/protobufjs/8.7.2/protobuf.min.js,,797e5072b7dd429e839442dc038ed6928d6a7cd337cd4694d6a6fd996a22af5a,0
https://cdnjs.cloudflare.com/ajax/libs/q.js/1.5.1/q.js,,de9d26adcc6e6b63bfd755c17a8600fc53576d705f27a515dd5e6975ab4f57ad,0
https://cdnjs.cloudflare.com/ajax/libs/q.js/1.5.1/q.min.js,,511026dcf380c93a5c53c00275bda222331616e4da8b8fdf09d5dd7aa18dde1f,0
https://cdnjs.cloudflare.com/ajax/libs/qs/6.16.0/qs.js,,e5e356d2dfa7a6ffddd7250efc69bcb84b191fe23e14b50e4896f823ab7a7fd7,0
https://cdnjs.cloudflare.com/ajax/libs/qs/6.16.0/qs.min.js,,f11eb0d0bc21e7ae30adef7a75d7af4bdaec4d7175f5531ed9549887ddee925a,0
https://cdnjs.cloudflare.com/ajax/libs/ramda/0.32.0/ramda.js,,f1b41513b80db800af76bb5498d0198ad4c915bab64d53189b0c8ac9fcf1eeb1,0
https://cdnjs.cloudflare.com/ajax/libs/ramda/0.32.0/ramda.min.js,,2f42863180ef07056723baa34ec9ac3353a31b47ac588de0f0e665e715404b0a,0
https://cdnjs.cloudflare.com/ajax/libs/react-dom/19.2.8/cjs/react-dom-client.development.js,,261c3275492d8f0b1f9b76f78268882316c8435217c39c78c65853bdcd89d500,0
https://cdnjs.cloudflare.com/ajax/libs/react-dom/19.2.8/cjs/react-dom-client.development.min.js,,df7dcaa051e01a58af7741c27911bfdf9d44dffb6009b9f73dd795054204889b,0
https://cdnjs.cloudflare.com/ajax/libs/react-dom/19.2.8/cjs/react-dom-client.production.js,,6cf4932e0c20a4572ae395035ca2e512a42d7d49c1a659fa73d6197069c28df0,0
https://cdnjs.cloudflare.com/ajax/libs/react-dom/19.2.8/cjs/react-dom-client.production.min.js,,c668fe7d676ac5b17152e8635a268a53c05f95760fc0a62923b35a450a182dce,0
https://cdnjs.cloudflare.com/ajax/libs/react-dom/19.2.8/cjs/react-dom-profiling.development.js,,68b75445dcd5d7ee62f712f017765e7d4c53c12366ab6581883415890620bd9c,0
https://cdnjs.cloudflare.com/ajax/libs/react-dom/19.2.8/cjs/react-dom-profiling.development.min.js,,058b571c74f8adcbcd377a479a9e52da080ffb409bc1f8e3b58a0218f48d5d55,0
https://cdnjs.cloudflare.com/ajax/libs/react-dom/19.2.8/cjs/react-dom-profiling.profiling.js,,0fdba3845eb5eb31d00dd0532ecd24d9b04a114501f43f34d0f3f97919d5f336,0
https://cdnjs.cloudflare.com/ajax/libs/react-dom/19.2.8/cjs/react-dom-profiling.profiling.min.js,,a863e202a8bac3b3021cfa914e5736a20d44d3f4572c2eb4c1d3b1a25ea236a8,0
https://cdnjs.cloudflare.com/ajax/libs/react-dom/19.2.8/cjs/react-dom-server-legacy.browser.development.js,,6724ab5822dbc9337c1fc45e7979238bc8053ee3fbbd58ad7f8db4556d13ed85,0
https://cdnjs.cloudflare.com/ajax/libs/react-dom/19.2.8/cjs/react-dom-server-legacy.browser.development.min.js,,2e37b3e4f6d5b3d9d2c4e2f19e5308cc1b316e1b710ad2acc4638a15664298eb,0
https://cdnjs.cloudflare.com/ajax/libs/react-dom/19.2.8/cjs/react-dom-server-legacy.browser.production.js,,42694c0dd8b60c6ca8826da4e932ec767e2322cf494a80e71d2f8fb699156266,0
https://cdnjs.cloudflare.com/ajax/libs/react-dom/19.2.8/cjs/react-dom-server-legacy.browser.production.min.js,,e7f0d28f44033e8f7680f6fa86614e6066adc8ebb2f52faecc2a5727df9ed7fc,0
https://cdnjs.cloudflare.com/ajax/libs/react-dom/19.2.8/cjs/react-dom-server-legacy.node.development.js,,afb80c4aeca492da216a6e4abe6e27cf543c986d36bfb024ae2883fcb54177fb,0
https://cdnjs.cloudflare.com/ajax/libs/react-dom/19.2.8/cjs/react-dom-server-legacy.node.development.min.js,,37281d3813f875f4c86e2b654acdfc40e7a4a5a44cfdb139833ad48183195396,0
https://cdnjs.cloudflare.com/ajax/libs/react-dom/19.2.8/cjs/react-dom-server-legacy.node.production.js,,5f3ec8c34ca8a294bfb9532fb6b95478513cc961709ea6da1eb8a5f126ed492c,0
https://cdnjs.cloudflare.com/ajax/libs/react-dom/19.2.8/cjs/react-dom-server-legacy.node.production.min.js,,5e204f6bc58034470bacc70bc1ca676f99a866d7a75e8837876b376d494699d3,0
https://cdnjs.cloudflare.com/ajax/libs/react-dom/19.2.8/cjs/react-dom-server.browser.development.js,,3243d514280f0bfd1312c91b6e66b8a58c1e90eb5f8767425c7068a81a973300,0
https://cdnjs.cloudflare.com/ajax/libs/react-dom/19.2.8/cjs/react-dom-server.browser.development.min.js,,efbce4c70b504fbafb5a6e4bb4423fe4dbc3f87359a7db64ef277ec4598e5677,0
https://cdnjs.cloudflare.com/ajax/libs/react-dom/19.2.8/cjs/react-dom-server.browser.production.js,,c4e4f2a82a5bf1330c2bbd96689ef6a01d98054dd4475054353cf888aea2609e,0
https://cdnjs.cloudflare.com/ajax/libs/react-dom/19.2.8/cjs/react-dom-server.browser.production.min.js,,0845fd80952c34b0dc56dc0f09f47cf79d869c7228922de1e87a8b7b229b294d,0
https://cdnjs.cloudflare.com/ajax/libs/react-dom/19.2.8/cjs/react-dom-server.bun.development.js,,9d9f4fa5a502b42bd17473c221607cb50a175de1f7eecdf03780822c120d0a6f,0
https://cdnjs.cloudflare.com/ajax/libs/react-dom/19.2.8/cjs/react-dom-server.bun.development.min.js,,bca400bd2170ecf51ccbfce8cdffea66ab9e49195a891693812a6e946083638e,0
https://cdnjs.cloudflare.com/ajax/libs/react-dom/19.2.8/cjs/react-dom-server.bun.production.js,,6cb0a418bcc09f2506a7943139c5ab03b13c8e2cf93ea9f4dbb5a478c211e228,0
https://cdnjs.cloudflare.com/ajax/libs/react-dom/19.2.8/cjs/react-dom-server.bun.production.min.js,,9e68cf55073e4fd11a306fdb03a04ddad07a1536b685258d433fc4255801bad1,0
https://cdnjs.cloudflare.com/ajax/libs/react-dom/19.2.8/cjs/react-dom-server.edge.development.js,,1995755e66224806c95bdfb151f43ce2ec3c62fb296ff7bf31c6058312c2c0b9,0
https://cdnjs.cloudflare.com/ajax/libs/react-dom/19.2.8/cjs/react-dom-server.edge.development.min.js,,ae7d5a34a5c8542d373c6dc23a3b469e7715784cc77d6b904de8142ad540cc47,0
https://cdnjs.cloudflare.com/ajax/libs/react-dom/19.2.8/cjs/react-dom-server.edge.production.js,,08b1b330efd70e4e083600117a326b9178ff9d741f6526d087aa1d21a8666eda,0
https://cdnjs.cloudflare.com/ajax/libs/react-dom/19.2.8/cjs/react-dom-server.edge.production.min.js,,e58f6d8d1460a90d4aed8ab14225f5ab44b4b3a9111c530f5a0e4c1625ad5115,0
https://cdnjs.cloudflare.com/ajax/libs/react-dom/19.2.8/cjs/react-dom-server.node.development.js,,acde2438469e46eb28a0d85828b0576ebf515844a00bbe243b554ac854374297,0
https://cdnjs.cloudflare.com/ajax/libs/react-dom/19.2.8/cjs/react-dom-server.node.development.min.js,,24e8d2d43718d9f7be011392a872eb9f9e999d3ea92ef8b159b0562626211bc8,0
https://cdnjs.cloudflare.com/ajax/libs/react-dom/19.2.8/cjs/react-dom-server.node.production.js,,7c5f4361d4d1e8d3d5ab1d1a559e78821577e2ec3974e95ed302b9c8c0753730,0
https://cdnjs.cloudflare.com/ajax/libs/react-dom/19.2.8/cjs/react-dom-server.node.production.min.js,,ab9ac686aebbb190a1c8759e61e7ba29b237fda46e7f544059608d856fa4cab7,0
https://cdnjs.cloudflare.com/ajax/libs/react-dom/19.2.8/cjs/react-dom-test-utils.development.js,,a691b913756753dd769c1559b8efbd3d8157feb4c9368d2cb4b79eba67441841,0
https://cdnjs.cloudflare.com/ajax/libs/react-dom/19.2.8/cjs/react-dom-test-utils.development.min.js,,fbba5b314ce2451cd606ddb91faf21d355d43c2cd29fc3e0d673839d71026170,0
https://cdnjs.cloudflare.com/ajax/libs/react-dom/19.2.8/cjs/react-dom-test-utils.production.js,,d41ce0bee80299c8330fc080936da31afa5f307dfe4912bc8a6c68f9f566d344,0
https://cdnjs.cloudflare.com/ajax/libs/react-dom/19.2.8/cjs/react-dom-test-utils.production.min.js,,4ea8615895bd70ae542e921966b07a826f6011ff26830f024c06154013344f89,0
https://cdnjs.cloudflare.com/ajax/libs/react-dom/19.2.8/cjs/react-dom.development.js,,07d30cb25cb9bdf68b9dc7c9467b8f29d9c7ffe0f65c6ade9924e16ac207061b,0
https://cdnjs.cloudflare.com/ajax/libs/react-dom/19.2.8/cjs/react-dom.development.min.js,,0ec5d6dab33b67772fbcb32a42121fd29d84dead5da881086638ed29ae7473a7,0
https://cdnjs.cloudflare.com/ajax/libs/react-dom/19.2.8/cjs/react-dom.production.js,,291e0682e8b69643e8e213b6bc13849527fdd97800fef587d5be7b4a8f6a58ca,0
https://cdnjs.cloudflare.com/ajax/libs/react-dom/19.2.8/cjs/react-dom.production.min.js,,248df9194db7de01c65a6465b8cb2875cb7e0adf57159a1b24d41c121db7ac13,0
https://cdnjs.cloudflare.com/ajax/libs/react-dom/19.2.8/cjs/react-dom.react-server.development.js,,ea05629cab85bd50fa03e0d9155642ac66ee634c870622cc06ed5e37e10e06be,0
https://cdnjs.cloudflare.com/ajax/libs/react-dom/19.2.8/cjs/react-dom.react-server.development.min.js,,5ef2fe29e53b0dd949f49be10f890866da3e4c8a24bd6b853cec69d3c70958bb,0
https://cdnjs.cloudflare.com/ajax/libs/react-dom/19.2.8/cjs/react-dom.react-server.production.js,,227c24d4f42d54321b984f65a14c32a6b2b7562c2e8c7ab37b46eabc9e5fa73c,0
https://cdnjs.cloudflare.com/ajax/libs/react-dom/19.2.8/cjs/react-dom.react-server.production.min.js,,0d5288f3279f664a2ccd2592169d5252fefffb6a0f084cdd5c8f67e58423bb02,0
https://cdnjs.cloudflare.com/ajax/libs/react-dropzone/20.1.1/index.js,,d0a68c46ce91e6720b6681673af183035e50314c52e3b657a4f1bb1ef5938eff,0
https://cdnjs.cloudflare.com/ajax/libs/react-dropzone/20.1.1/index.min.js,,0d30aa0cd43fd307238df5eb84c30d6f037fe6dab5f334ca6a23389f80f12cfe,0
https://cdnjs.cloudflare.com/ajax/libs/react-is/19.2.1/cjs/react-is.development.js,,44314886ebca6d96bdb050470894181ee4d27ab04484153a6918700fdc4f97e3,0
https://cdnjs.cloudflare.com/ajax/libs/react-is/19.2.1/cjs/react-is.development.min.js,,99d6bfd6e4f829096ff5ff616a86fee80d529e375fb06e980e95bd69f952466f,0
https://cdnjs.cloudflare.com/ajax/libs/react-is/19.2.1/cjs/react-is.production.js,,7e1b24d0e2a3d9ede538feae7a480620f25e3ff0314a9fe1104a01c9373e56f7,0
https://cdnjs.cloudflare.com/ajax/libs/react-is/19.2.1/cjs/react-is.production.min.js,,d82793b21f6172884873fab00ce15dd6cff46d0059ded493235abb6cc15cda79,0
https://cdnjs.cloudflare.com/ajax/libs/react-redux/9.3.0/cjs/index.js,,d2d5fb5b6c0d837b2d20885c60f54002f7fd0f9cbe8e0b41d5a1e74fce2b7744,0
https://cdnjs.cloudflare.com/ajax/libs/react-redux/9.3.0/cjs/index.min.js,,ac88afc6272d79d79e3bd109a974aed2c8ad55c8431c1f1ddec9bc760bd5be23,0
https://cdnjs.cloudflare.com/ajax/libs/react-redux/9.3.0/react-redux.browser.mjs,,0d6d587517ac38ea653b2854504589126db8e5f70eb0d7b6955b2356c506193b,0
https://cdnjs.cloudflare.com/ajax/libs/react-redux/9.3.0/react-redux.legacy-esm.js,,0c506191830b5bb3c52a8eccf0aeaffcf9962fbda3b4c568d34e4e48ef0952b0,0
https://cdnjs.cloudflare.com/ajax/libs/react-redux/9.3.0/react-redux.legacy-esm.min.js,,2b536b36f5f7cf3684a04abbe4bc863d2df3718587546ca3471f244d383f055d,0
https://cdnjs.cloudflare.com/ajax/libs/react-redux/9.3.0/react-redux.mjs,,eafd53d085f652b9a5a76308b30e1ce90eab2c924b45e176c81767c88412e7ac,0
https://cdnjs.cloudflare.com/ajax/libs/react-redux/9.3.0/rsc.mjs,,d8d3ac2136741a904473316f97811f551415a33caf0080f18e92f10abdfc5886,0
https://cdnjs.cloudflare.com/ajax/libs/react-transition-group/4.4.5/react-transition-group.js,,5c6bbf807b47bcba319ec296c519eac87b48407cb111f8e100acd03037085abf,0
https://cdnjs.cloudflare.com/ajax/libs/react-transition-group/4.4.5/react-transition-group.min.js,,fb6a0f2609f6662ff4fb4d60a9ed632c3bace783a60974dc20dbb65770afbbc8,0
https://cdnjs.cloudflare.com/ajax/libs/react/19.2.4/cjs/react-compiler-runtime.development.js,,7ae8fa77a54c404572cba7065e14fe599a3d8cc0b68d34d649d8acc776e4e096,0
https://cdnjs.cloudflare.com/ajax/libs/react/19.2.4/cjs/react-compiler-runtime.development.min.js,,3a2b3bf2f376d224f9e84c7301fd22308e12daed5408d0233932dcc393cb5f6d,0
https://cdnjs.cloudflare.com/ajax/libs/react/19.2.4/cjs/react-compiler-runtime.production.js,,f7d518f5c043cd008514b4fd8c665a9d2fa5686bd36c6e7d44d78187c0438700,0
https://cdnjs.cloudflare.com/ajax/libs/react/19.2.4/cjs/react-compiler-runtime.production.min.js,,90fc1a39c7311a45db30cf9ae41654ed1c60bf8f962255e041f18a4f20a034ce,0
https://cdnjs.cloudflare.com/ajax/libs/react/19.2.4/cjs/react-compiler-runtime.profiling.js,,821fc2969277b5bc7814965e0ac07f815aafb3880d8bca31bcb53ce5d875edd3,0
https://cdnjs.cloudflare.com/ajax/libs/react/19.2.4/cjs/react-compiler-runtime.profiling.min.js,,34499ccb5318e5e38f251b2bdf601b20ecec84116e26eb2eca29c19db3da3bc8,0
https://cdnjs.cloudflare.com/ajax/libs/react/19.2.4/cjs/react-jsx-dev-runtime.development.js,,5a36d0fbb3554be840e6367736f88ebafdb1873a4f40c13f499c3969fa918dd6,0
https://cdnjs.cloudflare.com/ajax/libs/react/19.2.4/cjs/react-jsx-dev-runtime.development.min.js,,9deb3a9f5133f5cbe49fb12df8ce572fa15d36ef873a9caf188aae9ff64892fa,0
https://cdnjs.cloudflare.com/ajax/libs/react/19.2.4/cjs/react-jsx-dev-runtime.production.js,,ba9b367119971ed746925a600256d342eb4cc3f2389de013f61e36ff1f3594a5,0
https://cdnjs.cloudflare.com/ajax/libs/react/19.2.4/cjs/react-jsx-dev-runtime.production.min.js,,46658bd7a01e76cd4cacb4b829e160cf7361a3dccfeb65e287d58c98e191ffc8,0
https://cdnjs.cloudflare.com/ajax/libs/react/19.2.4/cjs/react-jsx-dev-runtime.profiling.js,,c89fe850b7e66b6e1a10496321ea9d778a64512960d01dccf49ff0fd5d256b20,0
https://cdnjs.cloudflare.com/ajax/libs/react/19.2.4/cjs/react-jsx-dev-runtime.profiling.min.js,,6f0cf78a093f2f74ee28f3402702aae07fde3d4455404b65be951c46f426d1d3,0
https://cdnjs.cloudflare.com/ajax/libs/react/19.2.4/cjs/react-jsx-dev-runtime.react-server.development.js,,020946778a8dc16d04209bd6ab003bbfb929c96c2d195bf689bf60d7baeabe8b,0
https://cdnjs.cloudflare.com/ajax/libs/react/19.2.4/cjs/react-jsx-dev-runtime.react-server.development.min.js,,053114ef23b222df8abb249312763b344a501bd621f369e692fbe76f63aa7ccb,0
https://cdnjs.cloudflare.com/ajax/libs/react/19.2.4/cjs/react-jsx-dev-runtime.react-server.production.js,,c56f744270c8cd4d733575757eaf48de91edfa04d0f5e01ef5043bf9848263b3,0
https://cdnjs.cloudflare.com/ajax/libs/react/19.2.4/cjs/react-jsx-dev-runtime.react-server.production.min.js,,1834b878706f33bef582a1f69d2938f1c050d4a6a1a897e1086676b60d549480,0
https://cdnjs.cloudflare.com/ajax/libs/react/19.2.4/cjs/react-jsx-runtime.development.js,,dd50fd0db2fba44e0eee66243a45c81cfa3774cf41e4e6c0c080a601815c694d,0
https://cdnjs.cloudflare.com/ajax/libs/react/19.2.4/cjs/react-jsx-runtime.development.min.js,,9b6ecc27e32a2b4d54e2babc7792e982e09fb8c718eb18dbb75466b3c54a5b97,0
https://cdnjs.cloudflare.com/ajax/libs/react/19.2.4/cjs/react-jsx-runtime.production.js,,1e46f15002696985e80c61d47aaa30dabb03c954270a690f5f7dfbbacfa9002b,0
https://cdnjs.cloudflare.com/ajax/libs/react/19.2.4/cjs/react-jsx-runtime.production.min.js,,480f8d537805d69433805e04cab128150d3236c7b034cbf5271ab57563fc5f2d,0
https://cdnjs.cloudflare.com/ajax/libs/react/19.2.4/cjs/react-jsx-runtime.profiling.js,,27b2fb3d04f9878687ab58717172592650e256de727e910366340be87e0f8352,0
https://cdnjs.cloudflare.com/ajax/libs/react/19.2.4/cjs/react-jsx-runtime.profiling.min.js,,af4abce9e84ad1b46a55501d6be197e73fc4bd9484bea91496c4416379c00329,0
https://cdnjs.cloudflare.com/ajax/libs/react/19.2.4/cjs/react-jsx-runtime.react-server.development.js,,2338d052c495176d4e996090cb07bff4831f2faf95b89ad116e4e31769a5ca78,0
https://cdnjs.cloudflare.com/ajax/libs/react/19.2.4/cjs/react-jsx-runtime.react-server.development.min.js,,4e279e970ff808e6715ff5daa8dd2f1c222dafc2ecf1b2b7ad74086262b51769,0
https://cdnjs.cloudflare.com/ajax/libs/react/19.2.4/cjs/react-jsx-runtime.react-server.production.js,,44bdd0dbbf51d5d49ac46ece12e919151c7f27b7f5b174790c4ca6aef0b6a1eb,0
https://cdnjs.cloudflare.com/ajax/libs/react/19.2.4/cjs/react-jsx-runtime.react-server.production.min.js,,2d3e6648da40ce595a061195b469ba3c0da1f1a6002689d5554e18f67735b211,0
https://cdnjs.cloudflare.com/ajax/libs/react/19.2.4/cjs/react.development.js,,aea3404ac4d87323ff72f8ee176454d94bcd13a4a4947c5288dca174dbbd17db,0
https://cdnjs.cloudflare.com/ajax/libs/react/19.2.4/cjs/react.development.min.js,,77f79470003efe47704ab0f0192608c10fc279d17e87a2302063f35b4927317a,0
https://cdnjs.cloudflare.com/ajax/libs/react/19.2.4/cjs/react.production.js,,6a3554a5287116df819640334924348287618dcdcd7124a05eb126dcbbecd5f9,0
https://cdnjs.cloudflare.com/ajax/libs/react/19.2.4/cjs/react.production.min.js,,d3fa2c4a00db3e0d8ffe90f51773f990610be96f4b72a536e228f0391a6de032,0
https://cdnjs.cloudflare.com/ajax/libs/react/19.2.4/cjs/react.react-server.development.js,,939b73f27891130c821ff133fa29ca13e4857fef36f557b967faceeea8d9bf59,0
https://cdnjs.cloudflare.com/ajax/libs/react/19.2.4/cjs/react.react-server.development.min.js,,74043d6dff0668fd43413eeb856d12fdf366e4891a11e41e913c02d21e262c98,0
https://cdnjs.cloudflare.com/ajax/libs/react/19.2.4/cjs/react.react-server.production.js,,35a9bad5756cb3fe2a5c129f908fa5b01ba985f29cc5f7e6f92f386b3f32ded2,0
https://cdnjs.cloudflare.com/ajax/libs/react/19.2.4/cjs/react.react-server.production.min.js,,a1670e68e47d81c9f365365c44cc25168e436b0f724b7024f4bb127f173e1824,0
https://cdnjs.cloudflare.com/ajax/libs/recharts/3.10.1/Recharts.js,,2578de28c2eb9259c1d86b68102283eb57d59a1d02f6d5d1cdb9846a9fc4d721,0
https://cdnjs.cloudflare.com/ajax/libs/recharts/3.10.1/Recharts.min.js,,def08231844e5913bdeca02bdd459f530a983e585831978920280e5419af3b4c,0
https://cdnjs.cloudflare.com/ajax/libs/redux-thunk/3.1.0/redux-thunk.legacy-esm.js,,1fef2796d3e74a8ff82e487f7dfedb73d6933980667436cff665657f86485ffa,0
https://cdnjs.cloudflare.com/ajax/libs/redux-thunk/3.1.0/redux-thunk.legacy-esm.min.js,,7e3befd5795fbdca49203900c8b976fc98cc7a1b4220033c3d48e8f009de7f9c,0
https://cdnjs.cloudflare.com/ajax/libs/redux-thunk/3.1.0/redux-thunk.mjs,,1fef2796d3e74a8ff82e487f7dfedb73d6933980667436cff665657f86485ffa,0
https://cdnjs.cloudflare.com/ajax/libs/redux/5.0.1/redux.legacy-esm.js,,b26e875f0fd94e379996f23ccd99fc500268c739dd9c462aa794234001e30a91,0
https://cdnjs.cloudflare.com/ajax/libs/redux/5.0.1/redux.legacy-esm.min.js,,ede13715143b60e3d24d15b3bc9477ea9e606c8d6fe32d423e01dd7e9b056568,0
https://cdnjs.cloudflare.com/ajax/libs/request/2.88.2/index.js,,8add87cb60d62ceeca63981bb4426b1fffb4fef65303f31b688eb1f1c425274f,0
https://cdnjs.cloudflare.com/ajax/libs/request/2.88.2/index.min.js,,b48fb13b07aa2f2738f34f91537caaab024a61215d9a1bea9f93632cfdebac28,0
https://cdnjs.cloudflare.com/ajax/libs/request/2.88.2/lib/auth.js,,033318b8870b4a942c02fe04f8a9dce0930d9160399671f4c21806083681d994,0
https://cdnjs.cloudflare.com/ajax/libs/request/2.88.2/lib/auth.min.js,,97c2074a7998ff0f96ac4f54f9dac8e9d23de971fc7cac01852b9aed1b2602ab,0
https://cdnjs.cloudflare.com/ajax/libs/request/2.88.2/lib/cookies.js,,e8d8d2b1010ca12a30020f1a4e99035f009d40ab51e51a1f5bac9106ba1ad3ec,0
https://cdnjs.cloudflare.com/ajax/libs/request/2.88.2/lib/cookies.min.js,,55c2cad0c6b4e3c092120df843da085be1be998b4a3184f079810e9aec773f8a,0
https://cdnjs.cloudflare.com/ajax/libs/request/2.88.2/lib/getProxyFromURI.js,,2aad0e7cffbfa43f72c0e116b6a934f5f644d2269ceb9672985f5856c6b6c82a,0
https://cdnjs.cloudflare.com/ajax/libs/request/2.88.2/lib/getProxyFromURI.min.js,,38a6099bbde0575ef1c9ec6046f2a5e2502d70ff107bf4ae511770460d1f0acd,0
https://cdnjs.cloudflare.com/ajax/libs/request/2.88.2/lib/har.js,,fe0b236b19abf68032446b695cc9435fe77f3de373ea4ec11d66933a11f7e67b,0
https://cdnjs.cloudflare.com/ajax/libs/request/2.88.2/lib/har.min.js,,1987d037eb9ecbdb89d206a0e115a48f12310b81f53fd2756eca2db1eb0e5b0b,0
https://cdnjs.cloudflare.com/ajax/libs/request/2.88.2/lib/hawk.js,,4cdf71cef3c12528cd7163f6955d55aa77c260a440a3fcb93b77e3a9c4ab1650,0
https://cdnjs.cloudflare.com/ajax/libs/request/2.88.2/lib/hawk.min.js,,d409edd382b80527a38152f3ab9f0ab7d26600f75e128b6d5fd3306e8af8f8ea,0
https://cdnjs.cloudflare.com/ajax/libs/request/2.88.2/lib/helpers.js,,50f1b86132ea1a7acda9b48b69016c7623660efad2c79b554bd30c78286f3bf5,0
https://cdnjs.cloudflare.com/ajax/libs/request/2.88.2/lib/helpers.min.js,,ed29a2d823a692d57781255d064d7d53f72e04d0c81a3cd07333c6e0f719d096,0
https://cdnjs.cloudflare.com/ajax/libs/request/2.88.2/lib/multipart.js,,af2c0b45347049efcd475a47c15bd448fc714482d34b2caf7e3c912bef3ecf43,0
https://cdnjs.cloudflare.com/ajax/libs/request/2.88.2/lib/multipart.min.js,,4e05ea67b25c4fd74b46c520573cb723b17292678f56cc4fbc4c85f0f324eab7,0
https://cdnjs.cloudflare.com/ajax/libs/request/2.88.2/lib/oauth.js,,53fdc5f23d96f57db1e2a2152fc156949b37fccb5d3d9a39e035e919233798cb,0
https://cdnjs.cloudflare.com/ajax/libs/request/2.88.2/lib/oauth.min.js,,314909b3ad8bc5e22a8fe74eb768c2952ff9a6f17f583cafbfdcfc5ecd6ee57a,0
https://cdnjs.cloudflare.com/ajax/libs/request/2.88.2/lib/querystring.js,,03d39ea220b40c0095a5b33c172afe33e631bb43be84cf9269f533ee5aec7a47,0
https://cdnjs.cloudflare.com/ajax/libs/request/2.88.2/lib/querystring.min.js,,6f9fb81837bfc0e8c23a9560903bfb2881c07d979d8513709b3238fdc07fd629,0
https://cdnjs.cloudflare.com/ajax/libs/request/2.88.2/lib/redirect.js,,4056494e80f0354a6253c6fc08a526bf10920c1b2bb517efb1249945a1291672,0
https://cdnjs.cloudflare.com/ajax/libs/request/2.88.2/lib/redirect.min.js,,34dc55828a26f5cc6810438ef9ee3cf373e900b49bab4994214c14b313fd1545,0
https://cdnjs.cloudflare.com/ajax/libs/request/2.88.2/lib/tunnel.js,,43f4f4ab7ad358863ce1a215711b0bac297ed0030cdfb8db35329b201a554671,0
https://cdnjs.cloudflare.com/ajax/libs/request/2.88.2/lib/tunnel.min.js,,e477157162c586a32843fc16742e3352051104c091127ad2c7332c0777332274,0
https://cdnjs.cloudflare.com/ajax/libs/request/2.88.2/request.js,,289c0b7854f2403813b2e03999888a9fda5d80ec11d3cf98ffb2c0e7d0cd99c0,0
https://cdnjs.cloudflare.com/ajax/libs/request/2.88.2/request.min.js,,e8244c13b5b90f67c0ccf9b5326c5bbe5566adb32cfc5771a1424e280d872409,0
https://cdnjs.cloudflare.com/ajax/libs/reselect/5.3.0/cjs/index.js,,fd737aaad0f87fe9c6ec9ec8974489f40c30f02dffc6bf2a72c8f8e39863a106,0
https://cdnjs.cloudflare.com/ajax/libs/reselect/5.3.0/cjs/index.min.js,,6ed5abe0792763a9efedd28cf01c69e98635247ac64f3c52639fdaa4d8029905,0
https://cdnjs.cloudflare.com/ajax/libs/reselect/5.3.0/reselect.browser.mjs,,939c4dcaff02fc79dbd6227fbfd2a4313e3c96b40fab2967cc3d397ffdf4659c,0
https://cdnjs.cloudflare.com/ajax/libs/reselect/5.3.0/reselect.legacy-esm.js,,a399616d8d8f4a6b126f22d2bb25b77ed90d2f6d62515960f09a9340fe83b3a0,0
https://cdnjs.cloudflare.com/ajax/libs/reselect/5.3.0/reselect.legacy-esm.min.js,,4f52df1ba21e1215191133313337f3097a64733816adb1f3b64a35884ab610fa,0
https://cdnjs.cloudflare.com/ajax/libs/reselect/5.3.0/reselect.mjs,,0da63d82f26c074090064e7e24b6c8b9ace629227d8647233b051fc3848d6f8e,0
https://cdnjs.cloudflare.com/ajax/libs/rxjs/7.8.2/rxjs.umd.js,,1e41ea39143e34c256fbf9056b56afdd6c0438d84ed772e4e3f6230ccfeee81b,0
https://cdnjs.cloudflare.com/ajax/libs/rxjs/7.8.2/rxjs.umd.min.js,,2152e8a794982170a4c1dae32a74e31a81218fd74781c27b0d628a02bf532413,0
https://cdnjs.cloudflare.com/ajax/libs/sinon.js/22.1.0/sinon.js,,1965df878f4b4d02ea1c4d1cae54aa9b1ccd59c2134b4b582efd3f2265538e17,0
https://cdnjs.cloudflare.com/ajax/libs/sinon.js/22.1.0/sinon.min.js,,b6c57a8a24b889fe670067ff90cbe4de54bc43a9bd8871e1908c786da1c1aadb,0
https://cdnjs.cloudflare.com/ajax/libs/socket.io/4.8.3/socket.io.esm.min.js,,72a57408c85583436488d4dc29231cbb9b805b6e9bec8c7a73a43ff7f21f6c95,0
https://cdnjs.cloudflare.com/ajax/libs/socket.io/4.8.3/socket.io.js,,bc425714aa8f2547d6939e3721ebafd3830a7562a1f6cb08acc1e794bd707954,0
https://cdnjs.cloudflare.com/ajax/libs/socket.io/4.8.3/socket.io.min.js,,7bcff1b4f1442787ff11dfc510dedb8de16502ff5c987c4bbeb477605f76d9a0,0
https://cdnjs.cloudflare.com/ajax/libs/socket.io/4.8.3/socket.io.msgpack.min.js,,d04937e0b82ed5549344a11ab9ec5ef1a12d7972a2363086cd203b98937eb57f,0
https://cdnjs.cloudflare.com/ajax/libs/styled-components/6.5.3/styled-components.browser.cjs.js,,1c915e5550dc60528764ed8aed79640271f9181bf4add5c96c00275b3119fc75,0
https://cdnjs.cloudflare.com/ajax/libs/styled-components/6.5.3/styled-components.browser.cjs.min.js,,e3eb6e07e2ba209283a77f515cb314fe88773602b7a4dfe112e8ab0ce0aab4b8,0
https://cdnjs.cloudflare.com/ajax/libs/styled-components/6.5.3/styled-components.browser.esm.js,,64ae797e072911ba30bfcb0057b752b0cf62569adba13c93cca9c6413c2692d3,0
https://cdnjs.cloudflare.com/ajax/libs/styled-components/6.5.3/styled-components.browser.esm.min.js,,7b3193ff97381a02bbc67118d462e7668c2a5088db56c89fde43dc802cc012b4,0
https://cdnjs.cloudflare.com/ajax/libs/styled-components/6.5.3/styled-components.cjs.js,,1e49049570e249237b61ef0db022acb9c31610857baa0ffea3501895e31dd676,0
https://cdnjs.cloudflare.com/ajax/libs/styled-components/6.5.3/styled-components.cjs.min.js,,a9af6e2a3dd32e6395b8a925819a2ddf92be228d177d71ee0d43fcc21c230404,0
https://cdnjs.cloudflare.com/ajax/libs/styled-components/6.5.3/styled-components.esm.js,,452823c93abbc2ff4784701b7f9f572be5f9e44b150d4771f085d9a8003a76f7,0
https://cdnjs.cloudflare.com/ajax/libs/styled-components/6.5.3/styled-components.esm.min.js,,fc59e78b03f69b0e4aa2d433cbdbb329bced0934c5218156ac830546762b0f55,0
https://cdnjs.cloudflare.com/ajax/libs/styled-components/6.5.3/styled-components.js,,1da4efa8689a071243028e4f4c483703761ae24e0d51f4e35769a10e567e4fcd,0
https://cdnjs.cloudflare.com/ajax/libs/styled-components/6.5.3/styled-components.min.js,,c2e2cdb7b88e527ccf15d2f45b898d9d4b7256b3eb53de0f05d824a7e391a375,0
https://cdnjs.cloudflare.com/ajax/libs/superagent/10.3.0/superagent.js,,858414b4099ebcced26f25da8c81b7b4f4f53b9b519d25d72e6bb956d8e36ef5,0
https://cdnjs.cloudflare.com/ajax/libs/superagent/10.3.0/superagent.min.js,,9807380c9f176e44c6f6bd3063f36e4a5fe7ec330af7177f759e676ce1209da3,0
https://cdnjs.cloudflare.com/ajax/libs/tailwindcss/4.3.3/chunk-5JIJA4QV.mjs,,c24e6bf22af878f559ed55bf81c6023d0413abd0e7854286944088cb44473149,0
https://cdnjs.cloudflare.com/ajax/libs/tailwindcss/4.3.3/chunk-C2OYBFIH.mjs,,4b15bfa07f438749d3512e4e0decfa2acdb4c3268e3293853af51bdf1b0535f4,0
https://cdnjs.cloudflare.com/ajax/libs/tailwindcss/4.3.3/chunk-DCG7AFIE.mjs,,b162bd2089f644e13bbd7138a5efe678f837b55e513b51bc9ed0002d64ddd85b,0
https://cdnjs.cloudflare.com/ajax/libs/tailwindcss/4.3.3/colors.js,,1bcf4a87977eb0dd5d97ebb3fa8f86a94960e04432b9bda11cc452680bb3a8a1,0
https://cdnjs.cloudflare.com/ajax/libs/tailwindcss/4.3.3/colors.min.js,,74c1c2d03752cabf1203ddccc9988fbe440bf3f040fe3c38b40d0b5eb0bf5608,0
https://cdnjs.cloudflare.com/ajax/libs/tailwindcss/4.3.3/colors.mjs,,7d8ab04dd25d73a352046154acf703317511d870ff9303d3724e09919ef0fd8b,0
https://cdnjs.cloudflare.com/ajax/libs/tailwindcss/4.3.3/default-theme.js,,147be701807ff7342b81a4f2c8bf63f61515f3a85307d60e4b5a37c1145fe540,0
https://cdnjs.cloudflare.com/ajax/libs/tailwindcss/4.3.3/default-theme.min.js,,6e26c782f4bc6070d422c542a171d45d83e101178df437052a1e15607c5a8dea,0
https://cdnjs.cloudflare.com/ajax/libs/tailwindcss/4.3.3/default-theme.mjs,,49ae2de009d4cdaec3c37a09bde834ddbb4692814af448f2f1a52af725de145d,0
https://cdnjs.cloudflare.com/ajax/libs/tailwindcss/4.3.3/flatten-color-palette.js,,fc677f08e9e4e7e1f24d580fa622aa11adabdc7a90e9322338ab56c5aabd8cb4,0
https://cdnjs.cloudflare.com/ajax/libs/tailwindcss/4.3.3/flatten-color-palette.min.js,,6c92e76bbf3889e0813a54f2c8dc69f3a0b6fb70140c0495f37a390b4b3b5e6c,0
https://cdnjs.cloudflare.com/ajax/libs/tailwindcss/4.3.3/flatten-color-palette.mjs,,62b5ba008d1566947ed5baa5b162f5d8dbf75f9a6deaba6b09cb79bfac00a359,0
https://cdnjs.cloudflare.com/ajax/libs/tailwindcss/4.3.3/lib.js,,934fd25eee4dc84b2bb168b751816bba4c29cc6ed665a86ef6d6594c54da80d8,0
https://cdnjs.cloudflare.com/ajax/libs/tailwindcss/4.3.3/lib.min.js,,7116a5de9d3fc23d8a5853b3f5a580122bf4d89ccb72e43dcf96a7efd08f1e9f,0
https://cdnjs.cloudflare.com/ajax/libs/tailwindcss/4.3.3/lib.mjs,,8ebfd51c44d6cca0ef675007e97e6aa918944df2b662c2d7bfa50fdfaa98bb64,0
https://cdnjs.cloudflare.com/ajax/libs/tailwindcss/4.3.3/plugin.js,,5564284a5af01cc76f2cfa4e32631ffd58368c167ecac60664b351f895732d19,0
https://cdnjs.cloudflare.com/ajax/libs/tailwindcss/4.3.3/plugin.min.js,,c9f56e8629fb9fbb9f9d52d308276a315fbc4f9de6b89ed91613bc6e5af34f04,0
https://cdnjs.cloudflare.com/ajax/libs/tailwindcss/4.3.3/plugin.mjs,,3e62ce6dd41a0540dc04af03149fc30f65934c34dd10e3abc57eebc6e6acecb2,0
https://cdnjs.cloudflare.com/ajax/libs/three.js/0.185.1/three.core.js,,3718df126d69c125362a03340913204470d8c50238605150e57f808840fb7759,0
https://cdnjs.cloudflare.com/ajax/libs/three.js/0.185.1/three.core.min.js,,05b2609338c76cd65daf74f3ac515bc9a5045e1b3b33edc07d8c9bd55250fa90,0
https://cdnjs.cloudflare.com/ajax/libs/three.js/0.185.1/three.module.js,,bbf5ed13fe4373f5bd38b14ea8e62e9f157327da5638edc6d3863e08b167c9c7,0
https://cdnjs.cloudflare.com/ajax/libs/three.js/0.185.1/three.module.min.js,,86bcee248b64f44bcfc23c331ae74619061957d59cab040171dcb6fb5900beb6,0
https://cdnjs.cloudflare.com/ajax/libs/three.js/0.185.1/three.tsl.js,,c3844718a7becd4d2d10fef29a503e6a8789bd1636e2e62767f2cf00fa56f8c1,0
https://cdnjs.cloudflare.com/ajax/libs/three.js/0.185.1/three.tsl.min.js,,93e864a9adf5eea21fe35ac7fe69403bdd35ad7dc8e393248ee214ba3a815a65,0
https://cdnjs.cloudflare.com/ajax/libs/three.js/0.185.1/three.webgpu.js,,50e4013dd3903e8afb09a4829962dbf105488de7bd47f61308f44bd2e66b3340,0
https://cdnjs.cloudflare.com/ajax/libs/three.js/0.185.1/three.webgpu.min.js,,9deb9cc8943f215f77c27b2cc86bacb83dbd5ab92ef8a7e172437a9e2dff819c,0
https://cdnjs.cloudflare.com/ajax/libs/three.js/0.185.1/three.webgpu.nodes.js,,99d8d52546ac3082aa171d7176584667799b8ac435c8ea5bc2d36275ed0647e6,0
https://cdnjs.cloudflare.com/ajax/libs/three.js/0.185.1/three.webgpu.nodes.min.js,,71889742eb7a9cc40b655fc19b8ab6cb6981dea6b66c0495ce705d107ee55a65,0
https://cdnjs.cloudflare.com/ajax/libs/tinycolor/1.6.0/tinycolor.js,,b48f0496c07714f229d9281ada329381242e895ab3316556d372c9a6568b1a88,0
https://cdnjs.cloudflare.com/ajax/libs/tinycolor/1.6.0/tinycolor.min.js,,a732be1215af43c449744697ca3bdcd3b90700d3a27ab0f22edde7383ff7a731,0
https://cdnjs.cloudflare.com/ajax/libs/typescript/5.9.2/typescript.js,,e5f1f6b3e82228a89873cc7b941b2465185e839c0692860f83e3e63e53f94c2b,0
https://cdnjs.cloudflare.com/ajax/libs/typescript/5.9.2/typescript.min.js,,11748ae7463dddd465341643ba5d09025c4b0769009ddfa84228270b9448bac2,0
https://cdnjs.cloudflare.com/ajax/libs/UAParser.js/1.0.41/ua-parser.js,,9563363c1ea20cd7f5d751441b114278f9937e212dc84d29d5dd7a77c82cdbdb,0
https://cdnjs.cloudflare.com/ajax/libs/UAParser.js/1.0.41/ua-parser.min.js,,3efede947e6c15722184b0fcb2b611ef24c7b2a31e7c0c348814e15d6bfd0bcc,0
https://cdnjs.cloudflare.com/ajax/libs/validator/13.15.35/validator.js,,6752b23ec1c7e5c3cb7ca7290367988bd51d6359e156fcb32da373edc0955ce1,0
https://cdnjs.cloudflare.com/ajax/libs/validator/13.15.35/validator.min.js,,ec77eead710c43af48a4de7cb032833daf05569b165a00146d7e3f25934c6877,0
https://cdnjs.cloudflare.com/ajax/libs/vue/3.5.42/vue.cjs.js,,b4398e9b6c9c0eda7f7ba096086694e1c7ab84ff959829e58246b536be3a4295,0
https://cdnjs.cloudflare.com/ajax/libs/vue/3.5.42/vue.cjs.min.js,,02fe44916c8e4a1540bc8f73d430bc49f49de80258d53fa40fe01e63526b4acc,0
https://cdnjs.cloudflare.com/ajax/libs/vue/3.5.42/vue.cjs.prod.js,,c629f47c3e2a1925379b96528f03c091184439e4d70f3d9067509dedb94857da,0
https://cdnjs.cloudflare.com/ajax/libs/vue/3.5.42/vue.cjs.prod.min.js,,57451e90af0605f3ce21217628d6e35f14f5d8707a6b414c02b890e775ea6d7f,0
https://cdnjs.cloudflare.com/ajax/libs/vue/3.5.42/vue.esm-browser.js,,77bc384793c9e78d6a3253aa353e1fc92b3a8a18aea21f4f08830119f6a0df6e,0
https://cdnjs.cloudflare.com/ajax/libs/vue/3.5.42/vue.esm-browser.min.js,,06c0ca1f252b341bdfa382a3aba35993dbe042fb573d91c1df2a5cdd7510e8ef,0
https://cdnjs.cloudflare.com/ajax/libs/vue/3.5.42/vue.esm-browser.prod.js,,f175f7993cae4ad615bef4d32baa37da3bc2d6d6642dd357d35c935e91583830,0
https://cdnjs.cloudflare.com/ajax/libs/vue/3.5.42/vue.esm-browser.prod.min.js,,7b1c377e623aaf2dcb89c4ba5c52ef06347ff98dd4bce9daf0e46cf0e40a7ec8,0
https://cdnjs.cloudflare.com/ajax/libs/vue/3.5.42/vue.esm-bundler.js,,a8d8ab9d135065d13adc5f795c28803f55b072323a36bca5d09135ae8cf96886,0
https://cdnjs.cloudflare.com/ajax/libs/vue/3.5.42/vue.esm-bundler.min.js,,499a99a66f8a27c64fb90c4e841a5581a7b76037f97418c808a105f8b576f1fe,0
https://cdnjs.cloudflare.com/ajax/libs/vue/3.5.42/vue.global.js,,420fd8aef00a11514c8029c85ab4645edabccae6710c33706033acf78b1a52ec,0
https://cdnjs.cloudflare.com/ajax/libs/vue/3.5.42/vue.global.min.js,,9f8341a9737dff4f4902242d2d66e418e7b90a3160b790ad52333398c82ac93b,0
https://cdnjs.cloudflare.com/ajax/libs/vue/3.5.42/vue.global.prod.js,,aae6339a0e744cc3503f2a3ae63f5ee0d99ce39f45517e7a51fcb9ecc290ca2c,0
https://cdnjs.cloudflare.com/ajax/libs/vue/3.5.42/vue.global.prod.min.js,,04a301a4e2d2edd56c539e0723c9403d1559b7b68264991275b8bd00b3e73c9e,0
https://cdnjs.cloudflare.com/ajax/libs/vue/3.5.42/vue.runtime.esm-browser.js,,279bb17c041aae672a190377ed95293cd20648dd9a890f46fea0a38adeabb293,0
https://cdnjs.cloudflare.com/ajax/libs/vue/3.5.42/vue.runtime.esm-browser.min.js,,88f42a06f8d2f72b963d20d7b3759962f2bacaa9d5919119f2838acc9dcc4f53,0
https://cdnjs.cloudflare.com/ajax/libs/vue/3.5.42/vue.runtime.esm-browser.prod.js,,85c5bc17be41da2f3491c25a6930d94a9e54d7ad878dcfa67e2fca3b55ee8cc9,0
https://cdnjs.cloudflare.com/ajax/libs/vue/3.5.42/vue.runtime.esm-browser.prod.min.js,,fbdba37804f97562360ff9ea1a1d6be0b29ff6713acf6fe71c88dc5e8d3c1bb4,0
https://cdnjs.cloudflare.com/ajax/libs/vue/3.5.42/vue.runtime.esm-bundler.js,,307bb3b96acaa67ae154d2c28958ee470992e71432189fde6d6a07d8ce45fa16,0
https://cdnjs.cloudflare.com/ajax/libs/vue/3.5.42/vue.runtime.esm-bundler.min.js,,3a3ebbf9f92af15f77ef0ab2fbcfac6c8354f987191c5f37abd358572ece452b,0
https://cdnjs.cloudflare.com/ajax/libs/vue/3.5.42/vue.runtime.global.js,,b4142291ceac8f8f3d824714824882e9b115865817869474d31fedce98d69c2b,0
https://cdnjs.cloudflare.com/ajax/libs/vue/3.5.42/vue.runtime.global.min.js,,2797836c4aef7d7f93d3cb1cc5d6721125d3afa221f9c7b91342164fddb5eba9,0
https://cdnjs.cloudflare.com/ajax/libs/vue/3.5.42/vue.runtime.global.prod.js,,6ebafd50404dd9072085d908647c7cd6559718a2b641ec692806185456c0f35b,0
https://cdnjs.cloudflare.com/ajax/libs/vue/3.5.42/vue.runtime.global.prod.min.js,,90bff5068f13b3a3faa1ec9f70160c41dc68698442fd13a9e6232feb3ea71e99,0
https://cdnjs.cloudflare.com/ajax/libs/web-vitals/6.2.1/web-vitals.attribution.iife.js,,6a993d971f0b6ebcaf9af7619db7a688621d11904ff48641541357bdaf57bc55,0
https://cdnjs.cloudflare.com/ajax/libs/web-vitals/6.2.1/web-vitals.attribution.js,,492826d5165be19fce87363eac4fcd92d75a52de0155c1f0ab989d004e5af5c7,0
https://cdnjs.cloudflare.com/ajax/libs/web-vitals/6.2.1/web-vitals.iife.js,,1e5e9b9af6b8d71cfef508e5a869c53b4cf2bbccad8c9b5ac664c34e93f6151a,0
https://cdnjs.cloudflare.com/ajax/libs/web-vitals/6.2.1/web-vitals.js,,bdf421fcbd62c2572c8b09096572262496e2bc54289bcae80c9fe94f6ca6769d,0
https://cdnjs.cloudflare.com/ajax/libs/xlsx/0.18.5/cpexcel.js,,5f0cc8cc3c764e924a2877f32dcd93709756d0b6c26d2471bfd911ce6f8e81c2,0
https://cdnjs.cloudflare.com/ajax/libs/xlsx/0.18.5/cpexcel.min.js,,ebb5f078c9594262c5853942312e6c62189b18d47d52d3ca32fc9d691cc61a15,0
https://cdnjs.cloudflare.com/ajax/libs/xlsx/0.18.5/shim.min.js,,0c16091947c28ec153e281cd303d8b3867bd1d964607af6ad4f264ccd9e512e7,0
https://cdnjs.cloudflare.com/ajax/libs/xlsx/0.18.5/xlsx.core.min.js,,82d32e9e10fc77e90e5eb78e333515135e52fd087c592c48f5a1d2aea4453ed9,0
https://cdnjs.cloudflare.com/ajax/libs/xlsx/0.18.5/xlsx.extendscript.js,,0c5aa86d97dc5216e8f47bfd65e3ff695c676da22091fa15124536c061e430d3,0
https://cdnjs.cloudflare.com/ajax/libs/xlsx/0.18.5/xlsx.extendscript.min.js,,f61d2b282575feb69ec95106cee2b0a0baa3c64ede08f08d8369ca1a530e15a8,0
https://cdnjs.cloudflare.com/ajax/libs/xlsx/0.18.5/xlsx.full.min.js,,c9506197caf809a075b6dee1da0d36fb19da7158ffe8a88e7b0c96c5d8623c99,0
https://cdnjs.cloudflare.com/ajax/libs/xlsx/0.18.5/xlsx.mini.min.js,,3120abba1fd0ea031f25ab22ac93e726f6f63467da1a6349b82e82f3df5d775c,0
https://cdnjs.cloudflare.com/ajax/libs/xlsx/0.18.5/xlsx.zahl.js,,b1b0c61fb9dc2811ff8e566322d6843456f0ba548d11af615776e036d1e7531e,0
https://cdnjs.cloudflare.com/ajax/libs/xlsx/0.18.5/xlsx.zahl.min.js,,a50f021dc11eeb56734b4bacecc28112598f9a93f4c1a079cd2bd29960ba3b58,0
