key,tag,sha256,idle
https://www.youtube-nocookie.com/s/player/0006d355/www-player.css,,1074e75f7621bc7e5e6c75ffbeea96f6fa9f266029361ba4124dd4d3baa69fef,0
https://www.youtube-nocookie.com/s/player/0053e6c9/www-player.css,,cfd52c611020fb575d85fc138c1cc172eebdb9bff20d464f90993923cf5cb64b,0
https://www.youtube-nocookie.com/s/player/00c52fa0/www-player.css,,7c7eb8252199ec9042290b1044ed1ba5ed8847ee516771bbe6dd27f9f16a608c,0
https://www.youtube-nocookie.com/s/player/00ee7c1b/www-player.css,,cfd52c611020fb575d85fc138c1cc172eebdb9bff20d464f90993923cf5cb64b,0
https://www.youtube-nocookie.com/s/player/00fd7bc3/www-player.css,,921b6856085a224b1ca2e5db139b1788c01d4dd1e70daca7006b6a7b381bdae1,0
https://www.youtube-nocookie.com/s/player/016aac24/www-player.css,,4501bc83f7fe6c0de41512e5f91fcf9457f7a8a3aab18e3c38973eb6a6ae0b55,0
https://www.youtube-nocookie.com/s/player/01b2d163/www-player.css,,4a3d9f50726e2dc48728329f15bed529b17e8e1238c784566e6e97a03a710e83,0
https://www.youtube-nocookie.com/s/player/01bde470/www-player.css,,c34b029a2ad48a415e6017096bc67792b8c8a140db833cb99e86d6d4378aa1c7,0
https://www.youtube-nocookie.com/s/player/01fad9fb/www-player.css,,921b6856085a224b1ca2e5db139b1788c01d4dd1e70daca7006b6a7b381bdae1,0
https://www.youtube-nocookie.com/s/player/023db2e6/www-player.css,,bb2ee0639d3d01fff4688a439d42f088babfba9c20ed207d4b1d6f2fc0224107,0
https://www.youtube-nocookie.com/s/player/02fa8099/www-player.css,,4501bc83f7fe6c0de41512e5f91fcf9457f7a8a3aab18e3c38973eb6a6ae0b55,0
https://www.youtube-nocookie.com/s/player/030cd809/www-player.css,,cfd52c611020fb575d85fc138c1cc172eebdb9bff20d464f90993923cf5cb64b,0
https://www.youtube-nocookie.com/s/player/033fd556/www-player.css,,1074e75f7621bc7e5e6c75ffbeea96f6fa9f266029361ba4124dd4d3baa69fef,0
https://www.youtube-nocookie.com/s/player/03572262/www-player.css,,7aca61589965311619d927da66c4fd6c266bfd5a9a263a5cd203e935270a4428,0
https://www.youtube-nocookie.com/s/player/03d0c0e0/www-player.css,,ed75e47b996f41da27d3aa3997bf0f0d632a4d02cefbe8572870acb51e4ed891,0
https://www.youtube-nocookie.com/s/player/03f50d92/www-player.css,,7c7eb8252199ec9042290b1044ed1ba5ed8847ee516771bbe6dd27f9f16a608c,0
https://www.youtube-nocookie.com/s/player/041232d8/www-player.css,,aed8e79fbe210a9b3e958681a1931b19baa85741b51cabf87b5101e4e0e2cd7b,0
https://www.youtube-nocookie.com/s/player/04299f43/www-player.css,,946419ed4e47d5a3edabaf88a5b129066ae23346d4d668cdd9a7b7bb0400d0ea,0
https://www.youtube-nocookie.com/s/player/04586e8e/www-player.css,,1074e75f7621bc7e5e6c75ffbeea96f6fa9f266029361ba4124dd4d3baa69fef,0
https://www.youtube-nocookie.com/s/player/04b89b89/www-player.css,,cfd52c611020fb575d85fc138c1cc172eebdb9bff20d464f90993923cf5cb64b,0
https://www.youtube-nocookie.com/s/player/0502bc08/www-player.css,,644559b7590cf725119fd0ab8ed45a236d0faf9751693abb303038d7c349d2b2,0
https://www.youtube-nocookie.com/s/player/05540cb0/www-player.css,,c1266aa5ccb770d4191058a5eff5c40d0e88ab06d5cfbb81025ef0105572f5f2,0
https://www.youtube-nocookie.com/s/player/05558a16/www-player.css,,14a39ca2157acf89f00909fa7bec1629d375ff52d44e7016b40e691d8f4b23a8,0
https://www.youtube-nocookie.com/s/player/06459dfc/www-player.css,,1074e75f7621bc7e5e6c75ffbeea96f6fa9f266029361ba4124dd4d3baa69fef,0
https://www.youtube-nocookie.com/s/player/0675bd00/www-player.css,,29d34e9e6307e455bd2f297147351746386bf5aa097920f69d7d4771fb9f16e4,0
https://www.youtube-nocookie.com/s/player/06ab6907/www-player.css,,774b08660c0a88d4f4516afc5b6eb8809a87581871371bcdab9648178897276d,0
https://www.youtube-nocookie.com/s/player/06ab93f2/www-player.css,,bb2ee0639d3d01fff4688a439d42f088babfba9c20ed207d4b1d6f2fc0224107,0
https://www.youtube-nocookie.com/s/player/06cb0078/www-player.css,,cfd52c611020fb575d85fc138c1cc172eebdb9bff20d464f90993923cf5cb64b,0
https://www.youtube-nocookie.com/s/player/06dc4a70/www-player.css,,aa68e0e1ccb88e0e7e5b0e712acaefd700bc1fddffe47833b9f357c139ef7839,0
https://www.youtube-nocookie.com/s/player/0727df12/www-player.css,,0d994eb0e617b6087b915cb1bdc2bb56f40826f1b3d182277c0915aedec24671,0
https://www.youtube-nocookie.com/s/player/0756e657/www-player.css,,921b6856085a224b1ca2e5db139b1788c01d4dd1e70daca7006b6a7b381bdae1,0
https://www.youtube-nocookie.com/s/player/08635129/www-player.css,,7c7eb8252199ec9042290b1044ed1ba5ed8847ee516771bbe6dd27f9f16a608c,0
https://www.youtube-nocookie.com/s/player/08bf6746/www-player.css,,1074e75f7621bc7e5e6c75ffbeea96f6fa9f266029361ba4124dd4d3baa69fef,0
https://www.youtube-nocookie.com/s/player/08ed7f6e/www-player.css,,fb2f17a87256c403f2fcc1c7c643ca1afa249ed19dd15907197262a202357262,0
https://www.youtube-nocookie.com/s/player/093b19ed/www-player.css,,921b6856085a224b1ca2e5db139b1788c01d4dd1e70daca7006b6a7b381bdae1,0
https://www.youtube-nocookie.com/s/player/094af033/www-player.css,,ed75e47b996f41da27d3aa3997bf0f0d632a4d02cefbe8572870acb51e4ed891,0
https://www.youtube-nocookie.com/s/player/0980151a/www-player.css,,f140b6831469664f09fb07ae991e983b46752deaa9d8a8b214852f235ea6e7d0,0
https://www.youtube-nocookie.com/s/player/09d72748/www-player.css,,8dd0861016ff7bfa3fa5810d683be16d2e6ab9c70a639428f71a78b39f93b9b9,0
https://www.youtube-nocookie.com/s/player/0a500c3a/www-player.css,,946419ed4e47d5a3edabaf88a5b129066ae23346d4d668cdd9a7b7bb0400d0ea,0
https://www.youtube-nocookie.com/s/player/0a5faf6d/www-player.css,,14a39ca2157acf89f00909fa7bec1629d375ff52d44e7016b40e691d8f4b23a8,0
https://www.youtube-nocookie.com/s/player/0b359740/www-player.css,,8345f5d06b1e06a8dcf60075eee7e564059f238a85eb6f34b6ce41fab50ce074,0
https://www.youtube-nocookie.com/s/player/0b59edd6/www-player.css,,7c7eb8252199ec9042290b1044ed1ba5ed8847ee516771bbe6dd27f9f16a608c,0
https://www.youtube-nocookie.com/s/player/0ba40ca7/www-player.css,,e7c8a5055316b32ab0baa115589477ca4edf8a28372005da3ab230c85660d3f4,0
https://www.youtube-nocookie.com/s/player/0c9dcb4e/www-player.css,,f140b6831469664f09fb07ae991e983b46752deaa9d8a8b214852f235ea6e7d0,0
https://www.youtube-nocookie.com/s/player/0d0138e0/www-player.css,,e7c8a5055316b32ab0baa115589477ca4edf8a28372005da3ab230c85660d3f4,0
https://www.youtube-nocookie.com/s/player/0d130d9d/www-player.css,,e73a47994fe46c3ca05cd3ef31752f0ad98c50d05aa83925177ae0d422d4e202,0
https://www.youtube-nocookie.com/s/player/0d4fa194/www-player.css,,ff94612f774a2fa9658e397e78071cbde5eb96e3f67a444efac6a10b4b7e760f,0
https://www.youtube-nocookie.com/s/player/0d93e75f/www-player.css,,cfd52c611020fb575d85fc138c1cc172eebdb9bff20d464f90993923cf5cb64b,0
https://www.youtube-nocookie.com/s/player/0e380a3c/www-player.css,,644559b7590cf725119fd0ab8ed45a236d0faf9751693abb303038d7c349d2b2,0
https://www.youtube-nocookie.com/s/player/0e48fdab/www-player.css,,8dd0861016ff7bfa3fa5810d683be16d2e6ab9c70a639428f71a78b39f93b9b9,0
https://www.youtube-nocookie.com/s/player/0e56f409/www-player.css,,aa68e0e1ccb88e0e7e5b0e712acaefd700bc1fddffe47833b9f357c139ef7839,0
https://www.youtube-nocookie.com/s/player/0fa0965b/www-player.css,,c1266aa5ccb770d4191058a5eff5c40d0e88ab06d5cfbb81025ef0105572f5f2,0
https://www.youtube-nocookie.com/s/player/0fc21ed0/www-player.css,,ed75e47b996f41da27d3aa3997bf0f0d632a4d02cefbe8572870acb51e4ed891,0
https://www.youtube-nocookie.com/s/player/0fe2b028/www-player.css,,e7c8a5055316b32ab0baa115589477ca4edf8a28372005da3ab230c85660d3f4,0
https://www.youtube-nocookie.com/s/player/0ffea8e4/www-player.css,,ed75e47b996f41da27d3aa3997bf0f0d632a4d02cefbe8572870acb51e4ed891,0
https://www.youtube-nocookie.com/s/player/1003891b/www-player.css,,ff94612f774a2fa9658e397e78071cbde5eb96e3f67a444efac6a10b4b7e760f,0
https://www.youtube-nocookie.com/s/player/101d8d29/www-player.css,,8345f5d06b1e06a8dcf60075eee7e564059f238a85eb6f34b6ce41fab50ce074,0
https://www.youtube-nocookie.com/s/player/10733253/www-player.css,,6503becd8abddddc2a7cf3e598efe9f7aca089bf56f4a497624c8839845453fd,0
https://www.youtube-nocookie.com/s/player/10a04aa8/www-player.css,,bb2ee0639d3d01fff4688a439d42f088babfba9c20ed207d4b1d6f2fc0224107,0
https://www.youtube-nocookie.com/s/player/10ecb549/www-player.css,,d84a7a9cede27c144c059863a14188a79870815abcf8f4e88ec746c5873e205f,0
https://www.youtube-nocookie.com/s/player/1150a2f2/www-player.css,,e7c8a5055316b32ab0baa115589477ca4edf8a28372005da3ab230c85660d3f4,0
https://www.youtube-nocookie.com/s/player/116dbe15/www-player.css,,8dd0861016ff7bfa3fa5810d683be16d2e6ab9c70a639428f71a78b39f93b9b9,0
https://www.youtube-nocookie.com/s/player/11c0c1a9/www-player.css,,8dd0861016ff7bfa3fa5810d683be16d2e6ab9c70a639428f71a78b39f93b9b9,0
https://www.youtube-nocookie.com/s/player/120bf048/www-player.css,,921b6856085a224b1ca2e5db139b1788c01d4dd1e70daca7006b6a7b381bdae1,0
https://www.youtube-nocookie.com/s/player/12472e7f/www-player.css,,1074e75f7621bc7e5e6c75ffbeea96f6fa9f266029361ba4124dd4d3baa69fef,0
https://www.youtube-nocookie.com/s/player/1274d073/www-player.css,,cfd52c611020fb575d85fc138c1cc172eebdb9bff20d464f90993923cf5cb64b,0
https://www.youtube-nocookie.com/s/player/1278453b/www-player.css,,cfd52c611020fb575d85fc138c1cc172eebdb9bff20d464f90993923cf5cb64b,0
https://www.youtube-nocookie.com/s/player/12ae5f14/www-player.css,,e7c8a5055316b32ab0baa115589477ca4edf8a28372005da3ab230c85660d3f4,0
https://www.youtube-nocookie.com/s/player/13792696/www-player.css,,cfd52c611020fb575d85fc138c1cc172eebdb9bff20d464f90993923cf5cb64b,0
https://www.youtube-nocookie.com/s/player/13ae533c/www-player.css,,921b6856085a224b1ca2e5db139b1788c01d4dd1e70daca7006b6a7b381bdae1,0
https://www.youtube-nocookie.com/s/player/13e874d0/www-player.css,,cfd52c611020fb575d85fc138c1cc172eebdb9bff20d464f90993923cf5cb64b,0
https://www.youtube-nocookie.com/s/player/1406eaf9/www-player.css,,aa68e0e1ccb88e0e7e5b0e712acaefd700bc1fddffe47833b9f357c139ef7839,0
https://www.youtube-nocookie.com/s/player/140dafda/www-player.css,,7c7eb8252199ec9042290b1044ed1ba5ed8847ee516771bbe6dd27f9f16a608c,0
https://www.youtube-nocookie.com/s/player/1416fec1/www-player.css,,bb2ee0639d3d01fff4688a439d42f088babfba9c20ed207d4b1d6f2fc0224107,0
https://www.youtube-nocookie.com/s/player/143198d7/www-player.css,,cfd52c611020fb575d85fc138c1cc172eebdb9bff20d464f90993923cf5cb64b,0
https://www.youtube-nocookie.com/s/player/146d3747/www-player.css,,644559b7590cf725119fd0ab8ed45a236d0faf9751693abb303038d7c349d2b2,0
https://www.youtube-nocookie.com/s/player/15147aab/www-player.css,,921b6856085a224b1ca2e5db139b1788c01d4dd1e70daca7006b6a7b381bdae1,0
https://www.youtube-nocookie.com/s/player/15bb428a/www-player.css,,ed75e47b996f41da27d3aa3997bf0f0d632a4d02cefbe8572870acb51e4ed891,0
https://www.youtube-nocookie.com/s/player/16589d5e/www-player.css,,0d994eb0e617b6087b915cb1bdc2bb56f40826f1b3d182277c0915aedec24671,0
https://www.youtube-nocookie.com/s/player/1680feb2/www-player.css,,0d994eb0e617b6087b915cb1bdc2bb56f40826f1b3d182277c0915aedec24671,0
https://www.youtube-nocookie.com/s/player/16886a7c/www-player.css,,1074e75f7621bc7e5e6c75ffbeea96f6fa9f266029361ba4124dd4d3baa69fef,0
https://www.youtube-nocookie.com/s/player/16ee6936/www-player.css,,d5b344b8a6d0a02864884c9b037f5f11921381cdfbddb2f8a643d1a8cbe9cef8,0
https://www.youtube-nocookie.com/s/player/16ef956e/www-player.css,,e7c8a5055316b32ab0baa115589477ca4edf8a28372005da3ab230c85660d3f4,0
https://www.youtube-nocookie.com/s/player/16f87be2/www-player.css,,cfd52c611020fb575d85fc138c1cc172eebdb9bff20d464f90993923cf5cb64b,0
https://www.youtube-nocookie.com/s/player/1703d336/www-player.css,,e7c8a5055316b32ab0baa115589477ca4edf8a28372005da3ab230c85660d3f4,0
https://www.youtube-nocookie.com/s/player/17554f56/www-player.css,,fb2f17a87256c403f2fcc1c7c643ca1afa249ed19dd15907197262a202357262,0
https://www.youtube-nocookie.com/s/player/1765788a/www-player.css,,8dd0861016ff7bfa3fa5810d683be16d2e6ab9c70a639428f71a78b39f93b9b9,0
https://www.youtube-nocookie.com/s/player/1778c5fc/www-player.css,,d3dfa94ecbec10b81490a7b186df4f425bb5dd22f33cabe6ec1e1ef079047fc8,0
https://www.youtube-nocookie.com/s/player/1798f86c/www-player.css,,e73a47994fe46c3ca05cd3ef31752f0ad98c50d05aa83925177ae0d422d4e202,0
https://www.youtube-nocookie.com/s/player/17aa2e4c/www-player.css,,e7c8a5055316b32ab0baa115589477ca4edf8a28372005da3ab230c85660d3f4,0
https://www.youtube-nocookie.com/s/player/17ad44a3/www-player.css,,13dd54e1acc89e3a21f9685ed0f71925e12e3a1959e4829a1ee0b1836ecfa205,0
https://www.youtube-nocookie.com/s/player/1812d523/www-player.css,,ed75e47b996f41da27d3aa3997bf0f0d632a4d02cefbe8572870acb51e4ed891,0
https://www.youtube-nocookie.com/s/player/188a8916/www-player.css,,ed75e47b996f41da27d3aa3997bf0f0d632a4d02cefbe8572870acb51e4ed891,0
https://www.youtube-nocookie.com/s/player/1898687b/www-player.css,,24770d815523edda36901999c213d085dac68c34412a8b45d5a09fed74d79b60,0
https://www.youtube-nocookie.com/s/player/18d29a11/www-player.css,,c1266aa5ccb770d4191058a5eff5c40d0e88ab06d5cfbb81025ef0105572f5f2,0
https://www.youtube-nocookie.com/s/player/1943d24e/www-player.css,,1074e75f7621bc7e5e6c75ffbeea96f6fa9f266029361ba4124dd4d3baa69fef,0
https://www.youtube-nocookie.com/s/player/19712d96/www-player.css,,3ace9434c75b268a9166c320f54a3f48b233e9e82ce047f9d7e4c8cdf207cab5,0
https://www.youtube-nocookie.com/s/player/19b1fd9c/www-player.css,,1074e75f7621bc7e5e6c75ffbeea96f6fa9f266029361ba4124dd4d3baa69fef,0
https://www.youtube-nocookie.com/s/player/1a10598a/www-player.css,,aa68e0e1ccb88e0e7e5b0e712acaefd700bc1fddffe47833b9f357c139ef7839,0
https://www.youtube-nocookie.com/s/player/1a8bfffc/www-player.css,,24cb353f7db6c8025eaf8648aa1f941cddfac84342d06ed4fb9def4523328bb3,0
https://www.youtube-nocookie.com/s/player/1ac41de2/www-player.css,,1074e75f7621bc7e5e6c75ffbeea96f6fa9f266029361ba4124dd4d3baa69fef,0
https://www.youtube-nocookie.com/s/player/1acfe3aa/www-player.css,,cfd52c611020fb575d85fc138c1cc172eebdb9bff20d464f90993923cf5cb64b,0
https://www.youtube-nocookie.com/s/player/1b29db7a/www-player.css,,6503becd8abddddc2a7cf3e598efe9f7aca089bf56f4a497624c8839845453fd,0
https://www.youtube-nocookie.com/s/player/1b71165f/www-player.css,,1074e75f7621bc7e5e6c75ffbeea96f6fa9f266029361ba4124dd4d3baa69fef,0
https://www.youtube-nocookie.com/s/player/1b73af8d/www-player.css,,96e3e223db36f20082cbc5b5393a6c783c91cd0d52b4d338857e1c2abbc0deeb,0
https://www.youtube-nocookie.com/s/player/1bb6ee63/www-player.css,,f140b6831469664f09fb07ae991e983b46752deaa9d8a8b214852f235ea6e7d0,0
https://www.youtube-nocookie.com/s/player/1c3a131b/www-player.css,,644559b7590cf725119fd0ab8ed45a236d0faf9751693abb303038d7c349d2b2,0
https://www.youtube-nocookie.com/s/player/1c6d279f/www-player.css,,921b6856085a224b1ca2e5db139b1788c01d4dd1e70daca7006b6a7b381bdae1,0
https://www.youtube-nocookie.com/s/player/1c74cab8/www-player.css,,aed8e79fbe210a9b3e958681a1931b19baa85741b51cabf87b5101e4e0e2cd7b,0
https://www.youtube-nocookie.com/s/player/1cd369c2/www-player.css,,cfd52c611020fb575d85fc138c1cc172eebdb9bff20d464f90993923cf5cb64b,0
https://www.youtube-nocookie.com/s/player/1ceea3e8/www-player.css,,6503becd8abddddc2a7cf3e598efe9f7aca089bf56f4a497624c8839845453fd,0
https://www.youtube-nocookie.com/s/player/1cf32b49/www-player.css,,cfd52c611020fb575d85fc138c1cc172eebdb9bff20d464f90993923cf5cb64b,0
https://www.youtube-nocookie.com/s/player/1d014d3f/www-player.css,,0d994eb0e617b6087b915cb1bdc2bb56f40826f1b3d182277c0915aedec24671,0
https://www.youtube-nocookie.com/s/player/1d093000/www-player.css,,cfd52c611020fb575d85fc138c1cc172eebdb9bff20d464f90993923cf5cb64b,0
https://www.youtube-nocookie.com/s/player/1d4961ef/www-player.css,,cfd52c611020fb575d85fc138c1cc172eebdb9bff20d464f90993923cf5cb64b,0
https://www.youtube-nocookie.com/s/player/1d81eac9/www-player.css,,d3dfa94ecbec10b81490a7b186df4f425bb5dd22f33cabe6ec1e1ef079047fc8,0
https://www.youtube-nocookie.com/s/player/1def3fc2/www-player.css,,cfd52c611020fb575d85fc138c1cc172eebdb9bff20d464f90993923cf5cb64b,0
https://www.youtube-nocookie.com/s/player/1e1d6f74/www-player.css,,f140b6831469664f09fb07ae991e983b46752deaa9d8a8b214852f235ea6e7d0,0
https://www.youtube-nocookie.com/s/player/1e55892c/www-player.css,,798b8326094d9277d1ffc31f005748c2fb5185c0b278176a2774d2b8511945a0,0
https://www.youtube-nocookie.com/s/player/1e5fa36f/www-player.css,,ed75e47b996f41da27d3aa3997bf0f0d632a4d02cefbe8572870acb51e4ed891,0
https://www.youtube-nocookie.com/s/player/1e82c721/www-player.css,,4501bc83f7fe6c0de41512e5f91fcf9457f7a8a3aab18e3c38973eb6a6ae0b55,0
https://www.youtube-nocookie.com/s/player/1e84899c/www-player.css,,cfd52c611020fb575d85fc138c1cc172eebdb9bff20d464f90993923cf5cb64b,0
https://www.youtube-nocookie.com/s/player/1eb2d46d/www-player.css,,ed75e47b996f41da27d3aa3997bf0f0d632a4d02cefbe8572870acb51e4ed891,0
https://www.youtube-nocookie.com/s/player/1ebf2aa6/www-player.css,,ca7992e78f5e015470a829868dc51a6e71c2e6eae256695e908b3f9f56e9c1e7,0
https://www.youtube-nocookie.com/s/player/1fc62019/www-player.css,,c1266aa5ccb770d4191058a5eff5c40d0e88ab06d5cfbb81025ef0105572f5f2,0
https://www.youtube-nocookie.com/s/player/20382113/www-player.css,,96e3e223db36f20082cbc5b5393a6c783c91cd0d52b4d338857e1c2abbc0deeb,0
https://www.youtube-nocookie.com/s/player/204ff6e4/www-player.css,,e7c8a5055316b32ab0baa115589477ca4edf8a28372005da3ab230c85660d3f4,0
https://www.youtube-nocookie.com/s/player/207c58dc/www-player.css,,8dd0861016ff7bfa3fa5810d683be16d2e6ab9c70a639428f71a78b39f93b9b9,0
https://www.youtube-nocookie.com/s/player/21176969/www-player.css,,389d80710907ae3e49736e38c8c56870ba584ddc18286659e13417c9c73b4e5d,0
https://www.youtube-nocookie.com/s/player/217a23a9/www-player.css,,e4e3cc6f6794ea18837d7aef2b9f6fcf91d18b411c25a20153fe32b8821c066c,0
https://www.youtube-nocookie.com/s/player/2182a2cc/www-player.css,,cfd52c611020fb575d85fc138c1cc172eebdb9bff20d464f90993923cf5cb64b,0
https://www.youtube-nocookie.com/s/player/218d9d92/www-player.css,,f438434e0849285ebb1770fbf0b2a71bbc8468c267542b45098d5d430d86b89d,0
https://www.youtube-nocookie.com/s/player/21cd2156/www-player.css,,ca7992e78f5e015470a829868dc51a6e71c2e6eae256695e908b3f9f56e9c1e7,0
https://www.youtube-nocookie.com/s/player/230691b8/www-player.css,,ed75e47b996f41da27d3aa3997bf0f0d632a4d02cefbe8572870acb51e4ed891,0
https://www.youtube-nocookie.com/s/player/23b70d29/www-player.css,,14a39ca2157acf89f00909fa7bec1629d375ff52d44e7016b40e691d8f4b23a8,0
https://www.youtube-nocookie.com/s/player/23ba8f45/www-player.css,,7c7eb8252199ec9042290b1044ed1ba5ed8847ee516771bbe6dd27f9f16a608c,0
https://www.youtube-nocookie.com/s/player/23c9bab9/www-player.css,,aa68e0e1ccb88e0e7e5b0e712acaefd700bc1fddffe47833b9f357c139ef7839,0
https://www.youtube-nocookie.com/s/player/2430d1b0/www-player.css,,aed8e79fbe210a9b3e958681a1931b19baa85741b51cabf87b5101e4e0e2cd7b,0
https://www.youtube-nocookie.com/s/player/2471f939/www-player.css,,921b6856085a224b1ca2e5db139b1788c01d4dd1e70daca7006b6a7b381bdae1,0
https://www.youtube-nocookie.com/s/player/24fe6347/www-player.css,,bb2ee0639d3d01fff4688a439d42f088babfba9c20ed207d4b1d6f2fc0224107,0
https://www.youtube-nocookie.com/s/player/251ca12e/www-player.css,,7c7eb8252199ec9042290b1044ed1ba5ed8847ee516771bbe6dd27f9f16a608c,0
https://www.youtube-nocookie.com/s/player/2574220e/www-player.css,,1f457b3c2593dd64a542c19edb3abbb59a8f2cae6efd299ef381b740631e275a,0
https://www.youtube-nocookie.com/s/player/257d4488/www-player.css,,3053767d9a476b52e0e3e9cd9d835fe26adaae79983c90212329e5915f41c56a,0
https://www.youtube-nocookie.com/s/player/25822515/www-player.css,,c34b029a2ad48a415e6017096bc67792b8c8a140db833cb99e86d6d4378aa1c7,0
https://www.youtube-nocookie.com/s/player/259c7f44/www-player.css,,6503becd8abddddc2a7cf3e598efe9f7aca089bf56f4a497624c8839845453fd,0
https://www.youtube-nocookie.com/s/player/25f11721/www-player.css,,0d994eb0e617b6087b915cb1bdc2bb56f40826f1b3d182277c0915aedec24671,0
https://www.youtube-nocookie.com/s/player/25f1a420/www-player.css,,e13873d21eaca7946538f1ff09a0cc26caea30c42974887657e8b58e3d84599a,0
https://www.youtube-nocookie.com/s/player/267b6435/www-player.css,,7c7eb8252199ec9042290b1044ed1ba5ed8847ee516771bbe6dd27f9f16a608c,0
https://www.youtube-nocookie.com/s/player/26a9c282/www-player.css,,f438434e0849285ebb1770fbf0b2a71bbc8468c267542b45098d5d430d86b89d,0
https://www.youtube-nocookie.com/s/player/2721aa5c/www-player.css,,e73a47994fe46c3ca05cd3ef31752f0ad98c50d05aa83925177ae0d422d4e202,0
https://www.youtube-nocookie.com/s/player/27422632/www-player.css,,9c31f423839c1ab761a788c0bbb45fd5a210055991c23d5dec093cf0f9e25bef,0
https://www.youtube-nocookie.com/s/player/2837ca40/www-player.css,,921b6856085a224b1ca2e5db139b1788c01d4dd1e70daca7006b6a7b381bdae1,0
https://www.youtube-nocookie.com/s/player/2868f080/www-player.css,,81c275d35a2e688fc5bd90aac9d51ea3382b95cf4bc4404db754c69164ea6971,0
https://www.youtube-nocookie.com/s/player/2886e0fc/www-player.css,,921b6856085a224b1ca2e5db139b1788c01d4dd1e70daca7006b6a7b381bdae1,0
https://www.youtube-nocookie.com/s/player/28b37ef2/www-player.css,,7aca61589965311619d927da66c4fd6c266bfd5a9a263a5cd203e935270a4428,0
https://www.youtube-nocookie.com/s/player/290465a5/www-player.css,,c1266aa5ccb770d4191058a5eff5c40d0e88ab06d5cfbb81025ef0105572f5f2,0
https://www.youtube-nocookie.com/s/player/292d23a7/www-player.css,,4501bc83f7fe6c0de41512e5f91fcf9457f7a8a3aab18e3c38973eb6a6ae0b55,0
https://www.youtube-nocookie.com/s/player/29a37ef6/www-player.css,,13dd54e1acc89e3a21f9685ed0f71925e12e3a1959e4829a1ee0b1836ecfa205,0
https://www.youtube-nocookie.com/s/player/2a850cbf/www-player.css,,1074e75f7621bc7e5e6c75ffbeea96f6fa9f266029361ba4124dd4d3baa69fef,0
https://www.youtube-nocookie.com/s/player/2b8b264c/www-player.css,,f140b6831469664f09fb07ae991e983b46752deaa9d8a8b214852f235ea6e7d0,0
https://www.youtube-nocookie.com/s/player/2c20326e/www-player.css,,1d7a0382972006be1b407113b8b13cc6fb4d6dd54f08b0efd987a14c67d4c147,0
https://www.youtube-nocookie.com/s/player/2c206033/www-player.css,,d5b344b8a6d0a02864884c9b037f5f11921381cdfbddb2f8a643d1a8cbe9cef8,0
https://www.youtube-nocookie.com/s/player/2c847785/www-player.css,,798b8326094d9277d1ffc31f005748c2fb5185c0b278176a2774d2b8511945a0,0
https://www.youtube-nocookie.com/s/player/2d01abf7/www-player.css,,0d994eb0e617b6087b915cb1bdc2bb56f40826f1b3d182277c0915aedec24671,0
https://www.youtube-nocookie.com/s/player/2de960cb/www-player.css,,921b6856085a224b1ca2e5db139b1788c01d4dd1e70daca7006b6a7b381bdae1,0
https://www.youtube-nocookie.com/s/player/2ef249c2/www-player.css,,e7c8a5055316b32ab0baa115589477ca4edf8a28372005da3ab230c85660d3f4,0
https://www.youtube-nocookie.com/s/player/2f2d5103/www-player.css,,cfd52c611020fb575d85fc138c1cc172eebdb9bff20d464f90993923cf5cb64b,0
https://www.youtube-nocookie.com/s/player/2f47d04e/www-player.css,,1074e75f7621bc7e5e6c75ffbeea96f6fa9f266029361ba4124dd4d3baa69fef,0
https://www.youtube-nocookie.com/s/player/302f98ca/www-player.css,,8345f5d06b1e06a8dcf60075eee7e564059f238a85eb6f34b6ce41fab50ce074,0
https://www.youtube-nocookie.com/s/player/3062cec8/www-player.css,,6cb0f42858f1cf72cc7d33c674fbf6ace5f2e99a150cede7afd50ec1b7ac8d25,0
https://www.youtube-nocookie.com/s/player/30b88c09/www-player.css,,e7c8a5055316b32ab0baa115589477ca4edf8a28372005da3ab230c85660d3f4,0
https://www.youtube-nocookie.com/s/player/30bd0d3a/www-player.css,,aed8e79fbe210a9b3e958681a1931b19baa85741b51cabf87b5101e4e0e2cd7b,0
https://www.youtube-nocookie.com/s/player/316b61b4/www-player.css,,c1266aa5ccb770d4191058a5eff5c40d0e88ab06d5cfbb81025ef0105572f5f2,0
https://www.youtube-nocookie.com/s/player/31da54c0/www-player.css,,8dd0861016ff7bfa3fa5810d683be16d2e6ab9c70a639428f71a78b39f93b9b9,0
https://www.youtube-nocookie.com/s/player/321b2c25/www-player.css,,ca7992e78f5e015470a829868dc51a6e71c2e6eae256695e908b3f9f56e9c1e7,0
https://www.youtube-nocookie.com/s/player/3231b148/www-player.css,,cfd52c611020fb575d85fc138c1cc172eebdb9bff20d464f90993923cf5cb64b,0
https://www.youtube-nocookie.com/s/player/3241c7eb/www-player.css,,921b6856085a224b1ca2e5db139b1788c01d4dd1e70daca7006b6a7b381bdae1,0
https://www.youtube-nocookie.com/s/player/3262ee78/www-player.css,,cfd52c611020fb575d85fc138c1cc172eebdb9bff20d464f90993923cf5cb64b,0
https://www.youtube-nocookie.com/s/player/32928ebd/www-player.css,,14a39ca2157acf89f00909fa7bec1629d375ff52d44e7016b40e691d8f4b23a8,0
https://www.youtube-nocookie.com/s/player/329e7d83/www-player.css,,e7c8a5055316b32ab0baa115589477ca4edf8a28372005da3ab230c85660d3f4,0
https://www.youtube-nocookie.com/s/player/32a343c8/www-player.css,,7c7eb8252199ec9042290b1044ed1ba5ed8847ee516771bbe6dd27f9f16a608c,0
https://www.youtube-nocookie.com/s/player/32dc5910/www-player.css,,8dd0861016ff7bfa3fa5810d683be16d2e6ab9c70a639428f71a78b39f93b9b9,0
https://www.youtube-nocookie.com/s/player/341562bc/www-player.css,,fb2f17a87256c403f2fcc1c7c643ca1afa249ed19dd15907197262a202357262,0
https://www.youtube-nocookie.com/s/player/3510b6ff/www-player.css,,29d34e9e6307e455bd2f297147351746386bf5aa097920f69d7d4771fb9f16e4,0
https://www.youtube-nocookie.com/s/player/3544d5aa/www-player.css,,e73a47994fe46c3ca05cd3ef31752f0ad98c50d05aa83925177ae0d422d4e202,0
https://www.youtube-nocookie.com/s/player/35c1167d/www-player.css,,e7c8a5055316b32ab0baa115589477ca4edf8a28372005da3ab230c85660d3f4,0
https://www.youtube-nocookie.com/s/player/35df120f/www-player.css,,0d994eb0e617b6087b915cb1bdc2bb56f40826f1b3d182277c0915aedec24671,0
https://www.youtube-nocookie.com/s/player/367cdf18/www-player.css,,ca7992e78f5e015470a829868dc51a6e71c2e6eae256695e908b3f9f56e9c1e7,0
https://www.youtube-nocookie.com/s/player/3810daca/www-player.css,,24cb353f7db6c8025eaf8648aa1f941cddfac84342d06ed4fb9def4523328bb3,0
https://www.youtube-nocookie.com/s/player/3859fa39/www-player.css,,0d994eb0e617b6087b915cb1bdc2bb56f40826f1b3d182277c0915aedec24671,0
https://www.youtube-nocookie.com/s/player/385b0585/www-player.css,,ed75e47b996f41da27d3aa3997bf0f0d632a4d02cefbe8572870acb51e4ed891,0
https://www.youtube-nocookie.com/s/player/3891b194/www-player.css,,ed75e47b996f41da27d3aa3997bf0f0d632a4d02cefbe8572870acb51e4ed891,0
https://www.youtube-nocookie.com/s/player/38bfa716/www-player.css,,7c7eb8252199ec9042290b1044ed1ba5ed8847ee516771bbe6dd27f9f16a608c,0
https://www.youtube-nocookie.com/s/player/38dca859/www-player.css,,e7c8a5055316b32ab0baa115589477ca4edf8a28372005da3ab230c85660d3f4,0
https://www.youtube-nocookie.com/s/player/38e0f4b0/www-player.css,,13dd54e1acc89e3a21f9685ed0f71925e12e3a1959e4829a1ee0b1836ecfa205,0
https://www.youtube-nocookie.com/s/player/38e8e189/www-player.css,,6503becd8abddddc2a7cf3e598efe9f7aca089bf56f4a497624c8839845453fd,0
https://www.youtube-nocookie.com/s/player/39a85230/www-player.css,,3053767d9a476b52e0e3e9cd9d835fe26adaae79983c90212329e5915f41c56a,0
https://www.youtube-nocookie.com/s/player/39e52c11/www-player.css,,ed75e47b996f41da27d3aa3997bf0f0d632a4d02cefbe8572870acb51e4ed891,0
https://www.youtube-nocookie.com/s/player/3b846ccb/www-player.css,,1074e75f7621bc7e5e6c75ffbeea96f6fa9f266029361ba4124dd4d3baa69fef,0
https://www.youtube-nocookie.com/s/player/3bd821dc/www-player.css,,921b6856085a224b1ca2e5db139b1788c01d4dd1e70daca7006b6a7b381bdae1,0
https://www.youtube-nocookie.com/s/player/3bf393b6/www-player.css,,1074e75f7621bc7e5e6c75ffbeea96f6fa9f266029361ba4124dd4d3baa69fef,0
https://www.youtube-nocookie.com/s/player/3c1318b4/www-player.css,,7aca61589965311619d927da66c4fd6c266bfd5a9a263a5cd203e935270a4428,0
https://www.youtube-nocookie.com/s/player/3ccae36b/www-player.css,,14a39ca2157acf89f00909fa7bec1629d375ff52d44e7016b40e691d8f4b23a8,0
https://www.youtube-nocookie.com/s/player/3cfa24db/www-player.css,,e73a47994fe46c3ca05cd3ef31752f0ad98c50d05aa83925177ae0d422d4e202,0
https://www.youtube-nocookie.com/s/player/3d1aff5b/www-player.css,,ed75e47b996f41da27d3aa3997bf0f0d632a4d02cefbe8572870acb51e4ed891,0
https://www.youtube-nocookie.com/s/player/3da2b377/www-player.css,,921b6856085a224b1ca2e5db139b1788c01d4dd1e70daca7006b6a7b381bdae1,0
https://www.youtube-nocookie.com/s/player/3db16eda/www-player.css,,0d994eb0e617b6087b915cb1bdc2bb56f40826f1b3d182277c0915aedec24671,0
https://www.youtube-nocookie.com/s/player/3de89404/www-player.css,,921b6856085a224b1ca2e5db139b1788c01d4dd1e70daca7006b6a7b381bdae1,0
https://www.youtube-nocookie.com/s/player/3dfa10c2/www-player.css,,5fe2f5e79018f6e7b744dc6ee70988e27a4e8c17ae04dd272e500729b34d4ad9,0
https://www.youtube-nocookie.com/s/player/3e133d8d/www-player.css,,aa68e0e1ccb88e0e7e5b0e712acaefd700bc1fddffe47833b9f357c139ef7839,0
https://www.youtube-nocookie.com/s/player/3e6aa434/www-player.css,,fb2f17a87256c403f2fcc1c7c643ca1afa249ed19dd15907197262a202357262,0
https://www.youtube-nocookie.com/s/player/3e7a0d91/www-player.css,,6503becd8abddddc2a7cf3e598efe9f7aca089bf56f4a497624c8839845453fd,0
https://www.youtube-nocookie.com/s/player/3ee6de37/www-player.css,,cfd52c611020fb575d85fc138c1cc172eebdb9bff20d464f90993923cf5cb64b,0
https://www.youtube-nocookie.com/s/player/3f925417/www-player.css,,0d994eb0e617b6087b915cb1bdc2bb56f40826f1b3d182277c0915aedec24671,0
https://www.youtube-nocookie.com/s/player/3fb7e6ac/www-player.css,,3f4865cbdf3eba6f4b6c4c0c5364d8e72332a9821aabebf6256d847c36db1e6c,0
https://www.youtube-nocookie.com/s/player/40aa5b89/www-player.css,,6f25e841296950467517ec8bccba0ffd052a386d6ac8d893aeaba5edf84aca42,0
https://www.youtube-nocookie.com/s/player/40e2f4f3/www-player.css,,ed75e47b996f41da27d3aa3997bf0f0d632a4d02cefbe8572870acb51e4ed891,0
https://www.youtube-nocookie.com/s/player/41b902fa/www-player.css,,774b08660c0a88d4f4516afc5b6eb8809a87581871371bcdab9648178897276d,0
https://www.youtube-nocookie.com/s/player/42c5570b/www-player.css,,644559b7590cf725119fd0ab8ed45a236d0faf9751693abb303038d7c349d2b2,0
https://www.youtube-nocookie.com/s/player/43395a38/www-player.css,,6f25e841296950467517ec8bccba0ffd052a386d6ac8d893aeaba5edf84aca42,0
https://www.youtube-nocookie.com/s/player/444511ca/www-player.css,,d5b344b8a6d0a02864884c9b037f5f11921381cdfbddb2f8a643d1a8cbe9cef8,0
https://www.youtube-nocookie.com/s/player/445213fb/www-player.css,,d5b344b8a6d0a02864884c9b037f5f11921381cdfbddb2f8a643d1a8cbe9cef8,0
https://www.youtube-nocookie.com/s/player/44596b36/www-player.css,,6f25e841296950467517ec8bccba0ffd052a386d6ac8d893aeaba5edf84aca42,0
https://www.youtube-nocookie.com/s/player/44899b31/www-player.css,,c1266aa5ccb770d4191058a5eff5c40d0e88ab06d5cfbb81025ef0105572f5f2,0
https://www.youtube-nocookie.com/s/player/45ac5a1a/www-player.css,,f140b6831469664f09fb07ae991e983b46752deaa9d8a8b214852f235ea6e7d0,0
https://www.youtube-nocookie.com/s/player/45cd3ae0/www-player.css,,921b6856085a224b1ca2e5db139b1788c01d4dd1e70daca7006b6a7b381bdae1,0
https://www.youtube-nocookie.com/s/player/46c7ab03/www-player.css,,7c7eb8252199ec9042290b1044ed1ba5ed8847ee516771bbe6dd27f9f16a608c,0
https://www.youtube-nocookie.com/s/player/46e01509/www-player.css,,e7c8a5055316b32ab0baa115589477ca4edf8a28372005da3ab230c85660d3f4,0
https://www.youtube-nocookie.com/s/player/4746b641/www-player.css,,aed8e79fbe210a9b3e958681a1931b19baa85741b51cabf87b5101e4e0e2cd7b,0
https://www.youtube-nocookie.com/s/player/4748923e/www-player.css,,cfd52c611020fb575d85fc138c1cc172eebdb9bff20d464f90993923cf5cb64b,0
https://www.youtube-nocookie.com/s/player/4753318d/www-player.css,,ed75e47b996f41da27d3aa3997bf0f0d632a4d02cefbe8572870acb51e4ed891,0
https://www.youtube-nocookie.com/s/player/475c090b/www-player.css,,e73a47994fe46c3ca05cd3ef31752f0ad98c50d05aa83925177ae0d422d4e202,0
https://www.youtube-nocookie.com/s/player/487b9fc1/www-player.css,,c34b029a2ad48a415e6017096bc67792b8c8a140db833cb99e86d6d4378aa1c7,0
https://www.youtube-nocookie.com/s/player/4881310a/www-player.css,,ff94612f774a2fa9658e397e78071cbde5eb96e3f67a444efac6a10b4b7e760f,0
https://www.youtube-nocookie.com/s/player/4895ce0b/www-player.css,,d3dfa94ecbec10b81490a7b186df4f425bb5dd22f33cabe6ec1e1ef079047fc8,0
https://www.youtube-nocookie.com/s/player/48995d17/www-player.css,,7c7eb8252199ec9042290b1044ed1ba5ed8847ee516771bbe6dd27f9f16a608c,0
https://www.youtube-nocookie.com/s/player/48ba8ecf/www-player.css,,644559b7590cf725119fd0ab8ed45a236d0faf9751693abb303038d7c349d2b2,0
https://www.youtube-nocookie.com/s/player/4918c89a/www-player.css,,cfd52c611020fb575d85fc138c1cc172eebdb9bff20d464f90993923cf5cb64b,0
https://www.youtube-nocookie.com/s/player/493785e3/www-player.css,,cfd52c611020fb575d85fc138c1cc172eebdb9bff20d464f90993923cf5cb64b,0
https://www.youtube-nocookie.com/s/player/49c4470a/www-player.css,,cfd52c611020fb575d85fc138c1cc172eebdb9bff20d464f90993923cf5cb64b,0
https://www.youtube-nocookie.com/s/player/49f48b9f/www-player.css,,f140b6831469664f09fb07ae991e983b46752deaa9d8a8b214852f235ea6e7d0,0
https://www.youtube-nocookie.com/s/player/4a6035e3/www-player.css,,8dd0861016ff7bfa3fa5810d683be16d2e6ab9c70a639428f71a78b39f93b9b9,0
https://www.youtube-nocookie.com/s/player/4a6bba85/www-player.css,,6f25e841296950467517ec8bccba0ffd052a386d6ac8d893aeaba5edf84aca42,0
https://www.youtube-nocookie.com/s/player/4a8023a8/www-player.css,,cfd52c611020fb575d85fc138c1cc172eebdb9bff20d464f90993923cf5cb64b,0
https://www.youtube-nocookie.com/s/player/4a9ed7b5/www-player.css,,6503becd8abddddc2a7cf3e598efe9f7aca089bf56f4a497624c8839845453fd,0
https://www.youtube-nocookie.com/s/player/4b0d80ee/www-player.css,,f438434e0849285ebb1770fbf0b2a71bbc8468c267542b45098d5d430d86b89d,0
https://www.youtube-nocookie.com/s/player/4b0dda90/www-player.css,,1074e75f7621bc7e5e6c75ffbeea96f6fa9f266029361ba4124dd4d3baa69fef,0
https://www.youtube-nocookie.com/s/player/4b5d9fa9/www-player.css,,921b6856085a224b1ca2e5db139b1788c01d4dd1e70daca7006b6a7b381bdae1,0
https://www.youtube-nocookie.com/s/player/4b9ae131/www-player.css,,0d994eb0e617b6087b915cb1bdc2bb56f40826f1b3d182277c0915aedec24671,0
https://www.youtube-nocookie.com/s/player/4c5c9743/www-player.css,,fb2f17a87256c403f2fcc1c7c643ca1afa249ed19dd15907197262a202357262,0
https://www.youtube-nocookie.com/s/player/4c5cf06a/www-player.css,,7c7eb8252199ec9042290b1044ed1ba5ed8847ee516771bbe6dd27f9f16a608c,0
https://www.youtube-nocookie.com/s/player/4c6971ef/www-player.css,,bb2ee0639d3d01fff4688a439d42f088babfba9c20ed207d4b1d6f2fc0224107,0
https://www.youtube-nocookie.com/s/player/4c6b06b8/www-player.css,,fb2f17a87256c403f2fcc1c7c643ca1afa249ed19dd15907197262a202357262,0
https://www.youtube-nocookie.com/s/player/4d1dd0fc/www-player.css,,14a39ca2157acf89f00909fa7bec1629d375ff52d44e7016b40e691d8f4b23a8,0
https://www.youtube-nocookie.com/s/player/4d3f167a/www-player.css,,7c7eb8252199ec9042290b1044ed1ba5ed8847ee516771bbe6dd27f9f16a608c,0
https://www.youtube-nocookie.com/s/player/4d52384b/www-player.css,,cfd52c611020fb575d85fc138c1cc172eebdb9bff20d464f90993923cf5cb64b,0
https://www.youtube-nocookie.com/s/player/4d8c79a5/www-player.css,,fb2f17a87256c403f2fcc1c7c643ca1afa249ed19dd15907197262a202357262,0
https://www.youtube-nocookie.com/s/player/4d9879e9/www-player.css,,d84a7a9cede27c144c059863a14188a79870815abcf8f4e88ec746c5873e205f,0
https://www.youtube-nocookie.com/s/player/4d9ffdf8/www-player.css,,0d994eb0e617b6087b915cb1bdc2bb56f40826f1b3d182277c0915aedec24671,0
https://www.youtube-nocookie.com/s/player/4dea4dd7/www-player.css,,ed75e47b996f41da27d3aa3997bf0f0d632a4d02cefbe8572870acb51e4ed891,0
https://www.youtube-nocookie.com/s/player/4e0a5143/www-player.css,,e7c8a5055316b32ab0baa115589477ca4edf8a28372005da3ab230c85660d3f4,0
https://www.youtube-nocookie.com/s/player/4e11051b/www-player.css,,89e6eaf6c8f65789f97bfa5c5bbc9c4be5820dbe5bad21a6f50ab4c885847a7b,0
https://www.youtube-nocookie.com/s/player/4e51e895/www-player.css,,29d34e9e6307e455bd2f297147351746386bf5aa097920f69d7d4771fb9f16e4,0
https://www.youtube-nocookie.com/s/player/4e67f8a0/www-player.css,,7c7eb8252199ec9042290b1044ed1ba5ed8847ee516771bbe6dd27f9f16a608c,0
https://www.youtube-nocookie.com/s/player/4ecb77ba/www-player.css,,24cb353f7db6c8025eaf8648aa1f941cddfac84342d06ed4fb9def4523328bb3,0
https://www.youtube-nocookie.com/s/player/4eecba16/www-player.css,,7c7eb8252199ec9042290b1044ed1ba5ed8847ee516771bbe6dd27f9f16a608c,0
https://www.youtube-nocookie.com/s/player/4f12be8d/www-player.css,,d3dfa94ecbec10b81490a7b186df4f425bb5dd22f33cabe6ec1e1ef079047fc8,0
https://www.youtube-nocookie.com/s/player/4f38b487/www-player.css,,1074e75f7621bc7e5e6c75ffbeea96f6fa9f266029361ba4124dd4d3baa69fef,0
https://www.youtube-nocookie.com/s/player/4f43eb64/www-player.css,,8dd0861016ff7bfa3fa5810d683be16d2e6ab9c70a639428f71a78b39f93b9b9,0
https://www.youtube-nocookie.com/s/player/4f48ea67/www-player.css,,8dd0861016ff7bfa3fa5810d683be16d2e6ab9c70a639428f71a78b39f93b9b9,0
https://www.youtube-nocookie.com/s/player/5003a06d/www-player.css,,cfd52c611020fb575d85fc138c1cc172eebdb9bff20d464f90993923cf5cb64b,0
https://www.youtube-nocookie.com/s/player/504fc963/www-player.css,,e7c8a5055316b32ab0baa115589477ca4edf8a28372005da3ab230c85660d3f4,0
https://www.youtube-nocookie.com/s/player/50c9b939/www-player.css,,24cb353f7db6c8025eaf8648aa1f941cddfac84342d06ed4fb9def4523328bb3,0
https://www.youtube-nocookie.com/s/player/50cc0679/www-player.css,,d84a7a9cede27c144c059863a14188a79870815abcf8f4e88ec746c5873e205f,0
https://www.youtube-nocookie.com/s/player/50fb0efb/www-player.css,,f140b6831469664f09fb07ae991e983b46752deaa9d8a8b214852f235ea6e7d0,0
https://www.youtube-nocookie.com/s/player/5121b595/www-player.css,,921b6856085a224b1ca2e5db139b1788c01d4dd1e70daca7006b6a7b381bdae1,0
https://www.youtube-nocookie.com/s/player/51e03cf0/www-player.css,,6f25e841296950467517ec8bccba0ffd052a386d6ac8d893aeaba5edf84aca42,0
https://www.youtube-nocookie.com/s/player/53db3343/www-player.css,,e7c8a5055316b32ab0baa115589477ca4edf8a28372005da3ab230c85660d3f4,0
https://www.youtube-nocookie.com/s/player/54bd1de4/www-player.css,,29d34e9e6307e455bd2f297147351746386bf5aa097920f69d7d4771fb9f16e4,0
https://www.youtube-nocookie.com/s/player/54bf3cd6/www-player.css,,7aca61589965311619d927da66c4fd6c266bfd5a9a263a5cd203e935270a4428,0
https://www.youtube-nocookie.com/s/player/551c312f/www-player.css,,0d994eb0e617b6087b915cb1bdc2bb56f40826f1b3d182277c0915aedec24671,0
https://www.youtube-nocookie.com/s/player/553d5bd7/www-player.css,,f140b6831469664f09fb07ae991e983b46752deaa9d8a8b214852f235ea6e7d0,0
https://www.youtube-nocookie.com/s/player/5570c7bc/www-player.css,,f438434e0849285ebb1770fbf0b2a71bbc8468c267542b45098d5d430d86b89d,0
https://www.youtube-nocookie.com/s/player/55b1ff8b/www-player.css,,0d994eb0e617b6087b915cb1bdc2bb56f40826f1b3d182277c0915aedec24671,0
https://www.youtube-nocookie.com/s/player/55da8b08/www-player.css,,96e3e223db36f20082cbc5b5393a6c783c91cd0d52b4d338857e1c2abbc0deeb,0
https://www.youtube-nocookie.com/s/player/56211dc2/www-player.css,,c1266aa5ccb770d4191058a5eff5c40d0e88ab06d5cfbb81025ef0105572f5f2,0
https://www.youtube-nocookie.com/s/player/5633eddb/www-player.css,,921b6856085a224b1ca2e5db139b1788c01d4dd1e70daca7006b6a7b381bdae1,0
https://www.youtube-nocookie.com/s/player/56545ff7/www-player.css,,ca7992e78f5e015470a829868dc51a6e71c2e6eae256695e908b3f9f56e9c1e7,0
https://www.youtube-nocookie.com/s/player/56af1322/www-player.css,,0d994eb0e617b6087b915cb1bdc2bb56f40826f1b3d182277c0915aedec24671,0
https://www.youtube-nocookie.com/s/player/56f45058/www-player.css,,ed75e47b996f41da27d3aa3997bf0f0d632a4d02cefbe8572870acb51e4ed891,0
https://www.youtube-nocookie.com/s/player/5728051c/www-player.css,,cfd52c611020fb575d85fc138c1cc172eebdb9bff20d464f90993923cf5cb64b,0
https://www.youtube-nocookie.com/s/player/575eddda/www-player.css,,8345f5d06b1e06a8dcf60075eee7e564059f238a85eb6f34b6ce41fab50ce074,0
https://www.youtube-nocookie.com/s/player/57f5d44f/www-player.css,,e7c8a5055316b32ab0baa115589477ca4edf8a28372005da3ab230c85660d3f4,0
https://www.youtube-nocookie.com/s/player/57fefa84/www-player.css,,aed8e79fbe210a9b3e958681a1931b19baa85741b51cabf87b5101e4e0e2cd7b,0
https://www.youtube-nocookie.com/s/player/58012f6a/www-player.css,,f140b6831469664f09fb07ae991e983b46752deaa9d8a8b214852f235ea6e7d0,0
https://www.youtube-nocookie.com/s/player/58569eda/www-player.css,,e7c8a5055316b32ab0baa115589477ca4edf8a28372005da3ab230c85660d3f4,0
https://www.youtube-nocookie.com/s/player/58b06374/www-player.css,,644559b7590cf725119fd0ab8ed45a236d0faf9751693abb303038d7c349d2b2,0
https://www.youtube-nocookie.com/s/player/58b5c413/www-player.css,,e73a47994fe46c3ca05cd3ef31752f0ad98c50d05aa83925177ae0d422d4e202,0
https://www.youtube-nocookie.com/s/player/590b67f5/www-player.css,,921b6856085a224b1ca2e5db139b1788c01d4dd1e70daca7006b6a7b381bdae1,0
https://www.youtube-nocookie.com/s/player/592af824/www-player.css,,aed8e79fbe210a9b3e958681a1931b19baa85741b51cabf87b5101e4e0e2cd7b,0
https://www.youtube-nocookie.com/s/player/59a3aff2/www-player.css,,d5b344b8a6d0a02864884c9b037f5f11921381cdfbddb2f8a643d1a8cbe9cef8,0
https://www.youtube-nocookie.com/s/player/59bb7746/www-player.css,,4501bc83f7fe6c0de41512e5f91fcf9457f7a8a3aab18e3c38973eb6a6ae0b55,0
https://www.youtube-nocookie.com/s/player/5a0e59cb/www-player.css,,1f457b3c2593dd64a542c19edb3abbb59a8f2cae6efd299ef381b740631e275a,0
https://www.youtube-nocookie.com/s/player/5a188d69/www-player.css,,7c7eb8252199ec9042290b1044ed1ba5ed8847ee516771bbe6dd27f9f16a608c,0
https://www.youtube-nocookie.com/s/player/5a7a8be5/www-player.css,,921b6856085a224b1ca2e5db139b1788c01d4dd1e70daca7006b6a7b381bdae1,0
https://www.youtube-nocookie.com/s/player/5a9b5eed/www-player.css,,aed8e79fbe210a9b3e958681a1931b19baa85741b51cabf87b5101e4e0e2cd7b,0
https://www.youtube-nocookie.com/s/player/5af2a490/www-player.css,,0f06514546f3f8ea7418db5a1a3d5418c5297bee86320633848bf00343c051ad,0
https://www.youtube-nocookie.com/s/player/5afa275f/www-player.css,,aa68e0e1ccb88e0e7e5b0e712acaefd700bc1fddffe47833b9f357c139ef7839,0
https://www.youtube-nocookie.com/s/player/5afa7c36/www-player.css,,14a39ca2157acf89f00909fa7bec1629d375ff52d44e7016b40e691d8f4b23a8,0
https://www.youtube-nocookie.com/s/player/5b27766f/www-player.css,,cfd52c611020fb575d85fc138c1cc172eebdb9bff20d464f90993923cf5cb64b,0
https://www.youtube-nocookie.com/s/player/5b3f454c/www-player.css,,ed75e47b996f41da27d3aa3997bf0f0d632a4d02cefbe8572870acb51e4ed891,0
https://www.youtube-nocookie.com/s/player/5ba44d10/www-player.css,,bb2ee0639d3d01fff4688a439d42f088babfba9c20ed207d4b1d6f2fc0224107,0
https://www.youtube-nocookie.com/s/player/5bb72cbb/www-player.css,,14a39ca2157acf89f00909fa7bec1629d375ff52d44e7016b40e691d8f4b23a8,0
https://www.youtube-nocookie.com/s/player/5bdac853/www-player.css,,cfd52c611020fb575d85fc138c1cc172eebdb9bff20d464f90993923cf5cb64b,0
https://www.youtube-nocookie.com/s/player/5beb355b/www-player.css,,cfd52c611020fb575d85fc138c1cc172eebdb9bff20d464f90993923cf5cb64b,0
https://www.youtube-nocookie.com/s/player/5c692b33/www-player.css,,0d994eb0e617b6087b915cb1bdc2bb56f40826f1b3d182277c0915aedec24671,0
https://www.youtube-nocookie.com/s/player/5cabb421/www-player.css,,1074e75f7621bc7e5e6c75ffbeea96f6fa9f266029361ba4124dd4d3baa69fef,0
https://www.youtube-nocookie.com/s/player/5cf6312f/www-player.css,,826082fbcc8f1eb8d6c829ff16b4e2597195b924306242ec7a930464760339c8,0
https://www.youtube-nocookie.com/s/player/5d46e517/www-player.css,,4501bc83f7fe6c0de41512e5f91fcf9457f7a8a3aab18e3c38973eb6a6ae0b55,0
https://www.youtube-nocookie.com/s/player/5d50ebf0/www-player.css,,96e3e223db36f20082cbc5b5393a6c783c91cd0d52b4d338857e1c2abbc0deeb,0
https://www.youtube-nocookie.com/s/player/5d6c9da0/www-player.css,,1074e75f7621bc7e5e6c75ffbeea96f6fa9f266029361ba4124dd4d3baa69fef,0
https://www.youtube-nocookie.com/s/player/5d75c2e1/www-player.css,,cfd52c611020fb575d85fc138c1cc172eebdb9bff20d464f90993923cf5cb64b,0
https://www.youtube-nocookie.com/s/player/5d93cfdb/www-player.css,,29d34e9e6307e455bd2f297147351746386bf5aa097920f69d7d4771fb9f16e4,0
https://www.youtube-nocookie.com/s/player/5dfc4ff9/www-player.css,,ed75e47b996f41da27d3aa3997bf0f0d632a4d02cefbe8572870acb51e4ed891,0
https://www.youtube-nocookie.com/s/player/5e4f1adf/www-player.css,,8dd0861016ff7bfa3fa5810d683be16d2e6ab9c70a639428f71a78b39f93b9b9,0
https://www.youtube-nocookie.com/s/player/5e55da5a/www-player.css,,ca7992e78f5e015470a829868dc51a6e71c2e6eae256695e908b3f9f56e9c1e7,0
https://www.youtube-nocookie.com/s/player/5e979b82/www-player.css,,6f25e841296950467517ec8bccba0ffd052a386d6ac8d893aeaba5edf84aca42,0
https://www.youtube-nocookie.com/s/player/5f3e6d9d/www-player.css,,921b6856085a224b1ca2e5db139b1788c01d4dd1e70daca7006b6a7b381bdae1,0
https://www.youtube-nocookie.com/s/player/5f803d10/www-player.css,,7c7eb8252199ec9042290b1044ed1ba5ed8847ee516771bbe6dd27f9f16a608c,0
https://www.youtube-nocookie.com/s/player/5f90346b/www-player.css,,7aca61589965311619d927da66c4fd6c266bfd5a9a263a5cd203e935270a4428,0
https://www.youtube-nocookie.com/s/player/5fa5b166/www-player.css,,cfd52c611020fb575d85fc138c1cc172eebdb9bff20d464f90993923cf5cb64b,0
https://www.youtube-nocookie.com/s/player/5fc1ea49/www-player.css,,e73a47994fe46c3ca05cd3ef31752f0ad98c50d05aa83925177ae0d422d4e202,0
https://www.youtube-nocookie.com/s/player/5fe6131f/www-player.css,,1074e75f7621bc7e5e6c75ffbeea96f6fa9f266029361ba4124dd4d3baa69fef,0
https://www.youtube-nocookie.com/s/player/6009b507/www-player.css,,cfd52c611020fb575d85fc138c1cc172eebdb9bff20d464f90993923cf5cb64b,0
https://www.youtube-nocookie.com/s/player/60869856/www-player.css,,774b08660c0a88d4f4516afc5b6eb8809a87581871371bcdab9648178897276d,0
https://www.youtube-nocookie.com/s/player/61d68603/www-player.css,,bb2ee0639d3d01fff4688a439d42f088babfba9c20ed207d4b1d6f2fc0224107,0
https://www.youtube-nocookie.com/s/player/627778fa/www-player.css,,ed75e47b996f41da27d3aa3997bf0f0d632a4d02cefbe8572870acb51e4ed891,0
https://www.youtube-nocookie.com/s/player/627e46f5/www-player.css,,644559b7590cf725119fd0ab8ed45a236d0faf9751693abb303038d7c349d2b2,0
https://www.youtube-nocookie.com/s/player/62a6a39e/www-player.css,,7c7eb8252199ec9042290b1044ed1ba5ed8847ee516771bbe6dd27f9f16a608c,0
https://www.youtube-nocookie.com/s/player/62c230ae/www-player.css,,1f457b3c2593dd64a542c19edb3abbb59a8f2cae6efd299ef381b740631e275a,0
https://www.youtube-nocookie.com/s/player/63173e4a/www-player.css,,cfd52c611020fb575d85fc138c1cc172eebdb9bff20d464f90993923cf5cb64b,0
https://www.youtube-nocookie.com/s/player/631d3938/www-player.css,,ca7992e78f5e015470a829868dc51a6e71c2e6eae256695e908b3f9f56e9c1e7,0
https://www.youtube-nocookie.com/s/player/63233546/www-player.css,,c1266aa5ccb770d4191058a5eff5c40d0e88ab06d5cfbb81025ef0105572f5f2,0
https://www.youtube-nocookie.com/s/player/632739fe/www-player.css,,e7c8a5055316b32ab0baa115589477ca4edf8a28372005da3ab230c85660d3f4,0
https://www.youtube-nocookie.com/s/player/636ed5b5/www-player.css,,cfd52c611020fb575d85fc138c1cc172eebdb9bff20d464f90993923cf5cb64b,0
https://www.youtube-nocookie.com/s/player/638ec5c6/www-player.css,,6992da67708c368b3b3baf461feea187aa35707d5be38f0be30038a043da2d5c,0
https://www.youtube-nocookie.com/s/player/6506e6fd/www-player.css,,e7c8a5055316b32ab0baa115589477ca4edf8a28372005da3ab230c85660d3f4,0
https://www.youtube-nocookie.com/s/player/652bbb94/www-player.css,,4a3d9f50726e2dc48728329f15bed529b17e8e1238c784566e6e97a03a710e83,0
https://www.youtube-nocookie.com/s/player/65578ad1/www-player.css,,285c2c04776dc61c5ca68c881e31b524135313e3a462eda28e1b73778dce3d43,0
https://www.youtube-nocookie.com/s/player/6567edc1/www-player.css,,96e3e223db36f20082cbc5b5393a6c783c91cd0d52b4d338857e1c2abbc0deeb,0
https://www.youtube-nocookie.com/s/player/6572a644/www-player.css,,aee7a46d2441143a7eb10d04d926a4f089eaa3060d5f02663e04ffa5408bd2f5,0
https://www.youtube-nocookie.com/s/player/658ecde4/www-player.css,,1074e75f7621bc7e5e6c75ffbeea96f6fa9f266029361ba4124dd4d3baa69fef,0
https://www.youtube-nocookie.com/s/player/659a519e/www-player.css,,aed8e79fbe210a9b3e958681a1931b19baa85741b51cabf87b5101e4e0e2cd7b,0
https://www.youtube-nocookie.com/s/player/659ae91c/www-player.css,,774b08660c0a88d4f4516afc5b6eb8809a87581871371bcdab9648178897276d,0
https://www.youtube-nocookie.com/s/player/65f75815/www-player.css,,ed75e47b996f41da27d3aa3997bf0f0d632a4d02cefbe8572870acb51e4ed891,0
https://www.youtube-nocookie.com/s/player/669cd14f/www-player.css,,0d994eb0e617b6087b915cb1bdc2bb56f40826f1b3d182277c0915aedec24671,0
https://www.youtube-nocookie.com/s/player/66a6ea83/www-player.css,,cfd52c611020fb575d85fc138c1cc172eebdb9bff20d464f90993923cf5cb64b,0
https://www.youtube-nocookie.com/s/player/676feccc/www-player.css,,cfd52c611020fb575d85fc138c1cc172eebdb9bff20d464f90993923cf5cb64b,0
https://www.youtube-nocookie.com/s/player/67d54db7/www-player.css,,4501bc83f7fe6c0de41512e5f91fcf9457f7a8a3aab18e3c38973eb6a6ae0b55,0
https://www.youtube-nocookie.com/s/player/67da7e92/www-player.css,,aed8e79fbe210a9b3e958681a1931b19baa85741b51cabf87b5101e4e0e2cd7b,0
https://www.youtube-nocookie.com/s/player/67ff56cb/www-player.css,,14a39ca2157acf89f00909fa7bec1629d375ff52d44e7016b40e691d8f4b23a8,0
https://www.youtube-nocookie.com/s/player/68179ae3/www-player.css,,d5b344b8a6d0a02864884c9b037f5f11921381cdfbddb2f8a643d1a8cbe9cef8,0
https://www.youtube-nocookie.com/s/player/681bbaf2/www-player.css,,bb2ee0639d3d01fff4688a439d42f088babfba9c20ed207d4b1d6f2fc0224107,0
https://www.youtube-nocookie.com/s/player/68896037/www-player.css,,ca7992e78f5e015470a829868dc51a6e71c2e6eae256695e908b3f9f56e9c1e7,0
https://www.youtube-nocookie.com/s/player/6925147e/www-player.css,,cfd52c611020fb575d85fc138c1cc172eebdb9bff20d464f90993923cf5cb64b,0
https://www.youtube-nocookie.com/s/player/6956a038/www-player.css,,13dd54e1acc89e3a21f9685ed0f71925e12e3a1959e4829a1ee0b1836ecfa205,0
https://www.youtube-nocookie.com/s/player/69722e65/www-player.css,,7c7eb8252199ec9042290b1044ed1ba5ed8847ee516771bbe6dd27f9f16a608c,0
https://www.youtube-nocookie.com/s/player/69e2a55d/www-player.css,,1074e75f7621bc7e5e6c75ffbeea96f6fa9f266029361ba4124dd4d3baa69fef,0
https://www.youtube-nocookie.com/s/player/6a0e84d6/www-player.css,,946419ed4e47d5a3edabaf88a5b129066ae23346d4d668cdd9a7b7bb0400d0ea,0
https://www.youtube-nocookie.com/s/player/6a539b89/www-player.css,,921b6856085a224b1ca2e5db139b1788c01d4dd1e70daca7006b6a7b381bdae1,0
https://www.youtube-nocookie.com/s/player/6ae88b83/www-player.css,,81c275d35a2e688fc5bd90aac9d51ea3382b95cf4bc4404db754c69164ea6971,0
https://www.youtube-nocookie.com/s/player/6b32b3d1/www-player.css,,fb2f17a87256c403f2fcc1c7c643ca1afa249ed19dd15907197262a202357262,0
https://www.youtube-nocookie.com/s/player/6b334ac1/www-player.css,,6f25e841296950467517ec8bccba0ffd052a386d6ac8d893aeaba5edf84aca42,0
https://www.youtube-nocookie.com/s/player/6b5a0420/www-player.css,,14a39ca2157acf89f00909fa7bec1629d375ff52d44e7016b40e691d8f4b23a8,0
https://www.youtube-nocookie.com/s/player/6b6cf88b/www-player.css,,24cb353f7db6c8025eaf8648aa1f941cddfac84342d06ed4fb9def4523328bb3,0
https://www.youtube-nocookie.com/s/player/6b8eecd5/www-player.css,,d5b344b8a6d0a02864884c9b037f5f11921381cdfbddb2f8a643d1a8cbe9cef8,0
https://www.youtube-nocookie.com/s/player/6b9be5bf/www-player.css,,921b6856085a224b1ca2e5db139b1788c01d4dd1e70daca7006b6a7b381bdae1,0
https://www.youtube-nocookie.com/s/player/6bac48cb/www-player.css,,d5b344b8a6d0a02864884c9b037f5f11921381cdfbddb2f8a643d1a8cbe9cef8,0
https://www.youtube-nocookie.com/s/player/6baf88c8/www-player.css,,f438434e0849285ebb1770fbf0b2a71bbc8468c267542b45098d5d430d86b89d,0
https://www.youtube-nocookie.com/s/player/6c1879cc/www-player.css,,921b6856085a224b1ca2e5db139b1788c01d4dd1e70daca7006b6a7b381bdae1,0
https://www.youtube-nocookie.com/s/player/6c5cb4f4/www-player.css,,c1266aa5ccb770d4191058a5eff5c40d0e88ab06d5cfbb81025ef0105572f5f2,0
https://www.youtube-nocookie.com/s/player/6d24ef68/www-player.css,,074896ef39c6dae734d15f918224a1e0e23c000185e529ecdea29444a9a2070f,0
https://www.youtube-nocookie.com/s/player/6d735396/www-player.css,,ed75e47b996f41da27d3aa3997bf0f0d632a4d02cefbe8572870acb51e4ed891,0
https://www.youtube-nocookie.com/s/player/6d92eed5/www-player.css,,1074e75f7621bc7e5e6c75ffbeea96f6fa9f266029361ba4124dd4d3baa69fef,0
https://www.youtube-nocookie.com/s/player/6dc2ce7c/www-player.css,,cfd52c611020fb575d85fc138c1cc172eebdb9bff20d464f90993923cf5cb64b,0
https://www.youtube-nocookie.com/s/player/6dc99e32/www-player.css,,aa68e0e1ccb88e0e7e5b0e712acaefd700bc1fddffe47833b9f357c139ef7839,0
https://www.youtube-nocookie.com/s/player/6e2f1c8a/www-player.css,,c1266aa5ccb770d4191058a5eff5c40d0e88ab06d5cfbb81025ef0105572f5f2,0
https://www.youtube-nocookie.com/s/player/6e3a87bf/www-player.css,,1074e75f7621bc7e5e6c75ffbeea96f6fa9f266029361ba4124dd4d3baa69fef,0
https://www.youtube-nocookie.com/s/player/6e4dbefe/www-player.css,,e13873d21eaca7946538f1ff09a0cc26caea30c42974887657e8b58e3d84599a,0
https://www.youtube-nocookie.com/s/player/6e52949b/www-player.css,,e7c8a5055316b32ab0baa115589477ca4edf8a28372005da3ab230c85660d3f4,0
https://www.youtube-nocookie.com/s/player/6ec31678/www-player.css,,cfd52c611020fb575d85fc138c1cc172eebdb9bff20d464f90993923cf5cb64b,0
https://www.youtube-nocookie.com/s/player/6ecf5f7a/www-player.css,,e7c8a5055316b32ab0baa115589477ca4edf8a28372005da3ab230c85660d3f4,0
https://www.youtube-nocookie.com/s/player/6f05bbb3/www-player.css,,81c275d35a2e688fc5bd90aac9d51ea3382b95cf4bc4404db754c69164ea6971,0
https://www.youtube-nocookie.com/s/player/6f3fcd4c/www-player.css,,0d994eb0e617b6087b915cb1bdc2bb56f40826f1b3d182277c0915aedec24671,0
https://www.youtube-nocookie.com/s/player/7006a6db/www-player.css,,921b6856085a224b1ca2e5db139b1788c01d4dd1e70daca7006b6a7b381bdae1,0
https://www.youtube-nocookie.com/s/player/70186827/www-player.css,,c1266aa5ccb770d4191058a5eff5c40d0e88ab06d5cfbb81025ef0105572f5f2,0
https://www.youtube-nocookie.com/s/player/70538c05/www-player.css,,3053767d9a476b52e0e3e9cd9d835fe26adaae79983c90212329e5915f41c56a,0
https://www.youtube-nocookie.com/s/player/70a17a5c/www-player.css,,ca7992e78f5e015470a829868dc51a6e71c2e6eae256695e908b3f9f56e9c1e7,0
https://www.youtube-nocookie.com/s/player/712f0810/www-player.css,,cfd52c611020fb575d85fc138c1cc172eebdb9bff20d464f90993923cf5cb64b,0
https://www.youtube-nocookie.com/s/player/71b152e7/www-player.css,,cfd52c611020fb575d85fc138c1cc172eebdb9bff20d464f90993923cf5cb64b,0
https://www.youtube-nocookie.com/s/player/721caf0b/www-player.css,,644559b7590cf725119fd0ab8ed45a236d0faf9751693abb303038d7c349d2b2,0
https://www.youtube-nocookie.com/s/player/7256bbfc/www-player.css,,d5b344b8a6d0a02864884c9b037f5f11921381cdfbddb2f8a643d1a8cbe9cef8,0
https://www.youtube-nocookie.com/s/player/72bd52e6/www-player.css,,fb2f17a87256c403f2fcc1c7c643ca1afa249ed19dd15907197262a202357262,0
https://www.youtube-nocookie.com/s/player/72cfecc1/www-player.css,,71e64e4635ef3b11eec4b3e880560ccb029d03b0f295336c5d977616c0e3b519,0
https://www.youtube-nocookie.com/s/player/72d9c776/www-player.css,,cfd52c611020fb575d85fc138c1cc172eebdb9bff20d464f90993923cf5cb64b,0
https://www.youtube-nocookie.com/s/player/7316706d/www-player.css,,cfd52c611020fb575d85fc138c1cc172eebdb9bff20d464f90993923cf5cb64b,0
https://www.youtube-nocookie.com/s/player/73913e73/www-player.css,,921b6856085a224b1ca2e5db139b1788c01d4dd1e70daca7006b6a7b381bdae1,0
https://www.youtube-nocookie.com/s/player/74899982/www-player.css,,4501bc83f7fe6c0de41512e5f91fcf9457f7a8a3aab18e3c38973eb6a6ae0b55,0
https://www.youtube-nocookie.com/s/player/74ac8690/www-player.css,,cfd52c611020fb575d85fc138c1cc172eebdb9bff20d464f90993923cf5cb64b,0
https://www.youtube-nocookie.com/s/player/74be5b62/www-player.css,,0d994eb0e617b6087b915cb1bdc2bb56f40826f1b3d182277c0915aedec24671,0
https://www.youtube-nocookie.com/s/player/74edf1a3/www-player.css,,c34b029a2ad48a415e6017096bc67792b8c8a140db833cb99e86d6d4378aa1c7,0
https://www.youtube-nocookie.com/s/player/75dfc895/www-player.css,,e7c8a5055316b32ab0baa115589477ca4edf8a28372005da3ab230c85660d3f4,0
https://www.youtube-nocookie.com/s/player/76757ebe/www-player.css,,cfd52c611020fb575d85fc138c1cc172eebdb9bff20d464f90993923cf5cb64b,0
https://www.youtube-nocookie.com/s/player/76ad2fe8/www-player.css,,ca7992e78f5e015470a829868dc51a6e71c2e6eae256695e908b3f9f56e9c1e7,0
https://www.youtube-nocookie.com/s/player/777857f0/www-player.css,,aa68e0e1ccb88e0e7e5b0e712acaefd700bc1fddffe47833b9f357c139ef7839,0
https://www.youtube-nocookie.com/s/player/77a7a4f7/www-player.css,,074896ef39c6dae734d15f918224a1e0e23c000185e529ecdea29444a9a2070f,0
https://www.youtube-nocookie.com/s/player/791f6bd4/www-player.css,,6f25e841296950467517ec8bccba0ffd052a386d6ac8d893aeaba5edf84aca42,0
https://www.youtube-nocookie.com/s/player/7929661f/www-player.css,,ca7992e78f5e015470a829868dc51a6e71c2e6eae256695e908b3f9f56e9c1e7,0
https://www.youtube-nocookie.com/s/player/79fcc67d/www-player.css,,ca7992e78f5e015470a829868dc51a6e71c2e6eae256695e908b3f9f56e9c1e7,0
https://www.youtube-nocookie.com/s/player/7a37f05b/www-player.css,,cfd52c611020fb575d85fc138c1cc172eebdb9bff20d464f90993923cf5cb64b,0
https://www.youtube-nocookie.com/s/player/7a7969c2/www-player.css,,921b6856085a224b1ca2e5db139b1788c01d4dd1e70daca7006b6a7b381bdae1,0
https://www.youtube-nocookie.com/s/player/7ad2d820/www-player.css,,4501bc83f7fe6c0de41512e5f91fcf9457f7a8a3aab18e3c38973eb6a6ae0b55,0
https://www.youtube-nocookie.com/s/player/7afa3fbe/www-player.css,,4501bc83f7fe6c0de41512e5f91fcf9457f7a8a3aab18e3c38973eb6a6ae0b55,0
https://www.youtube-nocookie.com/s/player/7b9b4e02/www-player.css,,285c2c04776dc61c5ca68c881e31b524135313e3a462eda28e1b73778dce3d43,0
https://www.youtube-nocookie.com/s/player/7be702ab/www-player.css,,4501bc83f7fe6c0de41512e5f91fcf9457f7a8a3aab18e3c38973eb6a6ae0b55,0
https://www.youtube-nocookie.com/s/player/7c23feb2/www-player.css,,1074e75f7621bc7e5e6c75ffbeea96f6fa9f266029361ba4124dd4d3baa69fef,0
https://www.youtube-nocookie.com/s/player/7c99d670/www-player.css,,921b6856085a224b1ca2e5db139b1788c01d4dd1e70daca7006b6a7b381bdae1,0
https://www.youtube-nocookie.com/s/player/7ca87de3/www-player.css,,fb2f17a87256c403f2fcc1c7c643ca1afa249ed19dd15907197262a202357262,0
https://www.youtube-nocookie.com/s/player/7ce603a3/www-player.css,,d5b344b8a6d0a02864884c9b037f5f11921381cdfbddb2f8a643d1a8cbe9cef8,0
https://www.youtube-nocookie.com/s/player/7d647a07/www-player.css,,389d80710907ae3e49736e38c8c56870ba584ddc18286659e13417c9c73b4e5d,0
https://www.youtube-nocookie.com/s/player/7d64b153/www-player.css,,4501bc83f7fe6c0de41512e5f91fcf9457f7a8a3aab18e3c38973eb6a6ae0b55,0
https://www.youtube-nocookie.com/s/player/7d66da07/www-player.css,,1d7a0382972006be1b407113b8b13cc6fb4d6dd54f08b0efd987a14c67d4c147,0
https://www.youtube-nocookie.com/s/player/7dc3db36/www-player.css,,285c2c04776dc61c5ca68c881e31b524135313e3a462eda28e1b73778dce3d43,0
https://www.youtube-nocookie.com/s/player/7f1636e3/www-player.css,,4501bc83f7fe6c0de41512e5f91fcf9457f7a8a3aab18e3c38973eb6a6ae0b55,0
https://www.youtube-nocookie.com/s/player/7f3b257d/www-player.css,,b83fd49a4ceb67ab0c24d79fb5de72bcca5f8416d49f6c41ed924ad33476512a,0
https://www.youtube-nocookie.com/s/player/7f3e53c7/www-player.css,,cfd52c611020fb575d85fc138c1cc172eebdb9bff20d464f90993923cf5cb64b,0
https://www.youtube-nocookie.com/s/player/7fefdcfe/www-player.css,,e7c8a5055316b32ab0baa115589477ca4edf8a28372005da3ab230c85660d3f4,0
https://www.youtube-nocookie.com/s/player/80368126/www-player.css,,ed75e47b996f41da27d3aa3997bf0f0d632a4d02cefbe8572870acb51e4ed891,0
https://www.youtube-nocookie.com/s/player/80760a82/www-player.css,,cfd52c611020fb575d85fc138c1cc172eebdb9bff20d464f90993923cf5cb64b,0
https://www.youtube-nocookie.com/s/player/80f08606/www-player.css,,e7c8a5055316b32ab0baa115589477ca4edf8a28372005da3ab230c85660d3f4,0
https://www.youtube-nocookie.com/s/player/80f5ca15/www-player.css,,aed8e79fbe210a9b3e958681a1931b19baa85741b51cabf87b5101e4e0e2cd7b,0
https://www.youtube-nocookie.com/s/player/813b15a0/www-player.css,,ed75e47b996f41da27d3aa3997bf0f0d632a4d02cefbe8572870acb51e4ed891,0
https://www.youtube-nocookie.com/s/player/8180e7ff/www-player.css,,ca7992e78f5e015470a829868dc51a6e71c2e6eae256695e908b3f9f56e9c1e7,0
https://www.youtube-nocookie.com/s/player/81d49828/www-player.css,,24cb353f7db6c8025eaf8648aa1f941cddfac84342d06ed4fb9def4523328bb3,0
https://www.youtube-nocookie.com/s/player/820123f3/www-player.css,,f140b6831469664f09fb07ae991e983b46752deaa9d8a8b214852f235ea6e7d0,0
https://www.youtube-nocookie.com/s/player/8201a429/www-player.css,,ca7992e78f5e015470a829868dc51a6e71c2e6eae256695e908b3f9f56e9c1e7,0
https://www.youtube-nocookie.com/s/player/82ae1e3c/www-player.css,,1074e75f7621bc7e5e6c75ffbeea96f6fa9f266029361ba4124dd4d3baa69fef,0
https://www.youtube-nocookie.com/s/player/82d09d56/www-player.css,,921b6856085a224b1ca2e5db139b1788c01d4dd1e70daca7006b6a7b381bdae1,0
https://www.youtube-nocookie.com/s/player/82e5a015/www-player.css,,0d994eb0e617b6087b915cb1bdc2bb56f40826f1b3d182277c0915aedec24671,0
https://www.youtube-nocookie.com/s/player/8312f9a8/www-player.css,,ed75e47b996f41da27d3aa3997bf0f0d632a4d02cefbe8572870acb51e4ed891,0
https://www.youtube-nocookie.com/s/player/844b3c48/www-player.css,,71e64e4635ef3b11eec4b3e880560ccb029d03b0f295336c5d977616c0e3b519,0
https://www.youtube-nocookie.com/s/player/8456c9de/www-player.css,,f140b6831469664f09fb07ae991e983b46752deaa9d8a8b214852f235ea6e7d0,0
https://www.youtube-nocookie.com/s/player/847bad37/www-player.css,,8dd0861016ff7bfa3fa5810d683be16d2e6ab9c70a639428f71a78b39f93b9b9,0
https://www.youtube-nocookie.com/s/player/84fd6c82/www-player.css,,1074e75f7621bc7e5e6c75ffbeea96f6fa9f266029361ba4124dd4d3baa69fef,0
https://www.youtube-nocookie.com/s/player/854a788e/www-player.css,,fb2f17a87256c403f2fcc1c7c643ca1afa249ed19dd15907197262a202357262,0
https://www.youtube-nocookie.com/s/player/8565f3f9/www-player.css,,bb2ee0639d3d01fff4688a439d42f088babfba9c20ed207d4b1d6f2fc0224107,0
https://www.youtube-nocookie.com/s/player/8583bbc2/www-player.css,,8345f5d06b1e06a8dcf60075eee7e564059f238a85eb6f34b6ce41fab50ce074,0
https://www.youtube-nocookie.com/s/player/859db743/www-player.css,,ca7992e78f5e015470a829868dc51a6e71c2e6eae256695e908b3f9f56e9c1e7,0
https://www.youtube-nocookie.com/s/player/86205a12/www-player.css,,6f25e841296950467517ec8bccba0ffd052a386d6ac8d893aeaba5edf84aca42,0
https://www.youtube-nocookie.com/s/player/86f09c9d/www-player.css,,921b6856085a224b1ca2e5db139b1788c01d4dd1e70daca7006b6a7b381bdae1,0
https://www.youtube-nocookie.com/s/player/87644c66/www-player.css,,fee83c4714630482ba6749f188d157b619d86b6326d5e93ba3ffe4273d4e64b4,0
https://www.youtube-nocookie.com/s/player/879f7172/www-player.css,,7aca61589965311619d927da66c4fd6c266bfd5a9a263a5cd203e935270a4428,0
https://www.youtube-nocookie.com/s/player/87ce2079/www-player.css,,921b6856085a224b1ca2e5db139b1788c01d4dd1e70daca7006b6a7b381bdae1,0
https://www.youtube-nocookie.com/s/player/880394d5/www-player.css,,1074e75f7621bc7e5e6c75ffbeea96f6fa9f266029361ba4124dd4d3baa69fef,0
https://www.youtube-nocookie.com/s/player/882a803a/www-player.css,,921b6856085a224b1ca2e5db139b1788c01d4dd1e70daca7006b6a7b381bdae1,0
https://www.youtube-nocookie.com/s/player/886cbf26/www-player.css,,81c275d35a2e688fc5bd90aac9d51ea3382b95cf4bc4404db754c69164ea6971,0
https://www.youtube-nocookie.com/s/player/88917196/www-player.css,,921b6856085a224b1ca2e5db139b1788c01d4dd1e70daca7006b6a7b381bdae1,0
https://www.youtube-nocookie.com/s/player/88a886f1/www-player.css,,7c7eb8252199ec9042290b1044ed1ba5ed8847ee516771bbe6dd27f9f16a608c,0
https://www.youtube-nocookie.com/s/player/88c25a98/www-player.css,,cfd52c611020fb575d85fc138c1cc172eebdb9bff20d464f90993923cf5cb64b,0
https://www.youtube-nocookie.com/s/player/8999e41d/www-player.css,,8345f5d06b1e06a8dcf60075eee7e564059f238a85eb6f34b6ce41fab50ce074,0
https://www.youtube-nocookie.com/s/player/89e685a2/www-player.css,,408df13457faa3e895984c43ea580c6f70d3456c601f35e789df658ce5a4db87,0
https://www.youtube-nocookie.com/s/player/8a391848/www-player.css,,798b8326094d9277d1ffc31f005748c2fb5185c0b278176a2774d2b8511945a0,0
https://www.youtube-nocookie.com/s/player/8a6e7bc4/www-player.css,,aed8e79fbe210a9b3e958681a1931b19baa85741b51cabf87b5101e4e0e2cd7b,0
https://www.youtube-nocookie.com/s/player/8b4164f6/www-player.css,,cfd52c611020fb575d85fc138c1cc172eebdb9bff20d464f90993923cf5cb64b,0
https://www.youtube-nocookie.com/s/player/8b54769b/www-player.css,,e7c8a5055316b32ab0baa115589477ca4edf8a28372005da3ab230c85660d3f4,0
https://www.youtube-nocookie.com/s/player/8c20e431/www-player.css,,1074e75f7621bc7e5e6c75ffbeea96f6fa9f266029361ba4124dd4d3baa69fef,0
https://www.youtube-nocookie.com/s/player/8c57fc20/www-player.css,,6f25e841296950467517ec8bccba0ffd052a386d6ac8d893aeaba5edf84aca42,0
https://www.youtube-nocookie.com/s/player/8c83ec2e/www-player.css,,6f25e841296950467517ec8bccba0ffd052a386d6ac8d893aeaba5edf84aca42,0
https://www.youtube-nocookie.com/s/player/8d2a370b/www-player.css,,7aca61589965311619d927da66c4fd6c266bfd5a9a263a5cd203e935270a4428,0
https://www.youtube-nocookie.com/s/player/8d89ad35/www-player.css,,1074e75f7621bc7e5e6c75ffbeea96f6fa9f266029361ba4124dd4d3baa69fef,0
https://www.youtube-nocookie.com/s/player/8da75a6a/www-player.css,,4a3d9f50726e2dc48728329f15bed529b17e8e1238c784566e6e97a03a710e83,0
https://www.youtube-nocookie.com/s/player/8e1320b6/www-player.css,,798b8326094d9277d1ffc31f005748c2fb5185c0b278176a2774d2b8511945a0,0
https://www.youtube-nocookie.com/s/player/8e54e4ea/www-player.css,,8dd0861016ff7bfa3fa5810d683be16d2e6ab9c70a639428f71a78b39f93b9b9,0
https://www.youtube-nocookie.com/s/player/8e85ef3a/www-player.css,,074896ef39c6dae734d15f918224a1e0e23c000185e529ecdea29444a9a2070f,0
https://www.youtube-nocookie.com/s/player/8f6bc5bc/www-player.css,,921b6856085a224b1ca2e5db139b1788c01d4dd1e70daca7006b6a7b381bdae1,0
https://www.youtube-nocookie.com/s/player/8fb635c2/www-player.css,,bb2ee0639d3d01fff4688a439d42f088babfba9c20ed207d4b1d6f2fc0224107,0
https://www.youtube-nocookie.com/s/player/8fdc9fc5/www-player.css,,f438434e0849285ebb1770fbf0b2a71bbc8468c267542b45098d5d430d86b89d,0
https://www.youtube-nocookie.com/s/player/901741ab/www-player.css,,ca7992e78f5e015470a829868dc51a6e71c2e6eae256695e908b3f9f56e9c1e7,0
https://www.youtube-nocookie.com/s/player/911df14e/www-player.css,,f140b6831469664f09fb07ae991e983b46752deaa9d8a8b214852f235ea6e7d0,0
https://www.youtube-nocookie.com/s/player/924b2d9a/www-player.css,,aa68e0e1ccb88e0e7e5b0e712acaefd700bc1fddffe47833b9f357c139ef7839,0
https://www.youtube-nocookie.com/s/player/92b88e4d/www-player.css,,fb2f17a87256c403f2fcc1c7c643ca1afa249ed19dd15907197262a202357262,0
https://www.youtube-nocookie.com/s/player/92e0100d/www-player.css,,3053767d9a476b52e0e3e9cd9d835fe26adaae79983c90212329e5915f41c56a,0
https://www.youtube-nocookie.com/s/player/931b0030/www-player.css,,074896ef39c6dae734d15f918224a1e0e23c000185e529ecdea29444a9a2070f,0
https://www.youtube-nocookie.com/s/player/93bcc957/www-player.css,,7aca61589965311619d927da66c4fd6c266bfd5a9a263a5cd203e935270a4428,0
https://www.youtube-nocookie.com/s/player/943f840f/www-player.css,,074896ef39c6dae734d15f918224a1e0e23c000185e529ecdea29444a9a2070f,0
https://www.youtube-nocookie.com/s/player/944b5ebc/www-player.css,,e7c8a5055316b32ab0baa115589477ca4edf8a28372005da3ab230c85660d3f4,0
https://www.youtube-nocookie.com/s/player/94667337/www-player.css,,7c7eb8252199ec9042290b1044ed1ba5ed8847ee516771bbe6dd27f9f16a608c,0
https://www.youtube-nocookie.com/s/player/946a9db2/www-player.css,,4501bc83f7fe6c0de41512e5f91fcf9457f7a8a3aab18e3c38973eb6a6ae0b55,0
https://www.youtube-nocookie.com/s/player/9470c977/www-player.css,,96e3e223db36f20082cbc5b5393a6c783c91cd0d52b4d338857e1c2abbc0deeb,0
https://www.youtube-nocookie.com/s/player/9499306f/www-player.css,,d3dfa94ecbec10b81490a7b186df4f425bb5dd22f33cabe6ec1e1ef079047fc8,0
https://www.youtube-nocookie.com/s/player/959dabb2/www-player.css,,d5b344b8a6d0a02864884c9b037f5f11921381cdfbddb2f8a643d1a8cbe9cef8,0
https://www.youtube-nocookie.com/s/player/95a2d00d/www-player.css,,921b6856085a224b1ca2e5db139b1788c01d4dd1e70daca7006b6a7b381bdae1,0
https://www.youtube-nocookie.com/s/player/95bf8a44/www-player.css,,6503becd8abddddc2a7cf3e598efe9f7aca089bf56f4a497624c8839845453fd,0
https://www.youtube-nocookie.com/s/player/95daa498/www-player.css,,fb2f17a87256c403f2fcc1c7c643ca1afa249ed19dd15907197262a202357262,0
https://www.youtube-nocookie.com/s/player/96225f5f/www-player.css,,0f06514546f3f8ea7418db5a1a3d5418c5297bee86320633848bf00343c051ad,0
https://www.youtube-nocookie.com/s/player/964f0dc6/www-player.css,,f140b6831469664f09fb07ae991e983b46752deaa9d8a8b214852f235ea6e7d0,0
https://www.youtube-nocookie.com/s/player/96719157/www-player.css,,1074e75f7621bc7e5e6c75ffbeea96f6fa9f266029361ba4124dd4d3baa69fef,0
https://www.youtube-nocookie.com/s/player/96c57227/www-player.css,,e7c8a5055316b32ab0baa115589477ca4edf8a28372005da3ab230c85660d3f4,0
https://www.youtube-nocookie.com/s/player/97108f59/www-player.css,,bb2ee0639d3d01fff4688a439d42f088babfba9c20ed207d4b1d6f2fc0224107,0
https://www.youtube-nocookie.com/s/player/98299efd/www-player.css,,921b6856085a224b1ca2e5db139b1788c01d4dd1e70daca7006b6a7b381bdae1,0
https://www.youtube-nocookie.com/s/player/98d96711/www-player.css,,e7c8a5055316b32ab0baa115589477ca4edf8a28372005da3ab230c85660d3f4,0
https://www.youtube-nocookie.com/s/player/98e34bc6/www-player.css,,cfd52c611020fb575d85fc138c1cc172eebdb9bff20d464f90993923cf5cb64b,0
https://www.youtube-nocookie.com/s/player/98fb51a3/www-player.css,,f438434e0849285ebb1770fbf0b2a71bbc8468c267542b45098d5d430d86b89d,0
https://www.youtube-nocookie.com/s/player/9955f7e6/www-player.css,,f140b6831469664f09fb07ae991e983b46752deaa9d8a8b214852f235ea6e7d0,0
https://www.youtube-nocookie.com/s/player/99f55c01/www-player.css,,7c7eb8252199ec9042290b1044ed1ba5ed8847ee516771bbe6dd27f9f16a608c,0
https://www.youtube-nocookie.com/s/player/9a134ead/www-player.css,,fb2f17a87256c403f2fcc1c7c643ca1afa249ed19dd15907197262a202357262,0
https://www.youtube-nocookie.com/s/player/9a58d095/www-player.css,,946419ed4e47d5a3edabaf88a5b129066ae23346d4d668cdd9a7b7bb0400d0ea,0
https://www.youtube-nocookie.com/s/player/9adea8e3/www-player.css,,cfd52c611020fb575d85fc138c1cc172eebdb9bff20d464f90993923cf5cb64b,0
https://www.youtube-nocookie.com/s/player/9b33d56a/www-player.css,,cfd52c611020fb575d85fc138c1cc172eebdb9bff20d464f90993923cf5cb64b,0
https://www.youtube-nocookie.com/s/player/9be3886e/www-player.css,,d5b344b8a6d0a02864884c9b037f5f11921381cdfbddb2f8a643d1a8cbe9cef8,0
https://www.youtube-nocookie.com/s/player/9be8a24f/www-player.css,,4501bc83f7fe6c0de41512e5f91fcf9457f7a8a3aab18e3c38973eb6a6ae0b55,0
https://www.youtube-nocookie.com/s/player/9c0e7329/www-player.css,,1d7a0382972006be1b407113b8b13cc6fb4d6dd54f08b0efd987a14c67d4c147,0
https://www.youtube-nocookie.com/s/player/9c249f6f/www-player.css,,1074e75f7621bc7e5e6c75ffbeea96f6fa9f266029361ba4124dd4d3baa69fef,0
https://www.youtube-nocookie.com/s/player/9c3bdbc5/www-player.css,,0d994eb0e617b6087b915cb1bdc2bb56f40826f1b3d182277c0915aedec24671,0
https://www.youtube-nocookie.com/s/player/9c9b2502/www-player.css,,96e3e223db36f20082cbc5b5393a6c783c91cd0d52b4d338857e1c2abbc0deeb,0
https://www.youtube-nocookie.com/s/player/9d2ef9ef/www-player.css,,1074e75f7621bc7e5e6c75ffbeea96f6fa9f266029361ba4124dd4d3baa69fef,0
https://www.youtube-nocookie.com/s/player/9d46652d/www-player.css,,4501bc83f7fe6c0de41512e5f91fcf9457f7a8a3aab18e3c38973eb6a6ae0b55,0
https://www.youtube-nocookie.com/s/player/9d55332c/www-player.css,,1074e75f7621bc7e5e6c75ffbeea96f6fa9f266029361ba4124dd4d3baa69fef,0
https://www.youtube-nocookie.com/s/player/9d93f99e/www-player.css,,4501bc83f7fe6c0de41512e5f91fcf9457f7a8a3aab18e3c38973eb6a6ae0b55,0
https://www.youtube-nocookie.com/s/player/9da62807/www-player.css,,aa68e0e1ccb88e0e7e5b0e712acaefd700bc1fddffe47833b9f357c139ef7839,0
https://www.youtube-nocookie.com/s/player/9e63f8e4/www-player.css,,c1266aa5ccb770d4191058a5eff5c40d0e88ab06d5cfbb81025ef0105572f5f2,0
https://www.youtube-nocookie.com/s/player/9f4cc5e4/www-player.css,,7c7eb8252199ec9042290b1044ed1ba5ed8847ee516771bbe6dd27f9f16a608c,0
https://www.youtube-nocookie.com/s/player/9f7c592f/www-player.css,,3053767d9a476b52e0e3e9cd9d835fe26adaae79983c90212329e5915f41c56a,0
https://www.youtube-nocookie.com/s/player/9fc68080/www-player.css,,e7c8a5055316b32ab0baa115589477ca4edf8a28372005da3ab230c85660d3f4,0
https://www.youtube-nocookie.com/s/player/9fca0d35/www-player.css,,71e64e4635ef3b11eec4b3e880560ccb029d03b0f295336c5d977616c0e3b519,0
https://www.youtube-nocookie.com/s/player/9fcf08e8/www-player.css,,ca7992e78f5e015470a829868dc51a6e71c2e6eae256695e908b3f9f56e9c1e7,0
https://www.youtube-nocookie.com/s/player/a0424aaf/www-player.css,,e73a47994fe46c3ca05cd3ef31752f0ad98c50d05aa83925177ae0d422d4e202,0
https://www.youtube-nocookie.com/s/player/a0d0e12d/www-player.css,,aa68e0e1ccb88e0e7e5b0e712acaefd700bc1fddffe47833b9f357c139ef7839,0
https://www.youtube-nocookie.com/s/player/a0ea272e/www-player.css,,921b6856085a224b1ca2e5db139b1788c01d4dd1e70daca7006b6a7b381bdae1,0
https://www.youtube-nocookie.com/s/player/a0f30157/www-player.css,,644559b7590cf725119fd0ab8ed45a236d0faf9751693abb303038d7c349d2b2,0
https://www.youtube-nocookie.com/s/player/a0f7b619/www-player.css,,921b6856085a224b1ca2e5db139b1788c01d4dd1e70daca7006b6a7b381bdae1,0
https://www.youtube-nocookie.com/s/player/a13049a3/www-player.css,,7c7eb8252199ec9042290b1044ed1ba5ed8847ee516771bbe6dd27f9f16a608c,0
https://www.youtube-nocookie.com/s/player/a152cbd5/www-player.css,,cfd52c611020fb575d85fc138c1cc172eebdb9bff20d464f90993923cf5cb64b,0
https://www.youtube-nocookie.com/s/player/a180bc4c/www-player.css,,0d994eb0e617b6087b915cb1bdc2bb56f40826f1b3d182277c0915aedec24671,0
https://www.youtube-nocookie.com/s/player/a307fffd/www-player.css,,f438434e0849285ebb1770fbf0b2a71bbc8468c267542b45098d5d430d86b89d,0
https://www.youtube-nocookie.com/s/player/a32660fc/www-player.css,,d5b344b8a6d0a02864884c9b037f5f11921381cdfbddb2f8a643d1a8cbe9cef8,0
https://www.youtube-nocookie.com/s/player/a3286ae2/www-player.css,,81c275d35a2e688fc5bd90aac9d51ea3382b95cf4bc4404db754c69164ea6971,0
https://www.youtube-nocookie.com/s/player/a3cd9b00/www-player.css,,ed75e47b996f41da27d3aa3997bf0f0d632a4d02cefbe8572870acb51e4ed891,0
https://www.youtube-nocookie.com/s/player/a401a70f/www-player.css,,4501bc83f7fe6c0de41512e5f91fcf9457f7a8a3aab18e3c38973eb6a6ae0b55,0
https://www.youtube-nocookie.com/s/player/a4a1bee0/www-player.css,,e7c8a5055316b32ab0baa115589477ca4edf8a28372005da3ab230c85660d3f4,0
https://www.youtube-nocookie.com/s/player/a51cbdb4/www-player.css,,cfd52c611020fb575d85fc138c1cc172eebdb9bff20d464f90993923cf5cb64b,0
https://www.youtube-nocookie.com/s/player/a52cf1ce/www-player.css,,6503becd8abddddc2a7cf3e598efe9f7aca089bf56f4a497624c8839845453fd,0
https://www.youtube-nocookie.com/s/player/a57cdcbf/www-player.css,,f140b6831469664f09fb07ae991e983b46752deaa9d8a8b214852f235ea6e7d0,0
https://www.youtube-nocookie.com/s/player/a57ec7c6/www-player.css,,d5b344b8a6d0a02864884c9b037f5f11921381cdfbddb2f8a643d1a8cbe9cef8,0
https://www.youtube-nocookie.com/s/player/a5ff8620/www-player.css,,0d994eb0e617b6087b915cb1bdc2bb56f40826f1b3d182277c0915aedec24671,0
https://www.youtube-nocookie.com/s/player/a644926e/www-player.css,,6cb0f42858f1cf72cc7d33c674fbf6ace5f2e99a150cede7afd50ec1b7ac8d25,0
https://www.youtube-nocookie.com/s/player/a66f5a13/www-player.css,,cfd52c611020fb575d85fc138c1cc172eebdb9bff20d464f90993923cf5cb64b,0
https://www.youtube-nocookie.com/s/player/a7fa0486/www-player.css,,fb2f17a87256c403f2fcc1c7c643ca1afa249ed19dd15907197262a202357262,0
https://www.youtube-nocookie.com/s/player/a85504a6/www-player.css,,cfd52c611020fb575d85fc138c1cc172eebdb9bff20d464f90993923cf5cb64b,0
https://www.youtube-nocookie.com/s/player/a8920ed7/www-player.css,,ed75e47b996f41da27d3aa3997bf0f0d632a4d02cefbe8572870acb51e4ed891,0
https://www.youtube-nocookie.com/s/player/a8a275d9/www-player.css,,8dd0861016ff7bfa3fa5810d683be16d2e6ab9c70a639428f71a78b39f93b9b9,0
https://www.youtube-nocookie.com/s/player/a8e6cc85/www-player.css,,cfd52c611020fb575d85fc138c1cc172eebdb9bff20d464f90993923cf5cb64b,0
https://www.youtube-nocookie.com/s/player/a8f2635e/www-player.css,,7aca61589965311619d927da66c4fd6c266bfd5a9a263a5cd203e935270a4428,0
https://www.youtube-nocookie.com/s/player/a8fa2535/www-player.css,,f140b6831469664f09fb07ae991e983b46752deaa9d8a8b214852f235ea6e7d0,0
https://www.youtube-nocookie.com/s/player/a9146527/www-player.css,,8dd0861016ff7bfa3fa5810d683be16d2e6ab9c70a639428f71a78b39f93b9b9,0
https://www.youtube-nocookie.com/s/player/a926f773/www-player.css,,ca7992e78f5e015470a829868dc51a6e71c2e6eae256695e908b3f9f56e9c1e7,0
https://www.youtube-nocookie.com/s/player/a944b11f/www-player.css,,e73a47994fe46c3ca05cd3ef31752f0ad98c50d05aa83925177ae0d422d4e202,0
https://www.youtube-nocookie.com/s/player/a9f67a82/www-player.css,,ca7992e78f5e015470a829868dc51a6e71c2e6eae256695e908b3f9f56e9c1e7,0
https://www.youtube-nocookie.com/s/player/a9fe4815/www-player.css,,cfd52c611020fb575d85fc138c1cc172eebdb9bff20d464f90993923cf5cb64b,0
https://www.youtube-nocookie.com/s/player/aa4449ca/www-player.css,,1074e75f7621bc7e5e6c75ffbeea96f6fa9f266029361ba4124dd4d3baa69fef,0
https://www.youtube-nocookie.com/s/player/aa8e2787/www-player.css,,aa68e0e1ccb88e0e7e5b0e712acaefd700bc1fddffe47833b9f357c139ef7839,0
https://www.youtube-nocookie.com/s/player/aad252b0/www-player.css,,96e3e223db36f20082cbc5b5393a6c783c91cd0d52b4d338857e1c2abbc0deeb,0
https://www.youtube-nocookie.com/s/player/ab09dcd0/www-player.css,,ca7992e78f5e015470a829868dc51a6e71c2e6eae256695e908b3f9f56e9c1e7,0
https://www.youtube-nocookie.com/s/player/ab18ea88/www-player.css,,6503becd8abddddc2a7cf3e598efe9f7aca089bf56f4a497624c8839845453fd,0
https://www.youtube-nocookie.com/s/player/ab4606fb/www-player.css,,aa68e0e1ccb88e0e7e5b0e712acaefd700bc1fddffe47833b9f357c139ef7839,0
https://www.youtube-nocookie.com/s/player/ab5096ab/www-player.css,,e73a47994fe46c3ca05cd3ef31752f0ad98c50d05aa83925177ae0d422d4e202,0
https://www.youtube-nocookie.com/s/player/ab89db3f/www-player.css,,6cb0f42858f1cf72cc7d33c674fbf6ace5f2e99a150cede7afd50ec1b7ac8d25,0
https://www.youtube-nocookie.com/s/player/ac678d18/www-player.css,,8345f5d06b1e06a8dcf60075eee7e564059f238a85eb6f34b6ce41fab50ce074,0
https://www.youtube-nocookie.com/s/player/ace4b2f8/www-player.css,,8dd0861016ff7bfa3fa5810d683be16d2e6ab9c70a639428f71a78b39f93b9b9,0
https://www.youtube-nocookie.com/s/player/acf964b9/www-player.css,,644559b7590cf725119fd0ab8ed45a236d0faf9751693abb303038d7c349d2b2,0
https://www.youtube-nocookie.com/s/player/acfff5b9/www-player.css,,cfd52c611020fb575d85fc138c1cc172eebdb9bff20d464f90993923cf5cb64b,0
https://www.youtube-nocookie.com/s/player/ad2f1dc5/www-player.css,,ed75e47b996f41da27d3aa3997bf0f0d632a4d02cefbe8572870acb51e4ed891,0
https://www.youtube-nocookie.com/s/player/ae0b654c/www-player.css,,cfd52c611020fb575d85fc138c1cc172eebdb9bff20d464f90993923cf5cb64b,0
https://www.youtube-nocookie.com/s/player/ae417f28/www-player.css,,bb2ee0639d3d01fff4688a439d42f088babfba9c20ed207d4b1d6f2fc0224107,0
https://www.youtube-nocookie.com/s/player/ae9401d3/www-player.css,,cfd52c611020fb575d85fc138c1cc172eebdb9bff20d464f90993923cf5cb64b,0
https://www.youtube-nocookie.com/s/player/aeef9bae/www-player.css,,fb2f17a87256c403f2fcc1c7c643ca1afa249ed19dd15907197262a202357262,0
https://www.youtube-nocookie.com/s/player/afc53320/www-player.css,,4a3d9f50726e2dc48728329f15bed529b17e8e1238c784566e6e97a03a710e83,0
https://www.youtube-nocookie.com/s/player/b04445d4/www-player.css,,cfd52c611020fb575d85fc138c1cc172eebdb9bff20d464f90993923cf5cb64b,0
https://www.youtube-nocookie.com/s/player/b0d2d49a/www-player.css,,ed75e47b996f41da27d3aa3997bf0f0d632a4d02cefbe8572870acb51e4ed891,0
https://www.youtube-nocookie.com/s/player/b0e668dc/www-player.css,,cfd52c611020fb575d85fc138c1cc172eebdb9bff20d464f90993923cf5cb64b,0
https://www.youtube-nocookie.com/s/player/b0ee622c/www-player.css,,7c7eb8252199ec9042290b1044ed1ba5ed8847ee516771bbe6dd27f9f16a608c,0
https://www.youtube-nocookie.com/s/player/b0fec6e9/www-player.css,,cfd52c611020fb575d85fc138c1cc172eebdb9bff20d464f90993923cf5cb64b,0
https://www.youtube-nocookie.com/s/player/b0ff957c/www-player.css,,e7c8a5055316b32ab0baa115589477ca4edf8a28372005da3ab230c85660d3f4,0
https://www.youtube-nocookie.com/s/player/b1291d97/www-player.css,,921b6856085a224b1ca2e5db139b1788c01d4dd1e70daca7006b6a7b381bdae1,0
https://www.youtube-nocookie.com/s/player/b1558f06/www-player.css,,ed75e47b996f41da27d3aa3997bf0f0d632a4d02cefbe8572870acb51e4ed891,0
https://www.youtube-nocookie.com/s/player/b15c2dcf/www-player.css,,6f25e841296950467517ec8bccba0ffd052a386d6ac8d893aeaba5edf84aca42,0
https://www.youtube-nocookie.com/s/player/b16e1fcb/www-player.css,,cfd52c611020fb575d85fc138c1cc172eebdb9bff20d464f90993923cf5cb64b,0
https://www.youtube-nocookie.com/s/player/b174a5bb/www-player.css,,aa68e0e1ccb88e0e7e5b0e712acaefd700bc1fddffe47833b9f357c139ef7839,0
https://www.youtube-nocookie.com/s/player/b1a2be36/www-player.css,,8345f5d06b1e06a8dcf60075eee7e564059f238a85eb6f34b6ce41fab50ce074,0
https://www.youtube-nocookie.com/s/player/b1ac6210/www-player.css,,0d994eb0e617b6087b915cb1bdc2bb56f40826f1b3d182277c0915aedec24671,0
https://www.youtube-nocookie.com/s/player/b1e9a19c/www-player.css,,946419ed4e47d5a3edabaf88a5b129066ae23346d4d668cdd9a7b7bb0400d0ea,0
https://www.youtube-nocookie.com/s/player/b2466c24/www-player.css,,cfd52c611020fb575d85fc138c1cc172eebdb9bff20d464f90993923cf5cb64b,0
https://www.youtube-nocookie.com/s/player/b2515611/www-player.css,,9200bd528a866a248b30c782029e723a189477ee26baed0ce3206aa3deb797d0,0
https://www.youtube-nocookie.com/s/player/b32979e9/www-player.css,,389d80710907ae3e49736e38c8c56870ba584ddc18286659e13417c9c73b4e5d,0
https://www.youtube-nocookie.com/s/player/b3613e85/www-player.css,,986a48101bd0ff424efa03c520ff743e54303badd490a763a52f12ea4cd11973,0
https://www.youtube-nocookie.com/s/player/b39a0cab/www-player.css,,cfd52c611020fb575d85fc138c1cc172eebdb9bff20d464f90993923cf5cb64b,0
https://www.youtube-nocookie.com/s/player/b39ad138/www-player.css,,798b8326094d9277d1ffc31f005748c2fb5185c0b278176a2774d2b8511945a0,0
https://www.youtube-nocookie.com/s/player/b443d9d5/www-player.css,,0d994eb0e617b6087b915cb1bdc2bb56f40826f1b3d182277c0915aedec24671,0
https://www.youtube-nocookie.com/s/player/b45afdfa/www-player.css,,3053767d9a476b52e0e3e9cd9d835fe26adaae79983c90212329e5915f41c56a,0
https://www.youtube-nocookie.com/s/player/b4e316e8/www-player.css,,4501bc83f7fe6c0de41512e5f91fcf9457f7a8a3aab18e3c38973eb6a6ae0b55,0
https://www.youtube-nocookie.com/s/player/b5405e98/www-player.css,,ed75e47b996f41da27d3aa3997bf0f0d632a4d02cefbe8572870acb51e4ed891,0
https://www.youtube-nocookie.com/s/player/b6048f74/www-player.css,,e73a47994fe46c3ca05cd3ef31752f0ad98c50d05aa83925177ae0d422d4e202,0
https://www.youtube-nocookie.com/s/player/b658980f/www-player.css,,7aca61589965311619d927da66c4fd6c266bfd5a9a263a5cd203e935270a4428,0
https://www.youtube-nocookie.com/s/player/b6dcbf7c/www-player.css,,921b6856085a224b1ca2e5db139b1788c01d4dd1e70daca7006b6a7b381bdae1,0
https://www.youtube-nocookie.com/s/player/b6e44494/www-player.css,,e7c8a5055316b32ab0baa115589477ca4edf8a28372005da3ab230c85660d3f4,0
https://www.youtube-nocookie.com/s/player/b6e5a811/www-player.css,,81c275d35a2e688fc5bd90aac9d51ea3382b95cf4bc4404db754c69164ea6971,0
https://www.youtube-nocookie.com/s/player/b7457b7c/www-player.css,,3053767d9a476b52e0e3e9cd9d835fe26adaae79983c90212329e5915f41c56a,0
https://www.youtube-nocookie.com/s/player/b75a8e80/www-player.css,,644559b7590cf725119fd0ab8ed45a236d0faf9751693abb303038d7c349d2b2,0
https://www.youtube-nocookie.com/s/player/b783aee4/www-player.css,,d5b344b8a6d0a02864884c9b037f5f11921381cdfbddb2f8a643d1a8cbe9cef8,0
https://www.youtube-nocookie.com/s/player/b7e47813/www-player.css,,ff94612f774a2fa9658e397e78071cbde5eb96e3f67a444efac6a10b4b7e760f,0
https://www.youtube-nocookie.com/s/player/b81a9a58/www-player.css,,4501bc83f7fe6c0de41512e5f91fcf9457f7a8a3aab18e3c38973eb6a6ae0b55,0
https://www.youtube-nocookie.com/s/player/b91b2902/www-player.css,,e7c8a5055316b32ab0baa115589477ca4edf8a28372005da3ab230c85660d3f4,0
https://www.youtube-nocookie.com/s/player/b9313b14/www-player.css,,1074e75f7621bc7e5e6c75ffbeea96f6fa9f266029361ba4124dd4d3baa69fef,0
https://www.youtube-nocookie.com/s/player/b93b66db/www-player.css,,1e6f131e5c23998532caa01dec741cd746efdb7364cffaf33a43f227aaa0d458,0
https://www.youtube-nocookie.com/s/player/b95b0e7a/www-player.css,,644559b7590cf725119fd0ab8ed45a236d0faf9751693abb303038d7c349d2b2,0
https://www.youtube-nocookie.com/s/player/b9770a0d/www-player.css,,921b6856085a224b1ca2e5db139b1788c01d4dd1e70daca7006b6a7b381bdae1,0
https://www.youtube-nocookie.com/s/player/ba0148a0/www-player.css,,ff94612f774a2fa9658e397e78071cbde5eb96e3f67a444efac6a10b4b7e760f,0
https://www.youtube-nocookie.com/s/player/bac06df9/www-player.css,,1074e75f7621bc7e5e6c75ffbeea96f6fa9f266029361ba4124dd4d3baa69fef,0
https://www.youtube-nocookie.com/s/player/bb09e5fd/www-player.css,,4501bc83f7fe6c0de41512e5f91fcf9457f7a8a3aab18e3c38973eb6a6ae0b55,0
https://www.youtube-nocookie.com/s/player/bb44c5fe/www-player.css,,fb2f17a87256c403f2fcc1c7c643ca1afa249ed19dd15907197262a202357262,0
https://www.youtube-nocookie.com/s/player/bb52fe90/www-player.css,,cfd52c611020fb575d85fc138c1cc172eebdb9bff20d464f90993923cf5cb64b,0
https://www.youtube-nocookie.com/s/player/bbe4bdbc/www-player.css,,14a39ca2157acf89f00909fa7bec1629d375ff52d44e7016b40e691d8f4b23a8,0
https://www.youtube-nocookie.com/s/player/bc3ac2f2/www-player.css,,921b6856085a224b1ca2e5db139b1788c01d4dd1e70daca7006b6a7b381bdae1,0
https://www.youtube-nocookie.com/s/player/bc79a29c/www-player.css,,fb2f17a87256c403f2fcc1c7c643ca1afa249ed19dd15907197262a202357262,0
https://www.youtube-nocookie.com/s/player/bc7db0b2/www-player.css,,f140b6831469664f09fb07ae991e983b46752deaa9d8a8b214852f235ea6e7d0,0
https://www.youtube-nocookie.com/s/player/bcd88ad3/www-player.css,,f140b6831469664f09fb07ae991e983b46752deaa9d8a8b214852f235ea6e7d0,0
https://www.youtube-nocookie.com/s/player/bcd893b3/www-player.css,,a04669932536022de0e8d147284396d6447a3dfe6cc26be24358d8503aefbdf4,0
https://www.youtube-nocookie.com/s/player/bce13099/www-player.css,,e82ba96124a1dcddee649a0aad8a829a68c08a3946e77ff7ace0c50942d3f0be,0
https://www.youtube-nocookie.com/s/player/bcea3860/www-player.css,,d5b344b8a6d0a02864884c9b037f5f11921381cdfbddb2f8a643d1a8cbe9cef8,0
https://www.youtube-nocookie.com/s/player/bcf89e14/www-player.css,,6f25e841296950467517ec8bccba0ffd052a386d6ac8d893aeaba5edf84aca42,0
https://www.youtube-nocookie.com/s/player/bd4a2521/www-player.css,,946419ed4e47d5a3edabaf88a5b129066ae23346d4d668cdd9a7b7bb0400d0ea,0
https://www.youtube-nocookie.com/s/player/bda6277d/www-player.css,,14a39ca2157acf89f00909fa7bec1629d375ff52d44e7016b40e691d8f4b23a8,0
https://www.youtube-nocookie.com/s/player/be00faec/www-player.css,,0d994eb0e617b6087b915cb1bdc2bb56f40826f1b3d182277c0915aedec24671,0
https://www.youtube-nocookie.com/s/player/be41592d/www-player.css,,921b6856085a224b1ca2e5db139b1788c01d4dd1e70daca7006b6a7b381bdae1,0
https://www.youtube-nocookie.com/s/player/be5a4839/www-player.css,,0d994eb0e617b6087b915cb1bdc2bb56f40826f1b3d182277c0915aedec24671,0
https://www.youtube-nocookie.com/s/player/bed7a914/www-player.css,,4501bc83f7fe6c0de41512e5f91fcf9457f7a8a3aab18e3c38973eb6a6ae0b55,0
https://www.youtube-nocookie.com/s/player/bf9226b1/www-player.css,,aa68e0e1ccb88e0e7e5b0e712acaefd700bc1fddffe47833b9f357c139ef7839,0
https://www.youtube-nocookie.com/s/player/bffb4292/www-player.css,,7c7eb8252199ec9042290b1044ed1ba5ed8847ee516771bbe6dd27f9f16a608c,0
https://www.youtube-nocookie.com/s/player/c0c02e9a/www-player.css,,cfd52c611020fb575d85fc138c1cc172eebdb9bff20d464f90993923cf5cb64b,0
https://www.youtube-nocookie.com/s/player/c1c87fb0/www-player.css,,4a3d9f50726e2dc48728329f15bed529b17e8e1238c784566e6e97a03a710e83,0
https://www.youtube-nocookie.com/s/player/c23da62f/www-player.css,,d3dfa94ecbec10b81490a7b186df4f425bb5dd22f33cabe6ec1e1ef079047fc8,0
https://www.youtube-nocookie.com/s/player/c281516d/www-player.css,,946419ed4e47d5a3edabaf88a5b129066ae23346d4d668cdd9a7b7bb0400d0ea,0
https://www.youtube-nocookie.com/s/player/c2b286e4/www-player.css,,d5b344b8a6d0a02864884c9b037f5f11921381cdfbddb2f8a643d1a8cbe9cef8,0
https://www.youtube-nocookie.com/s/player/c2dd02e1/www-player.css,,d5b344b8a6d0a02864884c9b037f5f11921381cdfbddb2f8a643d1a8cbe9cef8,0
https://www.youtube-nocookie.com/s/player/c2f0d301/www-player.css,,14a39ca2157acf89f00909fa7bec1629d375ff52d44e7016b40e691d8f4b23a8,0
https://www.youtube-nocookie.com/s/player/c2f7551f/www-player.css,,e7c8a5055316b32ab0baa115589477ca4edf8a28372005da3ab230c85660d3f4,0
https://www.youtube-nocookie.com/s/player/c34f8c34/www-player.css,,7c7eb8252199ec9042290b1044ed1ba5ed8847ee516771bbe6dd27f9f16a608c,0
https://www.youtube-nocookie.com/s/player/c37d60f8/www-player.css,,cfd52c611020fb575d85fc138c1cc172eebdb9bff20d464f90993923cf5cb64b,0
https://www.youtube-nocookie.com/s/player/c38b4eda/www-player.css,,ca7992e78f5e015470a829868dc51a6e71c2e6eae256695e908b3f9f56e9c1e7,0
https://www.youtube-nocookie.com/s/player/c3b53a37/www-player.css,,074896ef39c6dae734d15f918224a1e0e23c000185e529ecdea29444a9a2070f,0
https://www.youtube-nocookie.com/s/player/c3edfa37/www-player.css,,aed8e79fbe210a9b3e958681a1931b19baa85741b51cabf87b5101e4e0e2cd7b,0
https://www.youtube-nocookie.com/s/player/c4507267/www-player.css,,0d994eb0e617b6087b915cb1bdc2bb56f40826f1b3d182277c0915aedec24671,0
https://www.youtube-nocookie.com/s/player/c4f5cc56/www-player.css,,e7c8a5055316b32ab0baa115589477ca4edf8a28372005da3ab230c85660d3f4,0
https://www.youtube-nocookie.com/s/player/c5a4a312/www-player.css,,0d994eb0e617b6087b915cb1bdc2bb56f40826f1b3d182277c0915aedec24671,0
https://www.youtube-nocookie.com/s/player/c5a9b924/www-player.css,,cfd52c611020fb575d85fc138c1cc172eebdb9bff20d464f90993923cf5cb64b,0
https://www.youtube-nocookie.com/s/player/c6aa5b85/www-player.css,,8dd0861016ff7bfa3fa5810d683be16d2e6ab9c70a639428f71a78b39f93b9b9,0
https://www.youtube-nocookie.com/s/player/c6d7bdc9/www-player.css,,fee83c4714630482ba6749f188d157b619d86b6326d5e93ba3ffe4273d4e64b4,0
https://www.youtube-nocookie.com/s/player/c6e9bca4/www-player.css,,1074e75f7621bc7e5e6c75ffbeea96f6fa9f266029361ba4124dd4d3baa69fef,0
https://www.youtube-nocookie.com/s/player/c7119fda/www-player.css,,cfd52c611020fb575d85fc138c1cc172eebdb9bff20d464f90993923cf5cb64b,0
https://www.youtube-nocookie.com/s/player/c72d3621/www-player.css,,e7c8a5055316b32ab0baa115589477ca4edf8a28372005da3ab230c85660d3f4,0
https://www.youtube-nocookie.com/s/player/c74cbcd6/www-player.css,,ed75e47b996f41da27d3aa3997bf0f0d632a4d02cefbe8572870acb51e4ed891,0
https://www.youtube-nocookie.com/s/player/c7c1953f/www-player.css,,bb2ee0639d3d01fff4688a439d42f088babfba9c20ed207d4b1d6f2fc0224107,0
https://www.youtube-nocookie.com/s/player/c80790c5/www-player.css,,0f06514546f3f8ea7418db5a1a3d5418c5297bee86320633848bf00343c051ad,0
https://www.youtube-nocookie.com/s/player/c80bf7e2/www-player.css,,921b6856085a224b1ca2e5db139b1788c01d4dd1e70daca7006b6a7b381bdae1,0
https://www.youtube-nocookie.com/s/player/c816c7d8/www-player.css,,89e6eaf6c8f65789f97bfa5c5bbc9c4be5820dbe5bad21a6f50ab4c885847a7b,0
https://www.youtube-nocookie.com/s/player/c81e9886/www-player.css,,cfd52c611020fb575d85fc138c1cc172eebdb9bff20d464f90993923cf5cb64b,0
https://www.youtube-nocookie.com/s/player/c90e7b12/www-player.css,,d3dfa94ecbec10b81490a7b186df4f425bb5dd22f33cabe6ec1e1ef079047fc8,0
https://www.youtube-nocookie.com/s/player/c9168c90/www-player.css,,4a3d9f50726e2dc48728329f15bed529b17e8e1238c784566e6e97a03a710e83,0
https://www.youtube-nocookie.com/s/player/c954e338/www-player.css,,4501bc83f7fe6c0de41512e5f91fcf9457f7a8a3aab18e3c38973eb6a6ae0b55,0
https://www.youtube-nocookie.com/s/player/c9ede538/www-player.css,,d5b344b8a6d0a02864884c9b037f5f11921381cdfbddb2f8a643d1a8cbe9cef8,0
https://www.youtube-nocookie.com/s/player/ca042962/www-player.css,,4501bc83f7fe6c0de41512e5f91fcf9457f7a8a3aab18e3c38973eb6a6ae0b55,0
https://www.youtube-nocookie.com/s/player/ca8b6ef4/www-player.css,,1074e75f7621bc7e5e6c75ffbeea96f6fa9f266029361ba4124dd4d3baa69fef,0
https://www.youtube-nocookie.com/s/player/cb017549/www-player.css,,14a39ca2157acf89f00909fa7bec1629d375ff52d44e7016b40e691d8f4b23a8,0
https://www.youtube-nocookie.com/s/player/cb0c1314/www-player.css,,cfd52c611020fb575d85fc138c1cc172eebdb9bff20d464f90993923cf5cb64b,0
https://www.youtube-nocookie.com/s/player/cb975c6f/www-player.css,,644559b7590cf725119fd0ab8ed45a236d0faf9751693abb303038d7c349d2b2,0
https://www.youtube-nocookie.com/s/player/cbad65aa/www-player.css,,bb2ee0639d3d01fff4688a439d42f088babfba9c20ed207d4b1d6f2fc0224107,0
https://www.youtube-nocookie.com/s/player/cd78997d/www-player.css,,aed8e79fbe210a9b3e958681a1931b19baa85741b51cabf87b5101e4e0e2cd7b,0
https://www.youtube-nocookie.com/s/player/ce167ec0/www-player.css,,6503becd8abddddc2a7cf3e598efe9f7aca089bf56f4a497624c8839845453fd,0
https://www.youtube-nocookie.com/s/player/ce44be02/www-player.css,,e7c8a5055316b32ab0baa115589477ca4edf8a28372005da3ab230c85660d3f4,0
https://www.youtube-nocookie.com/s/player/ce48a839/www-player.css,,4501bc83f7fe6c0de41512e5f91fcf9457f7a8a3aab18e3c38973eb6a6ae0b55,0
https://www.youtube-nocookie.com/s/player/ce74690f/www-player.css,,d5b344b8a6d0a02864884c9b037f5f11921381cdfbddb2f8a643d1a8cbe9cef8,0
https://www.youtube-nocookie.com/s/player/ce945a2b/www-player.css,,e73a47994fe46c3ca05cd3ef31752f0ad98c50d05aa83925177ae0d422d4e202,0
https://www.youtube-nocookie.com/s/player/ce9835fa/www-player.css,,921b6856085a224b1ca2e5db139b1788c01d4dd1e70daca7006b6a7b381bdae1,0
https://www.youtube-nocookie.com/s/player/cebb413d/www-player.css,,e73a47994fe46c3ca05cd3ef31752f0ad98c50d05aa83925177ae0d422d4e202,0
https://www.youtube-nocookie.com/s/player/cf382d84/www-player.css,,921b6856085a224b1ca2e5db139b1788c01d4dd1e70daca7006b6a7b381bdae1,0
https://www.youtube-nocookie.com/s/player/d01789b5/www-player.css,,d3dfa94ecbec10b81490a7b186df4f425bb5dd22f33cabe6ec1e1ef079047fc8,0
https://www.youtube-nocookie.com/s/player/d02d9f24/www-player.css,,cfd52c611020fb575d85fc138c1cc172eebdb9bff20d464f90993923cf5cb64b,0
https://www.youtube-nocookie.com/s/player/d0343706/www-player.css,,921b6856085a224b1ca2e5db139b1788c01d4dd1e70daca7006b6a7b381bdae1,0
https://www.youtube-nocookie.com/s/player/d03787ac/www-player.css,,95c98e1ed98fae9a5a035a4d7c2d8462ba361bffe42c96395f8f563070cddb77,0
https://www.youtube-nocookie.com/s/player/d0dfba13/www-player.css,,6f25e841296950467517ec8bccba0ffd052a386d6ac8d893aeaba5edf84aca42,0
https://www.youtube-nocookie.com/s/player/d109b9c2/www-player.css,,6503becd8abddddc2a7cf3e598efe9f7aca089bf56f4a497624c8839845453fd,0
https://www.youtube-nocookie.com/s/player/d11f06d8/www-player.css,,0d994eb0e617b6087b915cb1bdc2bb56f40826f1b3d182277c0915aedec24671,0
https://www.youtube-nocookie.com/s/player/d138a901/www-player.css,,bb2ee0639d3d01fff4688a439d42f088babfba9c20ed207d4b1d6f2fc0224107,0
https://www.youtube-nocookie.com/s/player/d16e5875/www-player.css,,ed75e47b996f41da27d3aa3997bf0f0d632a4d02cefbe8572870acb51e4ed891,0
https://www.youtube-nocookie.com/s/player/d269c2ae/www-player.css,,074896ef39c6dae734d15f918224a1e0e23c000185e529ecdea29444a9a2070f,0
https://www.youtube-nocookie.com/s/player/d2972ab1/www-player.css,,8345f5d06b1e06a8dcf60075eee7e564059f238a85eb6f34b6ce41fab50ce074,0
https://www.youtube-nocookie.com/s/player/d396ac15/www-player.css,,ca7992e78f5e015470a829868dc51a6e71c2e6eae256695e908b3f9f56e9c1e7,0
https://www.youtube-nocookie.com/s/player/d46d9f81/www-player.css,,7c7eb8252199ec9042290b1044ed1ba5ed8847ee516771bbe6dd27f9f16a608c,0
https://www.youtube-nocookie.com/s/player/d4919386/www-player.css,,4501bc83f7fe6c0de41512e5f91fcf9457f7a8a3aab18e3c38973eb6a6ae0b55,0
https://www.youtube-nocookie.com/s/player/d5378f3e/www-player.css,,ed75e47b996f41da27d3aa3997bf0f0d632a4d02cefbe8572870acb51e4ed891,0
https://www.youtube-nocookie.com/s/player/d5541cec/www-player.css,,d84a7a9cede27c144c059863a14188a79870815abcf8f4e88ec746c5873e205f,0
https://www.youtube-nocookie.com/s/player/d5680046/www-player.css,,774b08660c0a88d4f4516afc5b6eb8809a87581871371bcdab9648178897276d,0
https://www.youtube-nocookie.com/s/player/d59a879c/www-player.css,,7aca61589965311619d927da66c4fd6c266bfd5a9a263a5cd203e935270a4428,0
https://www.youtube-nocookie.com/s/player/d5f789e7/www-player.css,,1074e75f7621bc7e5e6c75ffbeea96f6fa9f266029361ba4124dd4d3baa69fef,0
https://www.youtube-nocookie.com/s/player/d6afc319/www-player.css,,644559b7590cf725119fd0ab8ed45a236d0faf9751693abb303038d7c349d2b2,0
https://www.youtube-nocookie.com/s/player/d759498c/www-player.css,,8dd0861016ff7bfa3fa5810d683be16d2e6ab9c70a639428f71a78b39f93b9b9,0
https://www.youtube-nocookie.com/s/player/d793a5ff/www-player.css,,ca7992e78f5e015470a829868dc51a6e71c2e6eae256695e908b3f9f56e9c1e7,0
https://www.youtube-nocookie.com/s/player/d79fb9f8/www-player.css,,cfd52c611020fb575d85fc138c1cc172eebdb9bff20d464f90993923cf5cb64b,0
https://www.youtube-nocookie.com/s/player/d9454757/www-player.css,,f140b6831469664f09fb07ae991e983b46752deaa9d8a8b214852f235ea6e7d0,0
https://www.youtube-nocookie.com/s/player/d95a0e03/www-player.css,,f438434e0849285ebb1770fbf0b2a71bbc8468c267542b45098d5d430d86b89d,0
https://www.youtube-nocookie.com/s/player/d980b573/www-player.css,,bb2ee0639d3d01fff4688a439d42f088babfba9c20ed207d4b1d6f2fc0224107,0
https://www.youtube-nocookie.com/s/player/d9ea877b/www-player.css,,e73a47994fe46c3ca05cd3ef31752f0ad98c50d05aa83925177ae0d422d4e202,0
https://www.youtube-nocookie.com/s/player/db24d012/www-player.css,,ca7992e78f5e015470a829868dc51a6e71c2e6eae256695e908b3f9f56e9c1e7,0
https://www.youtube-nocookie.com/s/player/dbb1f29d/www-player.css,,6f25e841296950467517ec8bccba0ffd052a386d6ac8d893aeaba5edf84aca42,0
https://www.youtube-nocookie.com/s/player/dbc3c96f/www-player.css,,e7c8a5055316b32ab0baa115589477ca4edf8a28372005da3ab230c85660d3f4,0
https://www.youtube-nocookie.com/s/player/dc1c41a7/www-player.css,,aed8e79fbe210a9b3e958681a1931b19baa85741b51cabf87b5101e4e0e2cd7b,0
https://www.youtube-nocookie.com/s/player/dc5384b1/www-player.css,,4501bc83f7fe6c0de41512e5f91fcf9457f7a8a3aab18e3c38973eb6a6ae0b55,0
https://www.youtube-nocookie.com/s/player/dc7b3d61/www-player.css,,c1266aa5ccb770d4191058a5eff5c40d0e88ab06d5cfbb81025ef0105572f5f2,0
https://www.youtube-nocookie.com/s/player/dd53c628/www-player.css,,cfd52c611020fb575d85fc138c1cc172eebdb9bff20d464f90993923cf5cb64b,0
https://www.youtube-nocookie.com/s/player/dd623280/www-player.css,,8345f5d06b1e06a8dcf60075eee7e564059f238a85eb6f34b6ce41fab50ce074,0
https://www.youtube-nocookie.com/s/player/ddef8357/www-player.css,,cfd52c611020fb575d85fc138c1cc172eebdb9bff20d464f90993923cf5cb64b,0
https://www.youtube-nocookie.com/s/player/dfc3d2b2/www-player.css,,921b6856085a224b1ca2e5db139b1788c01d4dd1e70daca7006b6a7b381bdae1,0
https://www.youtube-nocookie.com/s/player/e0528946/www-player.css,,7c7eb8252199ec9042290b1044ed1ba5ed8847ee516771bbe6dd27f9f16a608c,0
https://www.youtube-nocookie.com/s/player/e0dc87a1/www-player.css,,0d994eb0e617b6087b915cb1bdc2bb56f40826f1b3d182277c0915aedec24671,0
https://www.youtube-nocookie.com/s/player/e0eecb93/www-player.css,,fb2f17a87256c403f2fcc1c7c643ca1afa249ed19dd15907197262a202357262,0
https://www.youtube-nocookie.com/s/player/e120fb32/www-player.css,,921b6856085a224b1ca2e5db139b1788c01d4dd1e70daca7006b6a7b381bdae1,0
https://www.youtube-nocookie.com/s/player/e1a49700/www-player.css,,cfd52c611020fb575d85fc138c1cc172eebdb9bff20d464f90993923cf5cb64b,0
https://www.youtube-nocookie.com/s/player/e1bd44b2/www-player.css,,e7c8a5055316b32ab0baa115589477ca4edf8a28372005da3ab230c85660d3f4,0
https://www.youtube-nocookie.com/s/player/e1f01fa7/www-player.css,,921b6856085a224b1ca2e5db139b1788c01d4dd1e70daca7006b6a7b381bdae1,0
https://www.youtube-nocookie.com/s/player/e237d4c5/www-player.css,,20d1d9105d12b4a2c4b1fa6d1a145d5254140da83093e98f97a4f91148fbcd01,0
https://www.youtube-nocookie.com/s/player/e2701c55/www-player.css,,cfd52c611020fb575d85fc138c1cc172eebdb9bff20d464f90993923cf5cb64b,0
https://www.youtube-nocookie.com/s/player/e2a2364f/www-player.css,,1e6f131e5c23998532caa01dec741cd746efdb7364cffaf33a43f227aaa0d458,0
https://www.youtube-nocookie.com/s/player/e2a80f06/www-player.css,,921b6856085a224b1ca2e5db139b1788c01d4dd1e70daca7006b6a7b381bdae1,0
https://www.youtube-nocookie.com/s/player/e2b516fb/www-player.css,,cfd52c611020fb575d85fc138c1cc172eebdb9bff20d464f90993923cf5cb64b,0
https://www.youtube-nocookie.com/s/player/e30d74e3/www-player.css,,cfd52c611020fb575d85fc138c1cc172eebdb9bff20d464f90993923cf5cb64b,0
https://www.youtube-nocookie.com/s/player/e354dd90/www-player.css,,f140b6831469664f09fb07ae991e983b46752deaa9d8a8b214852f235ea6e7d0,0
https://www.youtube-nocookie.com/s/player/e3deca0e/www-player.css,,4501bc83f7fe6c0de41512e5f91fcf9457f7a8a3aab18e3c38973eb6a6ae0b55,0
https://www.youtube-nocookie.com/s/player/e40d18fc/www-player.css,,cfd52c611020fb575d85fc138c1cc172eebdb9bff20d464f90993923cf5cb64b,0
https://www.youtube-nocookie.com/s/player/e42f4bf8/www-player.css,,c1266aa5ccb770d4191058a5eff5c40d0e88ab06d5cfbb81025ef0105572f5f2,0
https://www.youtube-nocookie.com/s/player/e43c0a19/www-player.css,,cfd52c611020fb575d85fc138c1cc172eebdb9bff20d464f90993923cf5cb64b,0
https://www.youtube-nocookie.com/s/player/e5ae3fff/www-player.css,,1074e75f7621bc7e5e6c75ffbeea96f6fa9f266029361ba4124dd4d3baa69fef,0
https://www.youtube-nocookie.com/s/player/e5fcb1c4/www-player.css,,d5b344b8a6d0a02864884c9b037f5f11921381cdfbddb2f8a643d1a8cbe9cef8,0
https://www.youtube-nocookie.com/s/player/e64c7e20/www-player.css,,24cb353f7db6c8025eaf8648aa1f941cddfac84342d06ed4fb9def4523328bb3,0
https://www.youtube-nocookie.com/s/player/e70c1e94/www-player.css,,fb2f17a87256c403f2fcc1c7c643ca1afa249ed19dd15907197262a202357262,0
https://www.youtube-nocookie.com/s/player/e7573094/www-player.css,,ca7992e78f5e015470a829868dc51a6e71c2e6eae256695e908b3f9f56e9c1e7,0
https://www.youtube-nocookie.com/s/player/e78b6727/www-player.css,,644559b7590cf725119fd0ab8ed45a236d0faf9751693abb303038d7c349d2b2,0
https://www.youtube-nocookie.com/s/player/e795685c/www-player.css,,8dd0861016ff7bfa3fa5810d683be16d2e6ab9c70a639428f71a78b39f93b9b9,0
https://www.youtube-nocookie.com/s/player/e7d74527/www-player.css,,1074e75f7621bc7e5e6c75ffbeea96f6fa9f266029361ba4124dd4d3baa69fef,0
https://www.youtube-nocookie.com/s/player/e7f8ddfa/www-player.css,,7c7eb8252199ec9042290b1044ed1ba5ed8847ee516771bbe6dd27f9f16a608c,0
https://www.youtube-nocookie.com/s/player/e7fdae96/www-player.css,,921b6856085a224b1ca2e5db139b1788c01d4dd1e70daca7006b6a7b381bdae1,0
https://www.youtube-nocookie.com/s/player/e937390a/www-player.css,,24cb353f7db6c8025eaf8648aa1f941cddfac84342d06ed4fb9def4523328bb3,0
https://www.youtube-nocookie.com/s/player/e99d8d7c/www-player.css,,aed8e79fbe210a9b3e958681a1931b19baa85741b51cabf87b5101e4e0e2cd7b,0
https://www.youtube-nocookie.com/s/player/e9af09a2/www-player.css,,14a39ca2157acf89f00909fa7bec1629d375ff52d44e7016b40e691d8f4b23a8,0
https://www.youtube-nocookie.com/s/player/ea233d9b/www-player.css,,7c7eb8252199ec9042290b1044ed1ba5ed8847ee516771bbe6dd27f9f16a608c,0
https://www.youtube-nocookie.com/s/player/ea6f527e/www-player.css,,798b8326094d9277d1ffc31f005748c2fb5185c0b278176a2774d2b8511945a0,0
https://www.youtube-nocookie.com/s/player/ea7a7460/www-player.css,,1074e75f7621bc7e5e6c75ffbeea96f6fa9f266029361ba4124dd4d3baa69fef,0
https://www.youtube-nocookie.com/s/player/eace5bba/www-player.css,,4a3d9f50726e2dc48728329f15bed529b17e8e1238c784566e6e97a03a710e83,0
https://www.youtube-nocookie.com/s/player/eaf70881/www-player.css,,cfd52c611020fb575d85fc138c1cc172eebdb9bff20d464f90993923cf5cb64b,0
https://www.youtube-nocookie.com/s/player/ebc32385/www-player.css,,c1266aa5ccb770d4191058a5eff5c40d0e88ab06d5cfbb81025ef0105572f5f2,0
https://www.youtube-nocookie.com/s/player/ec3567a3/www-player.css,,bb2ee0639d3d01fff4688a439d42f088babfba9c20ed207d4b1d6f2fc0224107,0
https://www.youtube-nocookie.com/s/player/ec38d4eb/www-player.css,,7c7eb8252199ec9042290b1044ed1ba5ed8847ee516771bbe6dd27f9f16a608c,0
https://www.youtube-nocookie.com/s/player/ec6f9bb5/www-player.css,,0d994eb0e617b6087b915cb1bdc2bb56f40826f1b3d182277c0915aedec24671,0
https://www.youtube-nocookie.com/s/player/ecc3e9a7/www-player.css,,7c7eb8252199ec9042290b1044ed1ba5ed8847ee516771bbe6dd27f9f16a608c,0
https://www.youtube-nocookie.com/s/player/ecd4b80a/www-player.css,,cfd52c611020fb575d85fc138c1cc172eebdb9bff20d464f90993923cf5cb64b,0
https://www.youtube-nocookie.com/s/player/ecde8a55/www-player.css,,f140b6831469664f09fb07ae991e983b46752deaa9d8a8b214852f235ea6e7d0,0
https://www.youtube-nocookie.com/s/player/ed1f8bcd/www-player.css,,1074e75f7621bc7e5e6c75ffbeea96f6fa9f266029361ba4124dd4d3baa69fef,0
https://www.youtube-nocookie.com/s/player/ed3f6ea5/www-player.css,,644559b7590cf725119fd0ab8ed45a236d0faf9751693abb303038d7c349d2b2,0
https://www.youtube-nocookie.com/s/player/ed89dc10/www-player.css,,d5b344b8a6d0a02864884c9b037f5f11921381cdfbddb2f8a643d1a8cbe9cef8,0
https://www.youtube-nocookie.com/s/player/ed93444a/www-player.css,,aa68e0e1ccb88e0e7e5b0e712acaefd700bc1fddffe47833b9f357c139ef7839,0
https://www.youtube-nocookie.com/s/player/edbc38da/www-player.css,,bb2ee0639d3d01fff4688a439d42f088babfba9c20ed207d4b1d6f2fc0224107,0
https://www.youtube-nocookie.com/s/player/edc3ba07/www-player.css,,c1266aa5ccb770d4191058a5eff5c40d0e88ab06d5cfbb81025ef0105572f5f2,0
https://www.youtube-nocookie.com/s/player/edf92b2c/www-player.css,,cfd52c611020fb575d85fc138c1cc172eebdb9bff20d464f90993923cf5cb64b,0
https://www.youtube-nocookie.com/s/player/ee507a59/www-player.css,,aa68e0e1ccb88e0e7e5b0e712acaefd700bc1fddffe47833b9f357c139ef7839,0
https://www.youtube-nocookie.com/s/player/ee854768/www-player.css,,921b6856085a224b1ca2e5db139b1788c01d4dd1e70daca7006b6a7b381bdae1,0
https://www.youtube-nocookie.com/s/player/ef1080e1/www-player.css,,921b6856085a224b1ca2e5db139b1788c01d4dd1e70daca7006b6a7b381bdae1,0
https://www.youtube-nocookie.com/s/player/ef5f17ca/www-player.css,,8fb16383c9cc1a89325ec6a9f94f2e168a718d4cf54fc8d614ec8716721495ab,0
https://www.youtube-nocookie.com/s/player/ef64e108/www-player.css,,6503becd8abddddc2a7cf3e598efe9f7aca089bf56f4a497624c8839845453fd,0
https://www.youtube-nocookie.com/s/player/ef65734f/www-player.css,,8dd0861016ff7bfa3fa5810d683be16d2e6ab9c70a639428f71a78b39f93b9b9,0
https://www.youtube-nocookie.com/s/player/ef8452cf/www-player.css,,ed75e47b996f41da27d3aa3997bf0f0d632a4d02cefbe8572870acb51e4ed891,0
https://www.youtube-nocookie.com/s/player/ef8f93ce/www-player.css,,1074e75f7621bc7e5e6c75ffbeea96f6fa9f266029361ba4124dd4d3baa69fef,0
https://www.youtube-nocookie.com/s/player/efa2c4f5/www-player.css,,0d994eb0e617b6087b915cb1bdc2bb56f40826f1b3d182277c0915aedec24671,0
https://www.youtube-nocookie.com/s/player/f00d1fdd/www-player.css,,0d994eb0e617b6087b915cb1bdc2bb56f40826f1b3d182277c0915aedec24671,0
https://www.youtube-nocookie.com/s/player/f067dbb6/www-player.css,,e73a47994fe46c3ca05cd3ef31752f0ad98c50d05aa83925177ae0d422d4e202,0
https://www.youtube-nocookie.com/s/player/f0a916b1/www-player.css,,8345f5d06b1e06a8dcf60075eee7e564059f238a85eb6f34b6ce41fab50ce074,0
https://www.youtube-nocookie.com/s/player/f104ea90/www-player.css,,29d34e9e6307e455bd2f297147351746386bf5aa097920f69d7d4771fb9f16e4,0
https://www.youtube-nocookie.com/s/player/f1ddd097/www-player.css,,1074e75f7621bc7e5e6c75ffbeea96f6fa9f266029361ba4124dd4d3baa69fef,0
https://www.youtube-nocookie.com/s/player/f23073e8/www-player.css,,921b6856085a224b1ca2e5db139b1788c01d4dd1e70daca7006b6a7b381bdae1,0
https://www.youtube-nocookie.com/s/player/f291f880/www-player.css,,8345f5d06b1e06a8dcf60075eee7e564059f238a85eb6f34b6ce41fab50ce074,0
https://www.youtube-nocookie.com/s/player/f2bf260e/www-player.css,,24cb353f7db6c8025eaf8648aa1f941cddfac84342d06ed4fb9def4523328bb3,0
https://www.youtube-nocookie.com/s/player/f2de630b/www-player.css,,e73a47994fe46c3ca05cd3ef31752f0ad98c50d05aa83925177ae0d422d4e202,0
https://www.youtube-nocookie.com/s/player/f4c47414/www-player.css,,6f25e841296950467517ec8bccba0ffd052a386d6ac8d893aeaba5edf84aca42,0
https://www.youtube-nocookie.com/s/player/f4d3d6b1/www-player.css,,8345f5d06b1e06a8dcf60075eee7e564059f238a85eb6f34b6ce41fab50ce074,0
https://www.youtube-nocookie.com/s/player/f4d92f0b/www-player.css,,6f25e841296950467517ec8bccba0ffd052a386d6ac8d893aeaba5edf84aca42,0
https://www.youtube-nocookie.com/s/player/f4f314f0/www-player.css,,ca7992e78f5e015470a829868dc51a6e71c2e6eae256695e908b3f9f56e9c1e7,0
https://www.youtube-nocookie.com/s/player/f4f81892/www-player.css,,ca7992e78f5e015470a829868dc51a6e71c2e6eae256695e908b3f9f56e9c1e7,0
https://www.youtube-nocookie.com/s/player/f522c59a/www-player.css,,921b6856085a224b1ca2e5db139b1788c01d4dd1e70daca7006b6a7b381bdae1,0
https://www.youtube-nocookie.com/s/player/f529f326/www-player.css,,e7c8a5055316b32ab0baa115589477ca4edf8a28372005da3ab230c85660d3f4,0
https://www.youtube-nocookie.com/s/player/f53077c5/www-player.css,,1074e75f7621bc7e5e6c75ffbeea96f6fa9f266029361ba4124dd4d3baa69fef,0
https://www.youtube-nocookie.com/s/player/f551602d/www-player.css,,cfd52c611020fb575d85fc138c1cc172eebdb9bff20d464f90993923cf5cb64b,0
https://www.youtube-nocookie.com/s/player/f572e43c/www-player.css,,6503becd8abddddc2a7cf3e598efe9f7aca089bf56f4a497624c8839845453fd,0
https://www.youtube-nocookie.com/s/player/f57a8142/www-player.css,,7c7eb8252199ec9042290b1044ed1ba5ed8847ee516771bbe6dd27f9f16a608c,0
https://www.youtube-nocookie.com/s/player/f5fbaad8/www-player.css,,cfd52c611020fb575d85fc138c1cc172eebdb9bff20d464f90993923cf5cb64b,0
https://www.youtube-nocookie.com/s/player/f63d2d36/www-player.css,,cfd52c611020fb575d85fc138c1cc172eebdb9bff20d464f90993923cf5cb64b,0
https://www.youtube-nocookie.com/s/player/f649823c/www-player.css,,e7c8a5055316b32ab0baa115589477ca4edf8a28372005da3ab230c85660d3f4,0
https://www.youtube-nocookie.com/s/player/f74306f1/www-player.css,,cfd52c611020fb575d85fc138c1cc172eebdb9bff20d464f90993923cf5cb64b,0
https://www.youtube-nocookie.com/s/player/f7d71ce3/www-player.css,,d84a7a9cede27c144c059863a14188a79870815abcf8f4e88ec746c5873e205f,0
https://www.youtube-nocookie.com/s/player/f85ea353/www-player.css,,8dd0861016ff7bfa3fa5810d683be16d2e6ab9c70a639428f71a78b39f93b9b9,0
https://www.youtube-nocookie.com/s/player/f8a07cad/www-player.css,,822b965f94d4b8bf69224bcb5c24b3a825a9056e0076edd20154fc26acb709cd,0
https://www.youtube-nocookie.com/s/player/f96c7636/www-player.css,,e73a47994fe46c3ca05cd3ef31752f0ad98c50d05aa83925177ae0d422d4e202,0
https://www.youtube-nocookie.com/s/player/fa26f70e/www-player.css,,1074e75f7621bc7e5e6c75ffbeea96f6fa9f266029361ba4124dd4d3baa69fef,0
https://www.youtube-nocookie.com/s/player/fa305f43/www-player.css,,e7c8a5055316b32ab0baa115589477ca4edf8a28372005da3ab230c85660d3f4,0
https://www.youtube-nocookie.com/s/player/fac48bea/www-player.css,,7aca61589965311619d927da66c4fd6c266bfd5a9a263a5cd203e935270a4428,0
https://www.youtube-nocookie.com/s/player/fac96cf8/www-player.css,,ca7992e78f5e015470a829868dc51a6e71c2e6eae256695e908b3f9f56e9c1e7,0
https://www.youtube-nocookie.com/s/player/fb58f923/www-player.css,,e73a47994fe46c3ca05cd3ef31752f0ad98c50d05aa83925177ae0d422d4e202,0
https://www.youtube-nocookie.com/s/player/fbf778eb/www-player.css,,71e64e4635ef3b11eec4b3e880560ccb029d03b0f295336c5d977616c0e3b519,0
https://www.youtube-nocookie.com/s/player/fc043c93/www-player.css,,774b08660c0a88d4f4516afc5b6eb8809a87581871371bcdab9648178897276d,0
https://www.youtube-nocookie.com/s/player/fc590a67/www-player.css,,6503becd8abddddc2a7cf3e598efe9f7aca089bf56f4a497624c8839845453fd,0
https://www.youtube-nocookie.com/s/player/fc6f7cb5/www-player.css,,bb2ee0639d3d01fff4688a439d42f088babfba9c20ed207d4b1d6f2fc0224107,0
https://www.youtube-nocookie.com/s/player/fcf70340/www-player.css,,644559b7590cf725119fd0ab8ed45a236d0faf9751693abb303038d7c349d2b2,0
https://www.youtube-nocookie.com/s/player/fd1b5dc8/www-player.css,,e73a47994fe46c3ca05cd3ef31752f0ad98c50d05aa83925177ae0d422d4e202,0
https://www.youtube-nocookie.com/s/player/fd65c577/www-player.css,,e7c8a5055316b32ab0baa115589477ca4edf8a28372005da3ab230c85660d3f4,0
https://www.youtube-nocookie.com/s/player/fda13de8/www-player.css,,aed8e79fbe210a9b3e958681a1931b19baa85741b51cabf87b5101e4e0e2cd7b,0
https://www.youtube-nocookie.com/s/player/fdc0bdd6/www-player.css,,cfd52c611020fb575d85fc138c1cc172eebdb9bff20d464f90993923cf5cb64b,0
https://www.youtube-nocookie.com/s/player/fe8bd208/www-player.css,,e7c8a5055316b32ab0baa115589477ca4edf8a28372005da3ab230c85660d3f4,0
https://www.youtube-nocookie.com/s/player/fef22927/www-player.css,,e7c8a5055316b32ab0baa115589477ca4edf8a28372005da3ab230c85660d3f4,0
https://www.youtube-nocookie.com/s/player/ff01315e/www-player.css,,cfd52c611020fb575d85fc138c1cc172eebdb9bff20d464f90993923cf5cb64b,0
https://www.youtube-nocookie.com/s/player/ff8caf21/www-player.css,,921b6856085a224b1ca2e5db139b1788c01d4dd1e70daca7006b6a7b381bdae1,0
https://www.youtube-nocookie.com/s/player/ffdec792/www-player.css,,f140b6831469664f09fb07ae991e983b46752deaa9d8a8b214852f235ea6e7d0,0
https://www.youtube.com/s/player/0006d355/player_ias.vflset/en_US/base.js,,091f5cde02871f99f67f21c0e8368cf7a9971c000ea6a3557ae4a472469f05af,0
https://www.youtube.com/s/player/0006d355/player_ias.vflset/en_US/captions.js,,6db1ac81b7813adc75ff7164a4d3e8ddf31f4fd30e3980f9b99abdd985a6aaa0,0
https://www.youtube.com/s/player/0006d355/www-player.css,,1074e75f7621bc7e5e6c75ffbeea96f6fa9f266029361ba4124dd4d3baa69fef,0
https://www.youtube.com/s/player/0006d355/www-widgetapi.vflset/www-widgetapi.js,,9af313ed10b2fb2eb40b7cf476ec0ba74a3babe175e1bfc5d02308aeb54309fd,0
https://www.youtube.com/s/player/0053e6c9/player_ias.vflset/en_US/base.js,,37a9daa77b88f7b3cb1a3b133353966c8296386ab6f66828805839ac6fb9106d,0
https://www.youtube.com/s/player/0053e6c9/player_ias.vflset/en_US/captions.js,,cdc90326f30c1846eedb3a7132112a9e4a7d29daac7637aec5b8634d2fc74f51,0
https://www.youtube.com/s/player/0053e6c9/www-player.css,,cfd52c611020fb575d85fc138c1cc172eebdb9bff20d464f90993923cf5cb64b,0
https://www.youtube.com/s/player/0053e6c9/www-widgetapi.vflset/www-widgetapi.js,,3aeb791f41afb9d7500326010b8852214536360b695c2d0328f4fd265badb21f,0
https://www.youtube.com/s/player/00c52fa0/player_ias.vflset/en_US/base.js,,79672c276557650c665f997001c64c89f4e342aba11cab50696179dd9e2d94e6,0
https://www.youtube.com/s/player/00c52fa0/player_ias.vflset/en_US/captions.js,,f4d42c8d1bdd83e0f9b01fab54de73f2d89b455c413783b702f74072657bd0b7,0
https://www.youtube.com/s/player/00c52fa0/www-player.css,,7c7eb8252199ec9042290b1044ed1ba5ed8847ee516771bbe6dd27f9f16a608c,0
https://www.youtube.com/s/player/00c52fa0/www-widgetapi.vflset/www-widgetapi.js,,e9abd0d74c5ecca848c706e3f94780a00efc33f66f1a7971ded040458851fd69,0
https://www.youtube.com/s/player/00ee7c1b/player_ias.vflset/en_US/base.js,,bba8586d90d47d6865ef18386b1dfdc822602a53a8329804351c4881eac77b1b,0
https://www.youtube.com/s/player/00ee7c1b/player_ias.vflset/en_US/captions.js,,eee83d2b194c13884c556e646d8ccb8e839a4d4f8a42b02877973867fea6a320,0
https://www.youtube.com/s/player/00ee7c1b/www-player.css,,cfd52c611020fb575d85fc138c1cc172eebdb9bff20d464f90993923cf5cb64b,0
https://www.youtube.com/s/player/00ee7c1b/www-widgetapi.vflset/www-widgetapi.js,,3aeb791f41afb9d7500326010b8852214536360b695c2d0328f4fd265badb21f,0
https://www.youtube.com/s/player/00fd7bc3/player_ias.vflset/en_US/base.js,,5159f00eae2cdd2459b356fc8aac74a246cd8fbc01ab6bf32db4043594e88591,0
https://www.youtube.com/s/player/00fd7bc3/player_ias.vflset/en_US/captions.js,,a512965dfd3297d84610a0e4d97f9ddacab678e9ae16fec43d627962218c0435,0
https://www.youtube.com/s/player/00fd7bc3/www-player.css,,921b6856085a224b1ca2e5db139b1788c01d4dd1e70daca7006b6a7b381bdae1,0
https://www.youtube.com/s/player/00fd7bc3/www-widgetapi.vflset/www-widgetapi.js,,3aeb791f41afb9d7500326010b8852214536360b695c2d0328f4fd265badb21f,0
https://www.youtube.com/s/player/016aac24/player_ias.vflset/en_US/base.js,,a6626342ab4ef1525e30f93f6f3d11f810d08c3e46f750104307baef13a0e880,0
https://www.youtube.com/s/player/016aac24/player_ias.vflset/en_US/captions.js,,e56dbe685dd756874c948f6bcb8a10d91a54dd0f2b60141d483487f1ad75a529,0
https://www.youtube.com/s/player/016aac24/www-player.css,,4501bc83f7fe6c0de41512e5f91fcf9457f7a8a3aab18e3c38973eb6a6ae0b55,0
https://www.youtube.com/s/player/016aac24/www-widgetapi.vflset/www-widgetapi.js,,3aeb791f41afb9d7500326010b8852214536360b695c2d0328f4fd265badb21f,0
https://www.youtube.com/s/player/01b2d163/player_ias.vflset/en_US/base.js,,f2573362c0137ae8bcf26b588fbe5d9427df3e90aa4f3865d0a30d972d484bc9,0
https://www.youtube.com/s/player/01b2d163/player_ias.vflset/en_US/captions.js,,d40bac6d02ce8e40b68daaf1f57130b3ec9081da338a21ffb853a9d6aa75f232,0
https://www.youtube.com/s/player/01b2d163/www-player.css,,4a3d9f50726e2dc48728329f15bed529b17e8e1238c784566e6e97a03a710e83,0
https://www.youtube.com/s/player/01b2d163/www-widgetapi.vflset/www-widgetapi.js,,172690ab0ba286f1ef866d9c58a39e5402e69eaa89c9479333728e6a801a64d2,0
https://www.youtube.com/s/player/01bde470/player_ias.vflset/en_US/base.js,,b6efd5da1bb4b468b29f6efff6aef7a9ade3063be736ff5adf4d91a68a15d6c5,0
https://www.youtube.com/s/player/01bde470/player_ias.vflset/en_US/captions.js,,b29cb5b37702eb6fa5f304a48657a9b041281ba354726f28b17e35281f529fa4,0
https://www.youtube.com/s/player/01bde470/www-player.css,,c34b029a2ad48a415e6017096bc67792b8c8a140db833cb99e86d6d4378aa1c7,0
https://www.youtube.com/s/player/01bde470/www-widgetapi.vflset/www-widgetapi.js,,e9abd0d74c5ecca848c706e3f94780a00efc33f66f1a7971ded040458851fd69,0
https://www.youtube.com/s/player/01fad9fb/player_ias.vflset/en_US/base.js,,11c081cbf6362b423ee503ef8617b83dcf77eda1bf0cf1f9f100f3b6d6d7131f,0
https://www.youtube.com/s/player/01fad9fb/player_ias.vflset/en_US/captions.js,,7c9555c1fb86e02ff58b94fc7fc60c8ff5613b336631ace023758d8d7b8934f2,0
https://www.youtube.com/s/player/01fad9fb/www-player.css,,921b6856085a224b1ca2e5db139b1788c01d4dd1e70daca7006b6a7b381bdae1,0
https://www.youtube.com/s/player/01fad9fb/www-widgetapi.vflset/www-widgetapi.js,,3aeb791f41afb9d7500326010b8852214536360b695c2d0328f4fd265badb21f,0
https://www.youtube.com/s/player/023db2e6/player_ias.vflset/en_US/base.js,,dbce68b5cd13fec5355ac22784cdb60aa28f283514978a3bb9057453f409c845,0
https://www.youtube.com/s/player/023db2e6/player_ias.vflset/en_US/captions.js,,ba383fb3cb3f962e8c2b7325c9695c7623d5bf9033445b1713ee6f8e8a8c03fb,0
https://www.youtube.com/s/player/023db2e6/www-player.css,,bb2ee0639d3d01fff4688a439d42f088babfba9c20ed207d4b1d6f2fc0224107,0
https://www.youtube.com/s/player/023db2e6/www-widgetapi.vflset/www-widgetapi.js,,9af313ed10b2fb2eb40b7cf476ec0ba74a3babe175e1bfc5d02308aeb54309fd,0
https://www.youtube.com/s/player/02fa8099/player_ias.vflset/en_US/base.js,,728984e62d0cc1bc6bdc3c1dd7028ec10012e935a651e61b3334b05f27f64c1e,0
https://www.youtube.com/s/player/02fa8099/player_ias.vflset/en_US/captions.js,,602ad24e2ee96c027f9876d0108903978230a1ad30c6d3b5e50e3821565bed9a,0
https://www.youtube.com/s/player/02fa8099/www-player.css,,4501bc83f7fe6c0de41512e5f91fcf9457f7a8a3aab18e3c38973eb6a6ae0b55,0
https://www.youtube.com/s/player/02fa8099/www-widgetapi.vflset/www-widgetapi.js,,3aeb791f41afb9d7500326010b8852214536360b695c2d0328f4fd265badb21f,0
https://www.youtube.com/s/player/030cd809/player_ias.vflset/en_US/base.js,,ffa7280ceea39cd21caf08da4a908785bb466968cc8354e91ab2f0fff1270301,0
https://www.youtube.com/s/player/030cd809/player_ias.vflset/en_US/captions.js,,2d652853fabfb2ab2ca8eade8a43db3e4d9ba1c6c2f86eb70735ecdf9c020541,0
https://www.youtube.com/s/player/030cd809/www-player.css,,cfd52c611020fb575d85fc138c1cc172eebdb9bff20d464f90993923cf5cb64b,0
https://www.youtube.com/s/player/030cd809/www-widgetapi.vflset/www-widgetapi.js,,3aeb791f41afb9d7500326010b8852214536360b695c2d0328f4fd265badb21f,0
https://www.youtube.com/s/player/033fd556/player_ias.vflset/en_US/base.js,,76e4b4f6b0b6cfbc18ad9f680bcd90ab496ddc33ffed2afa032b99ff65893513,0
https://www.youtube.com/s/player/033fd556/player_ias.vflset/en_US/captions.js,,984acd2f740620302e317e5c1b0f0b50bb32d0e17f94521951545288ef8d0415,0
https://www.youtube.com/s/player/033fd556/www-player.css,,1074e75f7621bc7e5e6c75ffbeea96f6fa9f266029361ba4124dd4d3baa69fef,0
https://www.youtube.com/s/player/033fd556/www-widgetapi.vflset/www-widgetapi.js,,9af313ed10b2fb2eb40b7cf476ec0ba74a3babe175e1bfc5d02308aeb54309fd,0
https://www.youtube.com/s/player/03572262/player_ias.vflset/en_US/base.js,,4fef186deb1a64a830a2c4d9a93150e125d0914bd385a88229333bdafedb3800,0
https://www.youtube.com/s/player/03572262/player_ias.vflset/en_US/captions.js,,bb9b54f9e1295e6c959ca9d632b8d4f111a71e1a33b237d7bba9e16a8087f200,0
https://www.youtube.com/s/player/03572262/www-player.css,,7aca61589965311619d927da66c4fd6c266bfd5a9a263a5cd203e935270a4428,0
https://www.youtube.com/s/player/03572262/www-widgetapi.vflset/www-widgetapi.js,,3aeb791f41afb9d7500326010b8852214536360b695c2d0328f4fd265badb21f,0
https://www.youtube.com/s/player/03d0c0e0/player_ias.vflset/en_US/base.js,,004e3eb21887faaf81241dec092266256bc3f54c15c0601d97eb8f124ab7dfe6,0
https://www.youtube.com/s/player/03d0c0e0/player_ias.vflset/en_US/captions.js,,37c4768b28d411787e69e7587491005cf62a50c0c2500a90da43245e305021ea,0
https://www.youtube.com/s/player/03d0c0e0/www-player.css,,ed75e47b996f41da27d3aa3997bf0f0d632a4d02cefbe8572870acb51e4ed891,0
https://www.youtube.com/s/player/03d0c0e0/www-widgetapi.vflset/www-widgetapi.js,,3aeb791f41afb9d7500326010b8852214536360b695c2d0328f4fd265badb21f,0
https://www.youtube.com/s/player/03f50d92/player_ias.vflset/en_US/base.js,,ad27f7f1c8aec168a9aa979ae38dece8166bc6cf5f196267bbaae8de0c4f315b,0
https://www.youtube.com/s/player/03f50d92/player_ias.vflset/en_US/captions.js,,df9f8b0828b1bda0dfa43d2cbc2242da61519707bcdb072cb5a1340a1f1a545a,0
https://www.youtube.com/s/player/03f50d92/www-player.css,,7c7eb8252199ec9042290b1044ed1ba5ed8847ee516771bbe6dd27f9f16a608c,0
https://www.youtube.com/s/player/03f50d92/www-widgetapi.vflset/www-widgetapi.js,,e9abd0d74c5ecca848c706e3f94780a00efc33f66f1a7971ded040458851fd69,0
https://www.youtube.com/s/player/041232d8/player_ias.vflset/en_US/base.js,,bff6dac13942fc4103939229b53f3016d1b42e6381b6b3344d3e2e456a3173d5,0
https://www.youtube.com/s/player/041232d8/player_ias.vflset/en_US/captions.js,,77205be45419c1e10296af189878f0975ebc492d998da12ef737a236150609df,0
https://www.youtube.com/s/player/041232d8/www-player.css,,aed8e79fbe210a9b3e958681a1931b19baa85741b51cabf87b5101e4e0e2cd7b,0
https://www.youtube.com/s/player/041232d8/www-widgetapi.vflset/www-widgetapi.js,,9af313ed10b2fb2eb40b7cf476ec0ba74a3babe175e1bfc5d02308aeb54309fd,0
https://www.youtube.com/s/player/04299f43/player_ias.vflset/en_US/base.js,,1d3bb9e8ec055f9ad36170c990dc636826aa4e79df8144174cdb6c54be138373,0
https://www.youtube.com/s/player/04299f43/player_ias.vflset/en_US/captions.js,,059311c94610fc499054b0c900ecaa82c3d6bd167d055e7da617835f343b7a6d,0
https://www.youtube.com/s/player/04299f43/www-player.css,,946419ed4e47d5a3edabaf88a5b129066ae23346d4d668cdd9a7b7bb0400d0ea,0
https://www.youtube.com/s/player/04299f43/www-widgetapi.vflset/www-widgetapi.js,,b6b18fb0c355a9e4fca44acd186be76ecca76232c4eaa4f2e11ff06026e9c3f4,0
https://www.youtube.com/s/player/04586e8e/player_ias.vflset/en_US/base.js,,a33288a6743505355a27d68028b7d597258925cb21043fa4103267079d475753,0
https://www.youtube.com/s/player/04586e8e/player_ias.vflset/en_US/captions.js,,6db1ac81b7813adc75ff7164a4d3e8ddf31f4fd30e3980f9b99abdd985a6aaa0,0
https://www.youtube.com/s/player/04586e8e/www-player.css,,1074e75f7621bc7e5e6c75ffbeea96f6fa9f266029361ba4124dd4d3baa69fef,0
https://www.youtube.com/s/player/04586e8e/www-widgetapi.vflset/www-widgetapi.js,,9af313ed10b2fb2eb40b7cf476ec0ba74a3babe175e1bfc5d02308aeb54309fd,0
https://www.youtube.com/s/player/04b89b89/player_ias.vflset/en_US/base.js,,0d0feab4302897b17ebbeb8bc30cba8e986fbc1f8075e05c5d84717b37702e91,0
https://www.youtube.com/s/player/04b89b89/player_ias.vflset/en_US/captions.js,,e3223331b8f45646dc10ece26f087e009210d596c7ddd60de55c8705be9741fb,0
https://www.youtube.com/s/player/04b89b89/www-player.css,,cfd52c611020fb575d85fc138c1cc172eebdb9bff20d464f90993923cf5cb64b,0
https://www.youtube.com/s/player/04b89b89/www-widgetapi.vflset/www-widgetapi.js,,3aeb791f41afb9d7500326010b8852214536360b695c2d0328f4fd265badb21f,0
https://www.youtube.com/s/player/0502bc08/player_ias.vflset/en_US/base.js,,491554a30757689bd7c52d5d87a54ae530bd20cc632845a1f68bd779db1ff5f4,0
https://www.youtube.com/s/player/0502bc08/player_ias.vflset/en_US/captions.js,,88b751f3bed373551e097b30689132a33a704dfb763bfb6684b1a89264c45ff7,0
https://www.youtube.com/s/player/0502bc08/www-player.css,,644559b7590cf725119fd0ab8ed45a236d0faf9751693abb303038d7c349d2b2,0
https://www.youtube.com/s/player/0502bc08/www-widgetapi.vflset/www-widgetapi.js,,11aa7946df12674187e45a29c8a083a30cefb5e625985b2405c1d0fb710e56b2,0
https://www.youtube.com/s/player/05540cb0/player_ias.vflset/en_US/base.js,,868384bf113aa331dac7b4d5f1b99cd0b086c32a925a58639bd341f68ce2fd7a,0
https://www.youtube.com/s/player/05540cb0/player_ias.vflset/en_US/captions.js,,ed5308c30a60d238ec839b6a5492163e1a7fcabfd83910905e0a49f5be036ce4,0
https://www.youtube.com/s/player/05540cb0/www-player.css,,c1266aa5ccb770d4191058a5eff5c40d0e88ab06d5cfbb81025ef0105572f5f2,0
https://www.youtube.com/s/player/05540cb0/www-widgetapi.vflset/www-widgetapi.js,,e9abd0d74c5ecca848c706e3f94780a00efc33f66f1a7971ded040458851fd69,0
https://www.youtube.com/s/player/05558a16/player_ias.vflset/en_US/base.js,,b4a351486cfc47d7f28044754c3fa2532fdae7b8c412b4e4f11cc5f5791b122a,0
https://www.youtube.com/s/player/05558a16/player_ias.vflset/en_US/captions.js,,7ecb26f9c341b75abc97f730f24e753c559890cce8618d590162d9e075315750,0
https://www.youtube.com/s/player/05558a16/www-player.css,,14a39ca2157acf89f00909fa7bec1629d375ff52d44e7016b40e691d8f4b23a8,0
https://www.youtube.com/s/player/05558a16/www-widgetapi.vflset/www-widgetapi.js,,9af313ed10b2fb2eb40b7cf476ec0ba74a3babe175e1bfc5d02308aeb54309fd,0
https://www.youtube.com/s/player/06459dfc/player_ias.vflset/en_US/base.js,,a84186b46cae8f6ca25446cf2d0f74c3be88e2357b45eb9faecfa1d24af0e64c,0
https://www.youtube.com/s/player/06459dfc/player_ias.vflset/en_US/captions.js,,79eda263a04fa006fe2a956b1f7c90af8e46c0adba53fec40181956f26e50bc6,0
https://www.youtube.com/s/player/06459dfc/www-player.css,,1074e75f7621bc7e5e6c75ffbeea96f6fa9f266029361ba4124dd4d3baa69fef,0
https://www.youtube.com/s/player/06459dfc/www-widgetapi.vflset/www-widgetapi.js,,9af313ed10b2fb2eb40b7cf476ec0ba74a3babe175e1bfc5d02308aeb54309fd,0
https://www.youtube.com/s/player/0675bd00/player_ias.vflset/en_US/base.js,,7a658a5f8d2145decded694674f1daf20145cb5adcf2aa512538e65dacd895eb,0
https://www.youtube.com/s/player/0675bd00/player_ias.vflset/en_US/captions.js,,01ed7b6d598f2a212db5ef522658e61a4568c688671abfed40f46efb1cfea5f1,0
https://www.youtube.com/s/player/0675bd00/www-player.css,,29d34e9e6307e455bd2f297147351746386bf5aa097920f69d7d4771fb9f16e4,0
https://www.youtube.com/s/player/0675bd00/www-widgetapi.vflset/www-widgetapi.js,,e9abd0d74c5ecca848c706e3f94780a00efc33f66f1a7971ded040458851fd69,0
https://www.youtube.com/s/player/06ab6907/player_ias.vflset/en_US/base.js,,6a30a4f5b0ad3b35b34ed0ea70183eae72a8dd79c17e698d0df22b204efe32fd,0
https://www.youtube.com/s/player/06ab6907/player_ias.vflset/en_US/captions.js,,efdab76884778718822c0917e0dd275c736d63ae36d35a86e201c15136f556c1,0
https://www.youtube.com/s/player/06ab6907/www-player.css,,774b08660c0a88d4f4516afc5b6eb8809a87581871371bcdab9648178897276d,0
https://www.youtube.com/s/player/06ab6907/www-widgetapi.vflset/www-widgetapi.js,,c2dcf46501a48a87a7859596834012e81569a181f7b80bda4d91b04798f84751,0
https://www.youtube.com/s/player/06ab93f2/player_ias.vflset/en_US/base.js,,57d27e09c836e730b8d04924adfd9bae2ceb56b17c4a4844b91f60357225506f,0
https://www.youtube.com/s/player/06ab93f2/player_ias.vflset/en_US/captions.js,,ba383fb3cb3f962e8c2b7325c9695c7623d5bf9033445b1713ee6f8e8a8c03fb,0
https://www.youtube.com/s/player/06ab93f2/www-player.css,,bb2ee0639d3d01fff4688a439d42f088babfba9c20ed207d4b1d6f2fc0224107,0
https://www.youtube.com/s/player/06ab93f2/www-widgetapi.vflset/www-widgetapi.js,,9af313ed10b2fb2eb40b7cf476ec0ba74a3babe175e1bfc5d02308aeb54309fd,0
https://www.youtube.com/s/player/06cb0078/player_ias.vflset/en_US/base.js,,df4cda7868342f6eab70d616e1eedec42dc84fdd4fe465505f95014512af462f,0
https://www.youtube.com/s/player/06cb0078/player_ias.vflset/en_US/captions.js,,595e4e44900270565fe81d84d769950ee8c8bb64f97b7a11876a8c24a7efab78,0
https://www.youtube.com/s/player/06cb0078/www-player.css,,cfd52c611020fb575d85fc138c1cc172eebdb9bff20d464f90993923cf5cb64b,0
https://www.youtube.com/s/player/06cb0078/www-widgetapi.vflset/www-widgetapi.js,,3aeb791f41afb9d7500326010b8852214536360b695c2d0328f4fd265badb21f,0
https://www.youtube.com/s/player/06dc4a70/player_ias.vflset/en_US/base.js,,77b5417e11fd6a422ffeae795761f95699d364be4eeeb4ddd79f324db0fa5131,0
https://www.youtube.com/s/player/06dc4a70/player_ias.vflset/en_US/captions.js,,514384fdf9939ebb81e0d6456284a6aa927b1d43209dc5fdb886b9352160fb73,0
https://www.youtube.com/s/player/06dc4a70/www-player.css,,aa68e0e1ccb88e0e7e5b0e712acaefd700bc1fddffe47833b9f357c139ef7839,0
https://www.youtube.com/s/player/06dc4a70/www-widgetapi.vflset/www-widgetapi.js,,9af313ed10b2fb2eb40b7cf476ec0ba74a3babe175e1bfc5d02308aeb54309fd,0
https://www.youtube.com/s/player/0727df12/player_ias.vflset/en_US/base.js,,8f6ac67db8a862bcf73b9e0211e44536361d732e633314390b1350929f42f34c,0
https://www.youtube.com/s/player/0727df12/player_ias.vflset/en_US/captions.js,,518bdd72a508bfe21b1a19bef2c9ec128add52a921e228f77fcba2c2b4efec61,0
https://www.youtube.com/s/player/0727df12/www-player.css,,0d994eb0e617b6087b915cb1bdc2bb56f40826f1b3d182277c0915aedec24671,0
https://www.youtube.com/s/player/0727df12/www-widgetapi.vflset/www-widgetapi.js,,9af313ed10b2fb2eb40b7cf476ec0ba74a3babe175e1bfc5d02308aeb54309fd,0
https://www.youtube.com/s/player/0756e657/player_ias.vflset/en_US/base.js,,83fc6afb0a484b612a5174c9ef12219d4e61132ac8f62cd270156f3cb0cb794f,0
https://www.youtube.com/s/player/0756e657/player_ias.vflset/en_US/captions.js,,5deed52b742788a5e9223cbf091dda6fb8df87f37fa163596116edfbaae79a1e,0
https://www.youtube.com/s/player/0756e657/www-player.css,,921b6856085a224b1ca2e5db139b1788c01d4dd1e70daca7006b6a7b381bdae1,0
https://www.youtube.com/s/player/0756e657/www-widgetapi.vflset/www-widgetapi.js,,3aeb791f41afb9d7500326010b8852214536360b695c2d0328f4fd265badb21f,0
https://www.youtube.com/s/player/08635129/player_ias.vflset/en_US/base.js,,12014b7833090699ea10bd0c188d164b1c33b2da895c5d6bebe75acc03f21e83,0
https://www.youtube.com/s/player/08635129/player_ias.vflset/en_US/captions.js,,369d6c5277eae7c834f729bebb91a75446c253e3e14bf6dacf4912122392b46d,0
https://www.youtube.com/s/player/08635129/www-player.css,,7c7eb8252199ec9042290b1044ed1ba5ed8847ee516771bbe6dd27f9f16a608c,0
https://www.youtube.com/s/player/08635129/www-widgetapi.vflset/www-widgetapi.js,,e9abd0d74c5ecca848c706e3f94780a00efc33f66f1a7971ded040458851fd69,0
https://www.youtube.com/s/player/08bf6746/player_ias.vflset/en_US/base.js,,a8391f60719c12584eab7a8fe62f9ef836878c356f2a137bdbdf409cbae2792a,0
https://www.youtube.com/s/player/08bf6746/player_ias.vflset/en_US/captions.js,,b2e6d1d81b4aec6861230e4a67be1f26917d4b45874994f7d322b5dee80649bc,0
https://www.youtube.com/s/player/08bf6746/www-player.css,,1074e75f7621bc7e5e6c75ffbeea96f6fa9f266029361ba4124dd4d3baa69fef,0
https://www.youtube.com/s/player/08bf6746/www-widgetapi.vflset/www-widgetapi.js,,9af313ed10b2fb2eb40b7cf476ec0ba74a3babe175e1bfc5d02308aeb54309fd,0
https://www.youtube.com/s/player/08ed7f6e/player_ias.vflset/en_US/base.js,,b6909e6d62369e8236b5358d4c19ba884d86385b8e2c2f9259f54f84a9577c2d,0
https://www.youtube.com/s/player/08ed7f6e/player_ias.vflset/en_US/captions.js,,e512d88905f671a3631ed34507aed57e90883d6f438399347b39fb7fb7b87b72,0
https://www.youtube.com/s/player/08ed7f6e/www-player.css,,fb2f17a87256c403f2fcc1c7c643ca1afa249ed19dd15907197262a202357262,0
https://www.youtube.com/s/player/08ed7f6e/www-widgetapi.vflset/www-widgetapi.js,,3aeb791f41afb9d7500326010b8852214536360b695c2d0328f4fd265badb21f,0
https://www.youtube.com/s/player/093b19ed/player_ias.vflset/en_US/base.js,,e57a630aac9ded8e661fdd44b67d45b2da6c72be8ea185150526a7e95a9b8656,0
https://www.youtube.com/s/player/093b19ed/player_ias.vflset/en_US/captions.js,,dcf34f2d43bf3609e3612703a5a8d87b61aa9d0b53293db060edfa877de67579,0
https://www.youtube.com/s/player/093b19ed/www-player.css,,921b6856085a224b1ca2e5db139b1788c01d4dd1e70daca7006b6a7b381bdae1,0
https://www.youtube.com/s/player/093b19ed/www-widgetapi.vflset/www-widgetapi.js,,3aeb791f41afb9d7500326010b8852214536360b695c2d0328f4fd265badb21f,0
https://www.youtube.com/s/player/094af033/player_ias.vflset/en_US/base.js,,77e0db5353228e9b78c9cb7864bd28d25c7f7a5442019049fe30eb83e0da7f53,0
https://www.youtube.com/s/player/094af033/player_ias.vflset/en_US/captions.js,,ebc7bf12262b4f8120951dd5789d94de50926bdb3749ea968c09da4f48f871c8,0
https://www.youtube.com/s/player/094af033/www-player.css,,ed75e47b996f41da27d3aa3997bf0f0d632a4d02cefbe8572870acb51e4ed891,0
https://www.youtube.com/s/player/094af033/www-widgetapi.vflset/www-widgetapi.js,,3aeb791f41afb9d7500326010b8852214536360b695c2d0328f4fd265badb21f,0
https://www.youtube.com/s/player/0980151a/player_ias.vflset/en_US/base.js,,7d5c52f019cbe86afdb4978b88175193f5710e509207082be60d6d11402749b0,0
https://www.youtube.com/s/player/0980151a/player_ias.vflset/en_US/captions.js,,8278802c02939a51ca7c44ff59767f3d6c7ec361911dd4d2dd4463575e419b1a,0
https://www.youtube.com/s/player/0980151a/www-player.css,,f140b6831469664f09fb07ae991e983b46752deaa9d8a8b214852f235ea6e7d0,0
https://www.youtube.com/s/player/0980151a/www-widgetapi.vflset/www-widgetapi.js,,9af313ed10b2fb2eb40b7cf476ec0ba74a3babe175e1bfc5d02308aeb54309fd,0
https://www.youtube.com/s/player/09d72748/player_ias.vflset/en_US/base.js,,b192cdddef14981ced89bc1cf8017490d7f0073950c0567def881e46929ab5b3,0
https://www.youtube.com/s/player/09d72748/player_ias.vflset/en_US/captions.js,,f88daadd35519c42fe0e62696acb712c81ad03a0787bca69c738dbd24e1c54d2,0
https://www.youtube.com/s/player/09d72748/www-player.css,,8dd0861016ff7bfa3fa5810d683be16d2e6ab9c70a639428f71a78b39f93b9b9,0
https://www.youtube.com/s/player/09d72748/www-widgetapi.vflset/www-widgetapi.js,,e9abd0d74c5ecca848c706e3f94780a00efc33f66f1a7971ded040458851fd69,0
https://www.youtube.com/s/player/0a500c3a/player_ias.vflset/en_US/base.js,,2ab16054a14ad07931c8c4081bf376a5842703993a7b311d6da09e875166545b,0
https://www.youtube.com/s/player/0a500c3a/player_ias.vflset/en_US/captions.js,,bd3a39866cf0472c596b04b9d02a8973edd381542ed533cf7f01ad30c868ddce,0
https://www.youtube.com/s/player/0a500c3a/www-player.css,,946419ed4e47d5a3edabaf88a5b129066ae23346d4d668cdd9a7b7bb0400d0ea,0
https://www.youtube.com/s/player/0a500c3a/www-widgetapi.vflset/www-widgetapi.js,,b6b18fb0c355a9e4fca44acd186be76ecca76232c4eaa4f2e11ff06026e9c3f4,0
https://www.youtube.com/s/player/0a5faf6d/player_ias.vflset/en_US/base.js,,5f4dc44f39280b15c456d894d73aed239cb32b1f6abe154e1f6ad3a1d49f04ac,0
https://www.youtube.com/s/player/0a5faf6d/player_ias.vflset/en_US/captions.js,,23bdfacd12ad9bd2a7b39a727c1548897e04cdcf21b1960647a08a7c55d1fe05,0
https://www.youtube.com/s/player/0a5faf6d/www-player.css,,14a39ca2157acf89f00909fa7bec1629d375ff52d44e7016b40e691d8f4b23a8,0
https://www.youtube.com/s/player/0a5faf6d/www-widgetapi.vflset/www-widgetapi.js,,9af313ed10b2fb2eb40b7cf476ec0ba74a3babe175e1bfc5d02308aeb54309fd,0
https://www.youtube.com/s/player/0b359740/player_ias.vflset/en_US/base.js,,a3b5151b7086ae038142a80a52a217911c5620a07164b8df4b772c069b7c92c1,0
https://www.youtube.com/s/player/0b359740/player_ias.vflset/en_US/captions.js,,f91ba480b8673dd72387d7accc0ab5a1a400f468e8c90b94427f66189dfe31f4,0
https://www.youtube.com/s/player/0b359740/www-player.css,,8345f5d06b1e06a8dcf60075eee7e564059f238a85eb6f34b6ce41fab50ce074,0
https://www.youtube.com/s/player/0b359740/www-widgetapi.vflset/www-widgetapi.js,,3aeb791f41afb9d7500326010b8852214536360b695c2d0328f4fd265badb21f,0
https://www.youtube.com/s/player/0b59edd6/player_ias.vflset/en_US/base.js,,1c3f7a17514db5f335d5b02cb8c9f4012ea90a66869fe8e7a4297b64558cb4e7,0
https://www.youtube.com/s/player/0b59edd6/player_ias.vflset/en_US/captions.js,,c63b32136677e697f6167c707bd88aa994db12e9148e17195e2920d95456da73,0
https://www.youtube.com/s/player/0b59edd6/www-player.css,,7c7eb8252199ec9042290b1044ed1ba5ed8847ee516771bbe6dd27f9f16a608c,0
https://www.youtube.com/s/player/0b59edd6/www-widgetapi.vflset/www-widgetapi.js,,e9abd0d74c5ecca848c706e3f94780a00efc33f66f1a7971ded040458851fd69,0
https://www.youtube.com/s/player/0ba40ca7/player_ias.vflset/en_US/base.js,,ea38e72afc9d774ff119a96a9f368f8d4c3918212207ec34cc758b91fa6e72df,0
https://www.youtube.com/s/player/0ba40ca7/player_ias.vflset/en_US/captions.js,,e559277be66f32d7ea8d548096715105eae58554d0ea362cb2b9f22b7c43d5cb,0
https://www.youtube.com/s/player/0ba40ca7/www-player.css,,e7c8a5055316b32ab0baa115589477ca4edf8a28372005da3ab230c85660d3f4,0
https://www.youtube.com/s/player/0ba40ca7/www-widgetapi.vflset/www-widgetapi.js,,9af313ed10b2fb2eb40b7cf476ec0ba74a3babe175e1bfc5d02308aeb54309fd,0
https://www.youtube.com/s/player/0c9dcb4e/player_ias.vflset/en_US/base.js,,9d680e480c60efb15ac59f8150f2f1cd55ecc61c8c980e4e4b56ff0fc0e1e21f,0
https://www.youtube.com/s/player/0c9dcb4e/player_ias.vflset/en_US/captions.js,,1c68c45d5dea50d4ee18b6f8f518ecf8c90513079a238fbfe709be2945707e6a,0
https://www.youtube.com/s/player/0c9dcb4e/www-player.css,,f140b6831469664f09fb07ae991e983b46752deaa9d8a8b214852f235ea6e7d0,0
https://www.youtube.com/s/player/0c9dcb4e/www-widgetapi.vflset/www-widgetapi.js,,9af313ed10b2fb2eb40b7cf476ec0ba74a3babe175e1bfc5d02308aeb54309fd,0
https://www.youtube.com/s/player/0d0138e0/player_ias.vflset/en_US/base.js,,489917e284f6be3fc5dcd24e7707fc8e0f9fbf7d4a0729b33e5b2b6ed85e1a8d,0
https://www.youtube.com/s/player/0d0138e0/player_ias.vflset/en_US/captions.js,,e559277be66f32d7ea8d548096715105eae58554d0ea362cb2b9f22b7c43d5cb,0
https://www.youtube.com/s/player/0d0138e0/www-player.css,,e7c8a5055316b32ab0baa115589477ca4edf8a28372005da3ab230c85660d3f4,0
https://www.youtube.com/s/player/0d0138e0/www-widgetapi.vflset/www-widgetapi.js,,9af313ed10b2fb2eb40b7cf476ec0ba74a3babe175e1bfc5d02308aeb54309fd,0
https://www.youtube.com/s/player/0d130d9d/player_ias.vflset/en_US/base.js,,62b12396fb7d5d64c543599ed6da2374b26a65fa1ddfa6c0cd4664fc56819801,0
https://www.youtube.com/s/player/0d130d9d/player_ias.vflset/en_US/captions.js,,d260fe97a835cd8176615f5ed89b1f4a3b1a54601fc3037deb2c4c3497dc95a8,0
https://www.youtube.com/s/player/0d130d9d/www-player.css,,e73a47994fe46c3ca05cd3ef31752f0ad98c50d05aa83925177ae0d422d4e202,0
https://www.youtube.com/s/player/0d130d9d/www-widgetapi.vflset/www-widgetapi.js,,e9abd0d74c5ecca848c706e3f94780a00efc33f66f1a7971ded040458851fd69,0
https://www.youtube.com/s/player/0d4fa194/player_ias.vflset/en_US/base.js,,62130edaaa9c4c2919ecfc90a5e59b1628c44ba2184c6dedf00a983c69baedd7,0
https://www.youtube.com/s/player/0d4fa194/player_ias.vflset/en_US/captions.js,,72d5ddd50cd4d0780dc8c3dbaf3f796b8af58cd01a4cdc7fc418d3e03b98aaa3,0
https://www.youtube.com/s/player/0d4fa194/www-player.css,,ff94612f774a2fa9658e397e78071cbde5eb96e3f67a444efac6a10b4b7e760f,0
https://www.youtube.com/s/player/0d4fa194/www-widgetapi.vflset/www-widgetapi.js,,b6b18fb0c355a9e4fca44acd186be76ecca76232c4eaa4f2e11ff06026e9c3f4,0
https://www.youtube.com/s/player/0d93e75f/player_ias.vflset/en_US/base.js,,022ea0e069f8523e436571946dbde10e7e32820fed84ed2229dc407c3e37b729,0
https://www.youtube.com/s/player/0d93e75f/player_ias.vflset/en_US/captions.js,,1c6e66d9de08d45a97730ceb3ca36037071a60be65893463892b0a9cd9b28574,0
https://www.youtube.com/s/player/0d93e75f/www-player.css,,cfd52c611020fb575d85fc138c1cc172eebdb9bff20d464f90993923cf5cb64b,0
https://www.youtube.com/s/player/0d93e75f/www-widgetapi.vflset/www-widgetapi.js,,3aeb791f41afb9d7500326010b8852214536360b695c2d0328f4fd265badb21f,0
https://www.youtube.com/s/player/0e380a3c/player_ias.vflset/en_US/base.js,,c91830384418b56332ccc5710d21fdc2595cd0d664080ffec357fa944f0c1f0d,0
https://www.youtube.com/s/player/0e380a3c/player_ias.vflset/en_US/captions.js,,88b751f3bed373551e097b30689132a33a704dfb763bfb6684b1a89264c45ff7,0
https://www.youtube.com/s/player/0e380a3c/www-player.css,,644559b7590cf725119fd0ab8ed45a236d0faf9751693abb303038d7c349d2b2,0
https://www.youtube.com/s/player/0e380a3c/www-widgetapi.vflset/www-widgetapi.js,,11aa7946df12674187e45a29c8a083a30cefb5e625985b2405c1d0fb710e56b2,0
https://www.youtube.com/s/player/0e48fdab/player_ias.vflset/en_US/base.js,,d583187e7a0bb2aa5183ce9fe76c1eaead8849ca60a61f0086a67dd23d652dd2,0
https://www.youtube.com/s/player/0e48fdab/player_ias.vflset/en_US/captions.js,,6325a2b52f995f98cde962ec595cadb49f8e524b08062b61fa1657a1bcabcbdd,0
https://www.youtube.com/s/player/0e48fdab/www-player.css,,8dd0861016ff7bfa3fa5810d683be16d2e6ab9c70a639428f71a78b39f93b9b9,0
https://www.youtube.com/s/player/0e48fdab/www-widgetapi.vflset/www-widgetapi.js,,e9abd0d74c5ecca848c706e3f94780a00efc33f66f1a7971ded040458851fd69,0
https://www.youtube.com/s/player/0e56f409/player_ias.vflset/en_US/base.js,,69a3e2056996676357457aa5f576b9b3aafe34c8452751a572481c2aa25908d1,0
https://www.youtube.com/s/player/0e56f409/player_ias.vflset/en_US/captions.js,,00f47f5bcaa08a1f242be6f6fbb776df9b82afc93861be138b5d0343bc23a7a1,0
https://www.youtube.com/s/player/0e56f409/www-player.css,,aa68e0e1ccb88e0e7e5b0e712acaefd700bc1fddffe47833b9f357c139ef7839,0
https://www.youtube.com/s/player/0e56f409/www-widgetapi.vflset/www-widgetapi.js,,9af313ed10b2fb2eb40b7cf476ec0ba74a3babe175e1bfc5d02308aeb54309fd,0
https://www.youtube.com/s/player/0fa0965b/player_ias.vflset/en_US/base.js,,9e0039076a3b83c036160939ddfe0b040c0206df6708b5c03a23cf92fc036d33,0
https://www.youtube.com/s/player/0fa0965b/player_ias.vflset/en_US/captions.js,,7b65111f9bd2d1d9f629f41701ee9755ec19bdc02f7f18616062d1d3337feb3b,0
https://www.youtube.com/s/player/0fa0965b/www-player.css,,c1266aa5ccb770d4191058a5eff5c40d0e88ab06d5cfbb81025ef0105572f5f2,0
https://www.youtube.com/s/player/0fa0965b/www-widgetapi.vflset/www-widgetapi.js,,e9abd0d74c5ecca848c706e3f94780a00efc33f66f1a7971ded040458851fd69,0
https://www.youtube.com/s/player/0fc21ed0/player_ias.vflset/en_US/base.js,,42765723e25c380c4c8589449ab86640a7518e581284c887a2d021ab13806770,0
https://www.youtube.com/s/player/0fc21ed0/player_ias.vflset/en_US/captions.js,,5922eade7aa045935f7d67a393d63f8f8ff5827100a1bb28702488b2205cb85f,0
https://www.youtube.com/s/player/0fc21ed0/www-player.css,,ed75e47b996f41da27d3aa3997bf0f0d632a4d02cefbe8572870acb51e4ed891,0
https://www.youtube.com/s/player/0fc21ed0/www-widgetapi.vflset/www-widgetapi.js,,b6b18fb0c355a9e4fca44acd186be76ecca76232c4eaa4f2e11ff06026e9c3f4,0
https://www.youtube.com/s/player/0fe2b028/player_ias.vflset/en_US/base.js,,5cfbabe65e101496d80392a687d51d1f5e50240f19fa74e5aed3ad26097a528f,0
https://www.youtube.com/s/player/0fe2b028/player_ias.vflset/en_US/captions.js,,129ef8c75eb240c369004583c0fc4d9047c8f0c166d598821937fc4a8cc8a53f,0
https://www.youtube.com/s/player/0fe2b028/www-player.css,,e7c8a5055316b32ab0baa115589477ca4edf8a28372005da3ab230c85660d3f4,0
https://www.youtube.com/s/player/0fe2b028/www-widgetapi.vflset/www-widgetapi.js,,9af313ed10b2fb2eb40b7cf476ec0ba74a3babe175e1bfc5d02308aeb54309fd,0
https://www.youtube.com/s/player/0ffea8e4/player_ias.vflset/en_US/base.js,,81a872ae5dd43bbe0ce975271e6e19a1b5f6e5f7ac0f6c3d451fd286694b870a,0
https://www.youtube.com/s/player/0ffea8e4/player_ias.vflset/en_US/captions.js,,e79edbb078c8ba3c2c08203fbadbc5f6c1fdc851a3b8bbe1f37f70d31406cc85,0
https://www.youtube.com/s/player/0ffea8e4/www-player.css,,ed75e47b996f41da27d3aa3997bf0f0d632a4d02cefbe8572870acb51e4ed891,0
https://www.youtube.com/s/player/0ffea8e4/www-widgetapi.vflset/www-widgetapi.js,,3aeb791f41afb9d7500326010b8852214536360b695c2d0328f4fd265badb21f,0
https://www.youtube.com/s/player/1003891b/player_ias.vflset/en_US/base.js,,0614290925311723e338eff95905210aaa4ddd028fb0dc38102c1cf4ff8715a8,0
https://www.youtube.com/s/player/1003891b/player_ias.vflset/en_US/captions.js,,33654e7be73d104106d040be8c818791a4e1d357276408ec3d14796b07d8228e,0
https://www.youtube.com/s/player/1003891b/www-player.css,,ff94612f774a2fa9658e397e78071cbde5eb96e3f67a444efac6a10b4b7e760f,0
https://www.youtube.com/s/player/1003891b/www-widgetapi.vflset/www-widgetapi.js,,b6b18fb0c355a9e4fca44acd186be76ecca76232c4eaa4f2e11ff06026e9c3f4,0
https://www.youtube.com/s/player/101d8d29/player_ias.vflset/en_US/base.js,,abd5e19bbd553c5b5d2d8f2828a73c7542ad2cf474370de17b3c38628c299581,0
https://www.youtube.com/s/player/101d8d29/player_ias.vflset/en_US/captions.js,,b3304b921e02c0561e2c15171b53f48152d28118b05ce334465e8691ad144f08,0
https://www.youtube.com/s/player/101d8d29/www-player.css,,8345f5d06b1e06a8dcf60075eee7e564059f238a85eb6f34b6ce41fab50ce074,0
https://www.youtube.com/s/player/101d8d29/www-widgetapi.vflset/www-widgetapi.js,,3aeb791f41afb9d7500326010b8852214536360b695c2d0328f4fd265badb21f,0
https://www.youtube.com/s/player/10733253/player_ias.vflset/en_US/base.js,,184a3dd67628e7332a746216c7856673e571c28a4d3c2f33b94f86f630c9da49,0
https://www.youtube.com/s/player/10733253/player_ias.vflset/en_US/captions.js,,7845040453029d97df5029f28dbdba7ba2947c5876ddba10f662fc77e80d883c,0
https://www.youtube.com/s/player/10733253/www-player.css,,6503becd8abddddc2a7cf3e598efe9f7aca089bf56f4a497624c8839845453fd,0
https://www.youtube.com/s/player/10733253/www-widgetapi.vflset/www-widgetapi.js,,c2dcf46501a48a87a7859596834012e81569a181f7b80bda4d91b04798f84751,0
https://www.youtube.com/s/player/10a04aa8/player_ias.vflset/en_US/base.js,,30960c6dadf7ac7d05d44422f5884366669fd6aaf82c0997bda5d35b3f724bd2,0
https://www.youtube.com/s/player/10a04aa8/player_ias.vflset/en_US/captions.js,,ba383fb3cb3f962e8c2b7325c9695c7623d5bf9033445b1713ee6f8e8a8c03fb,0
https://www.youtube.com/s/player/10a04aa8/www-player.css,,bb2ee0639d3d01fff4688a439d42f088babfba9c20ed207d4b1d6f2fc0224107,0
https://www.youtube.com/s/player/10a04aa8/www-widgetapi.vflset/www-widgetapi.js,,9af313ed10b2fb2eb40b7cf476ec0ba74a3babe175e1bfc5d02308aeb54309fd,0
https://www.youtube.com/s/player/10ecb549/player_ias.vflset/en_US/base.js,,66e1d843db74bff4dc87404f42f71e4e2badd70c155442dc9c0dea3cb541fee8,0
https://www.youtube.com/s/player/10ecb549/player_ias.vflset/en_US/captions.js,,462df39c5050f5df7fde6eb2f462e23bf609952a558f61621272a9580b05500e,0
https://www.youtube.com/s/player/10ecb549/www-player.css,,d84a7a9cede27c144c059863a14188a79870815abcf8f4e88ec746c5873e205f,0
https://www.youtube.com/s/player/10ecb549/www-widgetapi.vflset/www-widgetapi.js,,11aa7946df12674187e45a29c8a083a30cefb5e625985b2405c1d0fb710e56b2,0
https://www.youtube.com/s/player/1150a2f2/player_ias.vflset/en_US/base.js,,d5845590ce4928ba0fcfc45195663a328d96195ccc0c4f51b72cccec887fde51,0
https://www.youtube.com/s/player/1150a2f2/player_ias.vflset/en_US/captions.js,,f533088db68f17ba66274dc386fa558a3ff7d0c4757a4224432f1a121a0246bb,0
https://www.youtube.com/s/player/1150a2f2/www-player.css,,e7c8a5055316b32ab0baa115589477ca4edf8a28372005da3ab230c85660d3f4,0
https://www.youtube.com/s/player/1150a2f2/www-widgetapi.vflset/www-widgetapi.js,,9af313ed10b2fb2eb40b7cf476ec0ba74a3babe175e1bfc5d02308aeb54309fd,0
https://www.youtube.com/s/player/116dbe15/player_ias.vflset/en_US/base.js,,44c5d9596fe6a2d02080366de1ccce2a73e20474b46a1222c45303a8f15e843e,0
https://www.youtube.com/s/player/116dbe15/player_ias.vflset/en_US/captions.js,,f88daadd35519c42fe0e62696acb712c81ad03a0787bca69c738dbd24e1c54d2,0
https://www.youtube.com/s/player/116dbe15/www-player.css,,8dd0861016ff7bfa3fa5810d683be16d2e6ab9c70a639428f71a78b39f93b9b9,0
https://www.youtube.com/s/player/116dbe15/www-widgetapi.vflset/www-widgetapi.js,,e9abd0d74c5ecca848c706e3f94780a00efc33f66f1a7971ded040458851fd69,0
https://www.youtube.com/s/player/11c0c1a9/player_ias.vflset/en_US/base.js,,ed466cc003448876a73ad005597c05d4db2aac10cd4b6e9d7bdcc2b5d5f0bce4,0
https://www.youtube.com/s/player/11c0c1a9/player_ias.vflset/en_US/captions.js,,bd236a3d9a474482eb9ece956ca63f03cd62f0fb10aec670627dad9bfd74f0cd,0
https://www.youtube.com/s/player/11c0c1a9/www-player.css,,8dd0861016ff7bfa3fa5810d683be16d2e6ab9c70a639428f71a78b39f93b9b9,0
https://www.youtube.com/s/player/11c0c1a9/www-widgetapi.vflset/www-widgetapi.js,,e9abd0d74c5ecca848c706e3f94780a00efc33f66f1a7971ded040458851fd69,0
https://www.youtube.com/s/player/120bf048/player_ias.vflset/en_US/base.js,,cec5eb1021001219c1bbc1d1b1ebab27255c243525c025379f507de8d6422825,0
https://www.youtube.com/s/player/120bf048/player_ias.vflset/en_US/captions.js,,dcf34f2d43bf3609e3612703a5a8d87b61aa9d0b53293db060edfa877de67579,0
https://www.youtube.com/s/player/120bf048/www-player.css,,921b6856085a224b1ca2e5db139b1788c01d4dd1e70daca7006b6a7b381bdae1,0
https://www.youtube.com/s/player/120bf048/www-widgetapi.vflset/www-widgetapi.js,,3aeb791f41afb9d7500326010b8852214536360b695c2d0328f4fd265badb21f,0
https://www.youtube.com/s/player/12472e7f/player_ias.vflset/en_US/base.js,,a53fa33322202da13ee905a521d2dc34785b06226fcf7e283785900fd6b25585,0
https://www.youtube.com/s/player/12472e7f/player_ias.vflset/en_US/captions.js,,b2e6d1d81b4aec6861230e4a67be1f26917d4b45874994f7d322b5dee80649bc,0
https://www.youtube.com/s/player/12472e7f/www-player.css,,1074e75f7621bc7e5e6c75ffbeea96f6fa9f266029361ba4124dd4d3baa69fef,0
https://www.youtube.com/s/player/12472e7f/www-widgetapi.vflset/www-widgetapi.js,,9af313ed10b2fb2eb40b7cf476ec0ba74a3babe175e1bfc5d02308aeb54309fd,0
https://www.youtube.com/s/player/1274d073/player_ias.vflset/en_US/base.js,,a17733db7d3e7c8779ec1d94752bd2bbf8c145225119822ecce51e88bf425fa4,0
https://www.youtube.com/s/player/1274d073/player_ias.vflset/en_US/captions.js,,4c9e0dbc6a987e954e030a20c6bc2b755d5d383226a032aa9a4b382a0becd74a,0
https://www.youtube.com/s/player/1274d073/www-player.css,,cfd52c611020fb575d85fc138c1cc172eebdb9bff20d464f90993923cf5cb64b,0
https://www.youtube.com/s/player/1274d073/www-widgetapi.vflset/www-widgetapi.js,,3aeb791f41afb9d7500326010b8852214536360b695c2d0328f4fd265badb21f,0
https://www.youtube.com/s/player/1278453b/player_ias.vflset/en_US/base.js,,6aec41966cebd47efef2315eb8a6bd60107bacd5fca82cbe748841b8dbe0837d,0
https://www.youtube.com/s/player/1278453b/player_ias.vflset/en_US/captions.js,,b9eea99c56c667ed9d2d1e5e9d3b1b51a471fe2a1f45dc8eff20c6df8f1bd79f,0
https://www.youtube.com/s/player/1278453b/www-player.css,,cfd52c611020fb575d85fc138c1cc172eebdb9bff20d464f90993923cf5cb64b,0
https://www.youtube.com/s/player/1278453b/www-widgetapi.vflset/www-widgetapi.js,,3aeb791f41afb9d7500326010b8852214536360b695c2d0328f4fd265badb21f,0
https://www.youtube.com/s/player/12ae5f14/player_ias.vflset/en_US/base.js,,8ba909d429f03220cd9afdf7af41f230f90881168cd1f025d092041e9b3d8c0f,0
https://www.youtube.com/s/player/12ae5f14/player_ias.vflset/en_US/captions.js,,987b7083a993d334425156b801370bd934b80eade3e7792c521bfddbfa13cdf4,0
https://www.youtube.com/s/player/12ae5f14/www-player.css,,e7c8a5055316b32ab0baa115589477ca4edf8a28372005da3ab230c85660d3f4,0
https://www.youtube.com/s/player/12ae5f14/www-widgetapi.vflset/www-widgetapi.js,,9af313ed10b2fb2eb40b7cf476ec0ba74a3babe175e1bfc5d02308aeb54309fd,0
https://www.youtube.com/s/player/13792696/player_ias.vflset/en_US/base.js,,a8f88bdbe662c8f1a6088e95f8f1d120f62d81f69edb3678651507207032a669,0
https://www.youtube.com/s/player/13792696/player_ias.vflset/en_US/captions.js,,bd71dc360050847608d75a7bf0d4c61098debc5285caf2ae69336ae280f01961,0
https://www.youtube.com/s/player/13792696/www-player.css,,cfd52c611020fb575d85fc138c1cc172eebdb9bff20d464f90993923cf5cb64b,0
https://www.youtube.com/s/player/13792696/www-widgetapi.vflset/www-widgetapi.js,,3aeb791f41afb9d7500326010b8852214536360b695c2d0328f4fd265badb21f,0
https://www.youtube.com/s/player/13ae533c/player_ias.vflset/en_US/base.js,,8d0a614b223d1ce91f294ba69aa69896718b1bad54682e1b6e5f16c464ea7595,0
https://www.youtube.com/s/player/13ae533c/player_ias.vflset/en_US/captions.js,,61f1df94323560ae3a185699335bd097bea3f4e234456c715e3d8ac83e5e3fce,0
https://www.youtube.com/s/player/13ae533c/www-player.css,,921b6856085a224b1ca2e5db139b1788c01d4dd1e70daca7006b6a7b381bdae1,0
https://www.youtube.com/s/player/13ae533c/www-widgetapi.vflset/www-widgetapi.js,,3aeb791f41afb9d7500326010b8852214536360b695c2d0328f4fd265badb21f,0
https://www.youtube.com/s/player/13e874d0/player_ias.vflset/en_US/base.js,,c9de15bb3171947e9cbbe86860e2a34bdfa2fa2f10cf50776981d2b94e8819f7,0
https://www.youtube.com/s/player/13e874d0/player_ias.vflset/en_US/captions.js,,595e4e44900270565fe81d84d769950ee8c8bb64f97b7a11876a8c24a7efab78,0
https://www.youtube.com/s/player/13e874d0/www-player.css,,cfd52c611020fb575d85fc138c1cc172eebdb9bff20d464f90993923cf5cb64b,0
https://www.youtube.com/s/player/13e874d0/www-widgetapi.vflset/www-widgetapi.js,,3aeb791f41afb9d7500326010b8852214536360b695c2d0328f4fd265badb21f,0
https://www.youtube.com/s/player/1406eaf9/player_ias.vflset/en_US/base.js,,9a0e30546ee9267bdddb3f0ce0fa20f184719b8a70b263ca0d1e2aa423d19db2,0
https://www.youtube.com/s/player/1406eaf9/player_ias.vflset/en_US/captions.js,,8cd860a00d71e4353f56c7ec9f79313315f32dcd67266141687a3358fb95f968,0
https://www.youtube.com/s/player/1406eaf9/www-player.css,,aa68e0e1ccb88e0e7e5b0e712acaefd700bc1fddffe47833b9f357c139ef7839,0
https://www.youtube.com/s/player/1406eaf9/www-widgetapi.vflset/www-widgetapi.js,,9af313ed10b2fb2eb40b7cf476ec0ba74a3babe175e1bfc5d02308aeb54309fd,0
https://www.youtube.com/s/player/140dafda/player_ias.vflset/en_US/base.js,,d0d7002ab408fe3c90221da54532fbcdaef13dfbca5a481155a19b825b0959ea,0
https://www.youtube.com/s/player/140dafda/player_ias.vflset/en_US/captions.js,,879c994bbf3c621a9df3df1a3ec4269d4866f2f33feb8e67dc8b47797af1457f,0
https://www.youtube.com/s/player/140dafda/www-player.css,,7c7eb8252199ec9042290b1044ed1ba5ed8847ee516771bbe6dd27f9f16a608c,0
https://www.youtube.com/s/player/140dafda/www-widgetapi.vflset/www-widgetapi.js,,e9abd0d74c5ecca848c706e3f94780a00efc33f66f1a7971ded040458851fd69,0
https://www.youtube.com/s/player/1416fec1/player_ias.vflset/en_US/base.js,,f9f2f38446098aae8df99788436cd6ae9858f0c568edeb46ed1029bd2d669c0d,0
https://www.youtube.com/s/player/1416fec1/player_ias.vflset/en_US/captions.js,,ba383fb3cb3f962e8c2b7325c9695c7623d5bf9033445b1713ee6f8e8a8c03fb,0
https://www.youtube.com/s/player/1416fec1/www-player.css,,bb2ee0639d3d01fff4688a439d42f088babfba9c20ed207d4b1d6f2fc0224107,0
https://www.youtube.com/s/player/1416fec1/www-widgetapi.vflset/www-widgetapi.js,,9af313ed10b2fb2eb40b7cf476ec0ba74a3babe175e1bfc5d02308aeb54309fd,0
https://www.youtube.com/s/player/143198d7/player_ias.vflset/en_US/base.js,,6fc87957da891fd0e27a44b12d912aab516f859c64259b5e6c387963981d8fb9,0
https://www.youtube.com/s/player/143198d7/player_ias.vflset/en_US/captions.js,,6ca9b458515b732c3308fba9454338667d19b5bb86a61cf8529b1fc832ce60a6,0
https://www.youtube.com/s/player/143198d7/www-player.css,,cfd52c611020fb575d85fc138c1cc172eebdb9bff20d464f90993923cf5cb64b,0
https://www.youtube.com/s/player/143198d7/www-widgetapi.vflset/www-widgetapi.js,,3aeb791f41afb9d7500326010b8852214536360b695c2d0328f4fd265badb21f,0
https://www.youtube.com/s/player/146d3747/player_ias.vflset/en_US/base.js,,75ec7c22f9482f3f53684559e5767e4ad1dab0b5c407c08fc9d46442f32100f7,0
https://www.youtube.com/s/player/146d3747/player_ias.vflset/en_US/captions.js,,88b751f3bed373551e097b30689132a33a704dfb763bfb6684b1a89264c45ff7,0
https://www.youtube.com/s/player/146d3747/www-player.css,,644559b7590cf725119fd0ab8ed45a236d0faf9751693abb303038d7c349d2b2,0
https://www.youtube.com/s/player/146d3747/www-widgetapi.vflset/www-widgetapi.js,,11aa7946df12674187e45a29c8a083a30cefb5e625985b2405c1d0fb710e56b2,0
https://www.youtube.com/s/player/15147aab/player_ias.vflset/en_US/base.js,,3974558efe5bd78350d94c30c5a7ab4db93626faa849c2345e3f8c7ede24e74a,0
https://www.youtube.com/s/player/15147aab/player_ias.vflset/en_US/captions.js,,b3a2aeed1582b6b64d2359ddd3627f42c9c83cd6ac020340042e90561b3235c6,0
https://www.youtube.com/s/player/15147aab/www-player.css,,921b6856085a224b1ca2e5db139b1788c01d4dd1e70daca7006b6a7b381bdae1,0
https://www.youtube.com/s/player/15147aab/www-widgetapi.vflset/www-widgetapi.js,,3aeb791f41afb9d7500326010b8852214536360b695c2d0328f4fd265badb21f,0
https://www.youtube.com/s/player/15bb428a/player_ias.vflset/en_US/base.js,,55cbecdfc8e1df9e6bf95b268839b4d2a4766c14b968c07d25060592a17306a5,0
https://www.youtube.com/s/player/15bb428a/player_ias.vflset/en_US/captions.js,,f0cb9912c19f5cec40164ca17b900db862872bc621c2724f3497e03b9d3c3431,0
https://www.youtube.com/s/player/15bb428a/www-player.css,,ed75e47b996f41da27d3aa3997bf0f0d632a4d02cefbe8572870acb51e4ed891,0
https://www.youtube.com/s/player/15bb428a/www-widgetapi.vflset/www-widgetapi.js,,b6b18fb0c355a9e4fca44acd186be76ecca76232c4eaa4f2e11ff06026e9c3f4,0
https://www.youtube.com/s/player/16589d5e/player_ias.vflset/en_US/base.js,,30ac4a517f4a7d464c369cba6cb7ae280a871f7da3d258cc8758773f96389824,0
https://www.youtube.com/s/player/16589d5e/player_ias.vflset/en_US/captions.js,,518bdd72a508bfe21b1a19bef2c9ec128add52a921e228f77fcba2c2b4efec61,0
https://www.youtube.com/s/player/16589d5e/www-player.css,,0d994eb0e617b6087b915cb1bdc2bb56f40826f1b3d182277c0915aedec24671,0
https://www.youtube.com/s/player/16589d5e/www-widgetapi.vflset/www-widgetapi.js,,9af313ed10b2fb2eb40b7cf476ec0ba74a3babe175e1bfc5d02308aeb54309fd,0
https://www.youtube.com/s/player/1680feb2/player_ias.vflset/en_US/base.js,,c088ea3f6f910758bb4b4b127392a319909597a5fd579250632dbf19297318c2,0
https://www.youtube.com/s/player/1680feb2/player_ias.vflset/en_US/captions.js,,518bdd72a508bfe21b1a19bef2c9ec128add52a921e228f77fcba2c2b4efec61,0
https://www.youtube.com/s/player/1680feb2/www-player.css,,0d994eb0e617b6087b915cb1bdc2bb56f40826f1b3d182277c0915aedec24671,0
https://www.youtube.com/s/player/1680feb2/www-widgetapi.vflset/www-widgetapi.js,,9af313ed10b2fb2eb40b7cf476ec0ba74a3babe175e1bfc5d02308aeb54309fd,0
https://www.youtube.com/s/player/16886a7c/player_ias.vflset/en_US/base.js,,1a912b6b9e7384a164cebcf18ab5cba075788cb354591d34b3202cc74c0fcc23,0
https://www.youtube.com/s/player/16886a7c/player_ias.vflset/en_US/captions.js,,2de1654d8753a3b8f9f83e617747efcb38e8c9679fcd41960b8f921a0b6ff753,0
https://www.youtube.com/s/player/16886a7c/www-player.css,,1074e75f7621bc7e5e6c75ffbeea96f6fa9f266029361ba4124dd4d3baa69fef,0
https://www.youtube.com/s/player/16886a7c/www-widgetapi.vflset/www-widgetapi.js,,9af313ed10b2fb2eb40b7cf476ec0ba74a3babe175e1bfc5d02308aeb54309fd,0
https://www.youtube.com/s/player/16ee6936/player_ias.vflset/en_US/base.js,,c25c12bf87aab90152c2956fe975cd242e03371b6059ea2045a52a296017c744,0
https://www.youtube.com/s/player/16ee6936/player_ias.vflset/en_US/captions.js,,16b4f3137d512db840e5ac5dfeaed91d47642da26019c412e74611aad6f7c95f,0
https://www.youtube.com/s/player/16ee6936/www-player.css,,d5b344b8a6d0a02864884c9b037f5f11921381cdfbddb2f8a643d1a8cbe9cef8,0
https://www.youtube.com/s/player/16ee6936/www-widgetapi.vflset/www-widgetapi.js,,9af313ed10b2fb2eb40b7cf476ec0ba74a3babe175e1bfc5d02308aeb54309fd,0
https://www.youtube.com/s/player/16ef956e/player_ias.vflset/en_US/base.js,,9ee3994823350411245b2c55b479af0a8017315d44a05821453d0f12f022122c,0
https://www.youtube.com/s/player/16ef956e/player_ias.vflset/en_US/captions.js,,1f2a67659bf0d0042a95482517d37ef8a59b5e76acdedd7d8a7c6778569d20a0,0
https://www.youtube.com/s/player/16ef956e/www-player.css,,e7c8a5055316b32ab0baa115589477ca4edf8a28372005da3ab230c85660d3f4,0
https://www.youtube.com/s/player/16ef956e/www-widgetapi.vflset/www-widgetapi.js,,9af313ed10b2fb2eb40b7cf476ec0ba74a3babe175e1bfc5d02308aeb54309fd,0
https://www.youtube.com/s/player/16f87be2/player_ias.vflset/en_US/base.js,,effe534c26e05c28602cc9cdd6bd5cf009aff908be6b3549f4181f09688412f1,0
https://www.youtube.com/s/player/16f87be2/player_ias.vflset/en_US/captions.js,,49c093109052c28e832e0b3e4bf069ed7e8190ef9c437f238844b43d291fae20,0
https://www.youtube.com/s/player/16f87be2/www-player.css,,cfd52c611020fb575d85fc138c1cc172eebdb9bff20d464f90993923cf5cb64b,0
https://www.youtube.com/s/player/16f87be2/www-widgetapi.vflset/www-widgetapi.js,,3aeb791f41afb9d7500326010b8852214536360b695c2d0328f4fd265badb21f,0
https://www.youtube.com/s/player/1703d336/player_ias.vflset/en_US/base.js,,9067bfaca92851270fef7fc8eb5fdac8810120ef7d35835df4908b67f31d11aa,0
https://www.youtube.com/s/player/1703d336/player_ias.vflset/en_US/captions.js,,077407914764f6c533b1391691eeb51fd8d23c515b4a790e12fdf4533c0ea05b,0
https://www.youtube.com/s/player/1703d336/www-player.css,,e7c8a5055316b32ab0baa115589477ca4edf8a28372005da3ab230c85660d3f4,0
https://www.youtube.com/s/player/1703d336/www-widgetapi.vflset/www-widgetapi.js,,9af313ed10b2fb2eb40b7cf476ec0ba74a3babe175e1bfc5d02308aeb54309fd,0
https://www.youtube.com/s/player/17554f56/player_ias.vflset/en_US/base.js,,7f1c266355eaa6efed88d0814880f31c628934a44de1d1beb8cd18a2286adc32,0
https://www.youtube.com/s/player/17554f56/player_ias.vflset/en_US/captions.js,,4985d46f88a4239fc570357ea255f8e3c4a0b1460d4dbe4627097e481d25ea2a,0
https://www.youtube.com/s/player/17554f56/www-player.css,,fb2f17a87256c403f2fcc1c7c643ca1afa249ed19dd15907197262a202357262,0
https://www.youtube.com/s/player/17554f56/www-widgetapi.vflset/www-widgetapi.js,,3aeb791f41afb9d7500326010b8852214536360b695c2d0328f4fd265badb21f,0
https://www.youtube.com/s/player/1765788a/player_ias.vflset/en_US/base.js,,1b2d344d8e3101f5160e86ad80b85c38997de7c4b9119a7cc58e190ea7a20058,0
https://www.youtube.com/s/player/1765788a/player_ias.vflset/en_US/captions.js,,2ad2bc5db48a85dcac21a3d6f21ff922c0933aa7fbdbdf443dd88e36fb24e72a,0
https://www.youtube.com/s/player/1765788a/www-player.css,,8dd0861016ff7bfa3fa5810d683be16d2e6ab9c70a639428f71a78b39f93b9b9,0
https://www.youtube.com/s/player/1765788a/www-widgetapi.vflset/www-widgetapi.js,,e9abd0d74c5ecca848c706e3f94780a00efc33f66f1a7971ded040458851fd69,0
https://www.youtube.com/s/player/1778c5fc/player_ias.vflset/en_US/base.js,,42b640eeb67a20d98ee096e2906512a147a3a01add3eb4c8b5c18bd8679066cd,0
https://www.youtube.com/s/player/1778c5fc/player_ias.vflset/en_US/captions.js,,835c3df4f324304069ebb171c25928abe620d6e1afda9c774600f53f84da51e6,0
https://www.youtube.com/s/player/1778c5fc/www-player.css,,d3dfa94ecbec10b81490a7b186df4f425bb5dd22f33cabe6ec1e1ef079047fc8,0
https://www.youtube.com/s/player/1778c5fc/www-widgetapi.vflset/www-widgetapi.js,,c2dcf46501a48a87a7859596834012e81569a181f7b80bda4d91b04798f84751,0
https://www.youtube.com/s/player/1798f86c/player_ias.vflset/en_US/base.js,,df6467b10799221672aff15692b567285a0eb00ea004ba886cce8254240f9c0d,0
https://www.youtube.com/s/player/1798f86c/player_ias.vflset/en_US/captions.js,,7553ed54514eb206707f704cf04b0a7f4d816dd78dd4117f426a39da8c64c537,0
https://www.youtube.com/s/player/1798f86c/www-player.css,,e73a47994fe46c3ca05cd3ef31752f0ad98c50d05aa83925177ae0d422d4e202,0
https://www.youtube.com/s/player/1798f86c/www-widgetapi.vflset/www-widgetapi.js,,e9abd0d74c5ecca848c706e3f94780a00efc33f66f1a7971ded040458851fd69,0
https://www.youtube.com/s/player/17aa2e4c/player_ias.vflset/en_US/base.js,,d03ec3cd21e0308d57c22296ad6f25a2fd1bcd4414ca30d54bfb9c18b645d837,0
https://www.youtube.com/s/player/17aa2e4c/player_ias.vflset/en_US/captions.js,,bd1410c567ffb4b7428f1ed86f1b27575efe10776e3cadebb72f4c3a16fcb827,0
https://www.youtube.com/s/player/17aa2e4c/www-player.css,,e7c8a5055316b32ab0baa115589477ca4edf8a28372005da3ab230c85660d3f4,0
https://www.youtube.com/s/player/17aa2e4c/www-widgetapi.vflset/www-widgetapi.js,,9af313ed10b2fb2eb40b7cf476ec0ba74a3babe175e1bfc5d02308aeb54309fd,0
https://www.youtube.com/s/player/17ad44a3/player_ias.vflset/en_US/base.js,,be5aac774a049a5de606f493ab6dc66cf1ead61b145ba483717d8436529733e6,0
https://www.youtube.com/s/player/17ad44a3/player_ias.vflset/en_US/captions.js,,4a7556565805186788b090b2b79f0e9a53cd8218df0a4daff889c1cf06acc86b,0
https://www.youtube.com/s/player/17ad44a3/www-player.css,,13dd54e1acc89e3a21f9685ed0f71925e12e3a1959e4829a1ee0b1836ecfa205,0
https://www.youtube.com/s/player/17ad44a3/www-widgetapi.vflset/www-widgetapi.js,,18d619cca2e3abb300d71fe37b163b91b71a327303f320e047248c0cc3a1d879,0
https://www.youtube.com/s/player/1812d523/player_ias.vflset/en_US/base.js,,9f9abe7e8a06e20e41357730bbc4413dff8d90f69be74719994386947f5701c2,0
https://www.youtube.com/s/player/1812d523/player_ias.vflset/en_US/captions.js,,aa2c268dc518d24e2e8ab748f661db916cffec6af41510be791e8d874440cad0,0
https://www.youtube.com/s/player/1812d523/www-player.css,,ed75e47b996f41da27d3aa3997bf0f0d632a4d02cefbe8572870acb51e4ed891,0
https://www.youtube.com/s/player/1812d523/www-widgetapi.vflset/www-widgetapi.js,,3aeb791f41afb9d7500326010b8852214536360b695c2d0328f4fd265badb21f,0
https://www.youtube.com/s/player/188a8916/player_ias.vflset/en_US/base.js,,0f0ed043603c4f8ed73f93c7ae6a57bdd0cbdc320f3f83afe76466b10399d66d,0
https://www.youtube.com/s/player/188a8916/player_ias.vflset/en_US/captions.js,,714b95d450f04d8b367ea73b4ef90951520d3b41a53ddfd23a037b0eee753c01,0
https://www.youtube.com/s/player/188a8916/www-player.css,,ed75e47b996f41da27d3aa3997bf0f0d632a4d02cefbe8572870acb51e4ed891,0
https://www.youtube.com/s/player/188a8916/www-widgetapi.vflset/www-widgetapi.js,,b6b18fb0c355a9e4fca44acd186be76ecca76232c4eaa4f2e11ff06026e9c3f4,0
https://www.youtube.com/s/player/1898687b/player_ias.vflset/en_US/base.js,,2b240dd9395cf2859bbae3142b91d020363d8c2c2f4338c77f51cc083af91851,0
https://www.youtube.com/s/player/1898687b/player_ias.vflset/en_US/captions.js,,843e76a43e4ef708afbb8569548256b0e9541f94bdda45ef287b6d320496d531,0
https://www.youtube.com/s/player/1898687b/www-player.css,,24770d815523edda36901999c213d085dac68c34412a8b45d5a09fed74d79b60,0
https://www.youtube.com/s/player/1898687b/www-widgetapi.vflset/www-widgetapi.js,,11aa7946df12674187e45a29c8a083a30cefb5e625985b2405c1d0fb710e56b2,0
https://www.youtube.com/s/player/18d29a11/player_ias.vflset/en_US/base.js,,1d08db49b4809923348dbddee135089839b9a09ed0f37f66c403bb9ff708c055,0
https://www.youtube.com/s/player/18d29a11/player_ias.vflset/en_US/captions.js,,56ccc50c4963011189a26eb4eedfc5b66a83cd0201cd0c04489b59a7aaebb91c,0
https://www.youtube.com/s/player/18d29a11/www-player.css,,c1266aa5ccb770d4191058a5eff5c40d0e88ab06d5cfbb81025ef0105572f5f2,0
https://www.youtube.com/s/player/18d29a11/www-widgetapi.vflset/www-widgetapi.js,,e9abd0d74c5ecca848c706e3f94780a00efc33f66f1a7971ded040458851fd69,0
https://www.youtube.com/s/player/1943d24e/player_ias.vflset/en_US/base.js,,c06a8c0df258f219faebd58b6f9b0ec54fdcb2a99775d66170ae30ca4c67fe93,0
https://www.youtube.com/s/player/1943d24e/player_ias.vflset/en_US/captions.js,,b2e6d1d81b4aec6861230e4a67be1f26917d4b45874994f7d322b5dee80649bc,0
https://www.youtube.com/s/player/1943d24e/www-player.css,,1074e75f7621bc7e5e6c75ffbeea96f6fa9f266029361ba4124dd4d3baa69fef,0
https://www.youtube.com/s/player/1943d24e/www-widgetapi.vflset/www-widgetapi.js,,9af313ed10b2fb2eb40b7cf476ec0ba74a3babe175e1bfc5d02308aeb54309fd,0
https://www.youtube.com/s/player/19712d96/player_ias.vflset/en_US/base.js,,b54311b4a75a0baab1e5ad66e3c15bd106bcf62d581020000e1a31ad32636296,0
https://www.youtube.com/s/player/19712d96/player_ias.vflset/en_US/captions.js,,b06421fb1273291441ec3bd13a148d7482ca6717727f5b71cf1f529c7bcddbff,0
https://www.youtube.com/s/player/19712d96/www-player.css,,3ace9434c75b268a9166c320f54a3f48b233e9e82ce047f9d7e4c8cdf207cab5,0
https://www.youtube.com/s/player/19712d96/www-widgetapi.vflset/www-widgetapi.js,,11aa7946df12674187e45a29c8a083a30cefb5e625985b2405c1d0fb710e56b2,0
https://www.youtube.com/s/player/19b1fd9c/player_ias.vflset/en_US/base.js,,2a347e79bb462a2998280e273cea2ce477348a8c63123ceb8cd5be48ed196aaf,0
https://www.youtube.com/s/player/19b1fd9c/player_ias.vflset/en_US/captions.js,,b2e6d1d81b4aec6861230e4a67be1f26917d4b45874994f7d322b5dee80649bc,0
https://www.youtube.com/s/player/19b1fd9c/www-player.css,,1074e75f7621bc7e5e6c75ffbeea96f6fa9f266029361ba4124dd4d3baa69fef,0
https://www.youtube.com/s/player/19b1fd9c/www-widgetapi.vflset/www-widgetapi.js,,9af313ed10b2fb2eb40b7cf476ec0ba74a3babe175e1bfc5d02308aeb54309fd,0
https://www.youtube.com/s/player/1a10598a/player_ias.vflset/en_US/base.js,,bc86a6006af8e3c44de4231c13db925d2e59cfecc43049972d6ff1f4baa86dc1,0
https://www.youtube.com/s/player/1a10598a/player_ias.vflset/en_US/captions.js,,bffffd3bfc5bf69bfde8112fded228340136156e6e32c70999249e742aaab39d,0
https://www.youtube.com/s/player/1a10598a/www-player.css,,aa68e0e1ccb88e0e7e5b0e712acaefd700bc1fddffe47833b9f357c139ef7839,0
https://www.youtube.com/s/player/1a10598a/www-widgetapi.vflset/www-widgetapi.js,,9af313ed10b2fb2eb40b7cf476ec0ba74a3babe175e1bfc5d02308aeb54309fd,0
https://www.youtube.com/s/player/1a8bfffc/player_ias.vflset/en_US/base.js,,49ac585d2714852bf985a010a5c5374c7ae7b00e09b640d0b9fc5f0512b8c610,0
https://www.youtube.com/s/player/1a8bfffc/player_ias.vflset/en_US/captions.js,,fd7004b9ae9132eae22fe272d0476f48de15595018661f66ce52921fba89a6c7,0
https://www.youtube.com/s/player/1a8bfffc/www-player.css,,24cb353f7db6c8025eaf8648aa1f941cddfac84342d06ed4fb9def4523328bb3,0
https://www.youtube.com/s/player/1a8bfffc/www-widgetapi.vflset/www-widgetapi.js,,b6b18fb0c355a9e4fca44acd186be76ecca76232c4eaa4f2e11ff06026e9c3f4,0
https://www.youtube.com/s/player/1ac41de2/player_ias.vflset/en_US/base.js,,15c90df11f5121243a0f921466a4ac5ceb466d853b3f4c0c0569dd5baa22f5f7,0
https://www.youtube.com/s/player/1ac41de2/player_ias.vflset/en_US/captions.js,,b2e6d1d81b4aec6861230e4a67be1f26917d4b45874994f7d322b5dee80649bc,0
https://www.youtube.com/s/player/1ac41de2/www-player.css,,1074e75f7621bc7e5e6c75ffbeea96f6fa9f266029361ba4124dd4d3baa69fef,0
https://www.youtube.com/s/player/1ac41de2/www-widgetapi.vflset/www-widgetapi.js,,9af313ed10b2fb2eb40b7cf476ec0ba74a3babe175e1bfc5d02308aeb54309fd,0
https://www.youtube.com/s/player/1acfe3aa/player_ias.vflset/en_US/base.js,,ae12d7a228dd80d440fde1e4a9103b87646e69d32c7d9715c1c4d933ebd33632,0
https://www.youtube.com/s/player/1acfe3aa/player_ias.vflset/en_US/captions.js,,5fabe543cc167364b260d11aa97ba686a8baa7205b62364172085d3d901ff707,0
https://www.youtube.com/s/player/1acfe3aa/www-player.css,,cfd52c611020fb575d85fc138c1cc172eebdb9bff20d464f90993923cf5cb64b,0
https://www.youtube.com/s/player/1acfe3aa/www-widgetapi.vflset/www-widgetapi.js,,9af313ed10b2fb2eb40b7cf476ec0ba74a3babe175e1bfc5d02308aeb54309fd,0
https://www.youtube.com/s/player/1b29db7a/player_ias.vflset/en_US/base.js,,65e821c7c163dcd532289eeab923a0411aac5cfcfa8a21b5817f7206cf0d096e,0
https://www.youtube.com/s/player/1b29db7a/player_ias.vflset/en_US/captions.js,,2e4d4adbd01de430d8b854def7aee48987120f4a54b5eb01ff02c39baa9fbd5c,0
https://www.youtube.com/s/player/1b29db7a/www-player.css,,6503becd8abddddc2a7cf3e598efe9f7aca089bf56f4a497624c8839845453fd,0
https://www.youtube.com/s/player/1b29db7a/www-widgetapi.vflset/www-widgetapi.js,,c2dcf46501a48a87a7859596834012e81569a181f7b80bda4d91b04798f84751,0
https://www.youtube.com/s/player/1b71165f/player_ias.vflset/en_US/base.js,,1a8def0505668bb58c0f3333812bae3b29ba22ffee4599bc78ea5edccb75fbfe,0
https://www.youtube.com/s/player/1b71165f/player_ias.vflset/en_US/captions.js,,b2e6d1d81b4aec6861230e4a67be1f26917d4b45874994f7d322b5dee80649bc,0
https://www.youtube.com/s/player/1b71165f/www-player.css,,1074e75f7621bc7e5e6c75ffbeea96f6fa9f266029361ba4124dd4d3baa69fef,0
https://www.youtube.com/s/player/1b71165f/www-widgetapi.vflset/www-widgetapi.js,,9af313ed10b2fb2eb40b7cf476ec0ba74a3babe175e1bfc5d02308aeb54309fd,0
https://www.youtube.com/s/player/1b73af8d/player_ias.vflset/en_US/base.js,,e268e127da3bb1358aefa1eae511aea30833afbba2d75de94a30875947607fcf,0
https://www.youtube.com/s/player/1b73af8d/player_ias.vflset/en_US/captions.js,,2530a26e818e900ac600ac6eb21859d07dc9f68ee8add90ae32e460147681787,0
https://www.youtube.com/s/player/1b73af8d/www-player.css,,96e3e223db36f20082cbc5b5393a6c783c91cd0d52b4d338857e1c2abbc0deeb,0
https://www.youtube.com/s/player/1b73af8d/www-widgetapi.vflset/www-widgetapi.js,,c2dcf46501a48a87a7859596834012e81569a181f7b80bda4d91b04798f84751,0
https://www.youtube.com/s/player/1bb6ee63/player_ias.vflset/en_US/base.js,,11f3176a44518b16df39fe2bb9e6b550993e41be12d9b44c31cfe0b2361bcc31,0
https://www.youtube.com/s/player/1bb6ee63/player_ias.vflset/en_US/captions.js,,600da681fe1d992b46aaac7d2736095b523077907c8bbf98f54f7e119a076e02,0
https://www.youtube.com/s/player/1bb6ee63/www-player.css,,f140b6831469664f09fb07ae991e983b46752deaa9d8a8b214852f235ea6e7d0,0
https://www.youtube.com/s/player/1bb6ee63/www-widgetapi.vflset/www-widgetapi.js,,9af313ed10b2fb2eb40b7cf476ec0ba74a3babe175e1bfc5d02308aeb54309fd,0
https://www.youtube.com/s/player/1c3a131b/player_ias.vflset/en_US/base.js,,ef14b63fae2e827a3c60736b1613ff5862d613ee60c514baf19ddfdb4605e612,0
https://www.youtube.com/s/player/1c3a131b/player_ias.vflset/en_US/captions.js,,88b751f3bed373551e097b30689132a33a704dfb763bfb6684b1a89264c45ff7,0
https://www.youtube.com/s/player/1c3a131b/www-player.css,,644559b7590cf725119fd0ab8ed45a236d0faf9751693abb303038d7c349d2b2,0
https://www.youtube.com/s/player/1c3a131b/www-widgetapi.vflset/www-widgetapi.js,,11aa7946df12674187e45a29c8a083a30cefb5e625985b2405c1d0fb710e56b2,0
https://www.youtube.com/s/player/1c6d279f/player_ias.vflset/en_US/base.js,,9a1554233d30148ba90b9cb9070044035e8ba8c354b03a2ec0370c124ca4caf6,0
https://www.youtube.com/s/player/1c6d279f/player_ias.vflset/en_US/captions.js,,c6c9101692500af9e38fd73c19ec5aff0d3af7405c10e9dc430bbc3245ba452b,0
https://www.youtube.com/s/player/1c6d279f/www-player.css,,921b6856085a224b1ca2e5db139b1788c01d4dd1e70daca7006b6a7b381bdae1,0
https://www.youtube.com/s/player/1c6d279f/www-widgetapi.vflset/www-widgetapi.js,,3aeb791f41afb9d7500326010b8852214536360b695c2d0328f4fd265badb21f,0
https://www.youtube.com/s/player/1c74cab8/player_ias.vflset/en_US/base.js,,516f4c62dd16d6bafce5cdc8b44b033d2df2a8c96280b4933754bd9ada4d20bd,0
https://www.youtube.com/s/player/1c74cab8/player_ias.vflset/en_US/captions.js,,4758f3e36fb68b635501c6c8a1b50df7277f0095a1ebc163ccca9d42ec8bda28,0
https://www.youtube.com/s/player/1c74cab8/www-player.css,,aed8e79fbe210a9b3e958681a1931b19baa85741b51cabf87b5101e4e0e2cd7b,0
https://www.youtube.com/s/player/1c74cab8/www-widgetapi.vflset/www-widgetapi.js,,9af313ed10b2fb2eb40b7cf476ec0ba74a3babe175e1bfc5d02308aeb54309fd,0
https://www.youtube.com/s/player/1cd369c2/player_ias.vflset/en_US/base.js,,9f10f31de30245e2215879698e73a1af5b41728fb734d40762d47bfee29078af,0
https://www.youtube.com/s/player/1cd369c2/player_ias.vflset/en_US/captions.js,,4c9e0dbc6a987e954e030a20c6bc2b755d5d383226a032aa9a4b382a0becd74a,0
https://www.youtube.com/s/player/1cd369c2/www-player.css,,cfd52c611020fb575d85fc138c1cc172eebdb9bff20d464f90993923cf5cb64b,0
https://www.youtube.com/s/player/1cd369c2/www-widgetapi.vflset/www-widgetapi.js,,3aeb791f41afb9d7500326010b8852214536360b695c2d0328f4fd265badb21f,0
https://www.youtube.com/s/player/1ceea3e8/player_ias.vflset/en_US/base.js,,fc770350dcd12754b4b04dccdb6b4524f0d2536b5044c5ca1447763c5dae96a8,0
https://www.youtube.com/s/player/1ceea3e8/player_ias.vflset/en_US/captions.js,,17893a2b6edbb04797d21ebf9be6a0039cbdf3c26ad5398ee9765783131d310b,0
https://www.youtube.com/s/player/1ceea3e8/www-player.css,,6503becd8abddddc2a7cf3e598efe9f7aca089bf56f4a497624c8839845453fd,0
https://www.youtube.com/s/player/1ceea3e8/www-widgetapi.vflset/www-widgetapi.js,,c2dcf46501a48a87a7859596834012e81569a181f7b80bda4d91b04798f84751,0
https://www.youtube.com/s/player/1cf32b49/player_ias.vflset/en_US/base.js,,ccd326080d8338909273f8ddcf7d6ffd6d8bcadb545a9bc1a58496d0337fab61,0
https://www.youtube.com/s/player/1cf32b49/player_ias.vflset/en_US/captions.js,,cfcec695ac29794d6812be3c31441edd1d4257d990373e3e6a5e49ba9b74ecf2,0
https://www.youtube.com/s/player/1cf32b49/www-player.css,,cfd52c611020fb575d85fc138c1cc172eebdb9bff20d464f90993923cf5cb64b,0
https://www.youtube.com/s/player/1cf32b49/www-widgetapi.vflset/www-widgetapi.js,,3aeb791f41afb9d7500326010b8852214536360b695c2d0328f4fd265badb21f,0
https://www.youtube.com/s/player/1d014d3f/player_ias.vflset/en_US/base.js,,17cdb28068fc9a09c3051c8434daff08ae113959b785357664152a62798b3a17,0
https://www.youtube.com/s/player/1d014d3f/player_ias.vflset/en_US/captions.js,,8dc918e340df12d7962d8e3c32c4d1c4dd7be9472229a6c13eca3f796ae0e23f,0
https://www.youtube.com/s/player/1d014d3f/www-player.css,,0d994eb0e617b6087b915cb1bdc2bb56f40826f1b3d182277c0915aedec24671,0
https://www.youtube.com/s/player/1d014d3f/www-widgetapi.vflset/www-widgetapi.js,,9af313ed10b2fb2eb40b7cf476ec0ba74a3babe175e1bfc5d02308aeb54309fd,0
https://www.youtube.com/s/player/1d093000/player_ias.vflset/en_US/base.js,,204301e02020b9192c7044181aa74123ee4ef0d8bd682fd70d100ad00ce65d4a,0
https://www.youtube.com/s/player/1d093000/player_ias.vflset/en_US/captions.js,,cce5da789ac34f3bce4d8402bddc8e13ad711da6763e68f800d0087018955d44,0
https://www.youtube.com/s/player/1d093000/www-player.css,,cfd52c611020fb575d85fc138c1cc172eebdb9bff20d464f90993923cf5cb64b,0
https://www.youtube.com/s/player/1d093000/www-widgetapi.vflset/www-widgetapi.js,,3aeb791f41afb9d7500326010b8852214536360b695c2d0328f4fd265badb21f,0
https://www.youtube.com/s/player/1d4961ef/player_ias.vflset/en_US/base.js,,da2e3a97577a427946c96a61a7de93fe5c4a80a607d50ab3b5c61d06e3cd3441,0
https://www.youtube.com/s/player/1d4961ef/player_ias.vflset/en_US/captions.js,,1f43170ecc1778b8af7f751efba9c5ab0a6d87fbe8a97d32bc9a3bfbdbb034d2,0
https://www.youtube.com/s/player/1d4961ef/www-player.css,,cfd52c611020fb575d85fc138c1cc172eebdb9bff20d464f90993923cf5cb64b,0
https://www.youtube.com/s/player/1d4961ef/www-widgetapi.vflset/www-widgetapi.js,,3aeb791f41afb9d7500326010b8852214536360b695c2d0328f4fd265badb21f,0
https://www.youtube.com/s/player/1d81eac9/player_ias.vflset/en_US/base.js,,aad394e6d236db73387970826052c2deace835b9f1e57e7dac26859650badb4e,0
https://www.youtube.com/s/player/1d81eac9/player_ias.vflset/en_US/captions.js,,16df229fb67a25d1954a96802d8b616e29ad194db24bc90b4cc55cff62ab2ae0,0
https://www.youtube.com/s/player/1d81eac9/www-player.css,,d3dfa94ecbec10b81490a7b186df4f425bb5dd22f33cabe6ec1e1ef079047fc8,0
https://www.youtube.com/s/player/1d81eac9/www-widgetapi.vflset/www-widgetapi.js,,c2dcf46501a48a87a7859596834012e81569a181f7b80bda4d91b04798f84751,0
https://www.youtube.com/s/player/1def3fc2/player_ias.vflset/en_US/base.js,,297a958ada1e58a1582a5d500ec3ac64062926a41ded172a06a3262794bc5f0c,0
https://www.youtube.com/s/player/1def3fc2/player_ias.vflset/en_US/captions.js,,4fe28820ff20c4ea088e7e3e9cf5022d28865ed54d063580120fe71a71548e62,0
https://www.youtube.com/s/player/1def3fc2/www-player.css,,cfd52c611020fb575d85fc138c1cc172eebdb9bff20d464f90993923cf5cb64b,0
https://www.youtube.com/s/player/1def3fc2/www-widgetapi.vflset/www-widgetapi.js,,3aeb791f41afb9d7500326010b8852214536360b695c2d0328f4fd265badb21f,0
https://www.youtube.com/s/player/1e1d6f74/player_ias.vflset/en_US/base.js,,b766c2574f6036e3390d9d8a745dff96f3b13a4ef47033c1ed271ad6c29e926b,0
https://www.youtube.com/s/player/1e1d6f74/player_ias.vflset/en_US/captions.js,,3763895b641bcfd10406abfe223efa940bf95d292111f82d737eaf5f1ddf8b2d,0
https://www.youtube.com/s/player/1e1d6f74/www-player.css,,f140b6831469664f09fb07ae991e983b46752deaa9d8a8b214852f235ea6e7d0,0
https://www.youtube.com/s/player/1e1d6f74/www-widgetapi.vflset/www-widgetapi.js,,9af313ed10b2fb2eb40b7cf476ec0ba74a3babe175e1bfc5d02308aeb54309fd,0
https://www.youtube.com/s/player/1e55892c/player_ias.vflset/en_US/base.js,,57770697dbe893953c382b0d70fb771272dac9c4e81ee8b1173bd304bc569c15,0
https://www.youtube.com/s/player/1e55892c/player_ias.vflset/en_US/captions.js,,4e457b53faa1f98ff2c5e42c6fef04c542101991641b29e83a3e40dbebd54fd5,0
https://www.youtube.com/s/player/1e55892c/www-player.css,,798b8326094d9277d1ffc31f005748c2fb5185c0b278176a2774d2b8511945a0,0
https://www.youtube.com/s/player/1e55892c/www-widgetapi.vflset/www-widgetapi.js,,3aeb791f41afb9d7500326010b8852214536360b695c2d0328f4fd265badb21f,0
https://www.youtube.com/s/player/1e5fa36f/player_ias.vflset/en_US/base.js,,32a25b6cfa69709fbd1897083d1bc9ef4697689fa5c5c7a5f59b0d7428beb2f8,0
https://www.youtube.com/s/player/1e5fa36f/player_ias.vflset/en_US/captions.js,,aa2c268dc518d24e2e8ab748f661db916cffec6af41510be791e8d874440cad0,0
https://www.youtube.com/s/player/1e5fa36f/www-player.css,,ed75e47b996f41da27d3aa3997bf0f0d632a4d02cefbe8572870acb51e4ed891,0
https://www.youtube.com/s/player/1e5fa36f/www-widgetapi.vflset/www-widgetapi.js,,3aeb791f41afb9d7500326010b8852214536360b695c2d0328f4fd265badb21f,0
https://www.youtube.com/s/player/1e82c721/player_ias.vflset/en_US/base.js,,e29980295f3628e4555ee4de8c14ea23a35eb81d4c09766ed36f9038ceb8de8b,0
https://www.youtube.com/s/player/1e82c721/player_ias.vflset/en_US/captions.js,,fc35cf1fc526fcbcd57e689d86efe1399351e73ecdc53f42ea867f58f7cfd3bf,0
https://www.youtube.com/s/player/1e82c721/www-player.css,,4501bc83f7fe6c0de41512e5f91fcf9457f7a8a3aab18e3c38973eb6a6ae0b55,0
https://www.youtube.com/s/player/1e82c721/www-widgetapi.vflset/www-widgetapi.js,,3aeb791f41afb9d7500326010b8852214536360b695c2d0328f4fd265badb21f,0
https://www.youtube.com/s/player/1e84899c/player_ias.vflset/en_US/base.js,,cf4b52f3ecc48733425620ef9621d5c9b9dc919759df98424bc8146e6e703495,0
https://www.youtube.com/s/player/1e84899c/player_ias.vflset/en_US/captions.js,,62010a7276c7e4e79fde048bc1e59033cbf28e1756d8894ba4f04b1678bf8470,0
https://www.youtube.com/s/player/1e84899c/www-player.css,,cfd52c611020fb575d85fc138c1cc172eebdb9bff20d464f90993923cf5cb64b,0
https://www.youtube.com/s/player/1e84899c/www-widgetapi.vflset/www-widgetapi.js,,3aeb791f41afb9d7500326010b8852214536360b695c2d0328f4fd265badb21f,0
https://www.youtube.com/s/player/1eb2d46d/player_ias.vflset/en_US/base.js,,6e94c05ada4800192c51c98c08ce626fdb1a99f631bf3ccd6f60432bd5c22173,0
https://www.youtube.com/s/player/1eb2d46d/player_ias.vflset/en_US/captions.js,,ba41acdc1c30f42df6b95050ee2a85ddd58723175c64ac1b4bc3eed647886370,0
https://www.youtube.com/s/player/1eb2d46d/www-player.css,,ed75e47b996f41da27d3aa3997bf0f0d632a4d02cefbe8572870acb51e4ed891,0
https://www.youtube.com/s/player/1eb2d46d/www-widgetapi.vflset/www-widgetapi.js,,3aeb791f41afb9d7500326010b8852214536360b695c2d0328f4fd265badb21f,0
https://www.youtube.com/s/player/1ebf2aa6/player_ias.vflset/en_US/base.js,,41edaf74683d24b03af0d11a7291c1f6ff771fe91506bf28847a8eb716a18f38,0
https://www.youtube.com/s/player/1ebf2aa6/player_ias.vflset/en_US/captions.js,,a017a5729dfc3b7bec3697d0cad08008e1cc7cef3e8456b3c0315cccfd37a164,0
https://www.youtube.com/s/player/1ebf2aa6/www-player.css,,ca7992e78f5e015470a829868dc51a6e71c2e6eae256695e908b3f9f56e9c1e7,0
https://www.youtube.com/s/player/1ebf2aa6/www-widgetapi.vflset/www-widgetapi.js,,e9abd0d74c5ecca848c706e3f94780a00efc33f66f1a7971ded040458851fd69,0
https://www.youtube.com/s/player/1fc62019/player_ias.vflset/en_US/base.js,,01b2c48ffcb9b37d78e594043f8e3e600510f3827aa9082d762260dff8a90b81,0
https://www.youtube.com/s/player/1fc62019/player_ias.vflset/en_US/captions.js,,701212beccad880325bdc49f94a5089d0fcf4ce20256587e05fb08d92b84c3f0,0
https://www.youtube.com/s/player/1fc62019/www-player.css,,c1266aa5ccb770d4191058a5eff5c40d0e88ab06d5cfbb81025ef0105572f5f2,0
https://www.youtube.com/s/player/1fc62019/www-widgetapi.vflset/www-widgetapi.js,,e9abd0d74c5ecca848c706e3f94780a00efc33f66f1a7971ded040458851fd69,0
https://www.youtube.com/s/player/20382113/player_ias.vflset/en_US/base.js,,4e3965a6c17f3963c9be28f9e3801c02d05820d89e94800f3e072cb6d92e9b62,0
https://www.youtube.com/s/player/20382113/player_ias.vflset/en_US/captions.js,,247a152abb90971a7142f28d9e0a814df07b5bd5105105cb59edc4b6be6e9e9d,0
https://www.youtube.com/s/player/20382113/www-player.css,,96e3e223db36f20082cbc5b5393a6c783c91cd0d52b4d338857e1c2abbc0deeb,0
https://www.youtube.com/s/player/20382113/www-widgetapi.vflset/www-widgetapi.js,,c2dcf46501a48a87a7859596834012e81569a181f7b80bda4d91b04798f84751,0
https://www.youtube.com/s/player/204ff6e4/player_ias.vflset/en_US/base.js,,cf29b52570f94db8444a4f465f8d78b37ce24eb897161894d9973b7ea0c8a3b8,0
https://www.youtube.com/s/player/204ff6e4/player_ias.vflset/en_US/captions.js,,404c7493cdb56b5b235e7e3b011a73e5de1a3bfc3273b2426d9485bd8c9f54ab,0
https://www.youtube.com/s/player/204ff6e4/www-player.css,,e7c8a5055316b32ab0baa115589477ca4edf8a28372005da3ab230c85660d3f4,0
https://www.youtube.com/s/player/204ff6e4/www-widgetapi.vflset/www-widgetapi.js,,9af313ed10b2fb2eb40b7cf476ec0ba74a3babe175e1bfc5d02308aeb54309fd,0
https://www.youtube.com/s/player/207c58dc/player_ias.vflset/en_US/base.js,,0bea0e1e1f68eecf2f6db97c3ef90e7af84bc7cb51886813091c79048d7b9913,0
https://www.youtube.com/s/player/207c58dc/player_ias.vflset/en_US/captions.js,,9ac0a8e2c461689284de03ecfb71ac2aae54ffdc85e7d30013be1b7625b5bf88,0
https://www.youtube.com/s/player/207c58dc/www-player.css,,8dd0861016ff7bfa3fa5810d683be16d2e6ab9c70a639428f71a78b39f93b9b9,0
https://www.youtube.com/s/player/207c58dc/www-widgetapi.vflset/www-widgetapi.js,,e9abd0d74c5ecca848c706e3f94780a00efc33f66f1a7971ded040458851fd69,0
https://www.youtube.com/s/player/21176969/player_ias.vflset/en_US/base.js,,9018e1fccc68fb1ed1f6b9f08d39fc035168724cce14f2e5909d916d09f6d8b7,0
https://www.youtube.com/s/player/21176969/player_ias.vflset/en_US/captions.js,,f8d38326c99b4e100eb733618048fefc4489228092dc4d3fd300affb36a23fe3,0
https://www.youtube.com/s/player/21176969/www-player.css,,389d80710907ae3e49736e38c8c56870ba584ddc18286659e13417c9c73b4e5d,0
https://www.youtube.com/s/player/21176969/www-widgetapi.vflset/www-widgetapi.js,,11aa7946df12674187e45a29c8a083a30cefb5e625985b2405c1d0fb710e56b2,0
https://www.youtube.com/s/player/217a23a9/player_ias.vflset/en_US/base.js,,b2d0a46022029059a0b76ea53a626dc0f80ae8088e2beed35ad5aca397ef35c2,0
https://www.youtube.com/s/player/217a23a9/player_ias.vflset/en_US/captions.js,,2e0897f3200d277881105db7f6d35c9b14810083e8f48750938f72f8a13e4544,0
https://www.youtube.com/s/player/217a23a9/www-player.css,,e4e3cc6f6794ea18837d7aef2b9f6fcf91d18b411c25a20153fe32b8821c066c,0
https://www.youtube.com/s/player/217a23a9/www-widgetapi.vflset/www-widgetapi.js,,11aa7946df12674187e45a29c8a083a30cefb5e625985b2405c1d0fb710e56b2,0
https://www.youtube.com/s/player/2182a2cc/player_ias.vflset/en_US/base.js,,7657bb169ac2a402da0f0345f19bf74350e578d247790ec61bc66c0331d791d3,0
https://www.youtube.com/s/player/2182a2cc/player_ias.vflset/en_US/captions.js,,4fe28820ff20c4ea088e7e3e9cf5022d28865ed54d063580120fe71a71548e62,0
https://www.youtube.com/s/player/2182a2cc/www-player.css,,cfd52c611020fb575d85fc138c1cc172eebdb9bff20d464f90993923cf5cb64b,0
https://www.youtube.com/s/player/2182a2cc/www-widgetapi.vflset/www-widgetapi.js,,3aeb791f41afb9d7500326010b8852214536360b695c2d0328f4fd265badb21f,0
https://www.youtube.com/s/player/218d9d92/player_ias.vflset/en_US/base.js,,38672b068984f1b4341ef486666440a02478c76a845b5a969f2cf1faa0aaf66e,0
https://www.youtube.com/s/player/218d9d92/player_ias.vflset/en_US/captions.js,,4c1ff0d36025475e3f18aa5ff03389dc48a450912a4c6351f7679c08d180eef6,0
https://www.youtube.com/s/player/218d9d92/www-player.css,,f438434e0849285ebb1770fbf0b2a71bbc8468c267542b45098d5d430d86b89d,0
https://www.youtube.com/s/player/218d9d92/www-widgetapi.vflset/www-widgetapi.js,,9af313ed10b2fb2eb40b7cf476ec0ba74a3babe175e1bfc5d02308aeb54309fd,0
https://www.youtube.com/s/player/21cd2156/player_ias.vflset/en_US/base.js,,21a0a7092a8d46ffa1840b73f57acfdfc4410311a707f8bb9dba605dfa5ba9f9,0
https://www.youtube.com/s/player/21cd2156/player_ias.vflset/en_US/captions.js,,88966b9529b926a19155218a7e000ab8e56474a5f190ee0200cae2fb21d062f6,0
https://www.youtube.com/s/player/21cd2156/www-player.css,,ca7992e78f5e015470a829868dc51a6e71c2e6eae256695e908b3f9f56e9c1e7,0
https://www.youtube.com/s/player/21cd2156/www-widgetapi.vflset/www-widgetapi.js,,e9abd0d74c5ecca848c706e3f94780a00efc33f66f1a7971ded040458851fd69,0
https://www.youtube.com/s/player/230691b8/player_ias.vflset/en_US/base.js,,4143615b9f6f64e8b978a03cc9d043c25df871bceab6de80e02076c5d946ab6b,0
https://www.youtube.com/s/player/230691b8/player_ias.vflset/en_US/captions.js,,425879aaca3b7fd1c52215dc6ec307ed776fcd76d08db7df8de76f401dbdd627,0
https://www.youtube.com/s/player/230691b8/www-player.css,,ed75e47b996f41da27d3aa3997bf0f0d632a4d02cefbe8572870acb51e4ed891,0
https://www.youtube.com/s/player/230691b8/www-widgetapi.vflset/www-widgetapi.js,,b6b18fb0c355a9e4fca44acd186be76ecca76232c4eaa4f2e11ff06026e9c3f4,0
https://www.youtube.com/s/player/23b70d29/player_ias.vflset/en_US/base.js,,d8847eab855b334d700414b21940d1e403c59c5263514b491ead6b994c6249a9,0
https://www.youtube.com/s/player/23b70d29/player_ias.vflset/en_US/captions.js,,7ecb26f9c341b75abc97f730f24e753c559890cce8618d590162d9e075315750,0
https://www.youtube.com/s/player/23b70d29/www-player.css,,14a39ca2157acf89f00909fa7bec1629d375ff52d44e7016b40e691d8f4b23a8,0
https://www.youtube.com/s/player/23b70d29/www-widgetapi.vflset/www-widgetapi.js,,9af313ed10b2fb2eb40b7cf476ec0ba74a3babe175e1bfc5d02308aeb54309fd,0
https://www.youtube.com/s/player/23ba8f45/player_ias.vflset/en_US/base.js,,0bd45ca92d3dfb6aeba448c3cd06b24008462b42cbd6c471f1b11e24106ed52d,0
https://www.youtube.com/s/player/23ba8f45/player_ias.vflset/en_US/captions.js,,91098166b764a077713cd0a6b5e2c15c9857a94fcd4f3c44a2df8fdc09219271,0
https://www.youtube.com/s/player/23ba8f45/www-player.css,,7c7eb8252199ec9042290b1044ed1ba5ed8847ee516771bbe6dd27f9f16a608c,0
https://www.youtube.com/s/player/23ba8f45/www-widgetapi.vflset/www-widgetapi.js,,e9abd0d74c5ecca848c706e3f94780a00efc33f66f1a7971ded040458851fd69,0
https://www.youtube.com/s/player/23c9bab9/player_ias.vflset/en_US/base.js,,89b0143369b755693c4e9bf9b9557dcd5485ef791384c70388a68663f312d50e,0
https://www.youtube.com/s/player/23c9bab9/player_ias.vflset/en_US/captions.js,,bffffd3bfc5bf69bfde8112fded228340136156e6e32c70999249e742aaab39d,0
https://www.youtube.com/s/player/23c9bab9/www-player.css,,aa68e0e1ccb88e0e7e5b0e712acaefd700bc1fddffe47833b9f357c139ef7839,0
https://www.youtube.com/s/player/23c9bab9/www-widgetapi.vflset/www-widgetapi.js,,9af313ed10b2fb2eb40b7cf476ec0ba74a3babe175e1bfc5d02308aeb54309fd,0
https://www.youtube.com/s/player/2430d1b0/player_ias.vflset/en_US/base.js,,b68e07944d10d0b671a43e032a10fda2fd3d2f59498ddfabda7cf7c8d77bd852,0
https://www.youtube.com/s/player/2430d1b0/player_ias.vflset/en_US/captions.js,,c2a51cc82c5e6d882831198bde4d645849924d48c47895d27c96351dd437845c,0
https://www.youtube.com/s/player/2430d1b0/www-player.css,,aed8e79fbe210a9b3e958681a1931b19baa85741b51cabf87b5101e4e0e2cd7b,0
https://www.youtube.com/s/player/2430d1b0/www-widgetapi.vflset/www-widgetapi.js,,9af313ed10b2fb2eb40b7cf476ec0ba74a3babe175e1bfc5d02308aeb54309fd,0
https://www.youtube.com/s/player/2471f939/player_ias.vflset/en_US/base.js,,cde7c1fc82b847780903966adda04318106eb4eadbaccbe74af268e044d9c0dc,0
https://www.youtube.com/s/player/2471f939/player_ias.vflset/en_US/captions.js,,dcf34f2d43bf3609e3612703a5a8d87b61aa9d0b53293db060edfa877de67579,0
https://www.youtube.com/s/player/2471f939/www-player.css,,921b6856085a224b1ca2e5db139b1788c01d4dd1e70daca7006b6a7b381bdae1,0
https://www.youtube.com/s/player/2471f939/www-widgetapi.vflset/www-widgetapi.js,,3aeb791f41afb9d7500326010b8852214536360b695c2d0328f4fd265badb21f,0
https://www.youtube.com/s/player/24fe6347/player_ias.vflset/en_US/base.js,,90fe4927c22e2149a25e995187cdfd4896f497345de053e194f5e93cf6b709c6,0
https://www.youtube.com/s/player/24fe6347/player_ias.vflset/en_US/captions.js,,ba383fb3cb3f962e8c2b7325c9695c7623d5bf9033445b1713ee6f8e8a8c03fb,0
https://www.youtube.com/s/player/24fe6347/www-player.css,,bb2ee0639d3d01fff4688a439d42f088babfba9c20ed207d4b1d6f2fc0224107,0
https://www.youtube.com/s/player/24fe6347/www-widgetapi.vflset/www-widgetapi.js,,9af313ed10b2fb2eb40b7cf476ec0ba74a3babe175e1bfc5d02308aeb54309fd,0
https://www.youtube.com/s/player/251ca12e/player_ias.vflset/en_US/base.js,,8d59e94a21f7d6d55c736f15ea1adf48abc69561899901e4a28e8a7c3874c5c8,0
https://www.youtube.com/s/player/251ca12e/player_ias.vflset/en_US/captions.js,,d390064db890f2807233cdee07a5c2e567c5e590fd7a88f24c1789b23e828dba,0
https://www.youtube.com/s/player/251ca12e/www-player.css,,7c7eb8252199ec9042290b1044ed1ba5ed8847ee516771bbe6dd27f9f16a608c,0
https://www.youtube.com/s/player/251ca12e/www-widgetapi.vflset/www-widgetapi.js,,e9abd0d74c5ecca848c706e3f94780a00efc33f66f1a7971ded040458851fd69,0
https://www.youtube.com/s/player/2574220e/player_ias.vflset/en_US/base.js,,71d0b3222d5cd3a0bdb98bccbd534e2c67c377eb9868b8b2171a08e5731a95a0,0
https://www.youtube.com/s/player/2574220e/player_ias.vflset/en_US/captions.js,,63ae527f19be2ec216be92519a02344e41fa3b209a8e1494114604e065130fe6,0
https://www.youtube.com/s/player/2574220e/www-player.css,,1f457b3c2593dd64a542c19edb3abbb59a8f2cae6efd299ef381b740631e275a,0
https://www.youtube.com/s/player/2574220e/www-widgetapi.vflset/www-widgetapi.js,,b6b18fb0c355a9e4fca44acd186be76ecca76232c4eaa4f2e11ff06026e9c3f4,0
https://www.youtube.com/s/player/257d4488/player_ias.vflset/en_US/base.js,,fa8c00e40cf43fcce93c5db733684b1d951ec7d182cf2ad3755aa69d5e7500b3,0
https://www.youtube.com/s/player/257d4488/player_ias.vflset/en_US/captions.js,,ab29e93fe5cd525b522848cb3d6f556e9d45012856a726d9cf14415f97ebc679,0
https://www.youtube.com/s/player/257d4488/www-player.css,,3053767d9a476b52e0e3e9cd9d835fe26adaae79983c90212329e5915f41c56a,0
https://www.youtube.com/s/player/257d4488/www-widgetapi.vflset/www-widgetapi.js,,b6b18fb0c355a9e4fca44acd186be76ecca76232c4eaa4f2e11ff06026e9c3f4,0
https://www.youtube.com/s/player/25822515/player_ias.vflset/en_US/base.js,,25daca6f804e01f659a322a505a2fe000635c0859fc884aaa0b0ebcff18b2783,0
https://www.youtube.com/s/player/25822515/player_ias.vflset/en_US/captions.js,,4a9e0bd2ff2d07e8861589123db9f6cabd22b3ec49d397134b47600aa02919d7,0
https://www.youtube.com/s/player/25822515/www-player.css,,c34b029a2ad48a415e6017096bc67792b8c8a140db833cb99e86d6d4378aa1c7,0
https://www.youtube.com/s/player/25822515/www-widgetapi.vflset/www-widgetapi.js,,e9abd0d74c5ecca848c706e3f94780a00efc33f66f1a7971ded040458851fd69,0
https://www.youtube.com/s/player/259c7f44/player_ias.vflset/en_US/base.js,,951396aa4993df6a4bb878555c07dc99536d0de95085a04c2dcedd717196accb,0
https://www.youtube.com/s/player/259c7f44/player_ias.vflset/en_US/captions.js,,17893a2b6edbb04797d21ebf9be6a0039cbdf3c26ad5398ee9765783131d310b,0
https://www.youtube.com/s/player/259c7f44/www-player.css,,6503becd8abddddc2a7cf3e598efe9f7aca089bf56f4a497624c8839845453fd,0
https://www.youtube.com/s/player/259c7f44/www-widgetapi.vflset/www-widgetapi.js,,c2dcf46501a48a87a7859596834012e81569a181f7b80bda4d91b04798f84751,0
https://www.youtube.com/s/player/25f11721/player_ias.vflset/en_US/base.js,,1eadbb4c5e18e484abcfdcd9828f993f7eef7fbf49e0c91bbcc1080515395117,0
https://www.youtube.com/s/player/25f11721/player_ias.vflset/en_US/captions.js,,518bdd72a508bfe21b1a19bef2c9ec128add52a921e228f77fcba2c2b4efec61,0
https://www.youtube.com/s/player/25f11721/www-player.css,,0d994eb0e617b6087b915cb1bdc2bb56f40826f1b3d182277c0915aedec24671,0
https://www.youtube.com/s/player/25f11721/www-widgetapi.vflset/www-widgetapi.js,,9af313ed10b2fb2eb40b7cf476ec0ba74a3babe175e1bfc5d02308aeb54309fd,0
https://www.youtube.com/s/player/25f1a420/player_ias.vflset/en_US/base.js,,a7bc99cfe46da0099fc819d6d5e5dd8e301e6d5506e0ee1f0aea0a3696cb8f10,0
https://www.youtube.com/s/player/25f1a420/player_ias.vflset/en_US/captions.js,,14663d9799e81c6fe6c1f3c2cc47eff06be7090827be9465ff13519a67a84c46,0
https://www.youtube.com/s/player/25f1a420/www-player.css,,e13873d21eaca7946538f1ff09a0cc26caea30c42974887657e8b58e3d84599a,0
https://www.youtube.com/s/player/25f1a420/www-widgetapi.vflset/www-widgetapi.js,,11aa7946df12674187e45a29c8a083a30cefb5e625985b2405c1d0fb710e56b2,0
https://www.youtube.com/s/player/267b6435/player_ias.vflset/en_US/base.js,,ef56b49186aba4b924446296bdf18e8edbaca215ac783fb0909f6cfaf33e5b84,0
https://www.youtube.com/s/player/267b6435/player_ias.vflset/en_US/captions.js,,742be09ce0469f1d5d34648dfdd070e25948ad9fe0a0ac6435baf1a5a9e48374,0
https://www.youtube.com/s/player/267b6435/www-player.css,,7c7eb8252199ec9042290b1044ed1ba5ed8847ee516771bbe6dd27f9f16a608c,0
https://www.youtube.com/s/player/267b6435/www-widgetapi.vflset/www-widgetapi.js,,e9abd0d74c5ecca848c706e3f94780a00efc33f66f1a7971ded040458851fd69,0
https://www.youtube.com/s/player/26a9c282/player_ias.vflset/en_US/base.js,,3e9c689b7be56b12489a43ddaee32d52e0a365b7f7560c82d56f27a53fab2843,0
https://www.youtube.com/s/player/26a9c282/player_ias.vflset/en_US/captions.js,,2330570d99ff16c08ad07c2b87a22b52b11da86966c4fd69ff0fd87f6e36a4a6,0
https://www.youtube.com/s/player/26a9c282/www-player.css,,f438434e0849285ebb1770fbf0b2a71bbc8468c267542b45098d5d430d86b89d,0
https://www.youtube.com/s/player/26a9c282/www-widgetapi.vflset/www-widgetapi.js,,9af313ed10b2fb2eb40b7cf476ec0ba74a3babe175e1bfc5d02308aeb54309fd,0
https://www.youtube.com/s/player/2721aa5c/player_ias.vflset/en_US/base.js,,642196b6dd114b1255010e6ef2f134184734068cb4e9b2a8c75de1dac7814d71,0
https://www.youtube.com/s/player/2721aa5c/player_ias.vflset/en_US/captions.js,,0e29c58b5710db7ced553482437eab45c4ca9b6ea19dc4a4e8c87b71a2d8bc51,0
https://www.youtube.com/s/player/2721aa5c/www-player.css,,e73a47994fe46c3ca05cd3ef31752f0ad98c50d05aa83925177ae0d422d4e202,0
https://www.youtube.com/s/player/2721aa5c/www-widgetapi.vflset/www-widgetapi.js,,e9abd0d74c5ecca848c706e3f94780a00efc33f66f1a7971ded040458851fd69,0
https://www.youtube.com/s/player/27422632/player_ias.vflset/en_US/base.js,,bb5e6355cd07bcadc8d65b0688bf1cd97fbd0a07c1a0eb96e1157bc726d65150,0
https://www.youtube.com/s/player/27422632/player_ias.vflset/en_US/captions.js,,d20696559c318baece9f3b79080d37c81d09f3a1cb6f1ae08168e820e715d365,0
https://www.youtube.com/s/player/27422632/www-player.css,,9c31f423839c1ab761a788c0bbb45fd5a210055991c23d5dec093cf0f9e25bef,0
https://www.youtube.com/s/player/27422632/www-widgetapi.vflset/www-widgetapi.js,,11aa7946df12674187e45a29c8a083a30cefb5e625985b2405c1d0fb710e56b2,0
https://www.youtube.com/s/player/2837ca40/player_ias.vflset/en_US/base.js,,9478921e9221deefa180ad474c5708fab967de1bdeab304c756c4b8c3adda0a9,0
https://www.youtube.com/s/player/2837ca40/player_ias.vflset/en_US/captions.js,,9fdfff0560690e6c59376992892e87faad5991fdf25e3d3df23ab78ed9b0823b,0
https://www.youtube.com/s/player/2837ca40/www-player.css,,921b6856085a224b1ca2e5db139b1788c01d4dd1e70daca7006b6a7b381bdae1,0
https://www.youtube.com/s/player/2837ca40/www-widgetapi.vflset/www-widgetapi.js,,3aeb791f41afb9d7500326010b8852214536360b695c2d0328f4fd265badb21f,0
https://www.youtube.com/s/player/2868f080/player_ias.vflset/en_US/base.js,,f575b4762cf8ab97fc9470d8ed55e996e6994d263042762c109d2299703cb101,0
https://www.youtube.com/s/player/2868f080/player_ias.vflset/en_US/captions.js,,2f4413aea4ae79b7120c0a8b039edcd63942936ff44da88659cde8b01e0dae31,0
https://www.youtube.com/s/player/2868f080/www-player.css,,81c275d35a2e688fc5bd90aac9d51ea3382b95cf4bc4404db754c69164ea6971,0
https://www.youtube.com/s/player/2868f080/www-widgetapi.vflset/www-widgetapi.js,,9af313ed10b2fb2eb40b7cf476ec0ba74a3babe175e1bfc5d02308aeb54309fd,0
https://www.youtube.com/s/player/2886e0fc/player_ias.vflset/en_US/base.js,,04c8b544503ae0f0e47385f3e2183eff5de07124634b1a8bca84135a6f4d2c92,0
https://www.youtube.com/s/player/2886e0fc/player_ias.vflset/en_US/captions.js,,c6c9101692500af9e38fd73c19ec5aff0d3af7405c10e9dc430bbc3245ba452b,0
https://www.youtube.com/s/player/2886e0fc/www-player.css,,921b6856085a224b1ca2e5db139b1788c01d4dd1e70daca7006b6a7b381bdae1,0
https://www.youtube.com/s/player/2886e0fc/www-widgetapi.vflset/www-widgetapi.js,,3aeb791f41afb9d7500326010b8852214536360b695c2d0328f4fd265badb21f,0
https://www.youtube.com/s/player/28b37ef2/player_ias.vflset/en_US/base.js,,f09263823f2cd58e9676385d5caba103c1e267450cd36af4ecb1c22ceb65507f,0
https://www.youtube.com/s/player/28b37ef2/player_ias.vflset/en_US/captions.js,,bb9b54f9e1295e6c959ca9d632b8d4f111a71e1a33b237d7bba9e16a8087f200,0
https://www.youtube.com/s/player/28b37ef2/www-player.css,,7aca61589965311619d927da66c4fd6c266bfd5a9a263a5cd203e935270a4428,0
https://www.youtube.com/s/player/28b37ef2/www-widgetapi.vflset/www-widgetapi.js,,3aeb791f41afb9d7500326010b8852214536360b695c2d0328f4fd265badb21f,0
https://www.youtube.com/s/player/290465a5/player_ias.vflset/en_US/base.js,,f8baed382c183b39108ef006652daaf6b7ae1b7d9ee0f8d9a737696a1939ddce,0
https://www.youtube.com/s/player/290465a5/player_ias.vflset/en_US/captions.js,,276192e39a372cfbb4a97814aa4aecf63d1c166274eccf5887d4325c88857ca4,0
https://www.youtube.com/s/player/290465a5/www-player.css,,c1266aa5ccb770d4191058a5eff5c40d0e88ab06d5cfbb81025ef0105572f5f2,0
https://www.youtube.com/s/player/290465a5/www-widgetapi.vflset/www-widgetapi.js,,e9abd0d74c5ecca848c706e3f94780a00efc33f66f1a7971ded040458851fd69,0
https://www.youtube.com/s/player/292d23a7/player_ias.vflset/en_US/base.js,,a3b2b3f71c664dc1bd611e296b35a85a65b175a94124eecb587e3a8b73b02cb8,0
https://www.youtube.com/s/player/292d23a7/player_ias.vflset/en_US/captions.js,,b92a04a858ee6655ae5753fbcd26e443957aa0633ada8c48d63ee1aa8464a4bf,0
https://www.youtube.com/s/player/292d23a7/www-player.css,,4501bc83f7fe6c0de41512e5f91fcf9457f7a8a3aab18e3c38973eb6a6ae0b55,0
https://www.youtube.com/s/player/292d23a7/www-widgetapi.vflset/www-widgetapi.js,,3aeb791f41afb9d7500326010b8852214536360b695c2d0328f4fd265badb21f,0
https://www.youtube.com/s/player/29a37ef6/player_ias.vflset/en_US/base.js,,f80c78d73e5eb45bb873910aae6afde1f33c76fa403e5b671b6ebe5e567d3a37,0
https://www.youtube.com/s/player/29a37ef6/player_ias.vflset/en_US/captions.js,,49bf9c06b71e6355e19394cb7c234b967f82b40ae454dae247f79d0e7c8fcc63,0
https://www.youtube.com/s/player/29a37ef6/www-player.css,,13dd54e1acc89e3a21f9685ed0f71925e12e3a1959e4829a1ee0b1836ecfa205,0
https://www.youtube.com/s/player/29a37ef6/www-widgetapi.vflset/www-widgetapi.js,,18d619cca2e3abb300d71fe37b163b91b71a327303f320e047248c0cc3a1d879,0
https://www.youtube.com/s/player/2a850cbf/player_ias.vflset/en_US/base.js,,0911d847fc971f0a3bf2df8d70fdc79e8868979b76fea0442aba5a5576595b9f,0
https://www.youtube.com/s/player/2a850cbf/player_ias.vflset/en_US/captions.js,,2de1654d8753a3b8f9f83e617747efcb38e8c9679fcd41960b8f921a0b6ff753,0
https://www.youtube.com/s/player/2a850cbf/www-player.css,,1074e75f7621bc7e5e6c75ffbeea96f6fa9f266029361ba4124dd4d3baa69fef,0
https://www.youtube.com/s/player/2a850cbf/www-widgetapi.vflset/www-widgetapi.js,,9af313ed10b2fb2eb40b7cf476ec0ba74a3babe175e1bfc5d02308aeb54309fd,0
https://www.youtube.com/s/player/2b8b264c/player_ias.vflset/en_US/base.js,,e7f0fac0591b64453e6587a6c455cc4729db733c9cb51dbb25ba873ff56f645b,0
https://www.youtube.com/s/player/2b8b264c/player_ias.vflset/en_US/captions.js,,6c366575332a23c82010fe5426193e328a5321b36f5220a2a9d7a1ef24334546,0
https://www.youtube.com/s/player/2b8b264c/www-player.css,,f140b6831469664f09fb07ae991e983b46752deaa9d8a8b214852f235ea6e7d0,0
https://www.youtube.com/s/player/2b8b264c/www-widgetapi.vflset/www-widgetapi.js,,9af313ed10b2fb2eb40b7cf476ec0ba74a3babe175e1bfc5d02308aeb54309fd,0
https://www.youtube.com/s/player/2c20326e/player_ias.vflset/en_US/base.js,,7df501000b210752c80d636761307e7d4bf2972061a16f0f1f7db23c11697a94,0
https://www.youtube.com/s/player/2c20326e/player_ias.vflset/en_US/captions.js,,9b96a2712655aa88a6aa12a093b1e213f57b1c1453d9ad2ad364a079a47b29cd,0
https://www.youtube.com/s/player/2c20326e/www-player.css,,1d7a0382972006be1b407113b8b13cc6fb4d6dd54f08b0efd987a14c67d4c147,0
https://www.youtube.com/s/player/2c20326e/www-widgetapi.vflset/www-widgetapi.js,,3aeb791f41afb9d7500326010b8852214536360b695c2d0328f4fd265badb21f,0
https://www.youtube.com/s/player/2c206033/player_ias.vflset/en_US/base.js,,6e01174df15beaa358255179127f90652e82ea8879b78e249724da10e3e9e092,0
https://www.youtube.com/s/player/2c206033/player_ias.vflset/en_US/captions.js,,d7f18499da75197defb9bd1e7821f776ef7a51d2d49e08bcc2df412e28a4adb8,0
https://www.youtube.com/s/player/2c206033/www-player.css,,d5b344b8a6d0a02864884c9b037f5f11921381cdfbddb2f8a643d1a8cbe9cef8,0
https://www.youtube.com/s/player/2c206033/www-widgetapi.vflset/www-widgetapi.js,,9af313ed10b2fb2eb40b7cf476ec0ba74a3babe175e1bfc5d02308aeb54309fd,0
https://www.youtube.com/s/player/2c847785/player_ias.vflset/en_US/base.js,,f106e2fe7e81574089b2b41364f5508bba9f12adb942178f6e655118ef4db2cb,0
https://www.youtube.com/s/player/2c847785/player_ias.vflset/en_US/captions.js,,4e457b53faa1f98ff2c5e42c6fef04c542101991641b29e83a3e40dbebd54fd5,0
https://www.youtube.com/s/player/2c847785/www-player.css,,798b8326094d9277d1ffc31f005748c2fb5185c0b278176a2774d2b8511945a0,0
https://www.youtube.com/s/player/2c847785/www-widgetapi.vflset/www-widgetapi.js,,3aeb791f41afb9d7500326010b8852214536360b695c2d0328f4fd265badb21f,0
https://www.youtube.com/s/player/2d01abf7/player_ias.vflset/en_US/base.js,,77a8c2264f066d97d57f9d2050972f854d7af3d912f44f6ec9303c24eba1484c,0
https://www.youtube.com/s/player/2d01abf7/player_ias.vflset/en_US/captions.js,,ae7f2038a149eaf0a6327ae3650d2a6d60839868900817e8c24929f24d2c33ed,0
https://www.youtube.com/s/player/2d01abf7/www-player.css,,0d994eb0e617b6087b915cb1bdc2bb56f40826f1b3d182277c0915aedec24671,0
https://www.youtube.com/s/player/2d01abf7/www-widgetapi.vflset/www-widgetapi.js,,9af313ed10b2fb2eb40b7cf476ec0ba74a3babe175e1bfc5d02308aeb54309fd,0
https://www.youtube.com/s/player/2de960cb/player_ias.vflset/en_US/base.js,,e91fb83f58113310c40297ee230c52b0721d0be3db7723959be0766d7930c3da,0
https://www.youtube.com/s/player/2de960cb/player_ias.vflset/en_US/captions.js,,93ca4d0af6c808882f238667f935148a9980f2aa960289fb3f66fe79016f2f8e,0
https://www.youtube.com/s/player/2de960cb/www-player.css,,921b6856085a224b1ca2e5db139b1788c01d4dd1e70daca7006b6a7b381bdae1,0
https://www.youtube.com/s/player/2de960cb/www-widgetapi.vflset/www-widgetapi.js,,3aeb791f41afb9d7500326010b8852214536360b695c2d0328f4fd265badb21f,0
https://www.youtube.com/s/player/2ef249c2/player_ias.vflset/en_US/base.js,,9d0b825ab0f26bb346ab2b7294b1fbd50d54ae4583533a8c7b6484cc6e4bd360,0
https://www.youtube.com/s/player/2ef249c2/player_ias.vflset/en_US/captions.js,,b1c7b5e84ec994a586d268c821cc17604e95db3a70f0f3fa4974500f94fc31ba,0
https://www.youtube.com/s/player/2ef249c2/www-player.css,,e7c8a5055316b32ab0baa115589477ca4edf8a28372005da3ab230c85660d3f4,0
https://www.youtube.com/s/player/2ef249c2/www-widgetapi.vflset/www-widgetapi.js,,9af313ed10b2fb2eb40b7cf476ec0ba74a3babe175e1bfc5d02308aeb54309fd,0
https://www.youtube.com/s/player/2f2d5103/player_ias.vflset/en_US/base.js,,3538cbbe915b07e5ef63908245854f47b8651840d773c8db92fa00b7df0de9c3,0
https://www.youtube.com/s/player/2f2d5103/player_ias.vflset/en_US/captions.js,,595e4e44900270565fe81d84d769950ee8c8bb64f97b7a11876a8c24a7efab78,0
https://www.youtube.com/s/player/2f2d5103/www-player.css,,cfd52c611020fb575d85fc138c1cc172eebdb9bff20d464f90993923cf5cb64b,0
https://www.youtube.com/s/player/2f2d5103/www-widgetapi.vflset/www-widgetapi.js,,3aeb791f41afb9d7500326010b8852214536360b695c2d0328f4fd265badb21f,0
https://www.youtube.com/s/player/2f47d04e/player_ias.vflset/en_US/base.js,,4f18551bb1b2d65aeeae0a162c9e4d1613f485e747a4d32f96a9e1f58beee493,0
https://www.youtube.com/s/player/2f47d04e/player_ias.vflset/en_US/captions.js,,b2e6d1d81b4aec6861230e4a67be1f26917d4b45874994f7d322b5dee80649bc,0
https://www.youtube.com/s/player/2f47d04e/www-player.css,,1074e75f7621bc7e5e6c75ffbeea96f6fa9f266029361ba4124dd4d3baa69fef,0
https://www.youtube.com/s/player/2f47d04e/www-widgetapi.vflset/www-widgetapi.js,,9af313ed10b2fb2eb40b7cf476ec0ba74a3babe175e1bfc5d02308aeb54309fd,0
https://www.youtube.com/s/player/302f98ca/player_ias.vflset/en_US/base.js,,815ee2be138bc87cd8d37e5712f0b0217195eeed38cbde0b1acb020f210c5174,0
https://www.youtube.com/s/player/302f98ca/player_ias.vflset/en_US/captions.js,,b3304b921e02c0561e2c15171b53f48152d28118b05ce334465e8691ad144f08,0
https://www.youtube.com/s/player/302f98ca/www-player.css,,8345f5d06b1e06a8dcf60075eee7e564059f238a85eb6f34b6ce41fab50ce074,0
https://www.youtube.com/s/player/302f98ca/www-widgetapi.vflset/www-widgetapi.js,,3aeb791f41afb9d7500326010b8852214536360b695c2d0328f4fd265badb21f,0
https://www.youtube.com/s/player/3062cec8/player_ias.vflset/en_US/base.js,,2a5319dae02ef52955dd1572bfcc6a3b596a7fccff64fcab8085ce5228d53ec6,0
https://www.youtube.com/s/player/3062cec8/player_ias.vflset/en_US/captions.js,,8770b262b565ca41c440c994909f5af32ccc84aa1d30b9f5a7660e10792b4ac3,0
https://www.youtube.com/s/player/3062cec8/www-player.css,,6cb0f42858f1cf72cc7d33c674fbf6ace5f2e99a150cede7afd50ec1b7ac8d25,0
https://www.youtube.com/s/player/3062cec8/www-widgetapi.vflset/www-widgetapi.js,,11aa7946df12674187e45a29c8a083a30cefb5e625985b2405c1d0fb710e56b2,0
https://www.youtube.com/s/player/30b88c09/player_ias.vflset/en_US/base.js,,1339a24b3ffd27a222a94886f090ffdbe29f998125a602354f6b1f4ea8a5090e,0
https://www.youtube.com/s/player/30b88c09/player_ias.vflset/en_US/captions.js,,404c7493cdb56b5b235e7e3b011a73e5de1a3bfc3273b2426d9485bd8c9f54ab,0
https://www.youtube.com/s/player/30b88c09/www-player.css,,e7c8a5055316b32ab0baa115589477ca4edf8a28372005da3ab230c85660d3f4,0
https://www.youtube.com/s/player/30b88c09/www-widgetapi.vflset/www-widgetapi.js,,9af313ed10b2fb2eb40b7cf476ec0ba74a3babe175e1bfc5d02308aeb54309fd,0
https://www.youtube.com/s/player/30bd0d3a/player_ias.vflset/en_US/base.js,,11ac42d212d000222faf48c41ea2f2b3d8d79a54349593455ced199a1d66c237,0
https://www.youtube.com/s/player/30bd0d3a/player_ias.vflset/en_US/captions.js,,77205be45419c1e10296af189878f0975ebc492d998da12ef737a236150609df,0
https://www.youtube.com/s/player/30bd0d3a/www-player.css,,aed8e79fbe210a9b3e958681a1931b19baa85741b51cabf87b5101e4e0e2cd7b,0
https://www.youtube.com/s/player/30bd0d3a/www-widgetapi.vflset/www-widgetapi.js,,9af313ed10b2fb2eb40b7cf476ec0ba74a3babe175e1bfc5d02308aeb54309fd,0
https://www.youtube.com/s/player/316b61b4/player_ias.vflset/en_US/base.js,,ea08f0b8566a9916e3e50a7b1a4de32470be8e5ab321e575cdb8d45895a570d2,0
https://www.youtube.com/s/player/316b61b4/player_ias.vflset/en_US/captions.js,,d9b77a9db8b45dfde0798bd36469428ae8578fc7bca7ccde3717716de66c1ee6,0
https://www.youtube.com/s/player/316b61b4/www-player.css,,c1266aa5ccb770d4191058a5eff5c40d0e88ab06d5cfbb81025ef0105572f5f2,0
https://www.youtube.com/s/player/316b61b4/www-widgetapi.vflset/www-widgetapi.js,,e9abd0d74c5ecca848c706e3f94780a00efc33f66f1a7971ded040458851fd69,0
https://www.youtube.com/s/player/31da54c0/player_ias.vflset/en_US/base.js,,e1ece8b5276ee94a43ff9366b4703557dcc48f47b07e350024dc1bee2c83fc1a,0
https://www.youtube.com/s/player/31da54c0/player_ias.vflset/en_US/captions.js,,927476dd07432f4c426dc186f4809d39d0f68967dcef051f9b0acd01590f35cb,0
https://www.youtube.com/s/player/31da54c0/www-player.css,,8dd0861016ff7bfa3fa5810d683be16d2e6ab9c70a639428f71a78b39f93b9b9,0
https://www.youtube.com/s/player/31da54c0/www-widgetapi.vflset/www-widgetapi.js,,e9abd0d74c5ecca848c706e3f94780a00efc33f66f1a7971ded040458851fd69,0
https://www.youtube.com/s/player/321b2c25/player_ias.vflset/en_US/base.js,,ae95fec4d1bb329bda200cfa440e920b08d7c8bacc397778154077faa3b87b4b,0
https://www.youtube.com/s/player/321b2c25/player_ias.vflset/en_US/captions.js,,a017a5729dfc3b7bec3697d0cad08008e1cc7cef3e8456b3c0315cccfd37a164,0
https://www.youtube.com/s/player/321b2c25/www-player.css,,ca7992e78f5e015470a829868dc51a6e71c2e6eae256695e908b3f9f56e9c1e7,0
https://www.youtube.com/s/player/321b2c25/www-widgetapi.vflset/www-widgetapi.js,,e9abd0d74c5ecca848c706e3f94780a00efc33f66f1a7971ded040458851fd69,0
https://www.youtube.com/s/player/3231b148/player_ias.vflset/en_US/base.js,,df5a5729e9a71a4d47bfaadebf1f8b4e8991f4f4d4fa8c4fae28459befd799a3,0
https://www.youtube.com/s/player/3231b148/player_ias.vflset/en_US/captions.js,,595e4e44900270565fe81d84d769950ee8c8bb64f97b7a11876a8c24a7efab78,0
https://www.youtube.com/s/player/3231b148/www-player.css,,cfd52c611020fb575d85fc138c1cc172eebdb9bff20d464f90993923cf5cb64b,0
https://www.youtube.com/s/player/3231b148/www-widgetapi.vflset/www-widgetapi.js,,3aeb791f41afb9d7500326010b8852214536360b695c2d0328f4fd265badb21f,0
https://www.youtube.com/s/player/3241c7eb/player_ias.vflset/en_US/base.js,,ad69b4e3b5564da8b6dc086afefa635bb6bf46af70dd04e6af40a486679ff800,0
https://www.youtube.com/s/player/3241c7eb/player_ias.vflset/en_US/captions.js,,7af65d4d0c5a077483eef8daed1589703321cf7653e088f066e9e9948e090d78,0
https://www.youtube.com/s/player/3241c7eb/www-player.css,,921b6856085a224b1ca2e5db139b1788c01d4dd1e70daca7006b6a7b381bdae1,0
https://www.youtube.com/s/player/3241c7eb/www-widgetapi.vflset/www-widgetapi.js,,3aeb791f41afb9d7500326010b8852214536360b695c2d0328f4fd265badb21f,0
https://www.youtube.com/s/player/3262ee78/player_ias.vflset/en_US/base.js,,f2953fa9116094d6c8c46db3dcd6fe178a21d4ea2953161a8cec27c24387161a,0
https://www.youtube.com/s/player/3262ee78/player_ias.vflset/en_US/captions.js,,1c6e66d9de08d45a97730ceb3ca36037071a60be65893463892b0a9cd9b28574,0
https://www.youtube.com/s/player/3262ee78/www-player.css,,cfd52c611020fb575d85fc138c1cc172eebdb9bff20d464f90993923cf5cb64b,0
https://www.youtube.com/s/player/3262ee78/www-widgetapi.vflset/www-widgetapi.js,,3aeb791f41afb9d7500326010b8852214536360b695c2d0328f4fd265badb21f,0
https://www.youtube.com/s/player/32928ebd/player_ias.vflset/en_US/base.js,,9f53c18280fbf57e67ed25df125f5522c9886e019cf32de785ce7fb6605a8fe8,0
https://www.youtube.com/s/player/32928ebd/player_ias.vflset/en_US/captions.js,,6fd994c71b2ab8f4e8bf4db060c6cf16dd689462b0330fd65add5a33ec09e5ec,0
https://www.youtube.com/s/player/32928ebd/www-player.css,,14a39ca2157acf89f00909fa7bec1629d375ff52d44e7016b40e691d8f4b23a8,0
https://www.youtube.com/s/player/32928ebd/www-widgetapi.vflset/www-widgetapi.js,,9af313ed10b2fb2eb40b7cf476ec0ba74a3babe175e1bfc5d02308aeb54309fd,0
https://www.youtube.com/s/player/329e7d83/player_ias.vflset/en_US/base.js,,7aa178f6efb45f246939af982fed2a6a8e79b0b60055de86231c380ba52b76db,0
https://www.youtube.com/s/player/329e7d83/player_ias.vflset/en_US/captions.js,,6896e0c520f104b187e6c8f209b69245874e9ef324c2bf4701ec33a5b413a7f6,0
https://www.youtube.com/s/player/329e7d83/www-player.css,,e7c8a5055316b32ab0baa115589477ca4edf8a28372005da3ab230c85660d3f4,0
https://www.youtube.com/s/player/329e7d83/www-widgetapi.vflset/www-widgetapi.js,,9af313ed10b2fb2eb40b7cf476ec0ba74a3babe175e1bfc5d02308aeb54309fd,0
https://www.youtube.com/s/player/32a343c8/player_ias.vflset/en_US/base.js,,3857c0f89ef25d463d9917fe29e0899fa23a690b2cb225b78966def6dd5471dc,0
https://www.youtube.com/s/player/32a343c8/player_ias.vflset/en_US/captions.js,,1c62c50b1dda4a533f176f5170b1e79fd0adf6959f10b4a52d5b9dca8be4f151,0
https://www.youtube.com/s/player/32a343c8/www-player.css,,7c7eb8252199ec9042290b1044ed1ba5ed8847ee516771bbe6dd27f9f16a608c,0
https://www.youtube.com/s/player/32a343c8/www-widgetapi.vflset/www-widgetapi.js,,e9abd0d74c5ecca848c706e3f94780a00efc33f66f1a7971ded040458851fd69,0
https://www.youtube.com/s/player/32dc5910/player_ias.vflset/en_US/base.js,,7425ba1d0a46ad2819e01020b8490c30bfc908279684eca67b8347b4c80243af,0
https://www.youtube.com/s/player/32dc5910/player_ias.vflset/en_US/captions.js,,f88daadd35519c42fe0e62696acb712c81ad03a0787bca69c738dbd24e1c54d2,0
https://www.youtube.com/s/player/32dc5910/www-player.css,,8dd0861016ff7bfa3fa5810d683be16d2e6ab9c70a639428f71a78b39f93b9b9,0
https://www.youtube.com/s/player/32dc5910/www-widgetapi.vflset/www-widgetapi.js,,e9abd0d74c5ecca848c706e3f94780a00efc33f66f1a7971ded040458851fd69,0
https://www.youtube.com/s/player/341562bc/player_ias.vflset/en_US/base.js,,3f50c34d03d4150a803de33bf4d64f1ae6e65553e70b9ad277229d5305e88a88,0
https://www.youtube.com/s/player/341562bc/player_ias.vflset/en_US/captions.js,,e512d88905f671a3631ed34507aed57e90883d6f438399347b39fb7fb7b87b72,0
https://www.youtube.com/s/player/341562bc/www-player.css,,fb2f17a87256c403f2fcc1c7c643ca1afa249ed19dd15907197262a202357262,0
https://www.youtube.com/s/player/341562bc/www-widgetapi.vflset/www-widgetapi.js,,3aeb791f41afb9d7500326010b8852214536360b695c2d0328f4fd265badb21f,0
https://www.youtube.com/s/player/3510b6ff/player_ias.vflset/en_US/base.js,,276c431d57ab8a6bb44182f799bae74e70bdf5cb984bc87fd9898323bd15ebfa,0
https://www.youtube.com/s/player/3510b6ff/player_ias.vflset/en_US/captions.js,,01ed7b6d598f2a212db5ef522658e61a4568c688671abfed40f46efb1cfea5f1,0
https://www.youtube.com/s/player/3510b6ff/www-player.css,,29d34e9e6307e455bd2f297147351746386bf5aa097920f69d7d4771fb9f16e4,0
https://www.youtube.com/s/player/3510b6ff/www-widgetapi.vflset/www-widgetapi.js,,e9abd0d74c5ecca848c706e3f94780a00efc33f66f1a7971ded040458851fd69,0
https://www.youtube.com/s/player/3544d5aa/player_ias.vflset/en_US/base.js,,b3c6df9c8b0d6237552615f2cf441d4c083b0fca23eea07d5fe1fabe2ec391a7,0
https://www.youtube.com/s/player/3544d5aa/player_ias.vflset/en_US/captions.js,,0e29c58b5710db7ced553482437eab45c4ca9b6ea19dc4a4e8c87b71a2d8bc51,0
https://www.youtube.com/s/player/3544d5aa/www-player.css,,e73a47994fe46c3ca05cd3ef31752f0ad98c50d05aa83925177ae0d422d4e202,0
https://www.youtube.com/s/player/3544d5aa/www-widgetapi.vflset/www-widgetapi.js,,e9abd0d74c5ecca848c706e3f94780a00efc33f66f1a7971ded040458851fd69,0
https://www.youtube.com/s/player/35c1167d/player_ias.vflset/en_US/base.js,,89165f47acfb750e31b8c34dced8b1aff377e366c531e973872867c91ca57285,0
https://www.youtube.com/s/player/35c1167d/player_ias.vflset/en_US/captions.js,,987b7083a993d334425156b801370bd934b80eade3e7792c521bfddbfa13cdf4,0
https://www.youtube.com/s/player/35c1167d/www-player.css,,e7c8a5055316b32ab0baa115589477ca4edf8a28372005da3ab230c85660d3f4,0
https://www.youtube.com/s/player/35c1167d/www-widgetapi.vflset/www-widgetapi.js,,9af313ed10b2fb2eb40b7cf476ec0ba74a3babe175e1bfc5d02308aeb54309fd,0
https://www.youtube.com/s/player/35df120f/player_ias.vflset/en_US/base.js,,3cc789ad4f234a9630e835330c39ded17dec9da68b7a2b662a27c54471544a62,0
https://www.youtube.com/s/player/35df120f/player_ias.vflset/en_US/captions.js,,51f8a866d31635e1e64c5ed2d9edf69d9b4907dd570919058c48f7dd0a55b808,0
https://www.youtube.com/s/player/35df120f/www-player.css,,0d994eb0e617b6087b915cb1bdc2bb56f40826f1b3d182277c0915aedec24671,0
https://www.youtube.com/s/player/35df120f/www-widgetapi.vflset/www-widgetapi.js,,9af313ed10b2fb2eb40b7cf476ec0ba74a3babe175e1bfc5d02308aeb54309fd,0
https://www.youtube.com/s/player/367cdf18/player_ias.vflset/en_US/base.js,,5c3615813a0948e201386685a52acf77dc57c09daa7572554200729ab1d9dd19,0
https://www.youtube.com/s/player/367cdf18/player_ias.vflset/en_US/captions.js,,a017a5729dfc3b7bec3697d0cad08008e1cc7cef3e8456b3c0315cccfd37a164,0
https://www.youtube.com/s/player/367cdf18/www-player.css,,ca7992e78f5e015470a829868dc51a6e71c2e6eae256695e908b3f9f56e9c1e7,0
https://www.youtube.com/s/player/367cdf18/www-widgetapi.vflset/www-widgetapi.js,,e9abd0d74c5ecca848c706e3f94780a00efc33f66f1a7971ded040458851fd69,0
https://www.youtube.com/s/player/3810daca/player_ias.vflset/en_US/base.js,,554982a85dea67e5c544c1dbe2f88df59f5553daf95986bd8b748f4bbe7c32ed,0
https://www.youtube.com/s/player/3810daca/player_ias.vflset/en_US/captions.js,,624e3022e2f1f15b9d315ff3b16810cc5441d3232ce70cf56d021a3889b9894c,0
https://www.youtube.com/s/player/3810daca/www-player.css,,24cb353f7db6c8025eaf8648aa1f941cddfac84342d06ed4fb9def4523328bb3,0
https://www.youtube.com/s/player/3810daca/www-widgetapi.vflset/www-widgetapi.js,,b6b18fb0c355a9e4fca44acd186be76ecca76232c4eaa4f2e11ff06026e9c3f4,0
https://www.youtube.com/s/player/3859fa39/player_ias.vflset/en_US/base.js,,965404226125522df85bf9ae1c7e0673f8d81afcb897db8eff13d4624f5ffe62,0
https://www.youtube.com/s/player/3859fa39/player_ias.vflset/en_US/captions.js,,518bdd72a508bfe21b1a19bef2c9ec128add52a921e228f77fcba2c2b4efec61,0
https://www.youtube.com/s/player/3859fa39/www-player.css,,0d994eb0e617b6087b915cb1bdc2bb56f40826f1b3d182277c0915aedec24671,0
https://www.youtube.com/s/player/3859fa39/www-widgetapi.vflset/www-widgetapi.js,,9af313ed10b2fb2eb40b7cf476ec0ba74a3babe175e1bfc5d02308aeb54309fd,0
https://www.youtube.com/s/player/385b0585/player_ias.vflset/en_US/base.js,,d0f19fba53639952fb115483366d5b611b9f6536bc0fb17de94b9ec04e1de221,0
https://www.youtube.com/s/player/385b0585/player_ias.vflset/en_US/captions.js,,70811a953e82f447f770c88b2b249d68e1cb05106de3b367b9b23d03a22da53d,0
https://www.youtube.com/s/player/385b0585/www-player.css,,ed75e47b996f41da27d3aa3997bf0f0d632a4d02cefbe8572870acb51e4ed891,0
https://www.youtube.com/s/player/385b0585/www-widgetapi.vflset/www-widgetapi.js,,b6b18fb0c355a9e4fca44acd186be76ecca76232c4eaa4f2e11ff06026e9c3f4,0
https://www.youtube.com/s/player/3891b194/player_ias.vflset/en_US/base.js,,7b2a5dcf5094602d46c0ec448dd54a1b470621cd2c4264e879891c4796191d37,0
https://www.youtube.com/s/player/3891b194/player_ias.vflset/en_US/captions.js,,f0cb9912c19f5cec40164ca17b900db862872bc621c2724f3497e03b9d3c3431,0
https://www.youtube.com/s/player/3891b194/www-player.css,,ed75e47b996f41da27d3aa3997bf0f0d632a4d02cefbe8572870acb51e4ed891,0
https://www.youtube.com/s/player/3891b194/www-widgetapi.vflset/www-widgetapi.js,,b6b18fb0c355a9e4fca44acd186be76ecca76232c4eaa4f2e11ff06026e9c3f4,0
https://www.youtube.com/s/player/38bfa716/player_ias.vflset/en_US/base.js,,24be41bd910e26371523fdff4f901c07b3f60e07a22424db58e3aa56918682dc,0
https://www.youtube.com/s/player/38bfa716/player_ias.vflset/en_US/captions.js,,94861d570cf43bc97246decbe70a49ff93cdf2b45543163c14e19ce63a49acad,0
https://www.youtube.com/s/player/38bfa716/www-player.css,,7c7eb8252199ec9042290b1044ed1ba5ed8847ee516771bbe6dd27f9f16a608c,0
https://www.youtube.com/s/player/38bfa716/www-widgetapi.vflset/www-widgetapi.js,,e9abd0d74c5ecca848c706e3f94780a00efc33f66f1a7971ded040458851fd69,0
https://www.youtube.com/s/player/38dca859/player_ias.vflset/en_US/base.js,,19ece9c478eb5e1ba58200df6cb2926b9e0a46b507d0e49c4625a083690eb6e2,0
https://www.youtube.com/s/player/38dca859/player_ias.vflset/en_US/captions.js,,404c7493cdb56b5b235e7e3b011a73e5de1a3bfc3273b2426d9485bd8c9f54ab,0
https://www.youtube.com/s/player/38dca859/www-player.css,,e7c8a5055316b32ab0baa115589477ca4edf8a28372005da3ab230c85660d3f4,0
https://www.youtube.com/s/player/38dca859/www-widgetapi.vflset/www-widgetapi.js,,9af313ed10b2fb2eb40b7cf476ec0ba74a3babe175e1bfc5d02308aeb54309fd,0
https://www.youtube.com/s/player/38e0f4b0/player_ias.vflset/en_US/base.js,,7adced997e8fc7fad9e9bb97eb42445b70cde264f7ea9eea40d4e6fb5465dcba,0
https://www.youtube.com/s/player/38e0f4b0/player_ias.vflset/en_US/captions.js,,4a7556565805186788b090b2b79f0e9a53cd8218df0a4daff889c1cf06acc86b,0
https://www.youtube.com/s/player/38e0f4b0/www-player.css,,13dd54e1acc89e3a21f9685ed0f71925e12e3a1959e4829a1ee0b1836ecfa205,0
https://www.youtube.com/s/player/38e0f4b0/www-widgetapi.vflset/www-widgetapi.js,,18d619cca2e3abb300d71fe37b163b91b71a327303f320e047248c0cc3a1d879,0
https://www.youtube.com/s/player/38e8e189/player_ias.vflset/en_US/base.js,,565f414c822d8f8909e623b8bb93324f7c42b596dd5277382ec1e04cb98743c1,0
https://www.youtube.com/s/player/38e8e189/player_ias.vflset/en_US/captions.js,,37e9e6a69609a7d5304e1f278e101b33e4bd347d41de7d5ca94677267670f2a2,0
https://www.youtube.com/s/player/38e8e189/www-player.css,,6503becd8abddddc2a7cf3e598efe9f7aca089bf56f4a497624c8839845453fd,0
https://www.youtube.com/s/player/38e8e189/www-widgetapi.vflset/www-widgetapi.js,,c2dcf46501a48a87a7859596834012e81569a181f7b80bda4d91b04798f84751,0
https://www.youtube.com/s/player/39a85230/player_ias.vflset/en_US/base.js,,2e8223a5c5418e6d3959b9995d970917eaf672db38715eb96a0efe07f5eea61b,0
https://www.youtube.com/s/player/39a85230/player_ias.vflset/en_US/captions.js,,9725d3e488a44e843d8d611f5ddb60a599d0b90c02a9f5a4b3e0f51422ffd4c3,0
https://www.youtube.com/s/player/39a85230/www-player.css,,3053767d9a476b52e0e3e9cd9d835fe26adaae79983c90212329e5915f41c56a,0
https://www.youtube.com/s/player/39a85230/www-widgetapi.vflset/www-widgetapi.js,,b6b18fb0c355a9e4fca44acd186be76ecca76232c4eaa4f2e11ff06026e9c3f4,0
https://www.youtube.com/s/player/39e52c11/player_ias.vflset/en_US/base.js,,07cf93a0cbfd63c22e868ffb45ee490158022fa9ef9b3b7bca7a64df361cb0cb,0
https://www.youtube.com/s/player/39e52c11/player_ias.vflset/en_US/captions.js,,be866923becbeb504319482fe7ed890f108523b72313a2ca0f307e91f88fb82d,0
https://www.youtube.com/s/player/39e52c11/www-player.css,,ed75e47b996f41da27d3aa3997bf0f0d632a4d02cefbe8572870acb51e4ed891,0
https://www.youtube.com/s/player/39e52c11/www-widgetapi.vflset/www-widgetapi.js,,3aeb791f41afb9d7500326010b8852214536360b695c2d0328f4fd265badb21f,0
https://www.youtube.com/s/player/3b846ccb/player_ias.vflset/en_US/base.js,,e697f8bed6fa1c244a8a910c9d6094e0d2fa495cb4030d0579e59203839f73a2,0
https://www.youtube.com/s/player/3b846ccb/player_ias.vflset/en_US/captions.js,,b2e6d1d81b4aec6861230e4a67be1f26917d4b45874994f7d322b5dee80649bc,0
https://www.youtube.com/s/player/3b846ccb/www-player.css,,1074e75f7621bc7e5e6c75ffbeea96f6fa9f266029361ba4124dd4d3baa69fef,0
https://www.youtube.com/s/player/3b846ccb/www-widgetapi.vflset/www-widgetapi.js,,9af313ed10b2fb2eb40b7cf476ec0ba74a3babe175e1bfc5d02308aeb54309fd,0
https://www.youtube.com/s/player/3bd821dc/player_ias.vflset/en_US/base.js,,21e9cd5be094fdc77691265debae0d5ce4e994522b03bc54271719f95fde5938,0
https://www.youtube.com/s/player/3bd821dc/player_ias.vflset/en_US/captions.js,,b1df23bc8245adb1bda4987b5e6818c559c6e3078a7f12718d089f765a30fe08,0
https://www.youtube.com/s/player/3bd821dc/www-player.css,,921b6856085a224b1ca2e5db139b1788c01d4dd1e70daca7006b6a7b381bdae1,0
https://www.youtube.com/s/player/3bd821dc/www-widgetapi.vflset/www-widgetapi.js,,3aeb791f41afb9d7500326010b8852214536360b695c2d0328f4fd265badb21f,0
https://www.youtube.com/s/player/3bf393b6/player_ias.vflset/en_US/base.js,,10694cb32f15139aae7bcd827de5776dce1676e30306e6d3b0736ca6b32a08d3,0
https://www.youtube.com/s/player/3bf393b6/player_ias.vflset/en_US/captions.js,,399c0c0cc22b71c63ba1ca661bef06f4bc74af580f554abaa57c888517d7efee,0
https://www.youtube.com/s/player/3bf393b6/www-player.css,,1074e75f7621bc7e5e6c75ffbeea96f6fa9f266029361ba4124dd4d3baa69fef,0
https://www.youtube.com/s/player/3bf393b6/www-widgetapi.vflset/www-widgetapi.js,,9af313ed10b2fb2eb40b7cf476ec0ba74a3babe175e1bfc5d02308aeb54309fd,0
https://www.youtube.com/s/player/3c1318b4/player_ias.vflset/en_US/base.js,,cf9872b1080c0a78164681b6c9d90274bb954bf7da7529e21d340bfea7e93f5d,0
https://www.youtube.com/s/player/3c1318b4/player_ias.vflset/en_US/captions.js,,bb9b54f9e1295e6c959ca9d632b8d4f111a71e1a33b237d7bba9e16a8087f200,0
https://www.youtube.com/s/player/3c1318b4/www-player.css,,7aca61589965311619d927da66c4fd6c266bfd5a9a263a5cd203e935270a4428,0
https://www.youtube.com/s/player/3c1318b4/www-widgetapi.vflset/www-widgetapi.js,,3aeb791f41afb9d7500326010b8852214536360b695c2d0328f4fd265badb21f,0
https://www.youtube.com/s/player/3ccae36b/player_ias.vflset/en_US/base.js,,4b2d4e16f3656cfedc14e677d1f5333e2fa419f6f23e381775f153dac9a63c98,0
https://www.youtube.com/s/player/3ccae36b/player_ias.vflset/en_US/captions.js,,215d932cbabd20c522de1e9b352dea0c3a9a4fe726ba04c7acc8a43ece334682,0
https://www.youtube.com/s/player/3ccae36b/www-player.css,,14a39ca2157acf89f00909fa7bec1629d375ff52d44e7016b40e691d8f4b23a8,0
https://www.youtube.com/s/player/3ccae36b/www-widgetapi.vflset/www-widgetapi.js,,9af313ed10b2fb2eb40b7cf476ec0ba74a3babe175e1bfc5d02308aeb54309fd,0
https://www.youtube.com/s/player/3cfa24db/player_ias.vflset/en_US/base.js,,3cfdf415e6e90102f9bd436177108477b41aca1f0fe41c8911df8e365c3e992b,0
https://www.youtube.com/s/player/3cfa24db/player_ias.vflset/en_US/captions.js,,7be896666f944505c5f5b3f3bf79480a747b1f9979e732ce23e71b7a3d4ce2a1,0
https://www.youtube.com/s/player/3cfa24db/www-player.css,,e73a47994fe46c3ca05cd3ef31752f0ad98c50d05aa83925177ae0d422d4e202,0
https://www.youtube.com/s/player/3cfa24db/www-widgetapi.vflset/www-widgetapi.js,,e9abd0d74c5ecca848c706e3f94780a00efc33f66f1a7971ded040458851fd69,0
https://www.youtube.com/s/player/3d1aff5b/player_ias.vflset/en_US/base.js,,6a0ca72241cbcce8f3292afe49047035bd73ce80e13c64fa6319af92652d502a,0
https://www.youtube.com/s/player/3d1aff5b/player_ias.vflset/en_US/captions.js,,70811a953e82f447f770c88b2b249d68e1cb05106de3b367b9b23d03a22da53d,0
https://www.youtube.com/s/player/3d1aff5b/www-player.css,,ed75e47b996f41da27d3aa3997bf0f0d632a4d02cefbe8572870acb51e4ed891,0
https://www.youtube.com/s/player/3d1aff5b/www-widgetapi.vflset/www-widgetapi.js,,b6b18fb0c355a9e4fca44acd186be76ecca76232c4eaa4f2e11ff06026e9c3f4,0
https://www.youtube.com/s/player/3da2b377/player_ias.vflset/en_US/base.js,,a3c66d629cadd013d430c2cad3cd3c24043671138b0128b2df835af80037b584,0
https://www.youtube.com/s/player/3da2b377/player_ias.vflset/en_US/captions.js,,dac73d06387c5e29bdb781470ba421ee6a8a0c5bbf1d621d219208c24bb79203,0
https://www.youtube.com/s/player/3da2b377/www-player.css,,921b6856085a224b1ca2e5db139b1788c01d4dd1e70daca7006b6a7b381bdae1,0
https://www.youtube.com/s/player/3da2b377/www-widgetapi.vflset/www-widgetapi.js,,3aeb791f41afb9d7500326010b8852214536360b695c2d0328f4fd265badb21f,0
https://www.youtube.com/s/player/3db16eda/player_ias.vflset/en_US/base.js,,37c1adefb5d29f27d4e20414a61b963bd60ec0ddd5b43973e019ad660342b7a1,0
https://www.youtube.com/s/player/3db16eda/player_ias.vflset/en_US/captions.js,,1e16489ef423991910633b6701e84f863751e1d233e332e852e895a1b87c4745,0
https://www.youtube.com/s/player/3db16eda/www-player.css,,0d994eb0e617b6087b915cb1bdc2bb56f40826f1b3d182277c0915aedec24671,0
https://www.youtube.com/s/player/3db16eda/www-widgetapi.vflset/www-widgetapi.js,,9af313ed10b2fb2eb40b7cf476ec0ba74a3babe175e1bfc5d02308aeb54309fd,0
https://www.youtube.com/s/player/3de89404/player_ias.vflset/en_US/base.js,,3017050f5863043d4fb673c5dc895e561f55902776f8a5e35dee997537924831,0
https://www.youtube.com/s/player/3de89404/player_ias.vflset/en_US/captions.js,,a512965dfd3297d84610a0e4d97f9ddacab678e9ae16fec43d627962218c0435,0
https://www.youtube.com/s/player/3de89404/www-player.css,,921b6856085a224b1ca2e5db139b1788c01d4dd1e70daca7006b6a7b381bdae1,0
https://www.youtube.com/s/player/3de89404/www-widgetapi.vflset/www-widgetapi.js,,3aeb791f41afb9d7500326010b8852214536360b695c2d0328f4fd265badb21f,0
https://www.youtube.com/s/player/3dfa10c2/player_ias.vflset/en_US/base.js,,7e6f40dbf6a31e2a20dcae1134ecfcf2587205cf6c3ddae94c63541e03810602,0
https://www.youtube.com/s/player/3dfa10c2/player_ias.vflset/en_US/captions.js,,63978b6d644f75da84dd39cd8a9c7c3cea846d4e13b10074bb5786ec6ddb46ce,0
https://www.youtube.com/s/player/3dfa10c2/www-player.css,,5fe2f5e79018f6e7b744dc6ee70988e27a4e8c17ae04dd272e500729b34d4ad9,0
https://www.youtube.com/s/player/3dfa10c2/www-widgetapi.vflset/www-widgetapi.js,,18d619cca2e3abb300d71fe37b163b91b71a327303f320e047248c0cc3a1d879,0
https://www.youtube.com/s/player/3e133d8d/player_ias.vflset/en_US/base.js,,02e02fbbc9c201214a339a09fc333497e33754b9071ecc033092ac1228c59a1c,0
https://www.youtube.com/s/player/3e133d8d/player_ias.vflset/en_US/captions.js,,1e2bb0b55899f117adcd3fce2ef3e7a761ee4ef47e973c575174e366f7b63af6,0
https://www.youtube.com/s/player/3e133d8d/www-player.css,,aa68e0e1ccb88e0e7e5b0e712acaefd700bc1fddffe47833b9f357c139ef7839,0
https://www.youtube.com/s/player/3e133d8d/www-widgetapi.vflset/www-widgetapi.js,,9af313ed10b2fb2eb40b7cf476ec0ba74a3babe175e1bfc5d02308aeb54309fd,0
https://www.youtube.com/s/player/3e6aa434/player_ias.vflset/en_US/base.js,,a9b80472a4a2539e69b40c1481dd75a827f35e11e36648584e9c654dbc687aba,0
https://www.youtube.com/s/player/3e6aa434/player_ias.vflset/en_US/captions.js,,3aab1eae7b2904f844bb0591a2aeaa88252315d10672d20ecca9cf757967012a,0
https://www.youtube.com/s/player/3e6aa434/www-player.css,,fb2f17a87256c403f2fcc1c7c643ca1afa249ed19dd15907197262a202357262,0
https://www.youtube.com/s/player/3e6aa434/www-widgetapi.vflset/www-widgetapi.js,,3aeb791f41afb9d7500326010b8852214536360b695c2d0328f4fd265badb21f,0
https://www.youtube.com/s/player/3e7a0d91/player_ias.vflset/en_US/base.js,,b65fb86844a58b960bb624966d6440b97bb8e473727188e4cc5c1948fc300d87,0
https://www.youtube.com/s/player/3e7a0d91/player_ias.vflset/en_US/captions.js,,de28c18294c13b98f3f448638351c5afcdcee9d3f6662f632158ccf3bd4eb007,0
https://www.youtube.com/s/player/3e7a0d91/www-player.css,,6503becd8abddddc2a7cf3e598efe9f7aca089bf56f4a497624c8839845453fd,0
https://www.youtube.com/s/player/3e7a0d91/www-widgetapi.vflset/www-widgetapi.js,,c2dcf46501a48a87a7859596834012e81569a181f7b80bda4d91b04798f84751,0
https://www.youtube.com/s/player/3ee6de37/player_ias.vflset/en_US/base.js,,68da111272a276867c4f33e7d7be37b805409ac5fa7e38938cb267ad47214f2a,0
https://www.youtube.com/s/player/3ee6de37/player_ias.vflset/en_US/captions.js,,cfcec695ac29794d6812be3c31441edd1d4257d990373e3e6a5e49ba9b74ecf2,0
https://www.youtube.com/s/player/3ee6de37/www-player.css,,cfd52c611020fb575d85fc138c1cc172eebdb9bff20d464f90993923cf5cb64b,0
https://www.youtube.com/s/player/3ee6de37/www-widgetapi.vflset/www-widgetapi.js,,3aeb791f41afb9d7500326010b8852214536360b695c2d0328f4fd265badb21f,0
https://www.youtube.com/s/player/3f925417/player_ias.vflset/en_US/base.js,,e2e1b17858004be01aef445ca74dfd9fcb468be5ce39153475ef1d61c507d382,0
https://www.youtube.com/s/player/3f925417/player_ias.vflset/en_US/captions.js,,8dc918e340df12d7962d8e3c32c4d1c4dd7be9472229a6c13eca3f796ae0e23f,0
https://www.youtube.com/s/player/3f925417/www-player.css,,0d994eb0e617b6087b915cb1bdc2bb56f40826f1b3d182277c0915aedec24671,0
https://www.youtube.com/s/player/3f925417/www-widgetapi.vflset/www-widgetapi.js,,9af313ed10b2fb2eb40b7cf476ec0ba74a3babe175e1bfc5d02308aeb54309fd,0
https://www.youtube.com/s/player/3fb7e6ac/player_ias.vflset/en_US/base.js,,285ba8edb91a3a18ba217568b4dc222bd53a618dc575c89c63fb8632f06bcdfd,0
https://www.youtube.com/s/player/3fb7e6ac/player_ias.vflset/en_US/captions.js,,27855434b444c260e0dccc4cc42a7ee1b2e20135fe8b5c07a231879cb2f39ab9,0
https://www.youtube.com/s/player/3fb7e6ac/www-player.css,,3f4865cbdf3eba6f4b6c4c0c5364d8e72332a9821aabebf6256d847c36db1e6c,0
https://www.youtube.com/s/player/3fb7e6ac/www-widgetapi.vflset/www-widgetapi.js,,18d619cca2e3abb300d71fe37b163b91b71a327303f320e047248c0cc3a1d879,0
https://www.youtube.com/s/player/40aa5b89/player_ias.vflset/en_US/base.js,,81aa88eb5f2adcb5f522dffd7221a95628bab7092bdf8fbd238c074aa0cfd1a3,0
https://www.youtube.com/s/player/40aa5b89/player_ias.vflset/en_US/captions.js,,689dc65b7087be130f50a341caf2c6ceb42c5b54aa1c4eae391b137a1e065aad,0
https://www.youtube.com/s/player/40aa5b89/www-player.css,,6f25e841296950467517ec8bccba0ffd052a386d6ac8d893aeaba5edf84aca42,0
https://www.youtube.com/s/player/40aa5b89/www-widgetapi.vflset/www-widgetapi.js,,9af313ed10b2fb2eb40b7cf476ec0ba74a3babe175e1bfc5d02308aeb54309fd,0
https://www.youtube.com/s/player/40e2f4f3/player_ias.vflset/en_US/base.js,,75257586add86d02b95d16ea95749e6ebff54b74a804754647e016edc855a8a8,0
https://www.youtube.com/s/player/40e2f4f3/player_ias.vflset/en_US/captions.js,,e79edbb078c8ba3c2c08203fbadbc5f6c1fdc851a3b8bbe1f37f70d31406cc85,0
https://www.youtube.com/s/player/40e2f4f3/www-player.css,,ed75e47b996f41da27d3aa3997bf0f0d632a4d02cefbe8572870acb51e4ed891,0
https://www.youtube.com/s/player/40e2f4f3/www-widgetapi.vflset/www-widgetapi.js,,3aeb791f41afb9d7500326010b8852214536360b695c2d0328f4fd265badb21f,0
https://www.youtube.com/s/player/41b902fa/player_ias.vflset/en_US/base.js,,20c9c7ecdce889f224031d47d08c40fb60b31dd6f461ffe133149ae4fa60f11a,0
https://www.youtube.com/s/player/41b902fa/player_ias.vflset/en_US/captions.js,,ffe7bf6e598b7de8b79641271935b7cadf1303edeaf60a05dfb604c0b49704a9,0
https://www.youtube.com/s/player/41b902fa/www-player.css,,774b08660c0a88d4f4516afc5b6eb8809a87581871371bcdab9648178897276d,0
https://www.youtube.com/s/player/41b902fa/www-widgetapi.vflset/www-widgetapi.js,,c2dcf46501a48a87a7859596834012e81569a181f7b80bda4d91b04798f84751,0
https://www.youtube.com/s/player/42c5570b/player_ias.vflset/en_US/base.js,,53c2b453228668e8ed2e6793d50cc159a7aed41849a9a227c5176dacffc02c8f,0
https://www.youtube.com/s/player/42c5570b/player_ias.vflset/en_US/captions.js,,4271391a68df53a21081bfdf003beed1c99acf1432c2f65755188095af14a196,0
https://www.youtube.com/s/player/42c5570b/www-player.css,,644559b7590cf725119fd0ab8ed45a236d0faf9751693abb303038d7c349d2b2,0
https://www.youtube.com/s/player/42c5570b/www-widgetapi.vflset/www-widgetapi.js,,11aa7946df12674187e45a29c8a083a30cefb5e625985b2405c1d0fb710e56b2,0
https://www.youtube.com/s/player/43395a38/player_ias.vflset/en_US/base.js,,61aee561641477dbf5455efc78b577e9ceda8456b096533ce765d19b9c63d004,0
https://www.youtube.com/s/player/43395a38/player_ias.vflset/en_US/captions.js,,689dc65b7087be130f50a341caf2c6ceb42c5b54aa1c4eae391b137a1e065aad,0
https://www.youtube.com/s/player/43395a38/www-player.css,,6f25e841296950467517ec8bccba0ffd052a386d6ac8d893aeaba5edf84aca42,0
https://www.youtube.com/s/player/43395a38/www-widgetapi.vflset/www-widgetapi.js,,9af313ed10b2fb2eb40b7cf476ec0ba74a3babe175e1bfc5d02308aeb54309fd,0
https://www.youtube.com/s/player/444511ca/player_ias.vflset/en_US/base.js,,c6fb57bff4ebff3e33c1040843b6ba771a4b69fbd4af0b1b0f3648e69d1e8f93,0
https://www.youtube.com/s/player/444511ca/player_ias.vflset/en_US/captions.js,,f2b4a438b7bd0fa0e45a603a700cf3d7e67e7b8f186a5f1afe0383a63a829add,0
https://www.youtube.com/s/player/444511ca/www-player.css,,d5b344b8a6d0a02864884c9b037f5f11921381cdfbddb2f8a643d1a8cbe9cef8,0
https://www.youtube.com/s/player/444511ca/www-widgetapi.vflset/www-widgetapi.js,,9af313ed10b2fb2eb40b7cf476ec0ba74a3babe175e1bfc5d02308aeb54309fd,0
https://www.youtube.com/s/player/445213fb/player_ias.vflset/en_US/base.js,,9614a9461fdcecb7b4cfc0b87ff9ecba099f91c63ba88f06ea64c2255c4c114a,0
https://www.youtube.com/s/player/445213fb/player_ias.vflset/en_US/captions.js,,16b4f3137d512db840e5ac5dfeaed91d47642da26019c412e74611aad6f7c95f,0
https://www.youtube.com/s/player/445213fb/www-player.css,,d5b344b8a6d0a02864884c9b037f5f11921381cdfbddb2f8a643d1a8cbe9cef8,0
https://www.youtube.com/s/player/445213fb/www-widgetapi.vflset/www-widgetapi.js,,9af313ed10b2fb2eb40b7cf476ec0ba74a3babe175e1bfc5d02308aeb54309fd,0
https://www.youtube.com/s/player/44596b36/player_ias.vflset/en_US/base.js,,aa4d34406c6ad3db1e0717cba1e6f9be5b5e3b99251f3dbeb87786c84d187fc0,0
https://www.youtube.com/s/player/44596b36/player_ias.vflset/en_US/captions.js,,b5a6260a8f271ca084339a427f6b432528422dbef1e2c31e970968919e70b648,0
https://www.youtube.com/s/player/44596b36/www-player.css,,6f25e841296950467517ec8bccba0ffd052a386d6ac8d893aeaba5edf84aca42,0
https://www.youtube.com/s/player/44596b36/www-widgetapi.vflset/www-widgetapi.js,,9af313ed10b2fb2eb40b7cf476ec0ba74a3babe175e1bfc5d02308aeb54309fd,0
https://www.youtube.com/s/player/44899b31/player_ias.vflset/en_US/base.js,,c4a60a01e81dc618df6140db5ea636e2b9aeb37fb9838c679dbc89c795830658,0
https://www.youtube.com/s/player/44899b31/player_ias.vflset/en_US/captions.js,,276192e39a372cfbb4a97814aa4aecf63d1c166274eccf5887d4325c88857ca4,0
https://www.youtube.com/s/player/44899b31/www-player.css,,c1266aa5ccb770d4191058a5eff5c40d0e88ab06d5cfbb81025ef0105572f5f2,0
https://www.youtube.com/s/player/44899b31/www-widgetapi.vflset/www-widgetapi.js,,e9abd0d74c5ecca848c706e3f94780a00efc33f66f1a7971ded040458851fd69,0
https://www.youtube.com/s/player/45ac5a1a/player_ias.vflset/en_US/base.js,,2fc37a602593e7bf53d8e6672f8d9983fb3858f2eb4858c213f975aa22960165,0
https://www.youtube.com/s/player/45ac5a1a/player_ias.vflset/en_US/captions.js,,8278802c02939a51ca7c44ff59767f3d6c7ec361911dd4d2dd4463575e419b1a,0
https://www.youtube.com/s/player/45ac5a1a/www-player.css,,f140b6831469664f09fb07ae991e983b46752deaa9d8a8b214852f235ea6e7d0,0
https://www.youtube.com/s/player/45ac5a1a/www-widgetapi.vflset/www-widgetapi.js,,9af313ed10b2fb2eb40b7cf476ec0ba74a3babe175e1bfc5d02308aeb54309fd,0
https://www.youtube.com/s/player/45cd3ae0/player_ias.vflset/en_US/base.js,,4659f5294590a4d9411046890ce73d129239aee2fa25f5cd70e18edb488ab577,0
https://www.youtube.com/s/player/45cd3ae0/player_ias.vflset/en_US/captions.js,,b1df23bc8245adb1bda4987b5e6818c559c6e3078a7f12718d089f765a30fe08,0
https://www.youtube.com/s/player/45cd3ae0/www-player.css,,921b6856085a224b1ca2e5db139b1788c01d4dd1e70daca7006b6a7b381bdae1,0
https://www.youtube.com/s/player/45cd3ae0/www-widgetapi.vflset/www-widgetapi.js,,3aeb791f41afb9d7500326010b8852214536360b695c2d0328f4fd265badb21f,0
https://www.youtube.com/s/player/46c7ab03/player_ias.vflset/en_US/base.js,,58036c9d7ca7e075b017e4c673435eb6ce7a3a8ab98d1dbd53fb92b64c0f01bc,0
https://www.youtube.com/s/player/46c7ab03/player_ias.vflset/en_US/captions.js,,d390064db890f2807233cdee07a5c2e567c5e590fd7a88f24c1789b23e828dba,0
https://www.youtube.com/s/player/46c7ab03/www-player.css,,7c7eb8252199ec9042290b1044ed1ba5ed8847ee516771bbe6dd27f9f16a608c,0
https://www.youtube.com/s/player/46c7ab03/www-widgetapi.vflset/www-widgetapi.js,,e9abd0d74c5ecca848c706e3f94780a00efc33f66f1a7971ded040458851fd69,0
https://www.youtube.com/s/player/46e01509/player_ias.vflset/en_US/base.js,,44939793a8834502cc53538e6706991f66671092c682ed1f5dc6716dc5e8b14f,0
https://www.youtube.com/s/player/46e01509/player_ias.vflset/en_US/captions.js,,e559277be66f32d7ea8d548096715105eae58554d0ea362cb2b9f22b7c43d5cb,0
https://www.youtube.com/s/player/46e01509/www-player.css,,e7c8a5055316b32ab0baa115589477ca4edf8a28372005da3ab230c85660d3f4,0
https://www.youtube.com/s/player/46e01509/www-widgetapi.vflset/www-widgetapi.js,,9af313ed10b2fb2eb40b7cf476ec0ba74a3babe175e1bfc5d02308aeb54309fd,0
https://www.youtube.com/s/player/4746b641/player_ias.vflset/en_US/base.js,,9fcf9e11e96a572a241cedf5c6f5628f7f32111222379c46ceedbbbd64d683c4,0
https://www.youtube.com/s/player/4746b641/player_ias.vflset/en_US/captions.js,,3c4a7359b496acc66385dbc2cc75e06c47cfc67d7ba3ae19eebf15f3b937d413,0
https://www.youtube.com/s/player/4746b641/www-player.css,,aed8e79fbe210a9b3e958681a1931b19baa85741b51cabf87b5101e4e0e2cd7b,0
https://www.youtube.com/s/player/4746b641/www-widgetapi.vflset/www-widgetapi.js,,9af313ed10b2fb2eb40b7cf476ec0ba74a3babe175e1bfc5d02308aeb54309fd,0
https://www.youtube.com/s/player/4748923e/player_ias.vflset/en_US/base.js,,84bf9b05c3007301aad98756c1c6b0af8224a4177bbbc9444c0ba8629cbb283f,0
https://www.youtube.com/s/player/4748923e/player_ias.vflset/en_US/captions.js,,673e9c34e37a1cc570c0c1c7c6bcc5ac9640f3fe8e43a68ceb275b20b1fdd588,0
https://www.youtube.com/s/player/4748923e/www-player.css,,cfd52c611020fb575d85fc138c1cc172eebdb9bff20d464f90993923cf5cb64b,0
https://www.youtube.com/s/player/4748923e/www-widgetapi.vflset/www-widgetapi.js,,3aeb791f41afb9d7500326010b8852214536360b695c2d0328f4fd265badb21f,0
https://www.youtube.com/s/player/4753318d/player_ias.vflset/en_US/base.js,,14a1d8e873722ac7dee7d34e5cf7e9daa8f02502aab60787324e1aed0b65d20c,0
https://www.youtube.com/s/player/4753318d/player_ias.vflset/en_US/captions.js,,b6936bd9da3582a2e1325761562350fe68db63a67ab7a712745cb1b8d1e45c6f,0
https://www.youtube.com/s/player/4753318d/www-player.css,,ed75e47b996f41da27d3aa3997bf0f0d632a4d02cefbe8572870acb51e4ed891,0
https://www.youtube.com/s/player/4753318d/www-widgetapi.vflset/www-widgetapi.js,,3aeb791f41afb9d7500326010b8852214536360b695c2d0328f4fd265badb21f,0
https://www.youtube.com/s/player/475c090b/player_ias.vflset/en_US/base.js,,672fbd80c053f51ced783a0d14398bdc26d6afd7bfb0f8acac1b1db01a900733,0
https://www.youtube.com/s/player/475c090b/player_ias.vflset/en_US/captions.js,,703d5a66866d7783d984f070b982176ab365d1bcf047022e2e5c57daeb865970,0
https://www.youtube.com/s/player/475c090b/www-player.css,,e73a47994fe46c3ca05cd3ef31752f0ad98c50d05aa83925177ae0d422d4e202,0
https://www.youtube.com/s/player/475c090b/www-widgetapi.vflset/www-widgetapi.js,,e9abd0d74c5ecca848c706e3f94780a00efc33f66f1a7971ded040458851fd69,0
https://www.youtube.com/s/player/487b9fc1/player_ias.vflset/en_US/base.js,,45920be153ff3779a96824c02dea12937a00f6c8c79287b5e0396a18a0551a80,0
https://www.youtube.com/s/player/487b9fc1/player_ias.vflset/en_US/captions.js,,8b5791b30b922ab9b8b8e5442547ddd40947dbf84019da18c9161e8294b086f1,0
https://www.youtube.com/s/player/487b9fc1/www-player.css,,c34b029a2ad48a415e6017096bc67792b8c8a140db833cb99e86d6d4378aa1c7,0
https://www.youtube.com/s/player/487b9fc1/www-widgetapi.vflset/www-widgetapi.js,,e9abd0d74c5ecca848c706e3f94780a00efc33f66f1a7971ded040458851fd69,0
https://www.youtube.com/s/player/4881310a/player_ias.vflset/en_US/base.js,,cd8a558bf76414cf090a8deb85418205e9c9dbb43eba70e3cd49468aa6eaeef7,0
https://www.youtube.com/s/player/4881310a/player_ias.vflset/en_US/captions.js,,33654e7be73d104106d040be8c818791a4e1d357276408ec3d14796b07d8228e,0
https://www.youtube.com/s/player/4881310a/www-player.css,,ff94612f774a2fa9658e397e78071cbde5eb96e3f67a444efac6a10b4b7e760f,0
https://www.youtube.com/s/player/4881310a/www-widgetapi.vflset/www-widgetapi.js,,b6b18fb0c355a9e4fca44acd186be76ecca76232c4eaa4f2e11ff06026e9c3f4,0
https://www.youtube.com/s/player/4895ce0b/player_ias.vflset/en_US/base.js,,3b82190c71a5efdd699e9b74e9f6e18cbb142f5dcb2e60641e73fbaaf8b5a597,0
https://www.youtube.com/s/player/4895ce0b/player_ias.vflset/en_US/captions.js,,68bb2c3e85c727d9b8159857885edb65281e02242a0452025371ec77b1561b99,0
https://www.youtube.com/s/player/4895ce0b/www-player.css,,d3dfa94ecbec10b81490a7b186df4f425bb5dd22f33cabe6ec1e1ef079047fc8,0
https://www.youtube.com/s/player/4895ce0b/www-widgetapi.vflset/www-widgetapi.js,,c2dcf46501a48a87a7859596834012e81569a181f7b80bda4d91b04798f84751,0
https://www.youtube.com/s/player/48995d17/player_ias.vflset/en_US/base.js,,de29401be4315a2e223dbfab5ede8f231d18bdc42055c379073e3e44fda346b6,0
https://www.youtube.com/s/player/48995d17/player_ias.vflset/en_US/captions.js,,8ba0b85fa8235e0c68593b36a6165e995148583230274fa942f04613f2a9f2c9,0
https://www.youtube.com/s/player/48995d17/www-player.css,,7c7eb8252199ec9042290b1044ed1ba5ed8847ee516771bbe6dd27f9f16a608c,0
https://www.youtube.com/s/player/48995d17/www-widgetapi.vflset/www-widgetapi.js,,e9abd0d74c5ecca848c706e3f94780a00efc33f66f1a7971ded040458851fd69,0
https://www.youtube.com/s/player/48ba8ecf/player_ias.vflset/en_US/base.js,,b5b875def1b89a62821ecfe50438bbc68bc6c8687e09d67ef2afc0fb49d2e6cb,0
https://www.youtube.com/s/player/48ba8ecf/player_ias.vflset/en_US/captions.js,,88b751f3bed373551e097b30689132a33a704dfb763bfb6684b1a89264c45ff7,0
https://www.youtube.com/s/player/48ba8ecf/www-player.css,,644559b7590cf725119fd0ab8ed45a236d0faf9751693abb303038d7c349d2b2,0
https://www.youtube.com/s/player/48ba8ecf/www-widgetapi.vflset/www-widgetapi.js,,11aa7946df12674187e45a29c8a083a30cefb5e625985b2405c1d0fb710e56b2,0
https://www.youtube.com/s/player/4918c89a/player_ias.vflset/en_US/base.js,,75a96a584ae48fb2b9c8a88458056af3850856e69dc4b73af0e1edb9bd00d120,0
https://www.youtube.com/s/player/4918c89a/player_ias.vflset/en_US/captions.js,,9d0380c6cb135c6775bc6c4011aac774c9f30eaee1de4b10542588c163975721,0
https://www.youtube.com/s/player/4918c89a/www-player.css,,cfd52c611020fb575d85fc138c1cc172eebdb9bff20d464f90993923cf5cb64b,0
https://www.youtube.com/s/player/4918c89a/www-widgetapi.vflset/www-widgetapi.js,,3aeb791f41afb9d7500326010b8852214536360b695c2d0328f4fd265badb21f,0
https://www.youtube.com/s/player/493785e3/player_ias.vflset/en_US/base.js,,8dd00fdcb938d62eb0b075cb8ece75ee5915d7c1272e89b9c9d7299dc7e0e8b8,0
https://www.youtube.com/s/player/493785e3/player_ias.vflset/en_US/captions.js,,595e4e44900270565fe81d84d769950ee8c8bb64f97b7a11876a8c24a7efab78,0
https://www.youtube.com/s/player/493785e3/www-player.css,,cfd52c611020fb575d85fc138c1cc172eebdb9bff20d464f90993923cf5cb64b,0
https://www.youtube.com/s/player/493785e3/www-widgetapi.vflset/www-widgetapi.js,,3aeb791f41afb9d7500326010b8852214536360b695c2d0328f4fd265badb21f,0
https://www.youtube.com/s/player/49c4470a/player_ias.vflset/en_US/base.js,,097ee7dab108764a319047f3738f7b6fa4f00f4b018b9baedc34d2b7acdfacd1,0
https://www.youtube.com/s/player/49c4470a/player_ias.vflset/en_US/captions.js,,cb4d983449c97356d7279e09b725774564fa4b8bd7db1ce9b318cfd8e117e27d,0
https://www.youtube.com/s/player/49c4470a/www-player.css,,cfd52c611020fb575d85fc138c1cc172eebdb9bff20d464f90993923cf5cb64b,0
https://www.youtube.com/s/player/49c4470a/www-widgetapi.vflset/www-widgetapi.js,,3aeb791f41afb9d7500326010b8852214536360b695c2d0328f4fd265badb21f,0
https://www.youtube.com/s/player/49f48b9f/player_ias.vflset/en_US/base.js,,ca8300cd613ef3c3acc0cb93c5ca2565e8e49ecae992a679fa0ed7ea24ee1f4b,0
https://www.youtube.com/s/player/49f48b9f/player_ias.vflset/en_US/captions.js,,8278802c02939a51ca7c44ff59767f3d6c7ec361911dd4d2dd4463575e419b1a,0
https://www.youtube.com/s/player/49f48b9f/www-player.css,,f140b6831469664f09fb07ae991e983b46752deaa9d8a8b214852f235ea6e7d0,0
https://www.youtube.com/s/player/49f48b9f/www-widgetapi.vflset/www-widgetapi.js,,9af313ed10b2fb2eb40b7cf476ec0ba74a3babe175e1bfc5d02308aeb54309fd,0
https://www.youtube.com/s/player/4a6035e3/player_ias.vflset/en_US/base.js,,1e6bf289ca070834472bc99cdbec514e303e0f22e6fe255c7113687cfa3816f6,0
https://www.youtube.com/s/player/4a6035e3/player_ias.vflset/en_US/captions.js,,b525d23ae87382cac60398f542bdc59c2b8edcf2b1a96a7e3fa685f355eea28d,0
https://www.youtube.com/s/player/4a6035e3/www-player.css,,8dd0861016ff7bfa3fa5810d683be16d2e6ab9c70a639428f71a78b39f93b9b9,0
https://www.youtube.com/s/player/4a6035e3/www-widgetapi.vflset/www-widgetapi.js,,9af313ed10b2fb2eb40b7cf476ec0ba74a3babe175e1bfc5d02308aeb54309fd,0
https://www.youtube.com/s/player/4a6bba85/player_ias.vflset/en_US/base.js,,20c6c16b68d8464c239439e08fdeced3a5a1a53c478d91f2d782959ca2570d27,0
https://www.youtube.com/s/player/4a6bba85/player_ias.vflset/en_US/captions.js,,689dc65b7087be130f50a341caf2c6ceb42c5b54aa1c4eae391b137a1e065aad,0
https://www.youtube.com/s/player/4a6bba85/www-player.css,,6f25e841296950467517ec8bccba0ffd052a386d6ac8d893aeaba5edf84aca42,0
https://www.youtube.com/s/player/4a6bba85/www-widgetapi.vflset/www-widgetapi.js,,9af313ed10b2fb2eb40b7cf476ec0ba74a3babe175e1bfc5d02308aeb54309fd,0
https://www.youtube.com/s/player/4a8023a8/player_ias.vflset/en_US/base.js,,5cf24afb0cb9c4e85aaea1b19f7f4583b2e5a7e6e4193ae36a7c58943d6299d6,0
https://www.youtube.com/s/player/4a8023a8/player_ias.vflset/en_US/captions.js,,589462c0442240712a04d914f47be9cbe06d171d7d592996bbe4a5392d1b70c0,0
https://www.youtube.com/s/player/4a8023a8/www-player.css,,cfd52c611020fb575d85fc138c1cc172eebdb9bff20d464f90993923cf5cb64b,0
https://www.youtube.com/s/player/4a8023a8/www-widgetapi.vflset/www-widgetapi.js,,3aeb791f41afb9d7500326010b8852214536360b695c2d0328f4fd265badb21f,0
https://www.youtube.com/s/player/4a9ed7b5/player_ias.vflset/en_US/base.js,,2ec7d80eb61d138621a8808c2f73bc1a85d9b1e0926edf3ec0efe60637200f7e,0
https://www.youtube.com/s/player/4a9ed7b5/player_ias.vflset/en_US/captions.js,,2166e8640296869f274e252953d0ee15f5b1e4f43d68675aec4f78d6bd1146c2,0
https://www.youtube.com/s/player/4a9ed7b5/www-player.css,,6503becd8abddddc2a7cf3e598efe9f7aca089bf56f4a497624c8839845453fd,0
https://www.youtube.com/s/player/4a9ed7b5/www-widgetapi.vflset/www-widgetapi.js,,c2dcf46501a48a87a7859596834012e81569a181f7b80bda4d91b04798f84751,0
https://www.youtube.com/s/player/4b0d80ee/player_ias.vflset/en_US/base.js,,ce2cf9d0a4a02c110bc24cce05a56d157b377ed5e13bc8f05dedfa290b4d921c,0
https://www.youtube.com/s/player/4b0d80ee/player_ias.vflset/en_US/captions.js,,44b58466f7aedb408553f945c4bac50d19c67f360c79fa61a3f0202c9589bf70,0
https://www.youtube.com/s/player/4b0d80ee/www-player.css,,f438434e0849285ebb1770fbf0b2a71bbc8468c267542b45098d5d430d86b89d,0
https://www.youtube.com/s/player/4b0d80ee/www-widgetapi.vflset/www-widgetapi.js,,9af313ed10b2fb2eb40b7cf476ec0ba74a3babe175e1bfc5d02308aeb54309fd,0
https://www.youtube.com/s/player/4b0dda90/player_ias.vflset/en_US/base.js,,c33066bc5c3c9474231273abf8e29b860ec5951019d6b2622b1d9c5b85a69096,0
https://www.youtube.com/s/player/4b0dda90/player_ias.vflset/en_US/captions.js,,b2e6d1d81b4aec6861230e4a67be1f26917d4b45874994f7d322b5dee80649bc,0
https://www.youtube.com/s/player/4b0dda90/www-player.css,,1074e75f7621bc7e5e6c75ffbeea96f6fa9f266029361ba4124dd4d3baa69fef,0
https://www.youtube.com/s/player/4b0dda90/www-widgetapi.vflset/www-widgetapi.js,,9af313ed10b2fb2eb40b7cf476ec0ba74a3babe175e1bfc5d02308aeb54309fd,0
https://www.youtube.com/s/player/4b5d9fa9/player_ias.vflset/en_US/base.js,,9e86dc781023b55de79b1342fbaff6e53008e413e59adebab6af8012971d6271,0
https://www.youtube.com/s/player/4b5d9fa9/player_ias.vflset/en_US/captions.js,,a512965dfd3297d84610a0e4d97f9ddacab678e9ae16fec43d627962218c0435,0
https://www.youtube.com/s/player/4b5d9fa9/www-player.css,,921b6856085a224b1ca2e5db139b1788c01d4dd1e70daca7006b6a7b381bdae1,0
https://www.youtube.com/s/player/4b5d9fa9/www-widgetapi.vflset/www-widgetapi.js,,3aeb791f41afb9d7500326010b8852214536360b695c2d0328f4fd265badb21f,0
https://www.youtube.com/s/player/4b9ae131/player_ias.vflset/en_US/base.js,,ffd4e008c406ffbd4f41dc235bc04728583ea0b9c702fd8091734b45ea7ddcf6,0
https://www.youtube.com/s/player/4b9ae131/player_ias.vflset/en_US/captions.js,,8dc918e340df12d7962d8e3c32c4d1c4dd7be9472229a6c13eca3f796ae0e23f,0
https://www.youtube.com/s/player/4b9ae131/www-player.css,,0d994eb0e617b6087b915cb1bdc2bb56f40826f1b3d182277c0915aedec24671,0
https://www.youtube.com/s/player/4b9ae131/www-widgetapi.vflset/www-widgetapi.js,,9af313ed10b2fb2eb40b7cf476ec0ba74a3babe175e1bfc5d02308aeb54309fd,0
https://www.youtube.com/s/player/4c5c9743/player_ias.vflset/en_US/base.js,,e9ad49ba25c6bf47e83d43dd7cfd7fe7ad09f2af6ed68771f341959b69ee260c,0
https://www.youtube.com/s/player/4c5c9743/player_ias.vflset/en_US/captions.js,,c229601bfbae5e42b916c7d3b852739a43841e44bde407c47c45bfdf00b7e0cf,0
https://www.youtube.com/s/player/4c5c9743/www-player.css,,fb2f17a87256c403f2fcc1c7c643ca1afa249ed19dd15907197262a202357262,0
https://www.youtube.com/s/player/4c5c9743/www-widgetapi.vflset/www-widgetapi.js,,3aeb791f41afb9d7500326010b8852214536360b695c2d0328f4fd265badb21f,0
https://www.youtube.com/s/player/4c5cf06a/player_ias.vflset/en_US/base.js,,a4ce220ca953ac3439fb4fad56baa62a217b74efc144d82a2243cdaa6c763262,0
https://www.youtube.com/s/player/4c5cf06a/player_ias.vflset/en_US/captions.js,,91098166b764a077713cd0a6b5e2c15c9857a94fcd4f3c44a2df8fdc09219271,0
https://www.youtube.com/s/player/4c5cf06a/www-player.css,,7c7eb8252199ec9042290b1044ed1ba5ed8847ee516771bbe6dd27f9f16a608c,0
https://www.youtube.com/s/player/4c5cf06a/www-widgetapi.vflset/www-widgetapi.js,,e9abd0d74c5ecca848c706e3f94780a00efc33f66f1a7971ded040458851fd69,0
https://www.youtube.com/s/player/4c6971ef/player_ias.vflset/en_US/base.js,,40a795d027b5889e3e97f0e92fe2c950ba3ad77a22f01f8c2bdeb49897ddbdec,0
https://www.youtube.com/s/player/4c6971ef/player_ias.vflset/en_US/captions.js,,228e57ff04cff9eb1cefe86e9c8eae6438a6806cf66d36b886c444d7596ec5c1,0
https://www.youtube.com/s/player/4c6971ef/www-player.css,,bb2ee0639d3d01fff4688a439d42f088babfba9c20ed207d4b1d6f2fc0224107,0
https://www.youtube.com/s/player/4c6971ef/www-widgetapi.vflset/www-widgetapi.js,,9af313ed10b2fb2eb40b7cf476ec0ba74a3babe175e1bfc5d02308aeb54309fd,0
https://www.youtube.com/s/player/4c6b06b8/player_ias.vflset/en_US/base.js,,25aeb7e24fb3ae08962eaa92c99b724c9d8e3d6e4fa9f3101b3d84a66b782da5,0
https://www.youtube.com/s/player/4c6b06b8/player_ias.vflset/en_US/captions.js,,e512d88905f671a3631ed34507aed57e90883d6f438399347b39fb7fb7b87b72,0
https://www.youtube.com/s/player/4c6b06b8/www-player.css,,fb2f17a87256c403f2fcc1c7c643ca1afa249ed19dd15907197262a202357262,0
https://www.youtube.com/s/player/4c6b06b8/www-widgetapi.vflset/www-widgetapi.js,,3aeb791f41afb9d7500326010b8852214536360b695c2d0328f4fd265badb21f,0
https://www.youtube.com/s/player/4d1dd0fc/player_ias.vflset/en_US/base.js,,90c34bcadc80daed87d6950cc737aa2c34d1d0f8969e35a2965ea3e9d39a8e96,0
https://www.youtube.com/s/player/4d1dd0fc/player_ias.vflset/en_US/captions.js,,f282992146e8d9c3740d21263328c62908bcdd54a7d1d5061a8432ef4e0394a4,0
https://www.youtube.com/s/player/4d1dd0fc/www-player.css,,14a39ca2157acf89f00909fa7bec1629d375ff52d44e7016b40e691d8f4b23a8,0
https://www.youtube.com/s/player/4d1dd0fc/www-widgetapi.vflset/www-widgetapi.js,,9af313ed10b2fb2eb40b7cf476ec0ba74a3babe175e1bfc5d02308aeb54309fd,0
https://www.youtube.com/s/player/4d3f167a/player_ias.vflset/en_US/base.js,,7e3b7cfa4c00a290c53ab51825a9dc6d75ebd30371713420329f812025d02888,0
https://www.youtube.com/s/player/4d3f167a/player_ias.vflset/en_US/captions.js,,5b6d8170adb9c74865703010a6d64061207a5a3ee3bc93dedb171cc7bb7e2c1f,0
https://www.youtube.com/s/player/4d3f167a/www-player.css,,7c7eb8252199ec9042290b1044ed1ba5ed8847ee516771bbe6dd27f9f16a608c,0
https://www.youtube.com/s/player/4d3f167a/www-widgetapi.vflset/www-widgetapi.js,,e9abd0d74c5ecca848c706e3f94780a00efc33f66f1a7971ded040458851fd69,0
https://www.youtube.com/s/player/4d52384b/player_ias.vflset/en_US/base.js,,86dd4681d2a3800c168ad83f12b54e2ab6ca2cb17fceaf01c0670343e08645cc,0
https://www.youtube.com/s/player/4d52384b/player_ias.vflset/en_US/captions.js,,ec551038fcff49db2a29836558c9a9ad7bab3b18b9630b892a0769e94ddbd77c,0
https://www.youtube.com/s/player/4d52384b/www-player.css,,cfd52c611020fb575d85fc138c1cc172eebdb9bff20d464f90993923cf5cb64b,0
https://www.youtube.com/s/player/4d52384b/www-widgetapi.vflset/www-widgetapi.js,,3aeb791f41afb9d7500326010b8852214536360b695c2d0328f4fd265badb21f,0
https://www.youtube.com/s/player/4d8c79a5/player_ias.vflset/en_US/base.js,,48294867737bbd8c49ba1209ce1815243471061e980b19385104b34b1c724186,0
https://www.youtube.com/s/player/4d8c79a5/player_ias.vflset/en_US/captions.js,,c229601bfbae5e42b916c7d3b852739a43841e44bde407c47c45bfdf00b7e0cf,0
https://www.youtube.com/s/player/4d8c79a5/www-player.css,,fb2f17a87256c403f2fcc1c7c643ca1afa249ed19dd15907197262a202357262,0
https://www.youtube.com/s/player/4d8c79a5/www-widgetapi.vflset/www-widgetapi.js,,3aeb791f41afb9d7500326010b8852214536360b695c2d0328f4fd265badb21f,0
https://www.youtube.com/s/player/4d9879e9/player_ias.vflset/en_US/base.js,,ab09497e77d16d13dc82d1de766a01f38894474812f41ea02bfd4d0dd06d6e05,0
https://www.youtube.com/s/player/4d9879e9/player_ias.vflset/en_US/captions.js,,1ef120c98ef77fe66cf1de9240f6d9ec1b7f13dce3e5ca2d5fc24582dd07131d,0
https://www.youtube.com/s/player/4d9879e9/www-player.css,,d84a7a9cede27c144c059863a14188a79870815abcf8f4e88ec746c5873e205f,0
https://www.youtube.com/s/player/4d9879e9/www-widgetapi.vflset/www-widgetapi.js,,11aa7946df12674187e45a29c8a083a30cefb5e625985b2405c1d0fb710e56b2,0
https://www.youtube.com/s/player/4d9ffdf8/player_ias.vflset/en_US/base.js,,3f56ae7cba62e66d3fa6deb946d6e7b41f6738c933c9424534ad15281c940e6e,0
https://www.youtube.com/s/player/4d9ffdf8/player_ias.vflset/en_US/captions.js,,518bdd72a508bfe21b1a19bef2c9ec128add52a921e228f77fcba2c2b4efec61,0
https://www.youtube.com/s/player/4d9ffdf8/www-player.css,,0d994eb0e617b6087b915cb1bdc2bb56f40826f1b3d182277c0915aedec24671,0
https://www.youtube.com/s/player/4d9ffdf8/www-widgetapi.vflset/www-widgetapi.js,,9af313ed10b2fb2eb40b7cf476ec0ba74a3babe175e1bfc5d02308aeb54309fd,0
https://www.youtube.com/s/player/4dea4dd7/player_ias.vflset/en_US/base.js,,82b5b216d2ee33aa82a5b52253001348ad9219bc1f42c2f7b8998c205af0ffef,0
https://www.youtube.com/s/player/4dea4dd7/player_ias.vflset/en_US/captions.js,,5922eade7aa045935f7d67a393d63f8f8ff5827100a1bb28702488b2205cb85f,0
https://www.youtube.com/s/player/4dea4dd7/www-player.css,,ed75e47b996f41da27d3aa3997bf0f0d632a4d02cefbe8572870acb51e4ed891,0
https://www.youtube.com/s/player/4dea4dd7/www-widgetapi.vflset/www-widgetapi.js,,b6b18fb0c355a9e4fca44acd186be76ecca76232c4eaa4f2e11ff06026e9c3f4,0
https://www.youtube.com/s/player/4e0a5143/player_ias.vflset/en_US/base.js,,462dead8b8162740d9ee78a286adbfcc597bf794551c55abfefd34d9a1e17460,0
https://www.youtube.com/s/player/4e0a5143/player_ias.vflset/en_US/captions.js,,404c7493cdb56b5b235e7e3b011a73e5de1a3bfc3273b2426d9485bd8c9f54ab,0
https://www.youtube.com/s/player/4e0a5143/www-player.css,,e7c8a5055316b32ab0baa115589477ca4edf8a28372005da3ab230c85660d3f4,0
https://www.youtube.com/s/player/4e0a5143/www-widgetapi.vflset/www-widgetapi.js,,9af313ed10b2fb2eb40b7cf476ec0ba74a3babe175e1bfc5d02308aeb54309fd,0
https://www.youtube.com/s/player/4e11051b/player_ias.vflset/en_US/base.js,,6ecb861f2d327c402588217938d7e146743e5c4b4ae6801435ffa61229447fff,0
https://www.youtube.com/s/player/4e11051b/player_ias.vflset/en_US/captions.js,,bfaf487bd9051d8d6375cd16d1bb16fb2ce8dd0373251a4b27066330783c180e,0
https://www.youtube.com/s/player/4e11051b/www-player.css,,89e6eaf6c8f65789f97bfa5c5bbc9c4be5820dbe5bad21a6f50ab4c885847a7b,0
https://www.youtube.com/s/player/4e11051b/www-widgetapi.vflset/www-widgetapi.js,,11aa7946df12674187e45a29c8a083a30cefb5e625985b2405c1d0fb710e56b2,0
https://www.youtube.com/s/player/4e51e895/player_ias.vflset/en_US/base.js,,d08fa6422d91fa9a9bee515ed74173e1f6bc209eed1352d1f6709463b317eff3,0
https://www.youtube.com/s/player/4e51e895/player_ias.vflset/en_US/captions.js,,3b0ef556b9ab31871f1686d04ed24d0d51f603f34dc0d5dd901d67826d2f1a8a,0
https://www.youtube.com/s/player/4e51e895/www-player.css,,29d34e9e6307e455bd2f297147351746386bf5aa097920f69d7d4771fb9f16e4,0
https://www.youtube.com/s/player/4e51e895/www-widgetapi.vflset/www-widgetapi.js,,e9abd0d74c5ecca848c706e3f94780a00efc33f66f1a7971ded040458851fd69,0
https://www.youtube.com/s/player/4e67f8a0/player_ias.vflset/en_US/base.js,,56e89337b13d83317f7e1da476b5e908fe0db3b9d6683b0452ef7493dc014858,0
https://www.youtube.com/s/player/4e67f8a0/player_ias.vflset/en_US/captions.js,,d390064db890f2807233cdee07a5c2e567c5e590fd7a88f24c1789b23e828dba,0
https://www.youtube.com/s/player/4e67f8a0/www-player.css,,7c7eb8252199ec9042290b1044ed1ba5ed8847ee516771bbe6dd27f9f16a608c,0
https://www.youtube.com/s/player/4e67f8a0/www-widgetapi.vflset/www-widgetapi.js,,e9abd0d74c5ecca848c706e3f94780a00efc33f66f1a7971ded040458851fd69,0
https://www.youtube.com/s/player/4ecb77ba/player_ias.vflset/en_US/base.js,,600dd5201078d142495a639c3fd58d68b4b97af4d656ba64b9a5e855ed14bea6,0
https://www.youtube.com/s/player/4ecb77ba/player_ias.vflset/en_US/captions.js,,a842404d91d70fb3065a757eca4afc1054f94d4095d5ad5c468c1754160b8b82,0
https://www.youtube.com/s/player/4ecb77ba/www-player.css,,24cb353f7db6c8025eaf8648aa1f941cddfac84342d06ed4fb9def4523328bb3,0
https://www.youtube.com/s/player/4ecb77ba/www-widgetapi.vflset/www-widgetapi.js,,b6b18fb0c355a9e4fca44acd186be76ecca76232c4eaa4f2e11ff06026e9c3f4,0
https://www.youtube.com/s/player/4eecba16/player_ias.vflset/en_US/base.js,,05f1153280ed82c11c6c7e6474f69194f0956f4a34fc532a6411a50a324abf5d,0
https://www.youtube.com/s/player/4eecba16/player_ias.vflset/en_US/captions.js,,3e0dbb8a79ce13e7ec98b64f76d66be5ddb27037b9212401b0680f7d123cc704,0
https://www.youtube.com/s/player/4eecba16/www-player.css,,7c7eb8252199ec9042290b1044ed1ba5ed8847ee516771bbe6dd27f9f16a608c,0
https://www.youtube.com/s/player/4eecba16/www-widgetapi.vflset/www-widgetapi.js,,e9abd0d74c5ecca848c706e3f94780a00efc33f66f1a7971ded040458851fd69,0
https://www.youtube.com/s/player/4f12be8d/player_ias.vflset/en_US/base.js,,a381c31202e5d5e58cb27d240ab041ae3d71aebac9c14016476c836ed4d32be3,0
https://www.youtube.com/s/player/4f12be8d/player_ias.vflset/en_US/captions.js,,d332aa4164ab941734957a7ea8bbe5a16db524f0b1f95659b37951f283e8fe95,0
https://www.youtube.com/s/player/4f12be8d/www-player.css,,d3dfa94ecbec10b81490a7b186df4f425bb5dd22f33cabe6ec1e1ef079047fc8,0
https://www.youtube.com/s/player/4f12be8d/www-widgetapi.vflset/www-widgetapi.js,,c2dcf46501a48a87a7859596834012e81569a181f7b80bda4d91b04798f84751,0
https://www.youtube.com/s/player/4f38b487/player_ias.vflset/en_US/base.js,,24039160e1a31357f54f538ada6b1de1c0a14e352e76851c3d6e9771255ea605,0
https://www.youtube.com/s/player/4f38b487/player_ias.vflset/en_US/captions.js,,b2e6d1d81b4aec6861230e4a67be1f26917d4b45874994f7d322b5dee80649bc,0
https://www.youtube.com/s/player/4f38b487/www-player.css,,1074e75f7621bc7e5e6c75ffbeea96f6fa9f266029361ba4124dd4d3baa69fef,0
https://www.youtube.com/s/player/4f38b487/www-widgetapi.vflset/www-widgetapi.js,,9af313ed10b2fb2eb40b7cf476ec0ba74a3babe175e1bfc5d02308aeb54309fd,0
https://www.youtube.com/s/player/4f43eb64/player_ias.vflset/en_US/base.js,,ff4dc89709232c150155e2c60fd4890920054667b8f37a2492633cc9ca0a752a,0
https://www.youtube.com/s/player/4f43eb64/player_ias.vflset/en_US/captions.js,,6325a2b52f995f98cde962ec595cadb49f8e524b08062b61fa1657a1bcabcbdd,0
https://www.youtube.com/s/player/4f43eb64/www-player.css,,8dd0861016ff7bfa3fa5810d683be16d2e6ab9c70a639428f71a78b39f93b9b9,0
https://www.youtube.com/s/player/4f43eb64/www-widgetapi.vflset/www-widgetapi.js,,e9abd0d74c5ecca848c706e3f94780a00efc33f66f1a7971ded040458851fd69,0
https://www.youtube.com/s/player/4f48ea67/player_ias.vflset/en_US/base.js,,23eb11f4201d61178c1fd02b00db912def67fec105e2f281de037cb90c052e01,0
https://www.youtube.com/s/player/4f48ea67/player_ias.vflset/en_US/captions.js,,bd236a3d9a474482eb9ece956ca63f03cd62f0fb10aec670627dad9bfd74f0cd,0
https://www.youtube.com/s/player/4f48ea67/www-player.css,,8dd0861016ff7bfa3fa5810d683be16d2e6ab9c70a639428f71a78b39f93b9b9,0
https://www.youtube.com/s/player/4f48ea67/www-widgetapi.vflset/www-widgetapi.js,,e9abd0d74c5ecca848c706e3f94780a00efc33f66f1a7971ded040458851fd69,0
https://www.youtube.com/s/player/5003a06d/player_ias.vflset/en_US/base.js,,db1dbd8d8a45a1242620740480d9415d4656ade86635ecb29b222481bea3b43a,0
https://www.youtube.com/s/player/5003a06d/player_ias.vflset/en_US/captions.js,,f8c055c9fd7b9a84eefb1bea5617a8b756d2848c5444eecca8ec8a3429c20b19,0
https://www.youtube.com/s/player/5003a06d/www-player.css,,cfd52c611020fb575d85fc138c1cc172eebdb9bff20d464f90993923cf5cb64b,0
https://www.youtube.com/s/player/5003a06d/www-widgetapi.vflset/www-widgetapi.js,,3aeb791f41afb9d7500326010b8852214536360b695c2d0328f4fd265badb21f,0
https://www.youtube.com/s/player/504fc963/player_ias.vflset/en_US/base.js,,92299a2a89d4fccee843ad8d066721ff42990740f25253570e40cdb9ad4dcaf5,0
https://www.youtube.com/s/player/504fc963/player_ias.vflset/en_US/captions.js,,129ef8c75eb240c369004583c0fc4d9047c8f0c166d598821937fc4a8cc8a53f,0
https://www.youtube.com/s/player/504fc963/www-player.css,,e7c8a5055316b32ab0baa115589477ca4edf8a28372005da3ab230c85660d3f4,0
https://www.youtube.com/s/player/504fc963/www-widgetapi.vflset/www-widgetapi.js,,9af313ed10b2fb2eb40b7cf476ec0ba74a3babe175e1bfc5d02308aeb54309fd,0
https://www.youtube.com/s/player/50c9b939/player_ias.vflset/en_US/base.js,,10dd234b9bc7bda435cf1ccb090921d3661e2a527bdd473e4cee5966b490c2e9,0
https://www.youtube.com/s/player/50c9b939/player_ias.vflset/en_US/captions.js,,624e3022e2f1f15b9d315ff3b16810cc5441d3232ce70cf56d021a3889b9894c,0
https://www.youtube.com/s/player/50c9b939/www-player.css,,24cb353f7db6c8025eaf8648aa1f941cddfac84342d06ed4fb9def4523328bb3,0
https://www.youtube.com/s/player/50c9b939/www-widgetapi.vflset/www-widgetapi.js,,b6b18fb0c355a9e4fca44acd186be76ecca76232c4eaa4f2e11ff06026e9c3f4,0
https://www.youtube.com/s/player/50cc0679/player_ias.vflset/en_US/base.js,,03a260815cdf5c5f847236522ef17ad5675c096a41d98ee66b1ef878326064db,0
https://www.youtube.com/s/player/50cc0679/player_ias.vflset/en_US/captions.js,,c17db2f743a5597a84210acbc2748a8b07abb170db58b002e3384c9e8cc2183f,0
https://www.youtube.com/s/player/50cc0679/www-player.css,,d84a7a9cede27c144c059863a14188a79870815abcf8f4e88ec746c5873e205f,0
https://www.youtube.com/s/player/50cc0679/www-widgetapi.vflset/www-widgetapi.js,,11aa7946df12674187e45a29c8a083a30cefb5e625985b2405c1d0fb710e56b2,0
https://www.youtube.com/s/player/50fb0efb/player_ias.vflset/en_US/base.js,,e63c09c4ac3acba23acae45a15d849bd2f809fa585c4da7ccd839ae358766ecb,0
https://www.youtube.com/s/player/50fb0efb/player_ias.vflset/en_US/captions.js,,86bc98c71c98bbb5768ece1d0daad0191c7064cfff2c8ffd111ff16facfcb0ae,0
https://www.youtube.com/s/player/50fb0efb/www-player.css,,f140b6831469664f09fb07ae991e983b46752deaa9d8a8b214852f235ea6e7d0,0
https://www.youtube.com/s/player/50fb0efb/www-widgetapi.vflset/www-widgetapi.js,,9af313ed10b2fb2eb40b7cf476ec0ba74a3babe175e1bfc5d02308aeb54309fd,0
https://www.youtube.com/s/player/5121b595/player_ias.vflset/en_US/base.js,,63ab18792ad8ebd3464f956672a15eded34bafd72c334f641ea446f9f60e224a,0
https://www.youtube.com/s/player/5121b595/player_ias.vflset/en_US/captions.js,,b91d7f69139a97c7d68a41d08e5dda33aefd0509fb873465a9845a4542eb3f21,0
https://www.youtube.com/s/player/5121b595/www-player.css,,921b6856085a224b1ca2e5db139b1788c01d4dd1e70daca7006b6a7b381bdae1,0
https://www.youtube.com/s/player/5121b595/www-widgetapi.vflset/www-widgetapi.js,,3aeb791f41afb9d7500326010b8852214536360b695c2d0328f4fd265badb21f,0
https://www.youtube.com/s/player/51e03cf0/player_ias.vflset/en_US/base.js,,5d5ed344c17d9e5084c727030c05fdfb4a6de514fc853c0e0b3df064e5e8c721,0
https://www.youtube.com/s/player/51e03cf0/player_ias.vflset/en_US/captions.js,,003e66d57aab065710954956a3ed038370b1cf420ab1994740b254bdfe4818fd,0
https://www.youtube.com/s/player/51e03cf0/www-player.css,,6f25e841296950467517ec8bccba0ffd052a386d6ac8d893aeaba5edf84aca42,0
https://www.youtube.com/s/player/51e03cf0/www-widgetapi.vflset/www-widgetapi.js,,9af313ed10b2fb2eb40b7cf476ec0ba74a3babe175e1bfc5d02308aeb54309fd,0
https://www.youtube.com/s/player/53db3343/player_ias.vflset/en_US/base.js,,674fd5e807a51c06c8f9af2fdcdb17814f79e97fb575b5dd6c7626bd7c247408,0
https://www.youtube.com/s/player/53db3343/player_ias.vflset/en_US/captions.js,,987b7083a993d334425156b801370bd934b80eade3e7792c521bfddbfa13cdf4,0
https://www.youtube.com/s/player/53db3343/www-player.css,,e7c8a5055316b32ab0baa115589477ca4edf8a28372005da3ab230c85660d3f4,0
https://www.youtube.com/s/player/53db3343/www-widgetapi.vflset/www-widgetapi.js,,9af313ed10b2fb2eb40b7cf476ec0ba74a3babe175e1bfc5d02308aeb54309fd,0
https://www.youtube.com/s/player/54bd1de4/player_ias.vflset/en_US/base.js,,b447105ff5c7fece47cf674d0c2b37a898d0b8939f7b56e3edf5fdd9dd93312e,0
https://www.youtube.com/s/player/54bd1de4/player_ias.vflset/en_US/captions.js,,28f1b7a2fa3fc44a20198f2e051b21f9adfd6348983d6e4c631eafa5e1188370,0
https://www.youtube.com/s/player/54bd1de4/www-player.css,,29d34e9e6307e455bd2f297147351746386bf5aa097920f69d7d4771fb9f16e4,0
https://www.youtube.com/s/player/54bd1de4/www-widgetapi.vflset/www-widgetapi.js,,e9abd0d74c5ecca848c706e3f94780a00efc33f66f1a7971ded040458851fd69,0
https://www.youtube.com/s/player/54bf3cd6/player_ias.vflset/en_US/base.js,,523f2cdfca6f05364f2ac15d7550551daf8175e428d7b2d8c51553d18db04e5f,0
https://www.youtube.com/s/player/54bf3cd6/player_ias.vflset/en_US/captions.js,,12475bcd2a8843fb6f5322ca4a6a6bf7e01c296f950c487111a60e4e3d5fba23,0
https://www.youtube.com/s/player/54bf3cd6/www-player.css,,7aca61589965311619d927da66c4fd6c266bfd5a9a263a5cd203e935270a4428,0
https://www.youtube.com/s/player/54bf3cd6/www-widgetapi.vflset/www-widgetapi.js,,3aeb791f41afb9d7500326010b8852214536360b695c2d0328f4fd265badb21f,0
https://www.youtube.com/s/player/551c312f/player_ias.vflset/en_US/base.js,,6904382455acddc39783d3236963459f78bac0d3d604fa5385d62adb36a9dae0,0
https://www.youtube.com/s/player/551c312f/player_ias.vflset/en_US/captions.js,,518bdd72a508bfe21b1a19bef2c9ec128add52a921e228f77fcba2c2b4efec61,0
https://www.youtube.com/s/player/551c312f/www-player.css,,0d994eb0e617b6087b915cb1bdc2bb56f40826f1b3d182277c0915aedec24671,0
https://www.youtube.com/s/player/551c312f/www-widgetapi.vflset/www-widgetapi.js,,9af313ed10b2fb2eb40b7cf476ec0ba74a3babe175e1bfc5d02308aeb54309fd,0
https://www.youtube.com/s/player/553d5bd7/player_ias.vflset/en_US/base.js,,ae34e79cb412287573bb9ae1436a36cde73451812624b6ae73e6dfa95b065b76,0
https://www.youtube.com/s/player/553d5bd7/player_ias.vflset/en_US/captions.js,,a63c8b752a631b96e4e79003e91e336b974650dfa26730aa821a0c46a8b4fa98,0
https://www.youtube.com/s/player/553d5bd7/www-player.css,,f140b6831469664f09fb07ae991e983b46752deaa9d8a8b214852f235ea6e7d0,0
https://www.youtube.com/s/player/553d5bd7/www-widgetapi.vflset/www-widgetapi.js,,9af313ed10b2fb2eb40b7cf476ec0ba74a3babe175e1bfc5d02308aeb54309fd,0
https://www.youtube.com/s/player/5570c7bc/player_ias.vflset/en_US/base.js,,90619ea35dc5c33b6d5ec409f9eed14aed8d16b5c02ddc7fd70bbb4ebe7a8e25,0
https://www.youtube.com/s/player/5570c7bc/player_ias.vflset/en_US/captions.js,,4c1ff0d36025475e3f18aa5ff03389dc48a450912a4c6351f7679c08d180eef6,0
https://www.youtube.com/s/player/5570c7bc/www-player.css,,f438434e0849285ebb1770fbf0b2a71bbc8468c267542b45098d5d430d86b89d,0
https://www.youtube.com/s/player/5570c7bc/www-widgetapi.vflset/www-widgetapi.js,,9af313ed10b2fb2eb40b7cf476ec0ba74a3babe175e1bfc5d02308aeb54309fd,0
https://www.youtube.com/s/player/55b1ff8b/player_ias.vflset/en_US/base.js,,29dd4e555d8b70e85ab7560525248c2e3c2ad40fd90698161da423568d65e517,0
https://www.youtube.com/s/player/55b1ff8b/player_ias.vflset/en_US/captions.js,,1e16489ef423991910633b6701e84f863751e1d233e332e852e895a1b87c4745,0
https://www.youtube.com/s/player/55b1ff8b/www-player.css,,0d994eb0e617b6087b915cb1bdc2bb56f40826f1b3d182277c0915aedec24671,0
https://www.youtube.com/s/player/55b1ff8b/www-widgetapi.vflset/www-widgetapi.js,,9af313ed10b2fb2eb40b7cf476ec0ba74a3babe175e1bfc5d02308aeb54309fd,0
https://www.youtube.com/s/player/55da8b08/player_ias.vflset/en_US/base.js,,eea85fed1e1ea4d4a0b8939fa114ac995202e0211bef105bbdd96a787d8ee3c2,0
https://www.youtube.com/s/player/55da8b08/player_ias.vflset/en_US/captions.js,,247a152abb90971a7142f28d9e0a814df07b5bd5105105cb59edc4b6be6e9e9d,0
https://www.youtube.com/s/player/55da8b08/www-player.css,,96e3e223db36f20082cbc5b5393a6c783c91cd0d52b4d338857e1c2abbc0deeb,0
https://www.youtube.com/s/player/55da8b08/www-widgetapi.vflset/www-widgetapi.js,,c2dcf46501a48a87a7859596834012e81569a181f7b80bda4d91b04798f84751,0
https://www.youtube.com/s/player/56211dc2/player_ias.vflset/en_US/base.js,,2ec0a817578761dcd179ad72aceffc41ed3ace39923c0e57b7fd3e911fac69a0,0
https://www.youtube.com/s/player/56211dc2/player_ias.vflset/en_US/captions.js,,37469f291bbebb39967fb68f6463e90620e25db1ab5c944fd6bb8d162087f41a,0
https://www.youtube.com/s/player/56211dc2/www-player.css,,c1266aa5ccb770d4191058a5eff5c40d0e88ab06d5cfbb81025ef0105572f5f2,0
https://www.youtube.com/s/player/56211dc2/www-widgetapi.vflset/www-widgetapi.js,,e9abd0d74c5ecca848c706e3f94780a00efc33f66f1a7971ded040458851fd69,0
https://www.youtube.com/s/player/5633eddb/player_ias.vflset/en_US/base.js,,07e5b9a366ddf0bca3ef0372ef3906977cde0a64ebca5a6aa2232b245ef3ac99,0
https://www.youtube.com/s/player/5633eddb/player_ias.vflset/en_US/captions.js,,1c988f3714bb47765556dd4a72bf519c5de8110bdc5f8287af78ff5486904d70,0
https://www.youtube.com/s/player/5633eddb/www-player.css,,921b6856085a224b1ca2e5db139b1788c01d4dd1e70daca7006b6a7b381bdae1,0
https://www.youtube.com/s/player/5633eddb/www-widgetapi.vflset/www-widgetapi.js,,3aeb791f41afb9d7500326010b8852214536360b695c2d0328f4fd265badb21f,0
https://www.youtube.com/s/player/56545ff7/player_ias.vflset/en_US/base.js,,c8e77adb96264d89024747b59efefd3e504f67ba2956fcf8d16b796878f7de42,0
https://www.youtube.com/s/player/56545ff7/player_ias.vflset/en_US/captions.js,,6a03b27f9a8f3d26d0764380a777cb52b6f51ea51ae6ef6530f4f7ecfe676089,0
https://www.youtube.com/s/player/56545ff7/www-player.css,,ca7992e78f5e015470a829868dc51a6e71c2e6eae256695e908b3f9f56e9c1e7,0
https://www.youtube.com/s/player/56545ff7/www-widgetapi.vflset/www-widgetapi.js,,e9abd0d74c5ecca848c706e3f94780a00efc33f66f1a7971ded040458851fd69,0
https://www.youtube.com/s/player/56af1322/player_ias.vflset/en_US/base.js,,8a7603003c0887abf7b3c5a631f38984d9e0bd264435cf779b94a1143a2c141a,0
https://www.youtube.com/s/player/56af1322/player_ias.vflset/en_US/captions.js,,f15de880cc612113b24d44e8bb6dc0c4b761ed565e931b3a70342d389e522efe,0
https://www.youtube.com/s/player/56af1322/www-player.css,,0d994eb0e617b6087b915cb1bdc2bb56f40826f1b3d182277c0915aedec24671,0
https://www.youtube.com/s/player/56af1322/www-widgetapi.vflset/www-widgetapi.js,,9af313ed10b2fb2eb40b7cf476ec0ba74a3babe175e1bfc5d02308aeb54309fd,0
https://www.youtube.com/s/player/56f45058/player_ias.vflset/en_US/base.js,,ef3092b51df9e536872b5bfe141a6db9f4435853e57622439761978a6e2a6daa,0
https://www.youtube.com/s/player/56f45058/player_ias.vflset/en_US/captions.js,,bbf88df989a50c1a7ab92a6696b8fad0bd1501a7672edeef1918d4130c223f28,0
https://www.youtube.com/s/player/56f45058/www-player.css,,ed75e47b996f41da27d3aa3997bf0f0d632a4d02cefbe8572870acb51e4ed891,0
https://www.youtube.com/s/player/56f45058/www-widgetapi.vflset/www-widgetapi.js,,3aeb791f41afb9d7500326010b8852214536360b695c2d0328f4fd265badb21f,0
https://www.youtube.com/s/player/5728051c/player_ias.vflset/en_US/base.js,,aba642bf0916770026ba71865e63e897db73c3aff399d102ff057f752cd169f1,0
https://www.youtube.com/s/player/5728051c/player_ias.vflset/en_US/captions.js,,9d0380c6cb135c6775bc6c4011aac774c9f30eaee1de4b10542588c163975721,0
https://www.youtube.com/s/player/5728051c/www-player.css,,cfd52c611020fb575d85fc138c1cc172eebdb9bff20d464f90993923cf5cb64b,0
https://www.youtube.com/s/player/5728051c/www-widgetapi.vflset/www-widgetapi.js,,3aeb791f41afb9d7500326010b8852214536360b695c2d0328f4fd265badb21f,0
https://www.youtube.com/s/player/575eddda/player_ias.vflset/en_US/base.js,,f68751daf55ea93252e0586d8dab9bcfad52e0c3111f556c17123b957a68d56c,0
https://www.youtube.com/s/player/575eddda/player_ias.vflset/en_US/captions.js,,b3304b921e02c0561e2c15171b53f48152d28118b05ce334465e8691ad144f08,0
https://www.youtube.com/s/player/575eddda/www-player.css,,8345f5d06b1e06a8dcf60075eee7e564059f238a85eb6f34b6ce41fab50ce074,0
https://www.youtube.com/s/player/575eddda/www-widgetapi.vflset/www-widgetapi.js,,3aeb791f41afb9d7500326010b8852214536360b695c2d0328f4fd265badb21f,0
https://www.youtube.com/s/player/57f5d44f/player_ias.vflset/en_US/base.js,,fd05d643d66ceafa5c88f595f73a6317f478b210f24a08a42f9472aa72e93347,0
https://www.youtube.com/s/player/57f5d44f/player_ias.vflset/en_US/captions.js,,1f2a67659bf0d0042a95482517d37ef8a59b5e76acdedd7d8a7c6778569d20a0,0
https://www.youtube.com/s/player/57f5d44f/www-player.css,,e7c8a5055316b32ab0baa115589477ca4edf8a28372005da3ab230c85660d3f4,0
https://www.youtube.com/s/player/57f5d44f/www-widgetapi.vflset/www-widgetapi.js,,9af313ed10b2fb2eb40b7cf476ec0ba74a3babe175e1bfc5d02308aeb54309fd,0
https://www.youtube.com/s/player/57fefa84/player_ias.vflset/en_US/base.js,,46beb048fdeea612ea54c35ee6065e56855414d3e26ef908c86e48669f538869,0
https://www.youtube.com/s/player/57fefa84/player_ias.vflset/en_US/captions.js,,3c4a7359b496acc66385dbc2cc75e06c47cfc67d7ba3ae19eebf15f3b937d413,0
https://www.youtube.com/s/player/57fefa84/www-player.css,,aed8e79fbe210a9b3e958681a1931b19baa85741b51cabf87b5101e4e0e2cd7b,0
https://www.youtube.com/s/player/57fefa84/www-widgetapi.vflset/www-widgetapi.js,,9af313ed10b2fb2eb40b7cf476ec0ba74a3babe175e1bfc5d02308aeb54309fd,0
https://www.youtube.com/s/player/58012f6a/player_ias.vflset/en_US/base.js,,89e46cea236e9880fe7d512ea6d97e2917dda716ae866bb0998d4c7f81b254f5,0
https://www.youtube.com/s/player/58012f6a/player_ias.vflset/en_US/captions.js,,27c41d224a9006b97f987b5b9cd0f0de68259af4ba5aef92694755edcbd977a1,0
https://www.youtube.com/s/player/58012f6a/www-player.css,,f140b6831469664f09fb07ae991e983b46752deaa9d8a8b214852f235ea6e7d0,0
https://www.youtube.com/s/player/58012f6a/www-widgetapi.vflset/www-widgetapi.js,,9af313ed10b2fb2eb40b7cf476ec0ba74a3babe175e1bfc5d02308aeb54309fd,0
https://www.youtube.com/s/player/58569eda/player_ias.vflset/en_US/base.js,,cf59fb801c09ea56d6a07c18b6d1933179d2a7a75e97a486806cfe67f3c19fd7,0
https://www.youtube.com/s/player/58569eda/player_ias.vflset/en_US/captions.js,,b8a524810192170be411d256bbe2a852aa0b9c129faa0dc08e404a81449dc528,0
https://www.youtube.com/s/player/58569eda/www-player.css,,e7c8a5055316b32ab0baa115589477ca4edf8a28372005da3ab230c85660d3f4,0
https://www.youtube.com/s/player/58569eda/www-widgetapi.vflset/www-widgetapi.js,,9af313ed10b2fb2eb40b7cf476ec0ba74a3babe175e1bfc5d02308aeb54309fd,0
https://www.youtube.com/s/player/58b06374/player_ias.vflset/en_US/base.js,,1be5fa7658afb1fb229d4e42656e08d432255ef2bef5103cd29b35a9c049c29a,0
https://www.youtube.com/s/player/58b06374/player_ias.vflset/en_US/captions.js,,88b751f3bed373551e097b30689132a33a704dfb763bfb6684b1a89264c45ff7,0
https://www.youtube.com/s/player/58b06374/www-player.css,,644559b7590cf725119fd0ab8ed45a236d0faf9751693abb303038d7c349d2b2,0
https://www.youtube.com/s/player/58b06374/www-widgetapi.vflset/www-widgetapi.js,,11aa7946df12674187e45a29c8a083a30cefb5e625985b2405c1d0fb710e56b2,0
https://www.youtube.com/s/player/58b5c413/player_ias.vflset/en_US/base.js,,de1abfbbbd94ada4cbc89f3afefc124e9821187bbb6ef3517416758c01019f3d,0
https://www.youtube.com/s/player/58b5c413/player_ias.vflset/en_US/captions.js,,ea89ca48fa3a3d1577c14ac7e2935ef8ae31e29155a965537469d7e090c0f5dd,0
https://www.youtube.com/s/player/58b5c413/www-player.css,,e73a47994fe46c3ca05cd3ef31752f0ad98c50d05aa83925177ae0d422d4e202,0
https://www.youtube.com/s/player/58b5c413/www-widgetapi.vflset/www-widgetapi.js,,e9abd0d74c5ecca848c706e3f94780a00efc33f66f1a7971ded040458851fd69,0
https://www.youtube.com/s/player/590b67f5/player_ias.vflset/en_US/base.js,,e7a63b8d3e2aab13e2ec315febd3ea2a7729da2ae26d88c6224c2041424cdedb,0
https://www.youtube.com/s/player/590b67f5/player_ias.vflset/en_US/captions.js,,ead05a6330becccf92b2b6ad64854d12bb5665c26c67ab3b1ebe78249f30c753,0
https://www.youtube.com/s/player/590b67f5/www-player.css,,921b6856085a224b1ca2e5db139b1788c01d4dd1e70daca7006b6a7b381bdae1,0
https://www.youtube.com/s/player/590b67f5/www-widgetapi.vflset/www-widgetapi.js,,3aeb791f41afb9d7500326010b8852214536360b695c2d0328f4fd265badb21f,0
https://www.youtube.com/s/player/592af824/player_ias.vflset/en_US/base.js,,d88e19f2509e9414b7b5384818f2919aec80e9b0d44377ebf8e256841ab405d9,0
https://www.youtube.com/s/player/592af824/player_ias.vflset/en_US/captions.js,,77205be45419c1e10296af189878f0975ebc492d998da12ef737a236150609df,0
https://www.youtube.com/s/player/592af824/www-player.css,,aed8e79fbe210a9b3e958681a1931b19baa85741b51cabf87b5101e4e0e2cd7b,0
https://www.youtube.com/s/player/592af824/www-widgetapi.vflset/www-widgetapi.js,,9af313ed10b2fb2eb40b7cf476ec0ba74a3babe175e1bfc5d02308aeb54309fd,0
https://www.youtube.com/s/player/59a3aff2/player_ias.vflset/en_US/base.js,,2c1d7153b012280e111b7f60a4311a3fb19c30765386ed8eacde5c79d1d854e2,0
https://www.youtube.com/s/player/59a3aff2/player_ias.vflset/en_US/captions.js,,d7f18499da75197defb9bd1e7821f776ef7a51d2d49e08bcc2df412e28a4adb8,0
https://www.youtube.com/s/player/59a3aff2/www-player.css,,d5b344b8a6d0a02864884c9b037f5f11921381cdfbddb2f8a643d1a8cbe9cef8,0
https://www.youtube.com/s/player/59a3aff2/www-widgetapi.vflset/www-widgetapi.js,,9af313ed10b2fb2eb40b7cf476ec0ba74a3babe175e1bfc5d02308aeb54309fd,0
https://www.youtube.com/s/player/59bb7746/player_ias.vflset/en_US/base.js,,bc467dc81cf25234561ed4ce00108c5a87be3b597cbdaefa9a36de7604ffcb62,0
https://www.youtube.com/s/player/59bb7746/player_ias.vflset/en_US/captions.js,,f5ce5cfd31e69749255e3d234c6145fa003ff64a2a69a115b898f7c29465da5c,0
https://www.youtube.com/s/player/59bb7746/www-player.css,,4501bc83f7fe6c0de41512e5f91fcf9457f7a8a3aab18e3c38973eb6a6ae0b55,0
https://www.youtube.com/s/player/59bb7746/www-widgetapi.vflset/www-widgetapi.js,,3aeb791f41afb9d7500326010b8852214536360b695c2d0328f4fd265badb21f,0
https://www.youtube.com/s/player/5a0e59cb/player_ias.vflset/en_US/base.js,,d5779fe0141d45aeac76bc71f3901f4d5fc62648c014e7eb70d1f029dbf3d0cc,0
https://www.youtube.com/s/player/5a0e59cb/player_ias.vflset/en_US/captions.js,,cddc838eea6c772cccd2a9924d383564dc0f15b58a5969d52707ba2bda255f21,0
https://www.youtube.com/s/player/5a0e59cb/www-player.css,,1f457b3c2593dd64a542c19edb3abbb59a8f2cae6efd299ef381b740631e275a,0
https://www.youtube.com/s/player/5a0e59cb/www-widgetapi.vflset/www-widgetapi.js,,b6b18fb0c355a9e4fca44acd186be76ecca76232c4eaa4f2e11ff06026e9c3f4,0
https://www.youtube.com/s/player/5a188d69/player_ias.vflset/en_US/base.js,,f9286f6d6a7c5bd2fe5d8ba998ebfd1c71159b66e4c17b25aa58fe3b0e6824e5,0
https://www.youtube.com/s/player/5a188d69/player_ias.vflset/en_US/captions.js,,391f4bce932c3261e784ce52cc36935ef13699a0f48f9eec55fdc55ed51fd5be,0
https://www.youtube.com/s/player/5a188d69/www-player.css,,7c7eb8252199ec9042290b1044ed1ba5ed8847ee516771bbe6dd27f9f16a608c,0
https://www.youtube.com/s/player/5a188d69/www-widgetapi.vflset/www-widgetapi.js,,e9abd0d74c5ecca848c706e3f94780a00efc33f66f1a7971ded040458851fd69,0
https://www.youtube.com/s/player/5a7a8be5/player_ias.vflset/en_US/base.js,,a375aa306196090679da557c84adf10ac2f33f2f5057b825481aa8f8ecfc0bbf,0
https://www.youtube.com/s/player/5a7a8be5/player_ias.vflset/en_US/captions.js,,c6c9101692500af9e38fd73c19ec5aff0d3af7405c10e9dc430bbc3245ba452b,0
https://www.youtube.com/s/player/5a7a8be5/www-player.css,,921b6856085a224b1ca2e5db139b1788c01d4dd1e70daca7006b6a7b381bdae1,0
https://www.youtube.com/s/player/5a7a8be5/www-widgetapi.vflset/www-widgetapi.js,,3aeb791f41afb9d7500326010b8852214536360b695c2d0328f4fd265badb21f,0
https://www.youtube.com/s/player/5a9b5eed/player_ias.vflset/en_US/base.js,,8af8687c9c9c5793f3e57ee99870152be22f1f8fb81661c0a0320025c36b4bb1,0
https://www.youtube.com/s/player/5a9b5eed/player_ias.vflset/en_US/captions.js,,3c4a7359b496acc66385dbc2cc75e06c47cfc67d7ba3ae19eebf15f3b937d413,0
https://www.youtube.com/s/player/5a9b5eed/www-player.css,,aed8e79fbe210a9b3e958681a1931b19baa85741b51cabf87b5101e4e0e2cd7b,0
https://www.youtube.com/s/player/5a9b5eed/www-widgetapi.vflset/www-widgetapi.js,,9af313ed10b2fb2eb40b7cf476ec0ba74a3babe175e1bfc5d02308aeb54309fd,0
https://www.youtube.com/s/player/5af2a490/player_ias.vflset/en_US/base.js,,3987c424117a0be2438dffe5a7ac29c3464b496211cc397886fe214ff0a01098,0
https://www.youtube.com/s/player/5af2a490/player_ias.vflset/en_US/captions.js,,077cb733bd15ca0bd3588e16b92cf20062317c6cec946146529abb0c646de1dc,0
https://www.youtube.com/s/player/5af2a490/www-player.css,,0f06514546f3f8ea7418db5a1a3d5418c5297bee86320633848bf00343c051ad,0
https://www.youtube.com/s/player/5af2a490/www-widgetapi.vflset/www-widgetapi.js,,11aa7946df12674187e45a29c8a083a30cefb5e625985b2405c1d0fb710e56b2,0
https://www.youtube.com/s/player/5afa275f/player_ias.vflset/en_US/base.js,,5386525f58308727280363f9e3ca8570afae1724c5c0e3b5673edfcbe68f64b5,0
https://www.youtube.com/s/player/5afa275f/player_ias.vflset/en_US/captions.js,,1e2bb0b55899f117adcd3fce2ef3e7a761ee4ef47e973c575174e366f7b63af6,0
https://www.youtube.com/s/player/5afa275f/www-player.css,,aa68e0e1ccb88e0e7e5b0e712acaefd700bc1fddffe47833b9f357c139ef7839,0
https://www.youtube.com/s/player/5afa275f/www-widgetapi.vflset/www-widgetapi.js,,9af313ed10b2fb2eb40b7cf476ec0ba74a3babe175e1bfc5d02308aeb54309fd,0
https://www.youtube.com/s/player/5afa7c36/player_ias.vflset/en_US/base.js,,1d4197c3e0205f1c1ac0c0e1f82acdd8f352295495501d0b35938504d011bbf5,0
https://www.youtube.com/s/player/5afa7c36/player_ias.vflset/en_US/captions.js,,6fd994c71b2ab8f4e8bf4db060c6cf16dd689462b0330fd65add5a33ec09e5ec,0
https://www.youtube.com/s/player/5afa7c36/www-player.css,,14a39ca2157acf89f00909fa7bec1629d375ff52d44e7016b40e691d8f4b23a8,0
https://www.youtube.com/s/player/5afa7c36/www-widgetapi.vflset/www-widgetapi.js,,9af313ed10b2fb2eb40b7cf476ec0ba74a3babe175e1bfc5d02308aeb54309fd,0
https://www.youtube.com/s/player/5b27766f/player_ias.vflset/en_US/base.js,,6760c4bcc9b2e52807ee2e331f9d70a66ff2db1ebbad62c6603c3f3235f2f5de,0
https://www.youtube.com/s/player/5b27766f/player_ias.vflset/en_US/captions.js,,cce5da789ac34f3bce4d8402bddc8e13ad711da6763e68f800d0087018955d44,0
https://www.youtube.com/s/player/5b27766f/www-player.css,,cfd52c611020fb575d85fc138c1cc172eebdb9bff20d464f90993923cf5cb64b,0
https://www.youtube.com/s/player/5b27766f/www-widgetapi.vflset/www-widgetapi.js,,3aeb791f41afb9d7500326010b8852214536360b695c2d0328f4fd265badb21f,0
https://www.youtube.com/s/player/5b3f454c/player_ias.vflset/en_US/base.js,,1b29d359a20df89a32d08dda62afcaa82f3b010205446ff70aac14791f59e4ee,0
https://www.youtube.com/s/player/5b3f454c/player_ias.vflset/en_US/captions.js,,91985968ae621bef40979bc7b8b6a740c1567103ba474b02b40aa054b4859044,0
https://www.youtube.com/s/player/5b3f454c/www-player.css,,ed75e47b996f41da27d3aa3997bf0f0d632a4d02cefbe8572870acb51e4ed891,0
https://www.youtube.com/s/player/5b3f454c/www-widgetapi.vflset/www-widgetapi.js,,3aeb791f41afb9d7500326010b8852214536360b695c2d0328f4fd265badb21f,0
https://www.youtube.com/s/player/5ba44d10/player_ias.vflset/en_US/base.js,,337d22eff6fe0ff13987dcf8ec96787d7586c9a75bfda3ac6d5f7b3f959131cb,0
https://www.youtube.com/s/player/5ba44d10/player_ias.vflset/en_US/captions.js,,ba383fb3cb3f962e8c2b7325c9695c7623d5bf9033445b1713ee6f8e8a8c03fb,0
https://www.youtube.com/s/player/5ba44d10/www-player.css,,bb2ee0639d3d01fff4688a439d42f088babfba9c20ed207d4b1d6f2fc0224107,0
https://www.youtube.com/s/player/5ba44d10/www-widgetapi.vflset/www-widgetapi.js,,9af313ed10b2fb2eb40b7cf476ec0ba74a3babe175e1bfc5d02308aeb54309fd,0
https://www.youtube.com/s/player/5bb72cbb/player_ias.vflset/en_US/base.js,,42cfe4c164fe87a0fdae1e2466876054cd412e23f345ea745fcda13bff9de6cf,0
https://www.youtube.com/s/player/5bb72cbb/player_ias.vflset/en_US/captions.js,,23bdfacd12ad9bd2a7b39a727c1548897e04cdcf21b1960647a08a7c55d1fe05,0
https://www.youtube.com/s/player/5bb72cbb/www-player.css,,14a39ca2157acf89f00909fa7bec1629d375ff52d44e7016b40e691d8f4b23a8,0
https://www.youtube.com/s/player/5bb72cbb/www-widgetapi.vflset/www-widgetapi.js,,9af313ed10b2fb2eb40b7cf476ec0ba74a3babe175e1bfc5d02308aeb54309fd,0
https://www.youtube.com/s/player/5bdac853/player_ias.vflset/en_US/base.js,,28090753d26b83ad5030670b1420815c33a8a2990b48da64749fe5991ebe9d27,0
https://www.youtube.com/s/player/5bdac853/player_ias.vflset/en_US/captions.js,,595e4e44900270565fe81d84d769950ee8c8bb64f97b7a11876a8c24a7efab78,0
https://www.youtube.com/s/player/5bdac853/www-player.css,,cfd52c611020fb575d85fc138c1cc172eebdb9bff20d464f90993923cf5cb64b,0
https://www.youtube.com/s/player/5bdac853/www-widgetapi.vflset/www-widgetapi.js,,3aeb791f41afb9d7500326010b8852214536360b695c2d0328f4fd265badb21f,0
https://www.youtube.com/s/player/5beb355b/player_ias.vflset/en_US/base.js,,53919265585c4618ba03fbc8a5db8b662541bf3fa4730ab621951688f3be8271,0
https://www.youtube.com/s/player/5beb355b/player_ias.vflset/en_US/captions.js,,7f9fcb995245844092c82fddb5c03d751c3f91b9f4eaa6eaacbf2761f2c324b8,0
https://www.youtube.com/s/player/5beb355b/www-player.css,,cfd52c611020fb575d85fc138c1cc172eebdb9bff20d464f90993923cf5cb64b,0
https://www.youtube.com/s/player/5beb355b/www-widgetapi.vflset/www-widgetapi.js,,3aeb791f41afb9d7500326010b8852214536360b695c2d0328f4fd265badb21f,0
https://www.youtube.com/s/player/5c692b33/player_ias.vflset/en_US/base.js,,5a851e909efa1da2c8f47d192a610723d9f7f914be7bf650ef966998ec8fecb4,0
https://www.youtube.com/s/player/5c692b33/player_ias.vflset/en_US/captions.js,,518bdd72a508bfe21b1a19bef2c9ec128add52a921e228f77fcba2c2b4efec61,0
https://www.youtube.com/s/player/5c692b33/www-player.css,,0d994eb0e617b6087b915cb1bdc2bb56f40826f1b3d182277c0915aedec24671,0
https://www.youtube.com/s/player/5c692b33/www-widgetapi.vflset/www-widgetapi.js,,9af313ed10b2fb2eb40b7cf476ec0ba74a3babe175e1bfc5d02308aeb54309fd,0
https://www.youtube.com/s/player/5cabb421/player_ias.vflset/en_US/base.js,,a8cfeb20acc07934ced178f3fc6fdcabcc9fc254cf03f460d92d360d4768bbdd,0
https://www.youtube.com/s/player/5cabb421/player_ias.vflset/en_US/captions.js,,fff899536be399f58cbef297bdbe46b471dea5a956f357e23f48441419511914,0
https://www.youtube.com/s/player/5cabb421/www-player.css,,1074e75f7621bc7e5e6c75ffbeea96f6fa9f266029361ba4124dd4d3baa69fef,0
https://www.youtube.com/s/player/5cabb421/www-widgetapi.vflset/www-widgetapi.js,,9af313ed10b2fb2eb40b7cf476ec0ba74a3babe175e1bfc5d02308aeb54309fd,0
https://www.youtube.com/s/player/5cf6312f/player_ias.vflset/en_US/base.js,,80afd149e1d02ec98ab7a3b6742d6fa567ecee0b13f8a8b3d9d5645aeafd6e99,0
https://www.youtube.com/s/player/5cf6312f/player_ias.vflset/en_US/captions.js,,a2e25e02d8f4298d4953a330d96c4fbcc9456263bbdcf57bf97456d577ea7805,0
https://www.youtube.com/s/player/5cf6312f/www-player.css,,826082fbcc8f1eb8d6c829ff16b4e2597195b924306242ec7a930464760339c8,0
https://www.youtube.com/s/player/5cf6312f/www-widgetapi.vflset/www-widgetapi.js,,11aa7946df12674187e45a29c8a083a30cefb5e625985b2405c1d0fb710e56b2,0
https://www.youtube.com/s/player/5d46e517/player_ias.vflset/en_US/base.js,,3ea6d48200bcadc481f66d0fe526d19455cecd2d584fa1b923ab03c99ad15783,0
https://www.youtube.com/s/player/5d46e517/player_ias.vflset/en_US/captions.js,,22072e1e888626b2c3ab2297f797be094435b503c928fc38214f472f8677ce4d,0
https://www.youtube.com/s/player/5d46e517/www-player.css,,4501bc83f7fe6c0de41512e5f91fcf9457f7a8a3aab18e3c38973eb6a6ae0b55,0
https://www.youtube.com/s/player/5d46e517/www-widgetapi.vflset/www-widgetapi.js,,3aeb791f41afb9d7500326010b8852214536360b695c2d0328f4fd265badb21f,0
https://www.youtube.com/s/player/5d50ebf0/player_ias.vflset/en_US/base.js,,b28dda2c31bce5cf40b6620e61749bb892a3af9549da405b7cb31b78e0be41a7,0
https://www.youtube.com/s/player/5d50ebf0/player_ias.vflset/en_US/captions.js,,68d60bef28971ae4ad4411c181d205277d1bf4571cc72a94d197cdf7d084fe6b,0
https://www.youtube.com/s/player/5d50ebf0/www-player.css,,96e3e223db36f20082cbc5b5393a6c783c91cd0d52b4d338857e1c2abbc0deeb,0
https://www.youtube.com/s/player/5d50ebf0/www-widgetapi.vflset/www-widgetapi.js,,c2dcf46501a48a87a7859596834012e81569a181f7b80bda4d91b04798f84751,0
https://www.youtube.com/s/player/5d6c9da0/player_ias.vflset/en_US/base.js,,60ef1ad7409e8e7d81cf00eaf51e32f9a2a3afe4b80878879f2dd07331876f63,0
https://www.youtube.com/s/player/5d6c9da0/player_ias.vflset/en_US/captions.js,,6db1ac81b7813adc75ff7164a4d3e8ddf31f4fd30e3980f9b99abdd985a6aaa0,0
https://www.youtube.com/s/player/5d6c9da0/www-player.css,,1074e75f7621bc7e5e6c75ffbeea96f6fa9f266029361ba4124dd4d3baa69fef,0
https://www.youtube.com/s/player/5d6c9da0/www-widgetapi.vflset/www-widgetapi.js,,9af313ed10b2fb2eb40b7cf476ec0ba74a3babe175e1bfc5d02308aeb54309fd,0
https://www.youtube.com/s/player/5d75c2e1/player_ias.vflset/en_US/base.js,,56674b0e1245d2b32084b3cc4012cfbdedfee54f94101fb5dea7dd4d8045f017,0
https://www.youtube.com/s/player/5d75c2e1/player_ias.vflset/en_US/captions.js,,9d0380c6cb135c6775bc6c4011aac774c9f30eaee1de4b10542588c163975721,0
https://www.youtube.com/s/player/5d75c2e1/www-player.css,,cfd52c611020fb575d85fc138c1cc172eebdb9bff20d464f90993923cf5cb64b,0
https://www.youtube.com/s/player/5d75c2e1/www-widgetapi.vflset/www-widgetapi.js,,3aeb791f41afb9d7500326010b8852214536360b695c2d0328f4fd265badb21f,0
https://www.youtube.com/s/player/5d93cfdb/player_ias.vflset/en_US/base.js,,32f9ba3ffa6d4eb76507634c5c243d88f0d76cca1451fbecef15b58905279f80,0
https://www.youtube.com/s/player/5d93cfdb/player_ias.vflset/en_US/captions.js,,0988516440bd970f366e04e49e577581b120e6b18e9188d64611c0ecc3f58c3f,0
https://www.youtube.com/s/player/5d93cfdb/www-player.css,,29d34e9e6307e455bd2f297147351746386bf5aa097920f69d7d4771fb9f16e4,0
https://www.youtube.com/s/player/5d93cfdb/www-widgetapi.vflset/www-widgetapi.js,,e9abd0d74c5ecca848c706e3f94780a00efc33f66f1a7971ded040458851fd69,0
https://www.youtube.com/s/player/5dfc4ff9/player_ias.vflset/en_US/base.js,,f9f776a85fb79c5c5cb78676fe57c1227711a41215275b86e5274ac133f8b7f9,0
https://www.youtube.com/s/player/5dfc4ff9/player_ias.vflset/en_US/captions.js,,3d86f7e2e86d18d77e445654c6cb61a3f1a7563f01d29bdaef147369042c462a,0
https://www.youtube.com/s/player/5dfc4ff9/www-player.css,,ed75e47b996f41da27d3aa3997bf0f0d632a4d02cefbe8572870acb51e4ed891,0
https://www.youtube.com/s/player/5dfc4ff9/www-widgetapi.vflset/www-widgetapi.js,,b6b18fb0c355a9e4fca44acd186be76ecca76232c4eaa4f2e11ff06026e9c3f4,0
https://www.youtube.com/s/player/5e4f1adf/player_ias.vflset/en_US/base.js,,48dc1a423aeac4a685642cac5d7b1ca110fe83373e06e5e9b6f404385dca537d,0
https://www.youtube.com/s/player/5e4f1adf/player_ias.vflset/en_US/captions.js,,f88daadd35519c42fe0e62696acb712c81ad03a0787bca69c738dbd24e1c54d2,0
https://www.youtube.com/s/player/5e4f1adf/www-player.css,,8dd0861016ff7bfa3fa5810d683be16d2e6ab9c70a639428f71a78b39f93b9b9,0
https://www.youtube.com/s/player/5e4f1adf/www-widgetapi.vflset/www-widgetapi.js,,e9abd0d74c5ecca848c706e3f94780a00efc33f66f1a7971ded040458851fd69,0
https://www.youtube.com/s/player/5e55da5a/player_ias.vflset/en_US/base.js,,ae29fa68706b73e918092fdfbeca05475c23ddee1cb7e17c343a25fa7a0d3d1c,0
https://www.youtube.com/s/player/5e55da5a/player_ias.vflset/en_US/captions.js,,df897eb360094accedd49362762cf3c9caed12acb5bd06ce6483099120b9ca8b,0
https://www.youtube.com/s/player/5e55da5a/www-player.css,,ca7992e78f5e015470a829868dc51a6e71c2e6eae256695e908b3f9f56e9c1e7,0
https://www.youtube.com/s/player/5e55da5a/www-widgetapi.vflset/www-widgetapi.js,,e9abd0d74c5ecca848c706e3f94780a00efc33f66f1a7971ded040458851fd69,0
https://www.youtube.com/s/player/5e979b82/player_ias.vflset/en_US/base.js,,82fb20f62d107b3961dc7dbd87606720ef25809b404513b6e4d27b2ff093c2f6,0
https://www.youtube.com/s/player/5e979b82/player_ias.vflset/en_US/captions.js,,689dc65b7087be130f50a341caf2c6ceb42c5b54aa1c4eae391b137a1e065aad,0
https://www.youtube.com/s/player/5e979b82/www-player.css,,6f25e841296950467517ec8bccba0ffd052a386d6ac8d893aeaba5edf84aca42,0
https://www.youtube.com/s/player/5e979b82/www-widgetapi.vflset/www-widgetapi.js,,9af313ed10b2fb2eb40b7cf476ec0ba74a3babe175e1bfc5d02308aeb54309fd,0
https://www.youtube.com/s/player/5f3e6d9d/player_ias.vflset/en_US/base.js,,f3fad8c78651de24a16133755c777d0fc61b521c8e20e75eae12826d47c05046,0
https://www.youtube.com/s/player/5f3e6d9d/player_ias.vflset/en_US/captions.js,,c6c9101692500af9e38fd73c19ec5aff0d3af7405c10e9dc430bbc3245ba452b,0
https://www.youtube.com/s/player/5f3e6d9d/www-player.css,,921b6856085a224b1ca2e5db139b1788c01d4dd1e70daca7006b6a7b381bdae1,0
https://www.youtube.com/s/player/5f3e6d9d/www-widgetapi.vflset/www-widgetapi.js,,3aeb791f41afb9d7500326010b8852214536360b695c2d0328f4fd265badb21f,0
https://www.youtube.com/s/player/5f803d10/player_ias.vflset/en_US/base.js,,9f2fc03ae4e7b33049389b656956991c1367c94ac43b8ae6bbbf6ef0333766c6,0
https://www.youtube.com/s/player/5f803d10/player_ias.vflset/en_US/captions.js,,94861d570cf43bc97246decbe70a49ff93cdf2b45543163c14e19ce63a49acad,0
https://www.youtube.com/s/player/5f803d10/www-player.css,,7c7eb8252199ec9042290b1044ed1ba5ed8847ee516771bbe6dd27f9f16a608c,0
https://www.youtube.com/s/player/5f803d10/www-widgetapi.vflset/www-widgetapi.js,,e9abd0d74c5ecca848c706e3f94780a00efc33f66f1a7971ded040458851fd69,0
https://www.youtube.com/s/player/5f90346b/player_ias.vflset/en_US/base.js,,c99db96037d0181715297a434894942d6aa0a713738f3ea6cb186690c9e34ba7,0
https://www.youtube.com/s/player/5f90346b/player_ias.vflset/en_US/captions.js,,bb9b54f9e1295e6c959ca9d632b8d4f111a71e1a33b237d7bba9e16a8087f200,0
https://www.youtube.com/s/player/5f90346b/www-player.css,,7aca61589965311619d927da66c4fd6c266bfd5a9a263a5cd203e935270a4428,0
https://www.youtube.com/s/player/5f90346b/www-widgetapi.vflset/www-widgetapi.js,,3aeb791f41afb9d7500326010b8852214536360b695c2d0328f4fd265badb21f,0
https://www.youtube.com/s/player/5fa5b166/player_ias.vflset/en_US/base.js,,7d03d886e3a2be745e1ddf7ea004ae6b8c385bf7853f560ce6dceeae3bccc3ba,0
https://www.youtube.com/s/player/5fa5b166/player_ias.vflset/en_US/captions.js,,e3223331b8f45646dc10ece26f087e009210d596c7ddd60de55c8705be9741fb,0
https://www.youtube.com/s/player/5fa5b166/www-player.css,,cfd52c611020fb575d85fc138c1cc172eebdb9bff20d464f90993923cf5cb64b,0
https://www.youtube.com/s/player/5fa5b166/www-widgetapi.vflset/www-widgetapi.js,,3aeb791f41afb9d7500326010b8852214536360b695c2d0328f4fd265badb21f,0
https://www.youtube.com/s/player/5fc1ea49/player_ias.vflset/en_US/base.js,,5a817de0e2703575c4ba08c8b06130316f4930ec2be22cc2f84cfa63762bfbc0,0
https://www.youtube.com/s/player/5fc1ea49/player_ias.vflset/en_US/captions.js,,7be896666f944505c5f5b3f3bf79480a747b1f9979e732ce23e71b7a3d4ce2a1,0
https://www.youtube.com/s/player/5fc1ea49/www-player.css,,e73a47994fe46c3ca05cd3ef31752f0ad98c50d05aa83925177ae0d422d4e202,0
https://www.youtube.com/s/player/5fc1ea49/www-widgetapi.vflset/www-widgetapi.js,,e9abd0d74c5ecca848c706e3f94780a00efc33f66f1a7971ded040458851fd69,0
https://www.youtube.com/s/player/5fe6131f/player_ias.vflset/en_US/base.js,,f4a9c11abc6c7040213c03682b10d43c1c71264e2a7753b93261a825d938e4b5,0
https://www.youtube.com/s/player/5fe6131f/player_ias.vflset/en_US/captions.js,,66ed50211d277c70bc627c531abb4b8e93c05c6f07ab309e03cd0de09cafe8fe,0
https://www.youtube.com/s/player/5fe6131f/www-player.css,,1074e75f7621bc7e5e6c75ffbeea96f6fa9f266029361ba4124dd4d3baa69fef,0
https://www.youtube.com/s/player/5fe6131f/www-widgetapi.vflset/www-widgetapi.js,,9af313ed10b2fb2eb40b7cf476ec0ba74a3babe175e1bfc5d02308aeb54309fd,0
https://www.youtube.com/s/player/6009b507/player_ias.vflset/en_US/base.js,,e37132ba4a3c436fe0bca822ce7c91a3b92c21d6e2780d1862b0d40b66eee263,0
https://www.youtube.com/s/player/6009b507/player_ias.vflset/en_US/captions.js,,bd71dc360050847608d75a7bf0d4c61098debc5285caf2ae69336ae280f01961,0
https://www.youtube.com/s/player/6009b507/www-player.css,,cfd52c611020fb575d85fc138c1cc172eebdb9bff20d464f90993923cf5cb64b,0
https://www.youtube.com/s/player/6009b507/www-widgetapi.vflset/www-widgetapi.js,,3aeb791f41afb9d7500326010b8852214536360b695c2d0328f4fd265badb21f,0
https://www.youtube.com/s/player/60869856/player_ias.vflset/en_US/base.js,,5e6183b98afe0b6445918447699645045ad32b0f906991a04c72356ff170a296,0
https://www.youtube.com/s/player/60869856/player_ias.vflset/en_US/captions.js,,8fb8fcc379d496dfeaaa88dbb99bc1ccdda476af3655576895058752caacdf6a,0
https://www.youtube.com/s/player/60869856/www-player.css,,774b08660c0a88d4f4516afc5b6eb8809a87581871371bcdab9648178897276d,0
https://www.youtube.com/s/player/60869856/www-widgetapi.vflset/www-widgetapi.js,,c2dcf46501a48a87a7859596834012e81569a181f7b80bda4d91b04798f84751,0
https://www.youtube.com/s/player/61d68603/player_ias.vflset/en_US/base.js,,6e95cf30e5e0bd4d11f0e1376b285d4ff84d796ba6da8edcf3f8207799a04241,0
https://www.youtube.com/s/player/61d68603/player_ias.vflset/en_US/captions.js,,ba383fb3cb3f962e8c2b7325c9695c7623d5bf9033445b1713ee6f8e8a8c03fb,0
https://www.youtube.com/s/player/61d68603/www-player.css,,bb2ee0639d3d01fff4688a439d42f088babfba9c20ed207d4b1d6f2fc0224107,0
https://www.youtube.com/s/player/61d68603/www-widgetapi.vflset/www-widgetapi.js,,9af313ed10b2fb2eb40b7cf476ec0ba74a3babe175e1bfc5d02308aeb54309fd,0
https://www.youtube.com/s/player/627778fa/player_ias.vflset/en_US/base.js,,b76455b489166b868c6310e6231ed28f1c0fd6c87caed633c5c5db69bfa3f921,0
https://www.youtube.com/s/player/627778fa/player_ias.vflset/en_US/captions.js,,37c4768b28d411787e69e7587491005cf62a50c0c2500a90da43245e305021ea,0
https://www.youtube.com/s/player/627778fa/www-player.css,,ed75e47b996f41da27d3aa3997bf0f0d632a4d02cefbe8572870acb51e4ed891,0
https://www.youtube.com/s/player/627778fa/www-widgetapi.vflset/www-widgetapi.js,,3aeb791f41afb9d7500326010b8852214536360b695c2d0328f4fd265badb21f,0
https://www.youtube.com/s/player/627e46f5/player_ias.vflset/en_US/base.js,,a328907075c951d5bf352f770995894417d91dbd31b0f8265c130862e90a221c,0
https://www.youtube.com/s/player/627e46f5/player_ias.vflset/en_US/captions.js,,88b751f3bed373551e097b30689132a33a704dfb763bfb6684b1a89264c45ff7,0
https://www.youtube.com/s/player/627e46f5/www-player.css,,644559b7590cf725119fd0ab8ed45a236d0faf9751693abb303038d7c349d2b2,0
https://www.youtube.com/s/player/627e46f5/www-widgetapi.vflset/www-widgetapi.js,,11aa7946df12674187e45a29c8a083a30cefb5e625985b2405c1d0fb710e56b2,0
https://www.youtube.com/s/player/62a6a39e/player_ias.vflset/en_US/base.js,,9c7d147300106f0aad779804ff87205376c29d9188021b07f8d0c73696d35898,0
https://www.youtube.com/s/player/62a6a39e/player_ias.vflset/en_US/captions.js,,a82edbf6822df7dfb42ab47195e499a4497af505f8e3d994a670383f1c17ef7e,0
https://www.youtube.com/s/player/62a6a39e/www-player.css,,7c7eb8252199ec9042290b1044ed1ba5ed8847ee516771bbe6dd27f9f16a608c,0
https://www.youtube.com/s/player/62a6a39e/www-widgetapi.vflset/www-widgetapi.js,,e9abd0d74c5ecca848c706e3f94780a00efc33f66f1a7971ded040458851fd69,0
https://www.youtube.com/s/player/62c230ae/player_ias.vflset/en_US/base.js,,49def9467f3cc2dd728c91e695033ec846ef43a7747cd854ed66d70f5db3246b,0
https://www.youtube.com/s/player/62c230ae/player_ias.vflset/en_US/captions.js,,cddc838eea6c772cccd2a9924d383564dc0f15b58a5969d52707ba2bda255f21,0
https://www.youtube.com/s/player/62c230ae/www-player.css,,1f457b3c2593dd64a542c19edb3abbb59a8f2cae6efd299ef381b740631e275a,0
https://www.youtube.com/s/player/62c230ae/www-widgetapi.vflset/www-widgetapi.js,,b6b18fb0c355a9e4fca44acd186be76ecca76232c4eaa4f2e11ff06026e9c3f4,0
https://www.youtube.com/s/player/63173e4a/player_ias.vflset/en_US/base.js,,2754944721812e9aa170545a1e9791660b160a8e24f0d838a2a6ddbb67ce6a43,0
https://www.youtube.com/s/player/63173e4a/player_ias.vflset/en_US/captions.js,,e3223331b8f45646dc10ece26f087e009210d596c7ddd60de55c8705be9741fb,0
https://www.youtube.com/s/player/63173e4a/www-player.css,,cfd52c611020fb575d85fc138c1cc172eebdb9bff20d464f90993923cf5cb64b,0
https://www.youtube.com/s/player/63173e4a/www-widgetapi.vflset/www-widgetapi.js,,3aeb791f41afb9d7500326010b8852214536360b695c2d0328f4fd265badb21f,0
https://www.youtube.com/s/player/631d3938/player_ias.vflset/en_US/base.js,,4e8399d3079df67f90c065c290c56d1b8fe14f84d637886e2c0bf6634003c187,0
https://www.youtube.com/s/player/631d3938/player_ias.vflset/en_US/captions.js,,b0713ddc18de2d25ccfcdc2e2d9eeea9a281d5ecf54fb52c0d408679eb2e3080,0
https://www.youtube.com/s/player/631d3938/www-player.css,,ca7992e78f5e015470a829868dc51a6e71c2e6eae256695e908b3f9f56e9c1e7,0
https://www.youtube.com/s/player/631d3938/www-widgetapi.vflset/www-widgetapi.js,,e9abd0d74c5ecca848c706e3f94780a00efc33f66f1a7971ded040458851fd69,0
https://www.youtube.com/s/player/63233546/player_ias.vflset/en_US/base.js,,4925c3d4bb0b1bb0533b9577e08a1e56ea36bdcdbc28d184f758ab06ebab86f7,0
https://www.youtube.com/s/player/63233546/player_ias.vflset/en_US/captions.js,,31266da9fdec80bd52cfe1722067a9bf438a571448c0908cea26366c46cd8e0b,0
https://www.youtube.com/s/player/63233546/www-player.css,,c1266aa5ccb770d4191058a5eff5c40d0e88ab06d5cfbb81025ef0105572f5f2,0
https://www.youtube.com/s/player/63233546/www-widgetapi.vflset/www-widgetapi.js,,e9abd0d74c5ecca848c706e3f94780a00efc33f66f1a7971ded040458851fd69,0
https://www.youtube.com/s/player/632739fe/player_ias.vflset/en_US/base.js,,29edafd5f282f4a1abc09956abc02185b17a588ad7f2364d0104defd774a9f3e,0
https://www.youtube.com/s/player/632739fe/player_ias.vflset/en_US/captions.js,,ae2bada3d454c006a21e688a1fca4d814eb22d5cc3624ddaccdaf2890d94d50a,0
https://www.youtube.com/s/player/632739fe/www-player.css,,e7c8a5055316b32ab0baa115589477ca4edf8a28372005da3ab230c85660d3f4,0
https://www.youtube.com/s/player/632739fe/www-widgetapi.vflset/www-widgetapi.js,,9af313ed10b2fb2eb40b7cf476ec0ba74a3babe175e1bfc5d02308aeb54309fd,0
https://www.youtube.com/s/player/636ed5b5/player_ias.vflset/en_US/base.js,,6e557eb68c9788a843e7686e952970acd1ae6d6c003e1996dee3d7b105fc9d34,0
https://www.youtube.com/s/player/636ed5b5/player_ias.vflset/en_US/captions.js,,e3223331b8f45646dc10ece26f087e009210d596c7ddd60de55c8705be9741fb,0
https://www.youtube.com/s/player/636ed5b5/www-player.css,,cfd52c611020fb575d85fc138c1cc172eebdb9bff20d464f90993923cf5cb64b,0
https://www.youtube.com/s/player/636ed5b5/www-widgetapi.vflset/www-widgetapi.js,,3aeb791f41afb9d7500326010b8852214536360b695c2d0328f4fd265badb21f,0
https://www.youtube.com/s/player/638ec5c6/player_ias.vflset/en_US/base.js,,f44c3a475a650ed286acb0fa0bf19105686aef3d06aba92f718f1c7750853185,0
https://www.youtube.com/s/player/638ec5c6/player_ias.vflset/en_US/captions.js,,2c6088500c67020544d499fbb662a59145980d123f40b92c28caebab761a3982,0
https://www.youtube.com/s/player/638ec5c6/www-player.css,,6992da67708c368b3b3baf461feea187aa35707d5be38f0be30038a043da2d5c,0
https://www.youtube.com/s/player/638ec5c6/www-widgetapi.vflset/www-widgetapi.js,,11aa7946df12674187e45a29c8a083a30cefb5e625985b2405c1d0fb710e56b2,0
https://www.youtube.com/s/player/6506e6fd/player_ias.vflset/en_US/base.js,,6d2002ed4743a73f0aa97439a2f80dc6205625cefea09f9aa620a435b5ae6239,0
https://www.youtube.com/s/player/6506e6fd/player_ias.vflset/en_US/captions.js,,e181918a41eb042f61ffef57c091a1544e07db0ddb1b1b3db613db14680a57f6,0
https://www.youtube.com/s/player/6506e6fd/www-player.css,,e7c8a5055316b32ab0baa115589477ca4edf8a28372005da3ab230c85660d3f4,0
https://www.youtube.com/s/player/6506e6fd/www-widgetapi.vflset/www-widgetapi.js,,9af313ed10b2fb2eb40b7cf476ec0ba74a3babe175e1bfc5d02308aeb54309fd,0
https://www.youtube.com/s/player/652bbb94/player_ias.vflset/en_US/base.js,,844269e5c7a56fe45c8a6e2bd226b1d08784a453ad655ed08a60865cbc4af1a5,0
https://www.youtube.com/s/player/652bbb94/player_ias.vflset/en_US/captions.js,,a54ae2ee5ae8b17a6a86e11072be5a1d79f25266ab4696d50331cd92a7f4b8a2,0
https://www.youtube.com/s/player/652bbb94/www-player.css,,4a3d9f50726e2dc48728329f15bed529b17e8e1238c784566e6e97a03a710e83,0
https://www.youtube.com/s/player/652bbb94/www-widgetapi.vflset/www-widgetapi.js,,172690ab0ba286f1ef866d9c58a39e5402e69eaa89c9479333728e6a801a64d2,0
https://www.youtube.com/s/player/65578ad1/player_ias.vflset/en_US/base.js,,f35f78adda0ea5dcaf2c8aff5f58c5b7e8c51eae2bc01c08599f5c5f71a029d0,0
https://www.youtube.com/s/player/65578ad1/player_ias.vflset/en_US/captions.js,,ea581fd711a928e3d1b36164b2730926f44903cb4cfd44165ce0be7b01355c59,0
https://www.youtube.com/s/player/65578ad1/www-player.css,,285c2c04776dc61c5ca68c881e31b524135313e3a462eda28e1b73778dce3d43,0
https://www.youtube.com/s/player/65578ad1/www-widgetapi.vflset/www-widgetapi.js,,11aa7946df12674187e45a29c8a083a30cefb5e625985b2405c1d0fb710e56b2,0
https://www.youtube.com/s/player/6567edc1/player_ias.vflset/en_US/base.js,,bf4345e204c9538ba50fb1e332c498721ce1e904fa02cf8e7347f634ea40c1ad,0
https://www.youtube.com/s/player/6567edc1/player_ias.vflset/en_US/captions.js,,247a152abb90971a7142f28d9e0a814df07b5bd5105105cb59edc4b6be6e9e9d,0
https://www.youtube.com/s/player/6567edc1/www-player.css,,96e3e223db36f20082cbc5b5393a6c783c91cd0d52b4d338857e1c2abbc0deeb,0
https://www.youtube.com/s/player/6567edc1/www-widgetapi.vflset/www-widgetapi.js,,c2dcf46501a48a87a7859596834012e81569a181f7b80bda4d91b04798f84751,0
https://www.youtube.com/s/player/6572a644/player_ias.vflset/en_US/base.js,,23357f47570e4c6822c16cb00aae87a75c4ce8a726e8319b078f9951d0f2b490,0
https://www.youtube.com/s/player/6572a644/player_ias.vflset/en_US/captions.js,,75c56106fadf219ed9d609ed03d1ccf3a3f080430b95b9beeb2bba241438be55,0
https://www.youtube.com/s/player/6572a644/www-player.css,,aee7a46d2441143a7eb10d04d926a4f089eaa3060d5f02663e04ffa5408bd2f5,0
https://www.youtube.com/s/player/6572a644/www-widgetapi.vflset/www-widgetapi.js,,e9abd0d74c5ecca848c706e3f94780a00efc33f66f1a7971ded040458851fd69,0
https://www.youtube.com/s/player/658ecde4/player_ias.vflset/en_US/base.js,,39e43b3d3115bdfe86924ff89d8dca6e74c5e1871d56ca79b9d66abc1057ce0a,0
https://www.youtube.com/s/player/658ecde4/player_ias.vflset/en_US/captions.js,,6db1ac81b7813adc75ff7164a4d3e8ddf31f4fd30e3980f9b99abdd985a6aaa0,0
https://www.youtube.com/s/player/658ecde4/www-player.css,,1074e75f7621bc7e5e6c75ffbeea96f6fa9f266029361ba4124dd4d3baa69fef,0
https://www.youtube.com/s/player/658ecde4/www-widgetapi.vflset/www-widgetapi.js,,9af313ed10b2fb2eb40b7cf476ec0ba74a3babe175e1bfc5d02308aeb54309fd,0
https://www.youtube.com/s/player/659a519e/player_ias.vflset/en_US/base.js,,7f6004e19e6cf9328ac1da6054d3fa1ffcb33fd4bba786cb27daf13959967a39,0
https://www.youtube.com/s/player/659a519e/player_ias.vflset/en_US/captions.js,,3c4a7359b496acc66385dbc2cc75e06c47cfc67d7ba3ae19eebf15f3b937d413,0
https://www.youtube.com/s/player/659a519e/www-player.css,,aed8e79fbe210a9b3e958681a1931b19baa85741b51cabf87b5101e4e0e2cd7b,0
https://www.youtube.com/s/player/659a519e/www-widgetapi.vflset/www-widgetapi.js,,9af313ed10b2fb2eb40b7cf476ec0ba74a3babe175e1bfc5d02308aeb54309fd,0
https://www.youtube.com/s/player/659ae91c/player_ias.vflset/en_US/base.js,,ff5d22b8a2a7c737a41747e953c74fcef074e71d7d17aaad3d7c9eceddbd3a91,0
https://www.youtube.com/s/player/659ae91c/player_ias.vflset/en_US/captions.js,,efdab76884778718822c0917e0dd275c736d63ae36d35a86e201c15136f556c1,0
https://www.youtube.com/s/player/659ae91c/www-player.css,,774b08660c0a88d4f4516afc5b6eb8809a87581871371bcdab9648178897276d,0
https://www.youtube.com/s/player/659ae91c/www-widgetapi.vflset/www-widgetapi.js,,c2dcf46501a48a87a7859596834012e81569a181f7b80bda4d91b04798f84751,0
https://www.youtube.com/s/player/65f75815/player_ias.vflset/en_US/base.js,,d25f264f8f7ec9e905b1a2da6e8bdbe9fb7f9883f57c38755f63472243d5ce0c,0
https://www.youtube.com/s/player/65f75815/player_ias.vflset/en_US/captions.js,,4826d3a67fa79637df22425a1ff5d883462805e13af0c5548cd2f4007abc064d,0
https://www.youtube.com/s/player/65f75815/www-player.css,,ed75e47b996f41da27d3aa3997bf0f0d632a4d02cefbe8572870acb51e4ed891,0
https://www.youtube.com/s/player/65f75815/www-widgetapi.vflset/www-widgetapi.js,,3aeb791f41afb9d7500326010b8852214536360b695c2d0328f4fd265badb21f,0
https://www.youtube.com/s/player/669cd14f/player_ias.vflset/en_US/base.js,,f1fbd8bdba9dff67170976fbd50f5b67c840a9388b261da71212d22f27feb1c2,0
https://www.youtube.com/s/player/669cd14f/player_ias.vflset/en_US/captions.js,,1e16489ef423991910633b6701e84f863751e1d233e332e852e895a1b87c4745,0
https://www.youtube.com/s/player/669cd14f/www-player.css,,0d994eb0e617b6087b915cb1bdc2bb56f40826f1b3d182277c0915aedec24671,0
https://www.youtube.com/s/player/669cd14f/www-widgetapi.vflset/www-widgetapi.js,,9af313ed10b2fb2eb40b7cf476ec0ba74a3babe175e1bfc5d02308aeb54309fd,0
https://www.youtube.com/s/player/66a6ea83/player_ias.vflset/en_US/base.js,,a2ac2c1daaf28f03749dde689102d28194099fa72e1383627c9344ec30c8124a,0
https://www.youtube.com/s/player/66a6ea83/player_ias.vflset/en_US/captions.js,,e3223331b8f45646dc10ece26f087e009210d596c7ddd60de55c8705be9741fb,0
https://www.youtube.com/s/player/66a6ea83/www-player.css,,cfd52c611020fb575d85fc138c1cc172eebdb9bff20d464f90993923cf5cb64b,0
https://www.youtube.com/s/player/66a6ea83/www-widgetapi.vflset/www-widgetapi.js,,3aeb791f41afb9d7500326010b8852214536360b695c2d0328f4fd265badb21f,0
https://www.youtube.com/s/player/676feccc/player_ias.vflset/en_US/base.js,,c82306150b2a0afc8b2094698e1079e91b1437ac068233e83ea969d1de84d272,0
https://www.youtube.com/s/player/676feccc/player_ias.vflset/en_US/captions.js,,a94a857b122538f4f5ecf87f82d066f8e3cbf44304c602e4424bae15389e0065,0
https://www.youtube.com/s/player/676feccc/www-player.css,,cfd52c611020fb575d85fc138c1cc172eebdb9bff20d464f90993923cf5cb64b,0
https://www.youtube.com/s/player/676feccc/www-widgetapi.vflset/www-widgetapi.js,,3aeb791f41afb9d7500326010b8852214536360b695c2d0328f4fd265badb21f,0
https://www.youtube.com/s/player/67d54db7/player_ias.vflset/en_US/base.js,,a3dcf0be88571274e105d0acbcd7fda153f8cec6293aacce349450b0bdbe4d7d,0
https://www.youtube.com/s/player/67d54db7/player_ias.vflset/en_US/captions.js,,1ea70081ac1ff59dbb81175596307760024e1367de64d9a269fa59850af4c396,0
https://www.youtube.com/s/player/67d54db7/www-player.css,,4501bc83f7fe6c0de41512e5f91fcf9457f7a8a3aab18e3c38973eb6a6ae0b55,0
https://www.youtube.com/s/player/67d54db7/www-widgetapi.vflset/www-widgetapi.js,,3aeb791f41afb9d7500326010b8852214536360b695c2d0328f4fd265badb21f,0
https://www.youtube.com/s/player/67da7e92/player_ias.vflset/en_US/base.js,,4f8d50eafe1a542e0d54cd8e591313b3982cded4e235a034cbd4464deb491721,0
https://www.youtube.com/s/player/67da7e92/player_ias.vflset/en_US/captions.js,,6618fe461dd6bac7177c74bd1e6aa0dd72c563f31668aab45d3df593534ecfd6,0
https://www.youtube.com/s/player/67da7e92/www-player.css,,aed8e79fbe210a9b3e958681a1931b19baa85741b51cabf87b5101e4e0e2cd7b,0
https://www.youtube.com/s/player/67da7e92/www-widgetapi.vflset/www-widgetapi.js,,9af313ed10b2fb2eb40b7cf476ec0ba74a3babe175e1bfc5d02308aeb54309fd,0
https://www.youtube.com/s/player/67ff56cb/player_ias.vflset/en_US/base.js,,45c16db026ab6520c4c671613acd79f985f51d0ae3405bdefa5ec32ec73b6adf,0
https://www.youtube.com/s/player/67ff56cb/player_ias.vflset/en_US/captions.js,,39cf6e996b468efdbd47c246866730f6a2074f47f68d7eadda9508ab126625cc,0
https://www.youtube.com/s/player/67ff56cb/www-player.css,,14a39ca2157acf89f00909fa7bec1629d375ff52d44e7016b40e691d8f4b23a8,0
https://www.youtube.com/s/player/67ff56cb/www-widgetapi.vflset/www-widgetapi.js,,9af313ed10b2fb2eb40b7cf476ec0ba74a3babe175e1bfc5d02308aeb54309fd,0
https://www.youtube.com/s/player/68179ae3/player_ias.vflset/en_US/base.js,,93d2b9e0d9c8912632d972e847541a29752775172824464ff2f0b6d18af5754f,0
https://www.youtube.com/s/player/68179ae3/player_ias.vflset/en_US/captions.js,,3db06560ec17a6b46c6ae483ca978f759ff8f2cff4ce82997e219e5b1a8000e9,0
https://www.youtube.com/s/player/68179ae3/www-player.css,,d5b344b8a6d0a02864884c9b037f5f11921381cdfbddb2f8a643d1a8cbe9cef8,0
https://www.youtube.com/s/player/68179ae3/www-widgetapi.vflset/www-widgetapi.js,,9af313ed10b2fb2eb40b7cf476ec0ba74a3babe175e1bfc5d02308aeb54309fd,0
https://www.youtube.com/s/player/681bbaf2/player_ias.vflset/en_US/base.js,,9203dc51932b5833a4f7a459161c13ad45d78ccb62ef5cc56500d67817d9dbd7,0
https://www.youtube.com/s/player/681bbaf2/player_ias.vflset/en_US/captions.js,,ba383fb3cb3f962e8c2b7325c9695c7623d5bf9033445b1713ee6f8e8a8c03fb,0
https://www.youtube.com/s/player/681bbaf2/www-player.css,,bb2ee0639d3d01fff4688a439d42f088babfba9c20ed207d4b1d6f2fc0224107,0
https://www.youtube.com/s/player/681bbaf2/www-widgetapi.vflset/www-widgetapi.js,,9af313ed10b2fb2eb40b7cf476ec0ba74a3babe175e1bfc5d02308aeb54309fd,0
https://www.youtube.com/s/player/68896037/player_ias.vflset/en_US/base.js,,d822fbb13fd3ea8c9a191cf07d56a0c8b91f5516213590adf0e11a22c615b48b,0
https://www.youtube.com/s/player/68896037/player_ias.vflset/en_US/captions.js,,1986134a1c552fbf513be92f7c128b3d1c95ce9be17acc04a92e8b09d28a8b8c,0
https://www.youtube.com/s/player/68896037/www-player.css,,ca7992e78f5e015470a829868dc51a6e71c2e6eae256695e908b3f9f56e9c1e7,0
https://www.youtube.com/s/player/68896037/www-widgetapi.vflset/www-widgetapi.js,,e9abd0d74c5ecca848c706e3f94780a00efc33f66f1a7971ded040458851fd69,0
https://www.youtube.com/s/player/6925147e/player_ias.vflset/en_US/base.js,,b52a9c9ce1778a076ffd3fd204146a6ae4f9b22f0b7063df46075deb414340a1,0
https://www.youtube.com/s/player/6925147e/player_ias.vflset/en_US/captions.js,,595e4e44900270565fe81d84d769950ee8c8bb64f97b7a11876a8c24a7efab78,0
https://www.youtube.com/s/player/6925147e/www-player.css,,cfd52c611020fb575d85fc138c1cc172eebdb9bff20d464f90993923cf5cb64b,0
https://www.youtube.com/s/player/6925147e/www-widgetapi.vflset/www-widgetapi.js,,3aeb791f41afb9d7500326010b8852214536360b695c2d0328f4fd265badb21f,0
https://www.youtube.com/s/player/6956a038/player_ias.vflset/en_US/base.js,,8ae9fe147340147ee03e8b1e24b9a8c043933a5dd8445370198f4bffaeac0c64,0
https://www.youtube.com/s/player/6956a038/player_ias.vflset/en_US/captions.js,,86b95f15092f7482f2da264e861e1ce939dd89b2e217ab92569dda82a40bf1d0,0
https://www.youtube.com/s/player/6956a038/www-player.css,,13dd54e1acc89e3a21f9685ed0f71925e12e3a1959e4829a1ee0b1836ecfa205,0
https://www.youtube.com/s/player/6956a038/www-widgetapi.vflset/www-widgetapi.js,,18d619cca2e3abb300d71fe37b163b91b71a327303f320e047248c0cc3a1d879,0
https://www.youtube.com/s/player/69722e65/player_ias.vflset/en_US/base.js,,ef33fc2cf6cd884d5d50c18b3373d3e181686d328ff0f482d5af159c75639d71,0
https://www.youtube.com/s/player/69722e65/player_ias.vflset/en_US/captions.js,,55abda41fda6e108352dabbdd87e78762fcafafb50b191f82b4d7c2fd026e213,0
https://www.youtube.com/s/player/69722e65/www-player.css,,7c7eb8252199ec9042290b1044ed1ba5ed8847ee516771bbe6dd27f9f16a608c,0
https://www.youtube.com/s/player/69722e65/www-widgetapi.vflset/www-widgetapi.js,,e9abd0d74c5ecca848c706e3f94780a00efc33f66f1a7971ded040458851fd69,0
https://www.youtube.com/s/player/69e2a55d/player_ias.vflset/en_US/base.js,,807e5e71f3f5c093579ccb50f8fbf7dc854d8b4c7e028882e96de8fc9ec64c0d,0
https://www.youtube.com/s/player/69e2a55d/player_ias.vflset/en_US/captions.js,,b4eeb53c2195f0e2f557604af372ac0f67686b1a7011cde6ce6f2255fcdfa23c,0
https://www.youtube.com/s/player/69e2a55d/www-player.css,,1074e75f7621bc7e5e6c75ffbeea96f6fa9f266029361ba4124dd4d3baa69fef,0
https://www.youtube.com/s/player/69e2a55d/www-widgetapi.vflset/www-widgetapi.js,,9af313ed10b2fb2eb40b7cf476ec0ba74a3babe175e1bfc5d02308aeb54309fd,0
https://www.youtube.com/s/player/6a0e84d6/player_ias.vflset/en_US/base.js,,339258ce6ed46b4a558e20e3b49af263361e3bb80ebe614be8097351bd410fec,0
https://www.youtube.com/s/player/6a0e84d6/player_ias.vflset/en_US/captions.js,,e99888e58f7b63b6617cc2b9a45bacc91c6bc0bacc270e7e49e039df334eb9a1,0
https://www.youtube.com/s/player/6a0e84d6/www-player.css,,946419ed4e47d5a3edabaf88a5b129066ae23346d4d668cdd9a7b7bb0400d0ea,0
https://www.youtube.com/s/player/6a0e84d6/www-widgetapi.vflset/www-widgetapi.js,,b6b18fb0c355a9e4fca44acd186be76ecca76232c4eaa4f2e11ff06026e9c3f4,0
https://www.youtube.com/s/player/6a539b89/player_ias.vflset/en_US/base.js,,a4271840e7d7aa028acaedf64d80b8b815b21e2327c4d891a9ebe0a6826e1b05,0
https://www.youtube.com/s/player/6a539b89/player_ias.vflset/en_US/captions.js,,c6c9101692500af9e38fd73c19ec5aff0d3af7405c10e9dc430bbc3245ba452b,0
https://www.youtube.com/s/player/6a539b89/www-player.css,,921b6856085a224b1ca2e5db139b1788c01d4dd1e70daca7006b6a7b381bdae1,0
https://www.youtube.com/s/player/6a539b89/www-widgetapi.vflset/www-widgetapi.js,,3aeb791f41afb9d7500326010b8852214536360b695c2d0328f4fd265badb21f,0
https://www.youtube.com/s/player/6ae88b83/player_ias.vflset/en_US/base.js,,1889b19d3c2eb62112c03cdd00a112ec3bcec004449b6cc397142a12a84e5ad7,0
https://www.youtube.com/s/player/6ae88b83/player_ias.vflset/en_US/captions.js,,2f4413aea4ae79b7120c0a8b039edcd63942936ff44da88659cde8b01e0dae31,0
https://www.youtube.com/s/player/6ae88b83/www-player.css,,81c275d35a2e688fc5bd90aac9d51ea3382b95cf4bc4404db754c69164ea6971,0
https://www.youtube.com/s/player/6ae88b83/www-widgetapi.vflset/www-widgetapi.js,,9af313ed10b2fb2eb40b7cf476ec0ba74a3babe175e1bfc5d02308aeb54309fd,0
https://www.youtube.com/s/player/6b32b3d1/player_ias.vflset/en_US/base.js,,be84db51beaa8005ed6e81daaea7336561dc1f3c8b8b158b9c27f5e7a43beaa8,0
https://www.youtube.com/s/player/6b32b3d1/player_ias.vflset/en_US/captions.js,,c4e574e0f85013f8f54c1559b3141440aceaa520ee7550e4dc6b0a1a5569aa1a,0
https://www.youtube.com/s/player/6b32b3d1/www-player.css,,fb2f17a87256c403f2fcc1c7c643ca1afa249ed19dd15907197262a202357262,0
https://www.youtube.com/s/player/6b32b3d1/www-widgetapi.vflset/www-widgetapi.js,,3aeb791f41afb9d7500326010b8852214536360b695c2d0328f4fd265badb21f,0
https://www.youtube.com/s/player/6b334ac1/player_ias.vflset/en_US/base.js,,c10b71229e9d5006b2f021958f4018dc367cf081f59f686abc7d695f68ef2dda,0
https://www.youtube.com/s/player/6b334ac1/player_ias.vflset/en_US/captions.js,,689dc65b7087be130f50a341caf2c6ceb42c5b54aa1c4eae391b137a1e065aad,0
https://www.youtube.com/s/player/6b334ac1/www-player.css,,6f25e841296950467517ec8bccba0ffd052a386d6ac8d893aeaba5edf84aca42,0
https://www.youtube.com/s/player/6b334ac1/www-widgetapi.vflset/www-widgetapi.js,,9af313ed10b2fb2eb40b7cf476ec0ba74a3babe175e1bfc5d02308aeb54309fd,0
https://www.youtube.com/s/player/6b5a0420/player_ias.vflset/en_US/base.js,,a42c7b34cebae1cbe1a378b42928f206fbae19b00d6022009388c9b07f797922,0
https://www.youtube.com/s/player/6b5a0420/player_ias.vflset/en_US/captions.js,,7ecb26f9c341b75abc97f730f24e753c559890cce8618d590162d9e075315750,0
https://www.youtube.com/s/player/6b5a0420/www-player.css,,14a39ca2157acf89f00909fa7bec1629d375ff52d44e7016b40e691d8f4b23a8,0
https://www.youtube.com/s/player/6b5a0420/www-widgetapi.vflset/www-widgetapi.js,,9af313ed10b2fb2eb40b7cf476ec0ba74a3babe175e1bfc5d02308aeb54309fd,0
https://www.youtube.com/s/player/6b6cf88b/player_ias.vflset/en_US/base.js,,1a62432cfb8862e15cc63f015bb3e312e98109bd16314921bcf5c0cf9efd93e0,0
https://www.youtube.com/s/player/6b6cf88b/player_ias.vflset/en_US/captions.js,,fd7004b9ae9132eae22fe272d0476f48de15595018661f66ce52921fba89a6c7,0
https://www.youtube.com/s/player/6b6cf88b/www-player.css,,24cb353f7db6c8025eaf8648aa1f941cddfac84342d06ed4fb9def4523328bb3,0
https://www.youtube.com/s/player/6b6cf88b/www-widgetapi.vflset/www-widgetapi.js,,b6b18fb0c355a9e4fca44acd186be76ecca76232c4eaa4f2e11ff06026e9c3f4,0
https://www.youtube.com/s/player/6b8eecd5/player_ias.vflset/en_US/base.js,,97d12c5f08f22f4a1ba3fd0d86582f442e05543a006cfd9a02cfa8ee0a049654,0
https://www.youtube.com/s/player/6b8eecd5/player_ias.vflset/en_US/captions.js,,16b4f3137d512db840e5ac5dfeaed91d47642da26019c412e74611aad6f7c95f,0
https://www.youtube.com/s/player/6b8eecd5/www-player.css,,d5b344b8a6d0a02864884c9b037f5f11921381cdfbddb2f8a643d1a8cbe9cef8,0
https://www.youtube.com/s/player/6b8eecd5/www-widgetapi.vflset/www-widgetapi.js,,9af313ed10b2fb2eb40b7cf476ec0ba74a3babe175e1bfc5d02308aeb54309fd,0
https://www.youtube.com/s/player/6b9be5bf/player_ias.vflset/en_US/base.js,,5d3ac75b21c628d40969e896bb6c02e7d4857de279c9b449f112782633bf4749,0
https://www.youtube.com/s/player/6b9be5bf/player_ias.vflset/en_US/captions.js,,ae0eb5d982726561f62b0f7c888a63d306f231cfcd483cd2d9c21ef7da7d7ee6,0
https://www.youtube.com/s/player/6b9be5bf/www-player.css,,921b6856085a224b1ca2e5db139b1788c01d4dd1e70daca7006b6a7b381bdae1,0
https://www.youtube.com/s/player/6b9be5bf/www-widgetapi.vflset/www-widgetapi.js,,3aeb791f41afb9d7500326010b8852214536360b695c2d0328f4fd265badb21f,0
https://www.youtube.com/s/player/6bac48cb/player_ias.vflset/en_US/base.js,,26ff57b15a8bc50f20339248b3f438ab2723136596082a063c2e0783fc4d8130,0
https://www.youtube.com/s/player/6bac48cb/player_ias.vflset/en_US/captions.js,,d7f18499da75197defb9bd1e7821f776ef7a51d2d49e08bcc2df412e28a4adb8,0
https://www.youtube.com/s/player/6bac48cb/www-player.css,,d5b344b8a6d0a02864884c9b037f5f11921381cdfbddb2f8a643d1a8cbe9cef8,0
https://www.youtube.com/s/player/6bac48cb/www-widgetapi.vflset/www-widgetapi.js,,9af313ed10b2fb2eb40b7cf476ec0ba74a3babe175e1bfc5d02308aeb54309fd,0
https://www.youtube.com/s/player/6baf88c8/player_ias.vflset/en_US/base.js,,2ee13ec9f1f68cba86c73ad88f6faa82282626d72f4d10f5b2a23a10740bf629,0
https://www.youtube.com/s/player/6baf88c8/player_ias.vflset/en_US/captions.js,,4c1ff0d36025475e3f18aa5ff03389dc48a450912a4c6351f7679c08d180eef6,0
https://www.youtube.com/s/player/6baf88c8/www-player.css,,f438434e0849285ebb1770fbf0b2a71bbc8468c267542b45098d5d430d86b89d,0
https://www.youtube.com/s/player/6baf88c8/www-widgetapi.vflset/www-widgetapi.js,,9af313ed10b2fb2eb40b7cf476ec0ba74a3babe175e1bfc5d02308aeb54309fd,0
https://www.youtube.com/s/player/6c1879cc/player_ias.vflset/en_US/base.js,,690a10ad402988b8fe487c7e647b52d392da09051ba27398bde9346acb2e6804,0
https://www.youtube.com/s/player/6c1879cc/player_ias.vflset/en_US/captions.js,,9a530a4637b72099f41a20839cd1cffebca9b060e1c3b9aa793a8c4100233065,0
https://www.youtube.com/s/player/6c1879cc/www-player.css,,921b6856085a224b1ca2e5db139b1788c01d4dd1e70daca7006b6a7b381bdae1,0
https://www.youtube.com/s/player/6c1879cc/www-widgetapi.vflset/www-widgetapi.js,,3aeb791f41afb9d7500326010b8852214536360b695c2d0328f4fd265badb21f,0
https://www.youtube.com/s/player/6c5cb4f4/player_ias.vflset/en_US/base.js,,d039cdca9acfe8e1d4691821044d0793dabafdfd821763871be00fc00092b253,0
https://www.youtube.com/s/player/6c5cb4f4/player_ias.vflset/en_US/captions.js,,5097d95aa6a2e9a09aa6365975069dcbbada248e46576eac4bb87f735676932c,0
https://www.youtube.com/s/player/6c5cb4f4/www-player.css,,c1266aa5ccb770d4191058a5eff5c40d0e88ab06d5cfbb81025ef0105572f5f2,0
https://www.youtube.com/s/player/6c5cb4f4/www-widgetapi.vflset/www-widgetapi.js,,e9abd0d74c5ecca848c706e3f94780a00efc33f66f1a7971ded040458851fd69,0
https://www.youtube.com/s/player/6d24ef68/player_ias.vflset/en_US/base.js,,8bd7c7e8743dafc3aef2222fbdfe5a1b62152281e14460d597366d90e87eb1b7,0
https://www.youtube.com/s/player/6d24ef68/player_ias.vflset/en_US/captions.js,,a05ea98da98db72f6b904088b1b333511b05b2b18f59461c247e86f75786f5f7,0
https://www.youtube.com/s/player/6d24ef68/www-player.css,,074896ef39c6dae734d15f918224a1e0e23c000185e529ecdea29444a9a2070f,0
https://www.youtube.com/s/player/6d24ef68/www-widgetapi.vflset/www-widgetapi.js,,b6b18fb0c355a9e4fca44acd186be76ecca76232c4eaa4f2e11ff06026e9c3f4,0
https://www.youtube.com/s/player/6d735396/player_ias.vflset/en_US/base.js,,43bde1a46bbf320d8a5d2a3b492956c313f54887d6b84c7aec8fa6f0d1d17e10,0
https://www.youtube.com/s/player/6d735396/player_ias.vflset/en_US/captions.js,,bbf88df989a50c1a7ab92a6696b8fad0bd1501a7672edeef1918d4130c223f28,0
https://www.youtube.com/s/player/6d735396/www-player.css,,ed75e47b996f41da27d3aa3997bf0f0d632a4d02cefbe8572870acb51e4ed891,0
https://www.youtube.com/s/player/6d735396/www-widgetapi.vflset/www-widgetapi.js,,3aeb791f41afb9d7500326010b8852214536360b695c2d0328f4fd265badb21f,0
https://www.youtube.com/s/player/6d92eed5/player_ias.vflset/en_US/base.js,,a4a09ffcfa7d5ac5ebe5a0c9fbc43ee58cb2a9f5289d08c0da927f6b98e7b58b,0
https://www.youtube.com/s/player/6d92eed5/player_ias.vflset/en_US/captions.js,,b2e6d1d81b4aec6861230e4a67be1f26917d4b45874994f7d322b5dee80649bc,0
https://www.youtube.com/s/player/6d92eed5/www-player.css,,1074e75f7621bc7e5e6c75ffbeea96f6fa9f266029361ba4124dd4d3baa69fef,0
https://www.youtube.com/s/player/6d92eed5/www-widgetapi.vflset/www-widgetapi.js,,9af313ed10b2fb2eb40b7cf476ec0ba74a3babe175e1bfc5d02308aeb54309fd,0
https://www.youtube.com/s/player/6dc2ce7c/player_ias.vflset/en_US/base.js,,20023224b4ac152ab754de53280bd58e0fb0997832aab6801746b425eeaddd31,0
https://www.youtube.com/s/player/6dc2ce7c/player_ias.vflset/en_US/captions.js,,8fd8057702b3bb9aa672f315058b5b718c795fe8779428943acba81bb0e32a87,0
https://www.youtube.com/s/player/6dc2ce7c/www-player.css,,cfd52c611020fb575d85fc138c1cc172eebdb9bff20d464f90993923cf5cb64b,0
https://www.youtube.com/s/player/6dc2ce7c/www-widgetapi.vflset/www-widgetapi.js,,3aeb791f41afb9d7500326010b8852214536360b695c2d0328f4fd265badb21f,0
https://www.youtube.com/s/player/6dc99e32/player_ias.vflset/en_US/base.js,,ace48d4784ffc8709dce0692ace37f27710352a42a1889a0cdc8055b553509dc,0
https://www.youtube.com/s/player/6dc99e32/player_ias.vflset/en_US/captions.js,,730baba280d817bf9a9f5270b5a62e2dec168b246d9002a0ae4a7db8f8316008,0
https://www.youtube.com/s/player/6dc99e32/www-player.css,,aa68e0e1ccb88e0e7e5b0e712acaefd700bc1fddffe47833b9f357c139ef7839,0
https://www.youtube.com/s/player/6dc99e32/www-widgetapi.vflset/www-widgetapi.js,,9af313ed10b2fb2eb40b7cf476ec0ba74a3babe175e1bfc5d02308aeb54309fd,0
https://www.youtube.com/s/player/6e2f1c8a/player_ias.vflset/en_US/base.js,,da87e4c736c63af1ba36f8ff8a3b50ca72d8f342a9fecf5fb845f1321d5c1139,0
https://www.youtube.com/s/player/6e2f1c8a/player_ias.vflset/en_US/captions.js,,d9b77a9db8b45dfde0798bd36469428ae8578fc7bca7ccde3717716de66c1ee6,0
https://www.youtube.com/s/player/6e2f1c8a/www-player.css,,c1266aa5ccb770d4191058a5eff5c40d0e88ab06d5cfbb81025ef0105572f5f2,0
https://www.youtube.com/s/player/6e2f1c8a/www-widgetapi.vflset/www-widgetapi.js,,e9abd0d74c5ecca848c706e3f94780a00efc33f66f1a7971ded040458851fd69,0
https://www.youtube.com/s/player/6e3a87bf/player_ias.vflset/en_US/base.js,,c2e4005f516eec01f9ab9d049ca5870ce3a99a1b2de362a2532f3da59017b2db,0
https://www.youtube.com/s/player/6e3a87bf/player_ias.vflset/en_US/captions.js,,b2e6d1d81b4aec6861230e4a67be1f26917d4b45874994f7d322b5dee80649bc,0
https://www.youtube.com/s/player/6e3a87bf/www-player.css,,1074e75f7621bc7e5e6c75ffbeea96f6fa9f266029361ba4124dd4d3baa69fef,0
https://www.youtube.com/s/player/6e3a87bf/www-widgetapi.vflset/www-widgetapi.js,,9af313ed10b2fb2eb40b7cf476ec0ba74a3babe175e1bfc5d02308aeb54309fd,0
https://www.youtube.com/s/player/6e4dbefe/player_ias.vflset/en_US/base.js,,3f2e1654b3dd9429fe541224edb5f6af8de1b17652b30017af445574b41b2a33,0
https://www.youtube.com/s/player/6e4dbefe/player_ias.vflset/en_US/captions.js,,357453cf8d3895f3851892e51e19e2de8d3376174e044040910bf755fa54f42f,0
https://www.youtube.com/s/player/6e4dbefe/www-player.css,,e13873d21eaca7946538f1ff09a0cc26caea30c42974887657e8b58e3d84599a,0
https://www.youtube.com/s/player/6e4dbefe/www-widgetapi.vflset/www-widgetapi.js,,11aa7946df12674187e45a29c8a083a30cefb5e625985b2405c1d0fb710e56b2,0
https://www.youtube.com/s/player/6e52949b/player_ias.vflset/en_US/base.js,,83df27ce4b32972a737eb3dd822f664cf54fe93968c0fa8bd6893437b60377c4,0
https://www.youtube.com/s/player/6e52949b/player_ias.vflset/en_US/captions.js,,22c005b862ea0555a08cd4ce11b21f79b506ca9b6a27087089f5ff35031bab0c,0
https://www.youtube.com/s/player/6e52949b/www-player.css,,e7c8a5055316b32ab0baa115589477ca4edf8a28372005da3ab230c85660d3f4,0
https://www.youtube.com/s/player/6e52949b/www-widgetapi.vflset/www-widgetapi.js,,9af313ed10b2fb2eb40b7cf476ec0ba74a3babe175e1bfc5d02308aeb54309fd,0
https://www.youtube.com/s/player/6ec31678/player_ias.vflset/en_US/base.js,,de72bb250b0bb58420f0070a47be22fe9d7b2cd1e7829678024162e939c3d965,0
https://www.youtube.com/s/player/6ec31678/player_ias.vflset/en_US/captions.js,,bd71dc360050847608d75a7bf0d4c61098debc5285caf2ae69336ae280f01961,0
https://www.youtube.com/s/player/6ec31678/www-player.css,,cfd52c611020fb575d85fc138c1cc172eebdb9bff20d464f90993923cf5cb64b,0
https://www.youtube.com/s/player/6ec31678/www-widgetapi.vflset/www-widgetapi.js,,3aeb791f41afb9d7500326010b8852214536360b695c2d0328f4fd265badb21f,0
https://www.youtube.com/s/player/6ecf5f7a/player_ias.vflset/en_US/base.js,,90c550f4e486586984b83b762aeddb14146fc7956c47770f62ffb30ee39faf4b,0
https://www.youtube.com/s/player/6ecf5f7a/player_ias.vflset/en_US/captions.js,,bd1410c567ffb4b7428f1ed86f1b27575efe10776e3cadebb72f4c3a16fcb827,0
https://www.youtube.com/s/player/6ecf5f7a/www-player.css,,e7c8a5055316b32ab0baa115589477ca4edf8a28372005da3ab230c85660d3f4,0
https://www.youtube.com/s/player/6ecf5f7a/www-widgetapi.vflset/www-widgetapi.js,,9af313ed10b2fb2eb40b7cf476ec0ba74a3babe175e1bfc5d02308aeb54309fd,0
https://www.youtube.com/s/player/6f05bbb3/player_ias.vflset/en_US/base.js,,15c241eb236944c66eab2502c4eafaf33b6493099ecfff038b6d0ff605d65486,0
https://www.youtube.com/s/player/6f05bbb3/player_ias.vflset/en_US/captions.js,,f6407a3d684f215926a41d94f5549b37174ba5a5dbccc9ed7132675b7c111c30,0
https://www.youtube.com/s/player/6f05bbb3/www-player.css,,81c275d35a2e688fc5bd90aac9d51ea3382b95cf4bc4404db754c69164ea6971,0
https://www.youtube.com/s/player/6f05bbb3/www-widgetapi.vflset/www-widgetapi.js,,9af313ed10b2fb2eb40b7cf476ec0ba74a3babe175e1bfc5d02308aeb54309fd,0
https://www.youtube.com/s/player/6f3fcd4c/player_ias.vflset/en_US/base.js,,f0b75bed10bc8ae5e85e3a3832e57ea37316bcf04a70335ba4353b05f8b855e3,0
https://www.youtube.com/s/player/6f3fcd4c/player_ias.vflset/en_US/captions.js,,d520e4859d4a97481a7b7cf14077a0b1bb6baaead163f4092fc822c8945b4a0d,0
https://www.youtube.com/s/player/6f3fcd4c/www-player.css,,0d994eb0e617b6087b915cb1bdc2bb56f40826f1b3d182277c0915aedec24671,0
https://www.youtube.com/s/player/6f3fcd4c/www-widgetapi.vflset/www-widgetapi.js,,9af313ed10b2fb2eb40b7cf476ec0ba74a3babe175e1bfc5d02308aeb54309fd,0
https://www.youtube.com/s/player/7006a6db/player_ias.vflset/en_US/base.js,,a1b7a37cc083f87f8d82d852b2f8a67295fb613209bc831f910f652e977acf95,0
https://www.youtube.com/s/player/7006a6db/player_ias.vflset/en_US/captions.js,,1f0832f7f1ad38a3b523c7e90c0dc15724fc475ab58e5a561b76a380f81c7dc7,0
https://www.youtube.com/s/player/7006a6db/www-player.css,,921b6856085a224b1ca2e5db139b1788c01d4dd1e70daca7006b6a7b381bdae1,0
https://www.youtube.com/s/player/7006a6db/www-widgetapi.vflset/www-widgetapi.js,,3aeb791f41afb9d7500326010b8852214536360b695c2d0328f4fd265badb21f,0
https://www.youtube.com/s/player/70186827/player_ias.vflset/en_US/base.js,,d12a331453175847e13059a4373152960e1ecbbb27093a950f478fd5e0971ccc,0
https://www.youtube.com/s/player/70186827/player_ias.vflset/en_US/captions.js,,d9b77a9db8b45dfde0798bd36469428ae8578fc7bca7ccde3717716de66c1ee6,0
https://www.youtube.com/s/player/70186827/www-player.css,,c1266aa5ccb770d4191058a5eff5c40d0e88ab06d5cfbb81025ef0105572f5f2,0
https://www.youtube.com/s/player/70186827/www-widgetapi.vflset/www-widgetapi.js,,e9abd0d74c5ecca848c706e3f94780a00efc33f66f1a7971ded040458851fd69,0
https://www.youtube.com/s/player/70538c05/player_ias.vflset/en_US/base.js,,e63de276d35d336bc9ff5d34bf1440cbbbeb8b6742f02a0836e75f09a4fbd71f,0
https://www.youtube.com/s/player/70538c05/player_ias.vflset/en_US/captions.js,,ab29e93fe5cd525b522848cb3d6f556e9d45012856a726d9cf14415f97ebc679,0
https://www.youtube.com/s/player/70538c05/www-player.css,,3053767d9a476b52e0e3e9cd9d835fe26adaae79983c90212329e5915f41c56a,0
https://www.youtube.com/s/player/70538c05/www-widgetapi.vflset/www-widgetapi.js,,b6b18fb0c355a9e4fca44acd186be76ecca76232c4eaa4f2e11ff06026e9c3f4,0
https://www.youtube.com/s/player/70a17a5c/player_ias.vflset/en_US/base.js,,107ef727206713bdfcb17d953f61a1ac8fd0d9466d228348f33acefe880711bb,0
https://www.youtube.com/s/player/70a17a5c/player_ias.vflset/en_US/captions.js,,9e2c66761dfa1704d58d7f08c99023f18468bc168a3aeaec8b236915f4f5f185,0
https://www.youtube.com/s/player/70a17a5c/www-player.css,,ca7992e78f5e015470a829868dc51a6e71c2e6eae256695e908b3f9f56e9c1e7,0
https://www.youtube.com/s/player/70a17a5c/www-widgetapi.vflset/www-widgetapi.js,,e9abd0d74c5ecca848c706e3f94780a00efc33f66f1a7971ded040458851fd69,0
https://www.youtube.com/s/player/712f0810/player_ias.vflset/en_US/base.js,,683f3c86e29d1e46f132223802d9ac579d0c3d994e6644b8b6038bedb370cd26,0
https://www.youtube.com/s/player/712f0810/player_ias.vflset/en_US/captions.js,,ffb954a93b7e5962a0bdf3ee9e436f7b94c1a134805518ceef3880c1f0c52c01,0
https://www.youtube.com/s/player/712f0810/www-player.css,,cfd52c611020fb575d85fc138c1cc172eebdb9bff20d464f90993923cf5cb64b,0
https://www.youtube.com/s/player/712f0810/www-widgetapi.vflset/www-widgetapi.js,,9af313ed10b2fb2eb40b7cf476ec0ba74a3babe175e1bfc5d02308aeb54309fd,0
https://www.youtube.com/s/player/71b152e7/player_ias.vflset/en_US/base.js,,73c1348b3e3cbe3b40c9217623fae163a9937df41d542829e55ee1161075853e,0
https://www.youtube.com/s/player/71b152e7/player_ias.vflset/en_US/captions.js,,e3223331b8f45646dc10ece26f087e009210d596c7ddd60de55c8705be9741fb,0
https://www.youtube.com/s/player/71b152e7/www-player.css,,cfd52c611020fb575d85fc138c1cc172eebdb9bff20d464f90993923cf5cb64b,0
https://www.youtube.com/s/player/71b152e7/www-widgetapi.vflset/www-widgetapi.js,,3aeb791f41afb9d7500326010b8852214536360b695c2d0328f4fd265badb21f,0
https://www.youtube.com/s/player/721caf0b/player_ias.vflset/en_US/base.js,,9d401b873dd4424d1e8168f3fe005231944705757ed38f7c7bc6892a31ec303d,0
https://www.youtube.com/s/player/721caf0b/player_ias.vflset/en_US/captions.js,,88b751f3bed373551e097b30689132a33a704dfb763bfb6684b1a89264c45ff7,0
https://www.youtube.com/s/player/721caf0b/www-player.css,,644559b7590cf725119fd0ab8ed45a236d0faf9751693abb303038d7c349d2b2,0
https://www.youtube.com/s/player/721caf0b/www-widgetapi.vflset/www-widgetapi.js,,11aa7946df12674187e45a29c8a083a30cefb5e625985b2405c1d0fb710e56b2,0
https://www.youtube.com/s/player/7256bbfc/player_ias.vflset/en_US/base.js,,7aabaf48eb3467ce1ed935ff8fd233fd7b377ad921af012bc9468f34cb47498e,0
https://www.youtube.com/s/player/7256bbfc/player_ias.vflset/en_US/captions.js,,4740e77b69c2d95fef19d2a7e0ba242c87bdb8ad543015f1bd84d7ea2272bc56,0
https://www.youtube.com/s/player/7256bbfc/www-player.css,,d5b344b8a6d0a02864884c9b037f5f11921381cdfbddb2f8a643d1a8cbe9cef8,0
https://www.youtube.com/s/player/7256bbfc/www-widgetapi.vflset/www-widgetapi.js,,9af313ed10b2fb2eb40b7cf476ec0ba74a3babe175e1bfc5d02308aeb54309fd,0
https://www.youtube.com/s/player/72bd52e6/player_ias.vflset/en_US/base.js,,36f732424c0c44455839bc4eb4f8630db5b12bf5730996d5f8716dfc84362f4f,0
https://www.youtube.com/s/player/72bd52e6/player_ias.vflset/en_US/captions.js,,0e50dfc2357e93cf1ad4619a98c52c79b5a6524c9944299a5035a5a4a42c7cdd,0
https://www.youtube.com/s/player/72bd52e6/www-player.css,,fb2f17a87256c403f2fcc1c7c643ca1afa249ed19dd15907197262a202357262,0
https://www.youtube.com/s/player/72bd52e6/www-widgetapi.vflset/www-widgetapi.js,,3aeb791f41afb9d7500326010b8852214536360b695c2d0328f4fd265badb21f,0
https://www.youtube.com/s/player/72cfecc1/player_ias.vflset/en_US/base.js,,d88a8282af5ef152b31a796b64a283d5be696ec5b94c240c7e8b75d20b76b602,0
https://www.youtube.com/s/player/72cfecc1/player_ias.vflset/en_US/captions.js,,5666cf6ad261b965aabcd78849bed11e4dc9c6830d15ee357f391592451b99e2,0
https://www.youtube.com/s/player/72cfecc1/www-player.css,,71e64e4635ef3b11eec4b3e880560ccb029d03b0f295336c5d977616c0e3b519,0
https://www.youtube.com/s/player/72cfecc1/www-widgetapi.vflset/www-widgetapi.js,,3aeb791f41afb9d7500326010b8852214536360b695c2d0328f4fd265badb21f,0
https://www.youtube.com/s/player/72d9c776/player_ias.vflset/en_US/base.js,,ff32bc6ed24f3469f2b9d4709ba83294a3669b905da4508ee6d3337848fc5f43,0
https://www.youtube.com/s/player/72d9c776/player_ias.vflset/en_US/captions.js,,e3223331b8f45646dc10ece26f087e009210d596c7ddd60de55c8705be9741fb,0
https://www.youtube.com/s/player/72d9c776/www-player.css,,cfd52c611020fb575d85fc138c1cc172eebdb9bff20d464f90993923cf5cb64b,0
https://www.youtube.com/s/player/72d9c776/www-widgetapi.vflset/www-widgetapi.js,,3aeb791f41afb9d7500326010b8852214536360b695c2d0328f4fd265badb21f,0
https://www.youtube.com/s/player/7316706d/player_ias.vflset/en_US/base.js,,01947f85527d6ac059fd7e171acba9b447bbabe7ff0708291d7ae3cf27be780b,0
https://www.youtube.com/s/player/7316706d/player_ias.vflset/en_US/captions.js,,a867704f0189da01d864b61b7ae65036fb6989737bda0a659d78ff947088e7ef,0
https://www.youtube.com/s/player/7316706d/www-player.css,,cfd52c611020fb575d85fc138c1cc172eebdb9bff20d464f90993923cf5cb64b,0
https://www.youtube.com/s/player/7316706d/www-widgetapi.vflset/www-widgetapi.js,,3aeb791f41afb9d7500326010b8852214536360b695c2d0328f4fd265badb21f,0
https://www.youtube.com/s/player/73913e73/player_ias.vflset/en_US/base.js,,90bba2cb7a1f913c7f744a04284dffbdc2bd32e0c8482e4bc584f5a02741e7f8,0
https://www.youtube.com/s/player/73913e73/player_ias.vflset/en_US/captions.js,,dac73d06387c5e29bdb781470ba421ee6a8a0c5bbf1d621d219208c24bb79203,0
https://www.youtube.com/s/player/73913e73/www-player.css,,921b6856085a224b1ca2e5db139b1788c01d4dd1e70daca7006b6a7b381bdae1,0
https://www.youtube.com/s/player/73913e73/www-widgetapi.vflset/www-widgetapi.js,,3aeb791f41afb9d7500326010b8852214536360b695c2d0328f4fd265badb21f,0
https://www.youtube.com/s/player/74899982/player_ias.vflset/en_US/base.js,,7ba45ad97691c081a56bcc0a1eb82f5b29aa49c5b7811f55deeba057aca03c2d,0
https://www.youtube.com/s/player/74899982/player_ias.vflset/en_US/captions.js,,63b5bea83720c8cefd274530c35b637e022310cf0ee7c58294c3150a22830cfc,0
https://www.youtube.com/s/player/74899982/www-player.css,,4501bc83f7fe6c0de41512e5f91fcf9457f7a8a3aab18e3c38973eb6a6ae0b55,0
https://www.youtube.com/s/player/74899982/www-widgetapi.vflset/www-widgetapi.js,,3aeb791f41afb9d7500326010b8852214536360b695c2d0328f4fd265badb21f,0
https://www.youtube.com/s/player/74ac8690/player_ias.vflset/en_US/base.js,,ec995c1664c2db4fd6645c71add4d9446972bd031f5b577c4113b8ca10ef42aa,0
https://www.youtube.com/s/player/74ac8690/player_ias.vflset/en_US/captions.js,,589462c0442240712a04d914f47be9cbe06d171d7d592996bbe4a5392d1b70c0,0
https://www.youtube.com/s/player/74ac8690/www-player.css,,cfd52c611020fb575d85fc138c1cc172eebdb9bff20d464f90993923cf5cb64b,0
https://www.youtube.com/s/player/74ac8690/www-widgetapi.vflset/www-widgetapi.js,,3aeb791f41afb9d7500326010b8852214536360b695c2d0328f4fd265badb21f,0
https://www.youtube.com/s/player/74be5b62/player_ias.vflset/en_US/base.js,,bb127ee03c6f95562b0d64f4954ad5577664d1fe86bbb03df675860eecb692e5,0
https://www.youtube.com/s/player/74be5b62/player_ias.vflset/en_US/captions.js,,518bdd72a508bfe21b1a19bef2c9ec128add52a921e228f77fcba2c2b4efec61,0
https://www.youtube.com/s/player/74be5b62/www-player.css,,0d994eb0e617b6087b915cb1bdc2bb56f40826f1b3d182277c0915aedec24671,0
https://www.youtube.com/s/player/74be5b62/www-widgetapi.vflset/www-widgetapi.js,,9af313ed10b2fb2eb40b7cf476ec0ba74a3babe175e1bfc5d02308aeb54309fd,0
https://www.youtube.com/s/player/74edf1a3/player_ias.vflset/en_US/base.js,,ed9a4ea0646332a6b6c973ebe5a915c62c43db89bb2bb1a31eba07d906ef8ff7,0
https://www.youtube.com/s/player/74edf1a3/player_ias.vflset/en_US/captions.js,,8fa379d5b7c3c8139c06ae97863a1508437d34023de7a57e56d7f2ddaca3a720,0
https://www.youtube.com/s/player/74edf1a3/www-player.css,,c34b029a2ad48a415e6017096bc67792b8c8a140db833cb99e86d6d4378aa1c7,0
https://www.youtube.com/s/player/74edf1a3/www-widgetapi.vflset/www-widgetapi.js,,e9abd0d74c5ecca848c706e3f94780a00efc33f66f1a7971ded040458851fd69,0
https://www.youtube.com/s/player/75dfc895/player_ias.vflset/en_US/base.js,,972abf2654c1fa7be19c35d161943cad00aea997566fec84a02b4eb6676cfef9,0
https://www.youtube.com/s/player/75dfc895/player_ias.vflset/en_US/captions.js,,404c7493cdb56b5b235e7e3b011a73e5de1a3bfc3273b2426d9485bd8c9f54ab,0
https://www.youtube.com/s/player/75dfc895/www-player.css,,e7c8a5055316b32ab0baa115589477ca4edf8a28372005da3ab230c85660d3f4,0
https://www.youtube.com/s/player/75dfc895/www-widgetapi.vflset/www-widgetapi.js,,9af313ed10b2fb2eb40b7cf476ec0ba74a3babe175e1bfc5d02308aeb54309fd,0
https://www.youtube.com/s/player/76757ebe/player_ias.vflset/en_US/base.js,,c3390f807e237e30d03ba1109e713999291975c8e47732d52a8a8ff0e2bf8fd2,0
https://www.youtube.com/s/player/76757ebe/player_ias.vflset/en_US/captions.js,,7f9fcb995245844092c82fddb5c03d751c3f91b9f4eaa6eaacbf2761f2c324b8,0
https://www.youtube.com/s/player/76757ebe/www-player.css,,cfd52c611020fb575d85fc138c1cc172eebdb9bff20d464f90993923cf5cb64b,0
https://www.youtube.com/s/player/76757ebe/www-widgetapi.vflset/www-widgetapi.js,,3aeb791f41afb9d7500326010b8852214536360b695c2d0328f4fd265badb21f,0
https://www.youtube.com/s/player/76ad2fe8/player_ias.vflset/en_US/base.js,,6b67e1c832a96eff4a4e210356b9ef5fb3e724e3354d7ce0e2ffc131c63a8a3c,0
https://www.youtube.com/s/player/76ad2fe8/player_ias.vflset/en_US/captions.js,,80aed8bd4b7db12ff3c0fac901671b4e9e05d6ea2a2dd934e2e1966f33680e2a,0
https://www.youtube.com/s/player/76ad2fe8/www-player.css,,ca7992e78f5e015470a829868dc51a6e71c2e6eae256695e908b3f9f56e9c1e7,0
https://www.youtube.com/s/player/76ad2fe8/www-widgetapi.vflset/www-widgetapi.js,,e9abd0d74c5ecca848c706e3f94780a00efc33f66f1a7971ded040458851fd69,0
https://www.youtube.com/s/player/777857f0/player_ias.vflset/en_US/base.js,,2fa2004cc8ba2a56a82d4dd9d7c7d87febe8e535ffcecaed49903d7f559040c1,0
https://www.youtube.com/s/player/777857f0/player_ias.vflset/en_US/captions.js,,00f47f5bcaa08a1f242be6f6fbb776df9b82afc93861be138b5d0343bc23a7a1,0
https://www.youtube.com/s/player/777857f0/www-player.css,,aa68e0e1ccb88e0e7e5b0e712acaefd700bc1fddffe47833b9f357c139ef7839,0
https://www.youtube.com/s/player/777857f0/www-widgetapi.vflset/www-widgetapi.js,,9af313ed10b2fb2eb40b7cf476ec0ba74a3babe175e1bfc5d02308aeb54309fd,0
https://www.youtube.com/s/player/77a7a4f7/player_ias.vflset/en_US/base.js,,0f84a4bd4a6c3ecd192613166b828caf896b0ba9ba60e19af99ef72749d2c277,0
https://www.youtube.com/s/player/77a7a4f7/player_ias.vflset/en_US/captions.js,,405dff70de7f9e578ae8f6c4becfaa090a4c421a262fe278b36ba61f0eae95bf,0
https://www.youtube.com/s/player/77a7a4f7/www-player.css,,074896ef39c6dae734d15f918224a1e0e23c000185e529ecdea29444a9a2070f,0
https://www.youtube.com/s/player/77a7a4f7/www-widgetapi.vflset/www-widgetapi.js,,b6b18fb0c355a9e4fca44acd186be76ecca76232c4eaa4f2e11ff06026e9c3f4,0
https://www.youtube.com/s/player/791f6bd4/player_ias.vflset/en_US/base.js,,a45aa784609f2aec1f405f4162f8948ad59294163de244e5b2694da2e2b3e53d,0
https://www.youtube.com/s/player/791f6bd4/player_ias.vflset/en_US/captions.js,,9de8a7cdc339a19cdebd5adddbc1384281e87010b43f494e670b488f49bab1e1,0
https://www.youtube.com/s/player/791f6bd4/www-player.css,,6f25e841296950467517ec8bccba0ffd052a386d6ac8d893aeaba5edf84aca42,0
https://www.youtube.com/s/player/791f6bd4/www-widgetapi.vflset/www-widgetapi.js,,9af313ed10b2fb2eb40b7cf476ec0ba74a3babe175e1bfc5d02308aeb54309fd,0
https://www.youtube.com/s/player/7929661f/player_ias.vflset/en_US/base.js,,01ea7fe6bf142e0561da8a9ea539b21ec62b2efdbd692909d86aa7ae334060e7,0
https://www.youtube.com/s/player/7929661f/player_ias.vflset/en_US/captions.js,,75c56106fadf219ed9d609ed03d1ccf3a3f080430b95b9beeb2bba241438be55,0
https://www.youtube.com/s/player/7929661f/www-player.css,,ca7992e78f5e015470a829868dc51a6e71c2e6eae256695e908b3f9f56e9c1e7,0
https://www.youtube.com/s/player/7929661f/www-widgetapi.vflset/www-widgetapi.js,,e9abd0d74c5ecca848c706e3f94780a00efc33f66f1a7971ded040458851fd69,0
https://www.youtube.com/s/player/79fcc67d/player_ias.vflset/en_US/base.js,,0f4a1767369979353fe30214966e282a2c7854ad1b09edac933f9ab099df3c04,0
https://www.youtube.com/s/player/79fcc67d/player_ias.vflset/en_US/captions.js,,9526f0e1eab117d26105c2240a97b8788057e7b40b6c5462b807cd031910db1c,0
https://www.youtube.com/s/player/79fcc67d/www-player.css,,ca7992e78f5e015470a829868dc51a6e71c2e6eae256695e908b3f9f56e9c1e7,0
https://www.youtube.com/s/player/79fcc67d/www-widgetapi.vflset/www-widgetapi.js,,e9abd0d74c5ecca848c706e3f94780a00efc33f66f1a7971ded040458851fd69,0
https://www.youtube.com/s/player/7a37f05b/player_ias.vflset/en_US/base.js,,8478a53797e0cf9bd22d9a6165a1253082bf03650f6a8320f33bdce256216dc7,0
https://www.youtube.com/s/player/7a37f05b/player_ias.vflset/en_US/captions.js,,0643a3c6088955ba0edba24282117825eaed2cce0140532029f7c87a4d048269,0
https://www.youtube.com/s/player/7a37f05b/www-player.css,,cfd52c611020fb575d85fc138c1cc172eebdb9bff20d464f90993923cf5cb64b,0
https://www.youtube.com/s/player/7a37f05b/www-widgetapi.vflset/www-widgetapi.js,,3aeb791f41afb9d7500326010b8852214536360b695c2d0328f4fd265badb21f,0
https://www.youtube.com/s/player/7a7969c2/player_ias.vflset/en_US/base.js,,c039fb14bb88412f8048104438c79f6db4aaec7982ea6d95149fd770eef7aed2,0
https://www.youtube.com/s/player/7a7969c2/player_ias.vflset/en_US/captions.js,,b7d7e595ce20d58565b4fd1a3be2b8fe88bca730112cec329253d01adf6b3e19,0
https://www.youtube.com/s/player/7a7969c2/www-player.css,,921b6856085a224b1ca2e5db139b1788c01d4dd1e70daca7006b6a7b381bdae1,0
https://www.youtube.com/s/player/7a7969c2/www-widgetapi.vflset/www-widgetapi.js,,3aeb791f41afb9d7500326010b8852214536360b695c2d0328f4fd265badb21f,0
https://www.youtube.com/s/player/7ad2d820/player_ias.vflset/en_US/base.js,,8116ab311a7288f199aba76f1cc36a22f0e06574ce68abb691d0d773281fd0ae,0
https://www.youtube.com/s/player/7ad2d820/player_ias.vflset/en_US/captions.js,,1359ea35887ee3162978934e14ae635e2e44cbe7e6d0b3052c5825b5fa3b3fb8,0
https://www.youtube.com/s/player/7ad2d820/www-player.css,,4501bc83f7fe6c0de41512e5f91fcf9457f7a8a3aab18e3c38973eb6a6ae0b55,0
https://www.youtube.com/s/player/7ad2d820/www-widgetapi.vflset/www-widgetapi.js,,3aeb791f41afb9d7500326010b8852214536360b695c2d0328f4fd265badb21f,0
https://www.youtube.com/s/player/7afa3fbe/player_ias.vflset/en_US/base.js,,cc24e3ca35f9fda19f86a159496b4fa41a729ca2a62285cbe4e6393de5488bf9,0
https://www.youtube.com/s/player/7afa3fbe/player_ias.vflset/en_US/captions.js,,2b9a03c753fe09df350ba6f55a4542eb92aff37124629948d91588eeab89ffc1,0
https://www.youtube.com/s/player/7afa3fbe/www-player.css,,4501bc83f7fe6c0de41512e5f91fcf9457f7a8a3aab18e3c38973eb6a6ae0b55,0
https://www.youtube.com/s/player/7afa3fbe/www-widgetapi.vflset/www-widgetapi.js,,3aeb791f41afb9d7500326010b8852214536360b695c2d0328f4fd265badb21f,0
https://www.youtube.com/s/player/7b9b4e02/player_ias.vflset/en_US/base.js,,27add7e26dce39431b6ba75154b24b2f3388741120abf4243dbb1317866865e3,0
https://www.youtube.com/s/player/7b9b4e02/player_ias.vflset/en_US/captions.js,,6901578036d803757a074d10eac0a8853d4d12f403ebbc08b9982082aa47aa39,0
https://www.youtube.com/s/player/7b9b4e02/www-player.css,,285c2c04776dc61c5ca68c881e31b524135313e3a462eda28e1b73778dce3d43,0
https://www.youtube.com/s/player/7b9b4e02/www-widgetapi.vflset/www-widgetapi.js,,11aa7946df12674187e45a29c8a083a30cefb5e625985b2405c1d0fb710e56b2,0
https://www.youtube.com/s/player/7be702ab/player_ias.vflset/en_US/base.js,,925be73b9bb71830e50b11777e88f1294a2fd09132a0b300c53114ccfa32cbcd,0
https://www.youtube.com/s/player/7be702ab/player_ias.vflset/en_US/captions.js,,c698bc0297810acd3054d9604cacfb37293ff5703e70b2d110ab64ad83ae6522,0
https://www.youtube.com/s/player/7be702ab/www-player.css,,4501bc83f7fe6c0de41512e5f91fcf9457f7a8a3aab18e3c38973eb6a6ae0b55,0
https://www.youtube.com/s/player/7be702ab/www-widgetapi.vflset/www-widgetapi.js,,3aeb791f41afb9d7500326010b8852214536360b695c2d0328f4fd265badb21f,0
https://www.youtube.com/s/player/7c23feb2/player_ias.vflset/en_US/base.js,,7372aa830a801064be80e9bf3026fe905a097263bdde87dffbb069660a0671d8,0
https://www.youtube.com/s/player/7c23feb2/player_ias.vflset/en_US/captions.js,,b2e6d1d81b4aec6861230e4a67be1f26917d4b45874994f7d322b5dee80649bc,0
https://www.youtube.com/s/player/7c23feb2/www-player.css,,1074e75f7621bc7e5e6c75ffbeea96f6fa9f266029361ba4124dd4d3baa69fef,0
https://www.youtube.com/s/player/7c23feb2/www-widgetapi.vflset/www-widgetapi.js,,9af313ed10b2fb2eb40b7cf476ec0ba74a3babe175e1bfc5d02308aeb54309fd,0
https://www.youtube.com/s/player/7c99d670/player_ias.vflset/en_US/base.js,,6fe84fd49d3f04028490a30b8e7ea6a9656bb21b53847f7956a3c82efc7c9c51,0
https://www.youtube.com/s/player/7c99d670/player_ias.vflset/en_US/captions.js,,9bd5f7f9d998f35b7514a66d785930bdee5289b3aec4b290b9638d0a5aa9ad82,0
https://www.youtube.com/s/player/7c99d670/www-player.css,,921b6856085a224b1ca2e5db139b1788c01d4dd1e70daca7006b6a7b381bdae1,0
https://www.youtube.com/s/player/7c99d670/www-widgetapi.vflset/www-widgetapi.js,,3aeb791f41afb9d7500326010b8852214536360b695c2d0328f4fd265badb21f,0
https://www.youtube.com/s/player/7ca87de3/player_ias.vflset/en_US/base.js,,afa0a3215dd5a1a02c9b0b2a578d7c71f293b36d9e8420aa32f6a4e87567e288,0
https://www.youtube.com/s/player/7ca87de3/player_ias.vflset/en_US/captions.js,,d4f81c198a60595f0850c2d578bfe1a97dfd16af1ec779323d5fca0d267b7f1b,0
https://www.youtube.com/s/player/7ca87de3/www-player.css,,fb2f17a87256c403f2fcc1c7c643ca1afa249ed19dd15907197262a202357262,0
https://www.youtube.com/s/player/7ca87de3/www-widgetapi.vflset/www-widgetapi.js,,3aeb791f41afb9d7500326010b8852214536360b695c2d0328f4fd265badb21f,0
https://www.youtube.com/s/player/7ce603a3/player_ias.vflset/en_US/base.js,,220136e025ba2699237b8785cd2cf6588224f99c21021d9f1380b1fc5e2ea131,0
https://www.youtube.com/s/player/7ce603a3/player_ias.vflset/en_US/captions.js,,d7f18499da75197defb9bd1e7821f776ef7a51d2d49e08bcc2df412e28a4adb8,0
https://www.youtube.com/s/player/7ce603a3/www-player.css,,d5b344b8a6d0a02864884c9b037f5f11921381cdfbddb2f8a643d1a8cbe9cef8,0
https://www.youtube.com/s/player/7ce603a3/www-widgetapi.vflset/www-widgetapi.js,,9af313ed10b2fb2eb40b7cf476ec0ba74a3babe175e1bfc5d02308aeb54309fd,0
https://www.youtube.com/s/player/7d647a07/player_ias.vflset/en_US/base.js,,64d4e1748fc8080e8a6b808c97851701984dc18e616fcff8d4d035fc0ea1f161,0
https://www.youtube.com/s/player/7d647a07/player_ias.vflset/en_US/captions.js,,605d9f342d310189b3e6386db930247be08f819b0c23286472f409521ae189da,0
https://www.youtube.com/s/player/7d647a07/www-player.css,,389d80710907ae3e49736e38c8c56870ba584ddc18286659e13417c9c73b4e5d,0
https://www.youtube.com/s/player/7d647a07/www-widgetapi.vflset/www-widgetapi.js,,11aa7946df12674187e45a29c8a083a30cefb5e625985b2405c1d0fb710e56b2,0
https://www.youtube.com/s/player/7d64b153/player_ias.vflset/en_US/base.js,,41cc74479bf789794066be80bc29b3da89e712409b947e7bb80729c4537a0af3,0
https://www.youtube.com/s/player/7d64b153/player_ias.vflset/en_US/captions.js,,2b9a03c753fe09df350ba6f55a4542eb92aff37124629948d91588eeab89ffc1,0
https://www.youtube.com/s/player/7d64b153/www-player.css,,4501bc83f7fe6c0de41512e5f91fcf9457f7a8a3aab18e3c38973eb6a6ae0b55,0
https://www.youtube.com/s/player/7d64b153/www-widgetapi.vflset/www-widgetapi.js,,3aeb791f41afb9d7500326010b8852214536360b695c2d0328f4fd265badb21f,0
https://www.youtube.com/s/player/7d66da07/player_ias.vflset/en_US/base.js,,aaa96c8d119d0d1375dfb5246995beafd1f686b40ec25f56c97be9b3e3307389,0
https://www.youtube.com/s/player/7d66da07/player_ias.vflset/en_US/captions.js,,9b96a2712655aa88a6aa12a093b1e213f57b1c1453d9ad2ad364a079a47b29cd,0
https://www.youtube.com/s/player/7d66da07/www-player.css,,1d7a0382972006be1b407113b8b13cc6fb4d6dd54f08b0efd987a14c67d4c147,0
https://www.youtube.com/s/player/7d66da07/www-widgetapi.vflset/www-widgetapi.js,,3aeb791f41afb9d7500326010b8852214536360b695c2d0328f4fd265badb21f,0
https://www.youtube.com/s/player/7dc3db36/player_ias.vflset/en_US/base.js,,6ce14cbda7367a53fe74dc0f10251fa419f8da05cb858cb1da85d138eaf38906,0
https://www.youtube.com/s/player/7dc3db36/player_ias.vflset/en_US/captions.js,,8d36730d4d5533f4626b2d547f324159cc63a5bb7720f4171e57d5ee2b1fd862,0
https://www.youtube.com/s/player/7dc3db36/www-player.css,,285c2c04776dc61c5ca68c881e31b524135313e3a462eda28e1b73778dce3d43,0
https://www.youtube.com/s/player/7dc3db36/www-widgetapi.vflset/www-widgetapi.js,,11aa7946df12674187e45a29c8a083a30cefb5e625985b2405c1d0fb710e56b2,0
https://www.youtube.com/s/player/7f1636e3/player_ias.vflset/en_US/base.js,,7fefb1086c29c18a09ace76ec927a817dbefc8d14ee7f08069921cadb1cc3ec4,0
https://www.youtube.com/s/player/7f1636e3/player_ias.vflset/en_US/captions.js,,b92a04a858ee6655ae5753fbcd26e443957aa0633ada8c48d63ee1aa8464a4bf,0
https://www.youtube.com/s/player/7f1636e3/www-player.css,,4501bc83f7fe6c0de41512e5f91fcf9457f7a8a3aab18e3c38973eb6a6ae0b55,0
https://www.youtube.com/s/player/7f1636e3/www-widgetapi.vflset/www-widgetapi.js,,3aeb791f41afb9d7500326010b8852214536360b695c2d0328f4fd265badb21f,0
https://www.youtube.com/s/player/7f3b257d/player_ias.vflset/en_US/base.js,,0a9e588b146a6a5a718c4c8ac71c866246df2ebc7a069cf1305886780f8dff7b,0
https://www.youtube.com/s/player/7f3b257d/player_ias.vflset/en_US/captions.js,,667dc55af62e26d451d4fdb3bc9182d03448d6ebcf4b1c22ff9b84cf26daedc7,0
https://www.youtube.com/s/player/7f3b257d/www-player.css,,b83fd49a4ceb67ab0c24d79fb5de72bcca5f8416d49f6c41ed924ad33476512a,0
https://www.youtube.com/s/player/7f3b257d/www-widgetapi.vflset/www-widgetapi.js,,11aa7946df12674187e45a29c8a083a30cefb5e625985b2405c1d0fb710e56b2,0
https://www.youtube.com/s/player/7f3e53c7/player_ias.vflset/en_US/base.js,,a6cbb6e065934557ad74a3f401759daaf7cea49d71c81d9ad6dee69eb887c7bf,0
https://www.youtube.com/s/player/7f3e53c7/player_ias.vflset/en_US/captions.js,,4b374d623c2e369236a08ea41a5fa4082cd66deb6689f2c52489ea68e0619ce3,0
https://www.youtube.com/s/player/7f3e53c7/www-player.css,,cfd52c611020fb575d85fc138c1cc172eebdb9bff20d464f90993923cf5cb64b,0
https://www.youtube.com/s/player/7f3e53c7/www-widgetapi.vflset/www-widgetapi.js,,3aeb791f41afb9d7500326010b8852214536360b695c2d0328f4fd265badb21f,0
https://www.youtube.com/s/player/7fefdcfe/player_ias.vflset/en_US/base.js,,4f1acd50091733a1834aaa3d0ae4246c8352091b19a6222eaacbf80c42553c68,0
https://www.youtube.com/s/player/7fefdcfe/player_ias.vflset/en_US/captions.js,,6cc82ffdfe54cd143f25d686e0212493f45b67ab9bb0a3da97298551e206c6e9,0
https://www.youtube.com/s/player/7fefdcfe/www-player.css,,e7c8a5055316b32ab0baa115589477ca4edf8a28372005da3ab230c85660d3f4,0
https://www.youtube.com/s/player/7fefdcfe/www-widgetapi.vflset/www-widgetapi.js,,9af313ed10b2fb2eb40b7cf476ec0ba74a3babe175e1bfc5d02308aeb54309fd,0
https://www.youtube.com/s/player/80368126/player_ias.vflset/en_US/base.js,,727f859d83a4512a7c406365734bbc67ba18c9d155f61de4db3788746fecba5e,0
https://www.youtube.com/s/player/80368126/player_ias.vflset/en_US/captions.js,,bbf88df989a50c1a7ab92a6696b8fad0bd1501a7672edeef1918d4130c223f28,0
https://www.youtube.com/s/player/80368126/www-player.css,,ed75e47b996f41da27d3aa3997bf0f0d632a4d02cefbe8572870acb51e4ed891,0
https://www.youtube.com/s/player/80368126/www-widgetapi.vflset/www-widgetapi.js,,3aeb791f41afb9d7500326010b8852214536360b695c2d0328f4fd265badb21f,0
https://www.youtube.com/s/player/80760a82/player_ias.vflset/en_US/base.js,,67efe4499a8d472518e9563cc8af24deb71b786c442da084e3432aee5958069a,0
https://www.youtube.com/s/player/80760a82/player_ias.vflset/en_US/captions.js,,e3223331b8f45646dc10ece26f087e009210d596c7ddd60de55c8705be9741fb,0
https://www.youtube.com/s/player/80760a82/www-player.css,,cfd52c611020fb575d85fc138c1cc172eebdb9bff20d464f90993923cf5cb64b,0
https://www.youtube.com/s/player/80760a82/www-widgetapi.vflset/www-widgetapi.js,,3aeb791f41afb9d7500326010b8852214536360b695c2d0328f4fd265badb21f,0
https://www.youtube.com/s/player/80f08606/player_ias.vflset/en_US/base.js,,40739ff8253ab26a374a870bd7c05c9ace01045e57fb1a71981248f8d4c7d1dd,0
https://www.youtube.com/s/player/80f08606/player_ias.vflset/en_US/captions.js,,1f2a67659bf0d0042a95482517d37ef8a59b5e76acdedd7d8a7c6778569d20a0,0
https://www.youtube.com/s/player/80f08606/www-player.css,,e7c8a5055316b32ab0baa115589477ca4edf8a28372005da3ab230c85660d3f4,0
https://www.youtube.com/s/player/80f08606/www-widgetapi.vflset/www-widgetapi.js,,9af313ed10b2fb2eb40b7cf476ec0ba74a3babe175e1bfc5d02308aeb54309fd,0
https://www.youtube.com/s/player/80f5ca15/player_ias.vflset/en_US/base.js,,12d74ec1a0d32385a4b5429e521d8068b7611804ee9c72901b1f5cbbe8d1f31a,0
https://www.youtube.com/s/player/80f5ca15/player_ias.vflset/en_US/captions.js,,6618fe461dd6bac7177c74bd1e6aa0dd72c563f31668aab45d3df593534ecfd6,0
https://www.youtube.com/s/player/80f5ca15/www-player.css,,aed8e79fbe210a9b3e958681a1931b19baa85741b51cabf87b5101e4e0e2cd7b,0
https://www.youtube.com/s/player/80f5ca15/www-widgetapi.vflset/www-widgetapi.js,,9af313ed10b2fb2eb40b7cf476ec0ba74a3babe175e1bfc5d02308aeb54309fd,0
https://www.youtube.com/s/player/813b15a0/player_ias.vflset/en_US/base.js,,d048c6464a2a663b0470e6268313bcbc50505f9c690217b244f874c2bc9e7af3,0
https://www.youtube.com/s/player/813b15a0/player_ias.vflset/en_US/captions.js,,4b25cddd5803af4814e229b9b147ac1a36e0219fbc5e96ee2a832a4c6f191b27,0
https://www.youtube.com/s/player/813b15a0/www-player.css,,ed75e47b996f41da27d3aa3997bf0f0d632a4d02cefbe8572870acb51e4ed891,0
https://www.youtube.com/s/player/813b15a0/www-widgetapi.vflset/www-widgetapi.js,,b6b18fb0c355a9e4fca44acd186be76ecca76232c4eaa4f2e11ff06026e9c3f4,0
https://www.youtube.com/s/player/8180e7ff/player_ias.vflset/en_US/base.js,,676984130ef4903f5f31e804f4d337c90a585ca644667b195923535836a5b201,0
https://www.youtube.com/s/player/8180e7ff/player_ias.vflset/en_US/captions.js,,21b24d9d6143c281e4206b0da8c3cf929d50dc82af6d6ce2a00f017ea7b7fb22,0
https://www.youtube.com/s/player/8180e7ff/www-player.css,,ca7992e78f5e015470a829868dc51a6e71c2e6eae256695e908b3f9f56e9c1e7,0
https://www.youtube.com/s/player/8180e7ff/www-widgetapi.vflset/www-widgetapi.js,,e9abd0d74c5ecca848c706e3f94780a00efc33f66f1a7971ded040458851fd69,0
https://www.youtube.com/s/player/81d49828/player_ias.vflset/en_US/base.js,,86f1ccc11c9bc735859285c8bd22743b38c6d8d923c5522d5559a590cee679cd,0
https://www.youtube.com/s/player/81d49828/player_ias.vflset/en_US/captions.js,,fd7004b9ae9132eae22fe272d0476f48de15595018661f66ce52921fba89a6c7,0
https://www.youtube.com/s/player/81d49828/www-player.css,,24cb353f7db6c8025eaf8648aa1f941cddfac84342d06ed4fb9def4523328bb3,0
https://www.youtube.com/s/player/81d49828/www-widgetapi.vflset/www-widgetapi.js,,b6b18fb0c355a9e4fca44acd186be76ecca76232c4eaa4f2e11ff06026e9c3f4,0
https://www.youtube.com/s/player/820123f3/player_ias.vflset/en_US/base.js,,71135cbba11f79413b28bcf5e3b4abcc754933c1be7b92d159600f46eefec117,0
https://www.youtube.com/s/player/820123f3/player_ias.vflset/en_US/captions.js,,3ecfc1aeca0472165bcd4c799aa2a82f14e7b4d4294b4ba80630a1bea8e4e3bd,0
https://www.youtube.com/s/player/820123f3/www-player.css,,f140b6831469664f09fb07ae991e983b46752deaa9d8a8b214852f235ea6e7d0,0
https://www.youtube.com/s/player/820123f3/www-widgetapi.vflset/www-widgetapi.js,,9af313ed10b2fb2eb40b7cf476ec0ba74a3babe175e1bfc5d02308aeb54309fd,0
https://www.youtube.com/s/player/8201a429/player_ias.vflset/en_US/base.js,,20648add745f967aff4c8626bbc0c788fc683c7a3656664881ca31fc309a2948,0
https://www.youtube.com/s/player/8201a429/player_ias.vflset/en_US/captions.js,,73691766f60993150a8254f92db797fca76b80b9071f2c85b05f89de5b9fc036,0
https://www.youtube.com/s/player/8201a429/www-player.css,,ca7992e78f5e015470a829868dc51a6e71c2e6eae256695e908b3f9f56e9c1e7,0
https://www.youtube.com/s/player/8201a429/www-widgetapi.vflset/www-widgetapi.js,,e9abd0d74c5ecca848c706e3f94780a00efc33f66f1a7971ded040458851fd69,0
https://www.youtube.com/s/player/82ae1e3c/player_ias.vflset/en_US/base.js,,10d2a23e4723d9d962aaf418830ca1dcd8c79069bdbf05c1ab0984b7676c6e22,0
https://www.youtube.com/s/player/82ae1e3c/player_ias.vflset/en_US/captions.js,,79eda263a04fa006fe2a956b1f7c90af8e46c0adba53fec40181956f26e50bc6,0
https://www.youtube.com/s/player/82ae1e3c/www-player.css,,1074e75f7621bc7e5e6c75ffbeea96f6fa9f266029361ba4124dd4d3baa69fef,0
https://www.youtube.com/s/player/82ae1e3c/www-widgetapi.vflset/www-widgetapi.js,,9af313ed10b2fb2eb40b7cf476ec0ba74a3babe175e1bfc5d02308aeb54309fd,0
https://www.youtube.com/s/player/82d09d56/player_ias.vflset/en_US/base.js,,bd8beceae1e2141b1c71564afa98e33e50fdeecb19d8ff748d1fbda9454169a6,0
https://www.youtube.com/s/player/82d09d56/player_ias.vflset/en_US/captions.js,,1a39b5b5c9532d273b2438c5e8cccd8defa8c34e6bc3faa063bef9a72adebe30,0
https://www.youtube.com/s/player/82d09d56/www-player.css,,921b6856085a224b1ca2e5db139b1788c01d4dd1e70daca7006b6a7b381bdae1,0
https://www.youtube.com/s/player/82d09d56/www-widgetapi.vflset/www-widgetapi.js,,3aeb791f41afb9d7500326010b8852214536360b695c2d0328f4fd265badb21f,0
https://www.youtube.com/s/player/82e5a015/player_ias.vflset/en_US/base.js,,28776b02ba99f56aee0b25a0e420cb77c186f52cd8abc3e9161e49f92fcbd5ef,0
https://www.youtube.com/s/player/82e5a015/player_ias.vflset/en_US/captions.js,,518bdd72a508bfe21b1a19bef2c9ec128add52a921e228f77fcba2c2b4efec61,0
https://www.youtube.com/s/player/82e5a015/www-player.css,,0d994eb0e617b6087b915cb1bdc2bb56f40826f1b3d182277c0915aedec24671,0
https://www.youtube.com/s/player/82e5a015/www-widgetapi.vflset/www-widgetapi.js,,9af313ed10b2fb2eb40b7cf476ec0ba74a3babe175e1bfc5d02308aeb54309fd,0
https://www.youtube.com/s/player/8312f9a8/player_ias.vflset/en_US/base.js,,ef257af8c4c276067874f9a8810d319992a5de0daf9a034ed4c0a52792bcfdba,0
https://www.youtube.com/s/player/8312f9a8/player_ias.vflset/en_US/captions.js,,4826d3a67fa79637df22425a1ff5d883462805e13af0c5548cd2f4007abc064d,0
https://www.youtube.com/s/player/8312f9a8/www-player.css,,ed75e47b996f41da27d3aa3997bf0f0d632a4d02cefbe8572870acb51e4ed891,0
https://www.youtube.com/s/player/8312f9a8/www-widgetapi.vflset/www-widgetapi.js,,3aeb791f41afb9d7500326010b8852214536360b695c2d0328f4fd265badb21f,0
https://www.youtube.com/s/player/844b3c48/player_ias.vflset/en_US/base.js,,cfe7e255b4ac2cdfc01c20cf38baa92e43c6915345bf8bfb37b6732ba81074f8,0
https://www.youtube.com/s/player/844b3c48/player_ias.vflset/en_US/captions.js,,3098b6b8f813663681a4883b1bd2e645f4e582f66e5d680257df9cebb9fcf47f,0
https://www.youtube.com/s/player/844b3c48/www-player.css,,71e64e4635ef3b11eec4b3e880560ccb029d03b0f295336c5d977616c0e3b519,0
https://www.youtube.com/s/player/844b3c48/www-widgetapi.vflset/www-widgetapi.js,,3aeb791f41afb9d7500326010b8852214536360b695c2d0328f4fd265badb21f,0
https://www.youtube.com/s/player/8456c9de/player_ias.vflset/en_US/base.js,,8db719032b812d756deedde2aff8379c1857a037dcff0c5d253037c29c175457,0
https://www.youtube.com/s/player/8456c9de/player_ias.vflset/en_US/captions.js,,c4dbad4e308cbe520401d87e82a7b7610f7ed3757e63af45a3c09d5d0dbf60e9,0
https://www.youtube.com/s/player/8456c9de/www-player.css,,f140b6831469664f09fb07ae991e983b46752deaa9d8a8b214852f235ea6e7d0,0
https://www.youtube.com/s/player/8456c9de/www-widgetapi.vflset/www-widgetapi.js,,9af313ed10b2fb2eb40b7cf476ec0ba74a3babe175e1bfc5d02308aeb54309fd,0
https://www.youtube.com/s/player/847bad37/player_ias.vflset/en_US/base.js,,820466c2042869de870c7a1eec36b583d950f36c47a687f028ce089e5451cebf,0
https://www.youtube.com/s/player/847bad37/player_ias.vflset/en_US/captions.js,,f88daadd35519c42fe0e62696acb712c81ad03a0787bca69c738dbd24e1c54d2,0
https://www.youtube.com/s/player/847bad37/www-player.css,,8dd0861016ff7bfa3fa5810d683be16d2e6ab9c70a639428f71a78b39f93b9b9,0
https://www.youtube.com/s/player/847bad37/www-widgetapi.vflset/www-widgetapi.js,,e9abd0d74c5ecca848c706e3f94780a00efc33f66f1a7971ded040458851fd69,0
https://www.youtube.com/s/player/84fd6c82/player_ias.vflset/en_US/base.js,,5a2df7ab4e8c137177ecc7c441c72843daa4b10e8205cac68c34c81c73cc3240,0
https://www.youtube.com/s/player/84fd6c82/player_ias.vflset/en_US/captions.js,,b2e6d1d81b4aec6861230e4a67be1f26917d4b45874994f7d322b5dee80649bc,0
https://www.youtube.com/s/player/84fd6c82/www-player.css,,1074e75f7621bc7e5e6c75ffbeea96f6fa9f266029361ba4124dd4d3baa69fef,0
https://www.youtube.com/s/player/84fd6c82/www-widgetapi.vflset/www-widgetapi.js,,9af313ed10b2fb2eb40b7cf476ec0ba74a3babe175e1bfc5d02308aeb54309fd,0
https://www.youtube.com/s/player/854a788e/player_ias.vflset/en_US/base.js,,648bf283aabe42da622e42331f304e67b467e170c855a69416b2d502fef29ef1,0
https://www.youtube.com/s/player/854a788e/player_ias.vflset/en_US/captions.js,,f9a4db7f55966e5d275eb97185933671c3297c2a2a3e126c03d4f410967d4c27,0
https://www.youtube.com/s/player/854a788e/www-player.css,,fb2f17a87256c403f2fcc1c7c643ca1afa249ed19dd15907197262a202357262,0
https://www.youtube.com/s/player/854a788e/www-widgetapi.vflset/www-widgetapi.js,,3aeb791f41afb9d7500326010b8852214536360b695c2d0328f4fd265badb21f,0
https://www.youtube.com/s/player/8565f3f9/player_ias.vflset/en_US/base.js,,e4ee765b96ef3ecc9fa8c620782b134ae55f9c4d3eeb9ab3db1bfff16d8296cb,0
https://www.youtube.com/s/player/8565f3f9/player_ias.vflset/en_US/captions.js,,ba383fb3cb3f962e8c2b7325c9695c7623d5bf9033445b1713ee6f8e8a8c03fb,0
https://www.youtube.com/s/player/8565f3f9/www-player.css,,bb2ee0639d3d01fff4688a439d42f088babfba9c20ed207d4b1d6f2fc0224107,0
https://www.youtube.com/s/player/8565f3f9/www-widgetapi.vflset/www-widgetapi.js,,9af313ed10b2fb2eb40b7cf476ec0ba74a3babe175e1bfc5d02308aeb54309fd,0
https://www.youtube.com/s/player/8583bbc2/player_ias.vflset/en_US/base.js,,6bf2c6d02f8d5e23bef1fd10cc05a9538c3d244526ba51125a6306d97722edfb,0
https://www.youtube.com/s/player/8583bbc2/player_ias.vflset/en_US/captions.js,,b91f2267667e266731af57143f4f69dc984530a597da5fbb95780f11094bd99c,0
https://www.youtube.com/s/player/8583bbc2/www-player.css,,8345f5d06b1e06a8dcf60075eee7e564059f238a85eb6f34b6ce41fab50ce074,0
https://www.youtube.com/s/player/8583bbc2/www-widgetapi.vflset/www-widgetapi.js,,3aeb791f41afb9d7500326010b8852214536360b695c2d0328f4fd265badb21f,0
https://www.youtube.com/s/player/859db743/player_ias.vflset/en_US/base.js,,b6596f74b815720ef9552ab706346db1fccacd27f5c5291099b2d66d195b9783,0
https://www.youtube.com/s/player/859db743/player_ias.vflset/en_US/captions.js,,67b53fa7849afc74a3836231803ee3adc7ca22d6dca984023aa595ba39458286,0
https://www.youtube.com/s/player/859db743/www-player.css,,ca7992e78f5e015470a829868dc51a6e71c2e6eae256695e908b3f9f56e9c1e7,0
https://www.youtube.com/s/player/859db743/www-widgetapi.vflset/www-widgetapi.js,,e9abd0d74c5ecca848c706e3f94780a00efc33f66f1a7971ded040458851fd69,0
https://www.youtube.com/s/player/86205a12/player_ias.vflset/en_US/base.js,,ae40746a8373b23450443e95264960034591ef4742f4fbe7dbe116a25e3c2752,0
https://www.youtube.com/s/player/86205a12/player_ias.vflset/en_US/captions.js,,9de8a7cdc339a19cdebd5adddbc1384281e87010b43f494e670b488f49bab1e1,0
https://www.youtube.com/s/player/86205a12/www-player.css,,6f25e841296950467517ec8bccba0ffd052a386d6ac8d893aeaba5edf84aca42,0
https://www.youtube.com/s/player/86205a12/www-widgetapi.vflset/www-widgetapi.js,,9af313ed10b2fb2eb40b7cf476ec0ba74a3babe175e1bfc5d02308aeb54309fd,0
https://www.youtube.com/s/player/86f09c9d/player_ias.vflset/en_US/base.js,,3a111e9fac1f20effde697e28ebb9deea02c31c644dacdd6ae6afef3999b00a9,0
https://www.youtube.com/s/player/86f09c9d/player_ias.vflset/en_US/captions.js,,b3a2aeed1582b6b64d2359ddd3627f42c9c83cd6ac020340042e90561b3235c6,0
https://www.youtube.com/s/player/86f09c9d/www-player.css,,921b6856085a224b1ca2e5db139b1788c01d4dd1e70daca7006b6a7b381bdae1,0
https://www.youtube.com/s/player/86f09c9d/www-widgetapi.vflset/www-widgetapi.js,,3aeb791f41afb9d7500326010b8852214536360b695c2d0328f4fd265badb21f,0
https://www.youtube.com/s/player/87644c66/player_ias.vflset/en_US/base.js,,a9707004ebbc51eb57dab58cb238cd99416519880363e08885eea784402a2e42,0
https://www.youtube.com/s/player/87644c66/player_ias.vflset/en_US/captions.js,,87930b0be7e22943266492d3685bc2544cd1309e7b9812362ee2a851bd6a60d4,0
https://www.youtube.com/s/player/87644c66/www-player.css,,fee83c4714630482ba6749f188d157b619d86b6326d5e93ba3ffe4273d4e64b4,0
https://www.youtube.com/s/player/87644c66/www-widgetapi.vflset/www-widgetapi.js,,11aa7946df12674187e45a29c8a083a30cefb5e625985b2405c1d0fb710e56b2,0
https://www.youtube.com/s/player/879f7172/player_ias.vflset/en_US/base.js,,54b447a728401d83a1cec82daa815a3be2d98ee02aab2fce3ee9dae9d307b43b,0
https://www.youtube.com/s/player/879f7172/player_ias.vflset/en_US/captions.js,,80fa300ff4004152d3b33536ee77d10fbe84b0bc5958d6b5cd0aa8e340b5cc3f,0
https://www.youtube.com/s/player/879f7172/www-player.css,,7aca61589965311619d927da66c4fd6c266bfd5a9a263a5cd203e935270a4428,0
https://www.youtube.com/s/player/879f7172/www-widgetapi.vflset/www-widgetapi.js,,3aeb791f41afb9d7500326010b8852214536360b695c2d0328f4fd265badb21f,0
https://www.youtube.com/s/player/87ce2079/player_ias.vflset/en_US/base.js,,9112b14c1af3fd091a23c9fc660f9d2a1751e6abeca938954d0d825c76befcda,0
https://www.youtube.com/s/player/87ce2079/player_ias.vflset/en_US/captions.js,,c6c9101692500af9e38fd73c19ec5aff0d3af7405c10e9dc430bbc3245ba452b,0
https://www.youtube.com/s/player/87ce2079/www-player.css,,921b6856085a224b1ca2e5db139b1788c01d4dd1e70daca7006b6a7b381bdae1,0
https://www.youtube.com/s/player/87ce2079/www-widgetapi.vflset/www-widgetapi.js,,3aeb791f41afb9d7500326010b8852214536360b695c2d0328f4fd265badb21f,0
https://www.youtube.com/s/player/880394d5/player_ias.vflset/en_US/base.js,,6d6cb58957176859c0a822c4b3b95fa73cb0029661236eb1999e56ba378522b5,0
https://www.youtube.com/s/player/880394d5/player_ias.vflset/en_US/captions.js,,6db1ac81b7813adc75ff7164a4d3e8ddf31f4fd30e3980f9b99abdd985a6aaa0,0
https://www.youtube.com/s/player/880394d5/www-player.css,,1074e75f7621bc7e5e6c75ffbeea96f6fa9f266029361ba4124dd4d3baa69fef,0
https://www.youtube.com/s/player/880394d5/www-widgetapi.vflset/www-widgetapi.js,,9af313ed10b2fb2eb40b7cf476ec0ba74a3babe175e1bfc5d02308aeb54309fd,0
https://www.youtube.com/s/player/882a803a/player_ias.vflset/en_US/base.js,,2eae259b0889e9b795670a54da6d8da4e708ece915d264a72b8b6ad5663992c2,0
https://www.youtube.com/s/player/882a803a/player_ias.vflset/en_US/captions.js,,cc77e16e17eabf4482065dd5baba4c562c70d245f8fa0f2f3920ea35dcf96e68,0
https://www.youtube.com/s/player/882a803a/www-player.css,,921b6856085a224b1ca2e5db139b1788c01d4dd1e70daca7006b6a7b381bdae1,0
https://www.youtube.com/s/player/882a803a/www-widgetapi.vflset/www-widgetapi.js,,3aeb791f41afb9d7500326010b8852214536360b695c2d0328f4fd265badb21f,0
https://www.youtube.com/s/player/886cbf26/player_ias.vflset/en_US/base.js,,a1c77fadc980ab19d7b9d3873116dcb421838883c528e9d0d7e755959ff0e002,0
https://www.youtube.com/s/player/886cbf26/player_ias.vflset/en_US/captions.js,,4c43ed63d1e73964084322f8c53f5fcd3df29d76e5c8449759016b50862dc51a,0
https://www.youtube.com/s/player/886cbf26/www-player.css,,81c275d35a2e688fc5bd90aac9d51ea3382b95cf4bc4404db754c69164ea6971,0
https://www.youtube.com/s/player/886cbf26/www-widgetapi.vflset/www-widgetapi.js,,9af313ed10b2fb2eb40b7cf476ec0ba74a3babe175e1bfc5d02308aeb54309fd,0
https://www.youtube.com/s/player/88917196/player_ias.vflset/en_US/base.js,,8d8b3570b5d579c021f24efc4e0dd583ad98733d38c10de79f0baebcd8ed503d,0
https://www.youtube.com/s/player/88917196/player_ias.vflset/en_US/captions.js,,9bd5f7f9d998f35b7514a66d785930bdee5289b3aec4b290b9638d0a5aa9ad82,0
https://www.youtube.com/s/player/88917196/www-player.css,,921b6856085a224b1ca2e5db139b1788c01d4dd1e70daca7006b6a7b381bdae1,0
https://www.youtube.com/s/player/88917196/www-widgetapi.vflset/www-widgetapi.js,,3aeb791f41afb9d7500326010b8852214536360b695c2d0328f4fd265badb21f,0
https://www.youtube.com/s/player/88a886f1/player_ias.vflset/en_US/base.js,,c42cf3f24438c2317689ccb34cf67ac84771b84bf201fe9477c5656dc0538801,0
https://www.youtube.com/s/player/88a886f1/player_ias.vflset/en_US/captions.js,,d390064db890f2807233cdee07a5c2e567c5e590fd7a88f24c1789b23e828dba,0
https://www.youtube.com/s/player/88a886f1/www-player.css,,7c7eb8252199ec9042290b1044ed1ba5ed8847ee516771bbe6dd27f9f16a608c,0
https://www.youtube.com/s/player/88a886f1/www-widgetapi.vflset/www-widgetapi.js,,e9abd0d74c5ecca848c706e3f94780a00efc33f66f1a7971ded040458851fd69,0
https://www.youtube.com/s/player/88c25a98/player_ias.vflset/en_US/base.js,,85aaa653aaf2f131be91e6cab772d501a0566648110c26be221b1b84b64ef099,0
https://www.youtube.com/s/player/88c25a98/player_ias.vflset/en_US/captions.js,,ffb954a93b7e5962a0bdf3ee9e436f7b94c1a134805518ceef3880c1f0c52c01,0
https://www.youtube.com/s/player/88c25a98/www-player.css,,cfd52c611020fb575d85fc138c1cc172eebdb9bff20d464f90993923cf5cb64b,0
https://www.youtube.com/s/player/88c25a98/www-widgetapi.vflset/www-widgetapi.js,,9af313ed10b2fb2eb40b7cf476ec0ba74a3babe175e1bfc5d02308aeb54309fd,0
https://www.youtube.com/s/player/8999e41d/player_ias.vflset/en_US/base.js,,002332b73df5df1b1a1b5d35913b6a372eb80fa7120db0ac233e8ebd4f1f98cc,0
https://www.youtube.com/s/player/8999e41d/player_ias.vflset/en_US/captions.js,,8388ba7e579bd371326a304b2a9ebf1832b6bd717a322ac46a3ee4682bca9b84,0
https://www.youtube.com/s/player/8999e41d/www-player.css,,8345f5d06b1e06a8dcf60075eee7e564059f238a85eb6f34b6ce41fab50ce074,0
https://www.youtube.com/s/player/8999e41d/www-widgetapi.vflset/www-widgetapi.js,,3aeb791f41afb9d7500326010b8852214536360b695c2d0328f4fd265badb21f,0
https://www.youtube.com/s/player/89e685a2/player_ias.vflset/en_US/base.js,,56c152e548b3629273b2813d5a3f4d8deedb3f7ddade5c4de12055bc9707970a,0
https://www.youtube.com/s/player/89e685a2/player_ias.vflset/en_US/captions.js,,04db4acdaa2dfe2a2ce5aed9edbe19ad070c22dd1bf7a56247c60285a4b29f01,0
https://www.youtube.com/s/player/89e685a2/www-player.css,,408df13457faa3e895984c43ea580c6f70d3456c601f35e789df658ce5a4db87,0
https://www.youtube.com/s/player/89e685a2/www-widgetapi.vflset/www-widgetapi.js,,11aa7946df12674187e45a29c8a083a30cefb5e625985b2405c1d0fb710e56b2,0
https://www.youtube.com/s/player/8a391848/player_ias.vflset/en_US/base.js,,a08379e7e554f2f282698419cb7dab126235f636f6ae8a03e81d4c426faa770d,0
https://www.youtube.com/s/player/8a391848/player_ias.vflset/en_US/captions.js,,4e457b53faa1f98ff2c5e42c6fef04c542101991641b29e83a3e40dbebd54fd5,0
https://www.youtube.com/s/player/8a391848/www-player.css,,798b8326094d9277d1ffc31f005748c2fb5185c0b278176a2774d2b8511945a0,0
https://www.youtube.com/s/player/8a391848/www-widgetapi.vflset/www-widgetapi.js,,3aeb791f41afb9d7500326010b8852214536360b695c2d0328f4fd265badb21f,0
https://www.youtube.com/s/player/8a6e7bc4/player_ias.vflset/en_US/base.js,,6045af4d04b51f332b3ac2e05f60bbcf283b7c0892b606333f66a31751784f07,0
https://www.youtube.com/s/player/8a6e7bc4/player_ias.vflset/en_US/captions.js,,9069aebf984dc56b9916d4134e94cfb4f7f3e78bdfb3bfef7e05e04a0b1f9ac7,0
https://www.youtube.com/s/player/8a6e7bc4/www-player.css,,aed8e79fbe210a9b3e958681a1931b19baa85741b51cabf87b5101e4e0e2cd7b,0
https://www.youtube.com/s/player/8a6e7bc4/www-widgetapi.vflset/www-widgetapi.js,,9af313ed10b2fb2eb40b7cf476ec0ba74a3babe175e1bfc5d02308aeb54309fd,0
https://www.youtube.com/s/player/8b4164f6/player_ias.vflset/en_US/base.js,,df15e31a12925843b64409fb1b9113f9a11591598a939e291b8367235bf6c22a,0
https://www.youtube.com/s/player/8b4164f6/player_ias.vflset/en_US/captions.js,,8fd8057702b3bb9aa672f315058b5b718c795fe8779428943acba81bb0e32a87,0
https://www.youtube.com/s/player/8b4164f6/www-player.css,,cfd52c611020fb575d85fc138c1cc172eebdb9bff20d464f90993923cf5cb64b,0
https://www.youtube.com/s/player/8b4164f6/www-widgetapi.vflset/www-widgetapi.js,,3aeb791f41afb9d7500326010b8852214536360b695c2d0328f4fd265badb21f,0
https://www.youtube.com/s/player/8b54769b/player_ias.vflset/en_US/base.js,,bfd96289552133422e996f75068978a8f25726ffad356c2a070a261470adf151,0
https://www.youtube.com/s/player/8b54769b/player_ias.vflset/en_US/captions.js,,1f2a67659bf0d0042a95482517d37ef8a59b5e76acdedd7d8a7c6778569d20a0,0
https://www.youtube.com/s/player/8b54769b/www-player.css,,e7c8a5055316b32ab0baa115589477ca4edf8a28372005da3ab230c85660d3f4,0
https://www.youtube.com/s/player/8b54769b/www-widgetapi.vflset/www-widgetapi.js,,9af313ed10b2fb2eb40b7cf476ec0ba74a3babe175e1bfc5d02308aeb54309fd,0
https://www.youtube.com/s/player/8c20e431/player_ias.vflset/en_US/base.js,,87f45663cef2bbb880f613a44de0a27ef8db1971e61e402fe569b84042c741e5,0
https://www.youtube.com/s/player/8c20e431/player_ias.vflset/en_US/captions.js,,df3a4b08343b64dcd6c56ca7763427cf3a8bd23595f3f0ba263eba883de9c64e,0
https://www.youtube.com/s/player/8c20e431/www-player.css,,1074e75f7621bc7e5e6c75ffbeea96f6fa9f266029361ba4124dd4d3baa69fef,0
https://www.youtube.com/s/player/8c20e431/www-widgetapi.vflset/www-widgetapi.js,,9af313ed10b2fb2eb40b7cf476ec0ba74a3babe175e1bfc5d02308aeb54309fd,0
https://www.youtube.com/s/player/8c57fc20/player_ias.vflset/en_US/base.js,,0672ffefcc4b92982b120ea6f05df38c9224203d900554e484b7ae76d4174948,0
https://www.youtube.com/s/player/8c57fc20/player_ias.vflset/en_US/captions.js,,003e66d57aab065710954956a3ed038370b1cf420ab1994740b254bdfe4818fd,0
https://www.youtube.com/s/player/8c57fc20/www-player.css,,6f25e841296950467517ec8bccba0ffd052a386d6ac8d893aeaba5edf84aca42,0
https://www.youtube.com/s/player/8c57fc20/www-widgetapi.vflset/www-widgetapi.js,,9af313ed10b2fb2eb40b7cf476ec0ba74a3babe175e1bfc5d02308aeb54309fd,0
https://www.youtube.com/s/player/8c83ec2e/player_ias.vflset/en_US/base.js,,526cd32e28083eb7412c50b253f3b3612b33180b65d699f5b7c731f0f20df96d,0
https://www.youtube.com/s/player/8c83ec2e/player_ias.vflset/en_US/captions.js,,6c816565dac5bfaea231c93af806b7f14a44634905efd30d0ce307d8540d20c3,0
https://www.youtube.com/s/player/8c83ec2e/www-player.css,,6f25e841296950467517ec8bccba0ffd052a386d6ac8d893aeaba5edf84aca42,0
https://www.youtube.com/s/player/8c83ec2e/www-widgetapi.vflset/www-widgetapi.js,,9af313ed10b2fb2eb40b7cf476ec0ba74a3babe175e1bfc5d02308aeb54309fd,0
https://www.youtube.com/s/player/8d2a370b/player_ias.vflset/en_US/base.js,,f3630303d5a2b76c2934dc9554e40c6ad2fbb23203b35636d266fbd0b7e92242,0
https://www.youtube.com/s/player/8d2a370b/player_ias.vflset/en_US/captions.js,,bb9b54f9e1295e6c959ca9d632b8d4f111a71e1a33b237d7bba9e16a8087f200,0
https://www.youtube.com/s/player/8d2a370b/www-player.css,,7aca61589965311619d927da66c4fd6c266bfd5a9a263a5cd203e935270a4428,0
https://www.youtube.com/s/player/8d2a370b/www-widgetapi.vflset/www-widgetapi.js,,3aeb791f41afb9d7500326010b8852214536360b695c2d0328f4fd265badb21f,0
https://www.youtube.com/s/player/8d89ad35/player_ias.vflset/en_US/base.js,,0be368fb9e59cc34337c4f046d31c00b3241f84f653f885bb643ac2ef3305482,0
https://www.youtube.com/s/player/8d89ad35/player_ias.vflset/en_US/captions.js,,b2e6d1d81b4aec6861230e4a67be1f26917d4b45874994f7d322b5dee80649bc,0
https://www.youtube.com/s/player/8d89ad35/www-player.css,,1074e75f7621bc7e5e6c75ffbeea96f6fa9f266029361ba4124dd4d3baa69fef,0
https://www.youtube.com/s/player/8d89ad35/www-widgetapi.vflset/www-widgetapi.js,,9af313ed10b2fb2eb40b7cf476ec0ba74a3babe175e1bfc5d02308aeb54309fd,0
https://www.youtube.com/s/player/8da75a6a/player_ias.vflset/en_US/base.js,,f8121615f50a5b0e308c819f748a4470c15e0d93686c8ed128a0434c182e03c8,0
https://www.youtube.com/s/player/8da75a6a/player_ias.vflset/en_US/captions.js,,6bc4fe2a70e24102315b2f83790ab880c5a52e9e1943a456aecb59851940e42f,0
https://www.youtube.com/s/player/8da75a6a/www-player.css,,4a3d9f50726e2dc48728329f15bed529b17e8e1238c784566e6e97a03a710e83,0
https://www.youtube.com/s/player/8da75a6a/www-widgetapi.vflset/www-widgetapi.js,,172690ab0ba286f1ef866d9c58a39e5402e69eaa89c9479333728e6a801a64d2,0
https://www.youtube.com/s/player/8e1320b6/player_ias.vflset/en_US/base.js,,8b6d097c8d28334529b9e0452a67f4b9b70c3d49e5f83429df1c7256febe5dfc,0
https://www.youtube.com/s/player/8e1320b6/player_ias.vflset/en_US/captions.js,,f9a4db7f55966e5d275eb97185933671c3297c2a2a3e126c03d4f410967d4c27,0
https://www.youtube.com/s/player/8e1320b6/www-player.css,,798b8326094d9277d1ffc31f005748c2fb5185c0b278176a2774d2b8511945a0,0
https://www.youtube.com/s/player/8e1320b6/www-widgetapi.vflset/www-widgetapi.js,,3aeb791f41afb9d7500326010b8852214536360b695c2d0328f4fd265badb21f,0
https://www.youtube.com/s/player/8e54e4ea/player_ias.vflset/en_US/base.js,,a09372666219e562795c8922a1344143fcdfc1d0495cc3b28aa47eeb801595c8,0
https://www.youtube.com/s/player/8e54e4ea/player_ias.vflset/en_US/captions.js,,ac0e6abc4f8557edc45d993ff67d55640fa3f395c39a7739bdca4e240c8f4747,0
https://www.youtube.com/s/player/8e54e4ea/www-player.css,,8dd0861016ff7bfa3fa5810d683be16d2e6ab9c70a639428f71a78b39f93b9b9,0
https://www.youtube.com/s/player/8e54e4ea/www-widgetapi.vflset/www-widgetapi.js,,e9abd0d74c5ecca848c706e3f94780a00efc33f66f1a7971ded040458851fd69,0
https://www.youtube.com/s/player/8e85ef3a/player_ias.vflset/en_US/base.js,,2533fa00fe615fb076d62a6dc3a5b55b7d4a8c1b1473b7a8a85136029195dc7a,0
https://www.youtube.com/s/player/8e85ef3a/player_ias.vflset/en_US/captions.js,,a05ea98da98db72f6b904088b1b333511b05b2b18f59461c247e86f75786f5f7,0
https://www.youtube.com/s/player/8e85ef3a/www-player.css,,074896ef39c6dae734d15f918224a1e0e23c000185e529ecdea29444a9a2070f,0
https://www.youtube.com/s/player/8e85ef3a/www-widgetapi.vflset/www-widgetapi.js,,b6b18fb0c355a9e4fca44acd186be76ecca76232c4eaa4f2e11ff06026e9c3f4,0
https://www.youtube.com/s/player/8f6bc5bc/player_ias.vflset/en_US/base.js,,5c8d5c28d42a5a560844fd8e4c481cbcb7b35e52cf943d6e4cda1ba5741651de,0
https://www.youtube.com/s/player/8f6bc5bc/player_ias.vflset/en_US/captions.js,,0b6e7540c1d5e7b2491261d4911db349da2ad8b4ae84d4edb88d922a4a1c1642,0
https://www.youtube.com/s/player/8f6bc5bc/www-player.css,,921b6856085a224b1ca2e5db139b1788c01d4dd1e70daca7006b6a7b381bdae1,0
https://www.youtube.com/s/player/8f6bc5bc/www-widgetapi.vflset/www-widgetapi.js,,3aeb791f41afb9d7500326010b8852214536360b695c2d0328f4fd265badb21f,0
https://www.youtube.com/s/player/8fb635c2/player_ias.vflset/en_US/base.js,,f822b0d661b3e7ea86105d614b3848669304388485e9e454bce9a588160699b4,0
https://www.youtube.com/s/player/8fb635c2/player_ias.vflset/en_US/captions.js,,ba383fb3cb3f962e8c2b7325c9695c7623d5bf9033445b1713ee6f8e8a8c03fb,0
https://www.youtube.com/s/player/8fb635c2/www-player.css,,bb2ee0639d3d01fff4688a439d42f088babfba9c20ed207d4b1d6f2fc0224107,0
https://www.youtube.com/s/player/8fb635c2/www-widgetapi.vflset/www-widgetapi.js,,9af313ed10b2fb2eb40b7cf476ec0ba74a3babe175e1bfc5d02308aeb54309fd,0
https://www.youtube.com/s/player/8fdc9fc5/player_ias.vflset/en_US/base.js,,7e0088a98738f9a2ae9c395e0aff5c31032562149a169b5d0ee776bb96c7c7f4,0
https://www.youtube.com/s/player/8fdc9fc5/player_ias.vflset/en_US/captions.js,,be24811d633738aecbc6fcff7d946243d3f935aac2eb74f00b2f444f3ee11966,0
https://www.youtube.com/s/player/8fdc9fc5/www-player.css,,f438434e0849285ebb1770fbf0b2a71bbc8468c267542b45098d5d430d86b89d,0
https://www.youtube.com/s/player/8fdc9fc5/www-widgetapi.vflset/www-widgetapi.js,,9af313ed10b2fb2eb40b7cf476ec0ba74a3babe175e1bfc5d02308aeb54309fd,0
https://www.youtube.com/s/player/901741ab/player_ias.vflset/en_US/base.js,,f8b24f2bbcfc45233e2e3cf197b5831179e7d93e904c46c485acc9c6bee83bb9,0
https://www.youtube.com/s/player/901741ab/player_ias.vflset/en_US/captions.js,,adea8d404cf1a4b62f5d3d797ddd842cab9c25176aca85cd262f20e760c46ccb,0
https://www.youtube.com/s/player/901741ab/www-player.css,,ca7992e78f5e015470a829868dc51a6e71c2e6eae256695e908b3f9f56e9c1e7,0
https://www.youtube.com/s/player/901741ab/www-widgetapi.vflset/www-widgetapi.js,,e9abd0d74c5ecca848c706e3f94780a00efc33f66f1a7971ded040458851fd69,0
https://www.youtube.com/s/player/911df14e/player_ias.vflset/en_US/base.js,,ff7d3f011535c04a8a1325f40c1fc5b4bfa55ce3308fd7a2733c09825df6eaae,0
https://www.youtube.com/s/player/911df14e/player_ias.vflset/en_US/captions.js,,c4dbad4e308cbe520401d87e82a7b7610f7ed3757e63af45a3c09d5d0dbf60e9,0
https://www.youtube.com/s/player/911df14e/www-player.css,,f140b6831469664f09fb07ae991e983b46752deaa9d8a8b214852f235ea6e7d0,0
https://www.youtube.com/s/player/911df14e/www-widgetapi.vflset/www-widgetapi.js,,9af313ed10b2fb2eb40b7cf476ec0ba74a3babe175e1bfc5d02308aeb54309fd,0
https://www.youtube.com/s/player/924b2d9a/player_ias.vflset/en_US/base.js,,d9fa1e3c4604444a6d525a9f09d57f6717d6145c8eba3f225b2100ae9335299b,0
https://www.youtube.com/s/player/924b2d9a/player_ias.vflset/en_US/captions.js,,1e2bb0b55899f117adcd3fce2ef3e7a761ee4ef47e973c575174e366f7b63af6,0
https://www.youtube.com/s/player/924b2d9a/www-player.css,,aa68e0e1ccb88e0e7e5b0e712acaefd700bc1fddffe47833b9f357c139ef7839,0
https://www.youtube.com/s/player/924b2d9a/www-widgetapi.vflset/www-widgetapi.js,,9af313ed10b2fb2eb40b7cf476ec0ba74a3babe175e1bfc5d02308aeb54309fd,0
https://www.youtube.com/s/player/92b88e4d/player_ias.vflset/en_US/base.js,,1be64d5ecc823651903c0a2362d212191c33f6a7422f2e998841f64bf2c25851,0
https://www.youtube.com/s/player/92b88e4d/player_ias.vflset/en_US/captions.js,,3aab1eae7b2904f844bb0591a2aeaa88252315d10672d20ecca9cf757967012a,0
https://www.youtube.com/s/player/92b88e4d/www-player.css,,fb2f17a87256c403f2fcc1c7c643ca1afa249ed19dd15907197262a202357262,0
https://www.youtube.com/s/player/92b88e4d/www-widgetapi.vflset/www-widgetapi.js,,3aeb791f41afb9d7500326010b8852214536360b695c2d0328f4fd265badb21f,0
https://www.youtube.com/s/player/92e0100d/player_ias.vflset/en_US/base.js,,0bc9c0c8a8fddbde0bf49a3ea61db4aafb72c3a01244da014e46c0378b4aabc4,0
https://www.youtube.com/s/player/92e0100d/player_ias.vflset/en_US/captions.js,,d30c8830663fdd42f773ec7491eca08eff71788ad9d229de8af15ad20ae6f940,0
https://www.youtube.com/s/player/92e0100d/www-player.css,,3053767d9a476b52e0e3e9cd9d835fe26adaae79983c90212329e5915f41c56a,0
https://www.youtube.com/s/player/92e0100d/www-widgetapi.vflset/www-widgetapi.js,,b6b18fb0c355a9e4fca44acd186be76ecca76232c4eaa4f2e11ff06026e9c3f4,0
https://www.youtube.com/s/player/931b0030/player_ias.vflset/en_US/base.js,,825288331053e0d4e98262bdd97e3962ea74d3075a9ffc5eb91089b020e609fb,0
https://www.youtube.com/s/player/931b0030/player_ias.vflset/en_US/captions.js,,779ba266e3e5b6fd61fb30536d79046b19b54b6e40e147032ac37a82f8674aca,0
https://www.youtube.com/s/player/931b0030/www-player.css,,074896ef39c6dae734d15f918224a1e0e23c000185e529ecdea29444a9a2070f,0
https://www.youtube.com/s/player/931b0030/www-widgetapi.vflset/www-widgetapi.js,,b6b18fb0c355a9e4fca44acd186be76ecca76232c4eaa4f2e11ff06026e9c3f4,0
https://www.youtube.com/s/player/93bcc957/player_ias.vflset/en_US/base.js,,d8a6717df6566baa9569f63011392176bef87cf2d6353fbda3e7bbcd07636629,0
https://www.youtube.com/s/player/93bcc957/player_ias.vflset/en_US/captions.js,,12475bcd2a8843fb6f5322ca4a6a6bf7e01c296f950c487111a60e4e3d5fba23,0
https://www.youtube.com/s/player/93bcc957/www-player.css,,7aca61589965311619d927da66c4fd6c266bfd5a9a263a5cd203e935270a4428,0
https://www.youtube.com/s/player/93bcc957/www-widgetapi.vflset/www-widgetapi.js,,3aeb791f41afb9d7500326010b8852214536360b695c2d0328f4fd265badb21f,0
https://www.youtube.com/s/player/943f840f/player_ias.vflset/en_US/base.js,,d3397206959afe41d9e0626c9213330c2e72429e23f92b4ea9b08f1840e9ba64,0
https://www.youtube.com/s/player/943f840f/player_ias.vflset/en_US/captions.js,,50568911f858f630686168b14d02ef852a8670ccf7ed06327b6cc0d48c86e022,0
https://www.youtube.com/s/player/943f840f/www-player.css,,074896ef39c6dae734d15f918224a1e0e23c000185e529ecdea29444a9a2070f,0
https://www.youtube.com/s/player/943f840f/www-widgetapi.vflset/www-widgetapi.js,,b6b18fb0c355a9e4fca44acd186be76ecca76232c4eaa4f2e11ff06026e9c3f4,0
https://www.youtube.com/s/player/944b5ebc/player_ias.vflset/en_US/base.js,,554841abfaf5ab87657ce7ab4bf2491aa370ff36dac4c2f4a42cdfb073dcfd9b,0
https://www.youtube.com/s/player/944b5ebc/player_ias.vflset/en_US/captions.js,,12f09f4e15cfd4e9e7ea07ee1431cbc13c34e8a3432cc4bfcf4a64986ad5f064,0
https://www.youtube.com/s/player/944b5ebc/www-player.css,,e7c8a5055316b32ab0baa115589477ca4edf8a28372005da3ab230c85660d3f4,0
https://www.youtube.com/s/player/944b5ebc/www-widgetapi.vflset/www-widgetapi.js,,9af313ed10b2fb2eb40b7cf476ec0ba74a3babe175e1bfc5d02308aeb54309fd,0
https://www.youtube.com/s/player/94667337/player_ias.vflset/en_US/base.js,,f34102e4baf87387eddc19c22487fbab51008ca33df0cbcf4f3b1357ced00e78,0
https://www.youtube.com/s/player/94667337/player_ias.vflset/en_US/captions.js,,80ce4060d38efc2d3610e7126d268f077fddacc906ddfb614aabc75465b8484e,0
https://www.youtube.com/s/player/94667337/www-player.css,,7c7eb8252199ec9042290b1044ed1ba5ed8847ee516771bbe6dd27f9f16a608c,0
https://www.youtube.com/s/player/94667337/www-widgetapi.vflset/www-widgetapi.js,,e9abd0d74c5ecca848c706e3f94780a00efc33f66f1a7971ded040458851fd69,0
https://www.youtube.com/s/player/946a9db2/player_ias.vflset/en_US/base.js,,81a80d40a2f5375c43f00a12a0f39bdf5289eacb5760bd5d3ad3ca06af52b582,0
https://www.youtube.com/s/player/946a9db2/player_ias.vflset/en_US/captions.js,,b92a04a858ee6655ae5753fbcd26e443957aa0633ada8c48d63ee1aa8464a4bf,0
https://www.youtube.com/s/player/946a9db2/www-player.css,,4501bc83f7fe6c0de41512e5f91fcf9457f7a8a3aab18e3c38973eb6a6ae0b55,0
https://www.youtube.com/s/player/946a9db2/www-widgetapi.vflset/www-widgetapi.js,,3aeb791f41afb9d7500326010b8852214536360b695c2d0328f4fd265badb21f,0
https://www.youtube.com/s/player/9470c977/player_ias.vflset/en_US/base.js,,f75ee405ab74138520caa120ba03e1e0ba5c98e416ac1bd6bf37087dcb351be8,0
https://www.youtube.com/s/player/9470c977/player_ias.vflset/en_US/captions.js,,f56ec95c864d7a62a45ec02fd770e10a17c93d0f2b9716497cbca26e847a9847,0
https://www.youtube.com/s/player/9470c977/www-player.css,,96e3e223db36f20082cbc5b5393a6c783c91cd0d52b4d338857e1c2abbc0deeb,0
https://www.youtube.com/s/player/9470c977/www-widgetapi.vflset/www-widgetapi.js,,c2dcf46501a48a87a7859596834012e81569a181f7b80bda4d91b04798f84751,0
https://www.youtube.com/s/player/9499306f/player_ias.vflset/en_US/base.js,,1b5d2d481f092a7f9d325005d742e3615ef33dac2dd11322b224e905b2fdf21e,0
https://www.youtube.com/s/player/9499306f/player_ias.vflset/en_US/captions.js,,bde766e65b2b94bffcd1143a5e5de2b4abd0ae5cb77c877f87697de71bfb10d6,0
https://www.youtube.com/s/player/9499306f/www-player.css,,d3dfa94ecbec10b81490a7b186df4f425bb5dd22f33cabe6ec1e1ef079047fc8,0
https://www.youtube.com/s/player/9499306f/www-widgetapi.vflset/www-widgetapi.js,,c2dcf46501a48a87a7859596834012e81569a181f7b80bda4d91b04798f84751,0
https://www.youtube.com/s/player/959dabb2/player_ias.vflset/en_US/base.js,,71499c7e9fce9b8c69147d01d77547ad416c1e873ee5240894aaaed9c6068414,0
https://www.youtube.com/s/player/959dabb2/player_ias.vflset/en_US/captions.js,,d7f18499da75197defb9bd1e7821f776ef7a51d2d49e08bcc2df412e28a4adb8,0
https://www.youtube.com/s/player/959dabb2/www-player.css,,d5b344b8a6d0a02864884c9b037f5f11921381cdfbddb2f8a643d1a8cbe9cef8,0
https://www.youtube.com/s/player/959dabb2/www-widgetapi.vflset/www-widgetapi.js,,9af313ed10b2fb2eb40b7cf476ec0ba74a3babe175e1bfc5d02308aeb54309fd,0
https://www.youtube.com/s/player/95a2d00d/player_ias.vflset/en_US/base.js,,f202e5ea3aaffda50291a0a4d4c2c002c12ee744d7be0bc37f1e4de8ffcc49bf,0
https://www.youtube.com/s/player/95a2d00d/player_ias.vflset/en_US/captions.js,,ead05a6330becccf92b2b6ad64854d12bb5665c26c67ab3b1ebe78249f30c753,0
https://www.youtube.com/s/player/95a2d00d/www-player.css,,921b6856085a224b1ca2e5db139b1788c01d4dd1e70daca7006b6a7b381bdae1,0
https://www.youtube.com/s/player/95a2d00d/www-widgetapi.vflset/www-widgetapi.js,,3aeb791f41afb9d7500326010b8852214536360b695c2d0328f4fd265badb21f,0
https://www.youtube.com/s/player/95bf8a44/player_ias.vflset/en_US/base.js,,e54a262658a7620341d981116021e5869aefdd13bc34092bb9356c53e7c70499,0
https://www.youtube.com/s/player/95bf8a44/player_ias.vflset/en_US/captions.js,,0df9e5eba0f8f1388f76c3d044e188e79a3b8eda7979c3f060c69067c7f3c08f,0
https://www.youtube.com/s/player/95bf8a44/www-player.css,,6503becd8abddddc2a7cf3e598efe9f7aca089bf56f4a497624c8839845453fd,0
https://www.youtube.com/s/player/95bf8a44/www-widgetapi.vflset/www-widgetapi.js,,c2dcf46501a48a87a7859596834012e81569a181f7b80bda4d91b04798f84751,0
https://www.youtube.com/s/player/95daa498/player_ias.vflset/en_US/base.js,,2a7b1bcd5b44f7c8cdd3689d5f05b3080d3d3762478129d42ba010a4e0dee280,0
https://www.youtube.com/s/player/95daa498/player_ias.vflset/en_US/captions.js,,61ff378807475b1e36e1dc09dd24be544751d1d174be9c811b17388174fc0d0f,0
https://www.youtube.com/s/player/95daa498/www-player.css,,fb2f17a87256c403f2fcc1c7c643ca1afa249ed19dd15907197262a202357262,0
https://www.youtube.com/s/player/95daa498/www-widgetapi.vflset/www-widgetapi.js,,3aeb791f41afb9d7500326010b8852214536360b695c2d0328f4fd265badb21f,0
https://www.youtube.com/s/player/96225f5f/player_ias.vflset/en_US/base.js,,08ea0720ba51224860efef5d08af9d36318a72d185df007afeec81e2622126a0,0
https://www.youtube.com/s/player/96225f5f/player_ias.vflset/en_US/captions.js,,e680e60082c377f523145a1a678ce4a29c375bcd84ea95ac6d34a672ad6553be,0
https://www.youtube.com/s/player/96225f5f/www-player.css,,0f06514546f3f8ea7418db5a1a3d5418c5297bee86320633848bf00343c051ad,0
https://www.youtube.com/s/player/96225f5f/www-widgetapi.vflset/www-widgetapi.js,,11aa7946df12674187e45a29c8a083a30cefb5e625985b2405c1d0fb710e56b2,0
https://www.youtube.com/s/player/964f0dc6/player_ias.vflset/en_US/base.js,,ed25898550f35ab2fb2502202adaff9ef987abfe3e13cccb68b7fe24f8269647,0
https://www.youtube.com/s/player/964f0dc6/player_ias.vflset/en_US/captions.js,,a63c8b752a631b96e4e79003e91e336b974650dfa26730aa821a0c46a8b4fa98,0
https://www.youtube.com/s/player/964f0dc6/www-player.css,,f140b6831469664f09fb07ae991e983b46752deaa9d8a8b214852f235ea6e7d0,0
https://www.youtube.com/s/player/964f0dc6/www-widgetapi.vflset/www-widgetapi.js,,9af313ed10b2fb2eb40b7cf476ec0ba74a3babe175e1bfc5d02308aeb54309fd,0
https://www.youtube.com/s/player/96719157/player_ias.vflset/en_US/base.js,,11f3cb7a24629a5eee9e7edd7e3446d29610edabdf1c5a3f8a433674ad438d80,0
https://www.youtube.com/s/player/96719157/player_ias.vflset/en_US/captions.js,,b2e6d1d81b4aec6861230e4a67be1f26917d4b45874994f7d322b5dee80649bc,0
https://www.youtube.com/s/player/96719157/www-player.css,,1074e75f7621bc7e5e6c75ffbeea96f6fa9f266029361ba4124dd4d3baa69fef,0
https://www.youtube.com/s/player/96719157/www-widgetapi.vflset/www-widgetapi.js,,9af313ed10b2fb2eb40b7cf476ec0ba74a3babe175e1bfc5d02308aeb54309fd,0
https://www.youtube.com/s/player/96c57227/player_ias.vflset/en_US/base.js,,3a62fff0df3af04bd39245f9f99177079a0d15e572a23bddbaf9fe4bfe1e67d6,0
https://www.youtube.com/s/player/96c57227/player_ias.vflset/en_US/captions.js,,f533088db68f17ba66274dc386fa558a3ff7d0c4757a4224432f1a121a0246bb,0
https://www.youtube.com/s/player/96c57227/www-player.css,,e7c8a5055316b32ab0baa115589477ca4edf8a28372005da3ab230c85660d3f4,0
https://www.youtube.com/s/player/96c57227/www-widgetapi.vflset/www-widgetapi.js,,9af313ed10b2fb2eb40b7cf476ec0ba74a3babe175e1bfc5d02308aeb54309fd,0
https://www.youtube.com/s/player/97108f59/player_ias.vflset/en_US/base.js,,c6d228d9fae66efef69ab101964dfcf9a112c699859ef999ea688822faf9d88f,0
https://www.youtube.com/s/player/97108f59/player_ias.vflset/en_US/captions.js,,ba383fb3cb3f962e8c2b7325c9695c7623d5bf9033445b1713ee6f8e8a8c03fb,0
https://www.youtube.com/s/player/97108f59/www-player.css,,bb2ee0639d3d01fff4688a439d42f088babfba9c20ed207d4b1d6f2fc0224107,0
https://www.youtube.com/s/player/97108f59/www-widgetapi.vflset/www-widgetapi.js,,9af313ed10b2fb2eb40b7cf476ec0ba74a3babe175e1bfc5d02308aeb54309fd,0
https://www.youtube.com/s/player/98299efd/player_ias.vflset/en_US/base.js,,30c4a22d2464c4e612a98262c7da11e8f8948b2d108aa3174594bd0d0f932a3e,0
https://www.youtube.com/s/player/98299efd/player_ias.vflset/en_US/captions.js,,c6c9101692500af9e38fd73c19ec5aff0d3af7405c10e9dc430bbc3245ba452b,0
https://www.youtube.com/s/player/98299efd/www-player.css,,921b6856085a224b1ca2e5db139b1788c01d4dd1e70daca7006b6a7b381bdae1,0
https://www.youtube.com/s/player/98299efd/www-widgetapi.vflset/www-widgetapi.js,,3aeb791f41afb9d7500326010b8852214536360b695c2d0328f4fd265badb21f,0
https://www.youtube.com/s/player/98d96711/player_ias.vflset/en_US/base.js,,e69316e061c2ab51a5ecd255ab6594bd39f33dfa7da1a34590b24a881deafb83,0
https://www.youtube.com/s/player/98d96711/player_ias.vflset/en_US/captions.js,,404c7493cdb56b5b235e7e3b011a73e5de1a3bfc3273b2426d9485bd8c9f54ab,0
https://www.youtube.com/s/player/98d96711/www-player.css,,e7c8a5055316b32ab0baa115589477ca4edf8a28372005da3ab230c85660d3f4,0
https://www.youtube.com/s/player/98d96711/www-widgetapi.vflset/www-widgetapi.js,,9af313ed10b2fb2eb40b7cf476ec0ba74a3babe175e1bfc5d02308aeb54309fd,0
https://www.youtube.com/s/player/98e34bc6/player_ias.vflset/en_US/base.js,,ee3fc5d6111e60738dc030630a6b8b5d089a0a24070ff4bf638e1dfff70e9607,0
https://www.youtube.com/s/player/98e34bc6/player_ias.vflset/en_US/captions.js,,cce5da789ac34f3bce4d8402bddc8e13ad711da6763e68f800d0087018955d44,0
https://www.youtube.com/s/player/98e34bc6/www-player.css,,cfd52c611020fb575d85fc138c1cc172eebdb9bff20d464f90993923cf5cb64b,0
https://www.youtube.com/s/player/98e34bc6/www-widgetapi.vflset/www-widgetapi.js,,3aeb791f41afb9d7500326010b8852214536360b695c2d0328f4fd265badb21f,0
https://www.youtube.com/s/player/98fb51a3/player_ias.vflset/en_US/base.js,,37ff7cb5ca45903c6734d419cebe1860acca901938b34b937ecaf608048b2ce3,0
https://www.youtube.com/s/player/98fb51a3/player_ias.vflset/en_US/captions.js,,0e0b381efb30929e3ef944b6e657e300fa0518e22cae9e3597448092b99dca1a,0
https://www.youtube.com/s/player/98fb51a3/www-player.css,,f438434e0849285ebb1770fbf0b2a71bbc8468c267542b45098d5d430d86b89d,0
https://www.youtube.com/s/player/98fb51a3/www-widgetapi.vflset/www-widgetapi.js,,9af313ed10b2fb2eb40b7cf476ec0ba74a3babe175e1bfc5d02308aeb54309fd,0
https://www.youtube.com/s/player/9955f7e6/player_ias.vflset/en_US/base.js,,7c4df781e8b760ec8a0403d58d8d062cbbb2c816beb2793d86a7026b2efe9580,0
https://www.youtube.com/s/player/9955f7e6/player_ias.vflset/en_US/captions.js,,27c41d224a9006b97f987b5b9cd0f0de68259af4ba5aef92694755edcbd977a1,0
https://www.youtube.com/s/player/9955f7e6/www-player.css,,f140b6831469664f09fb07ae991e983b46752deaa9d8a8b214852f235ea6e7d0,0
https://www.youtube.com/s/player/9955f7e6/www-widgetapi.vflset/www-widgetapi.js,,9af313ed10b2fb2eb40b7cf476ec0ba74a3babe175e1bfc5d02308aeb54309fd,0
https://www.youtube.com/s/player/99f55c01/player_ias.vflset/en_US/base.js,,834c39e6e99dac14a38bc750e5837d7816dcf16ec66cdb567349fb4067b76370,0
https://www.youtube.com/s/player/99f55c01/player_ias.vflset/en_US/captions.js,,391f4bce932c3261e784ce52cc36935ef13699a0f48f9eec55fdc55ed51fd5be,0
https://www.youtube.com/s/player/99f55c01/www-player.css,,7c7eb8252199ec9042290b1044ed1ba5ed8847ee516771bbe6dd27f9f16a608c,0
https://www.youtube.com/s/player/99f55c01/www-widgetapi.vflset/www-widgetapi.js,,e9abd0d74c5ecca848c706e3f94780a00efc33f66f1a7971ded040458851fd69,0
https://www.youtube.com/s/player/9a134ead/player_ias.vflset/en_US/base.js,,199ac3b746c999b31996f876813c2fa00c9c8a8d2efaf53d3925be08cf5df5dc,0
https://www.youtube.com/s/player/9a134ead/player_ias.vflset/en_US/captions.js,,c4e574e0f85013f8f54c1559b3141440aceaa520ee7550e4dc6b0a1a5569aa1a,0
https://www.youtube.com/s/player/9a134ead/www-player.css,,fb2f17a87256c403f2fcc1c7c643ca1afa249ed19dd15907197262a202357262,0
https://www.youtube.com/s/player/9a134ead/www-widgetapi.vflset/www-widgetapi.js,,3aeb791f41afb9d7500326010b8852214536360b695c2d0328f4fd265badb21f,0
https://www.youtube.com/s/player/9a58d095/player_ias.vflset/en_US/base.js,,62d154166c6d78a45e3e3daff0d7fa3be1b524bd3d9f170029f483793098981a,0
https://www.youtube.com/s/player/9a58d095/player_ias.vflset/en_US/captions.js,,059311c94610fc499054b0c900ecaa82c3d6bd167d055e7da617835f343b7a6d,0
https://www.youtube.com/s/player/9a58d095/www-player.css,,946419ed4e47d5a3edabaf88a5b129066ae23346d4d668cdd9a7b7bb0400d0ea,0
https://www.youtube.com/s/player/9a58d095/www-widgetapi.vflset/www-widgetapi.js,,b6b18fb0c355a9e4fca44acd186be76ecca76232c4eaa4f2e11ff06026e9c3f4,0
https://www.youtube.com/s/player/9adea8e3/player_ias.vflset/en_US/base.js,,a2807ad1c823aaf36315b66d210d525c0e45a8c0fe86e6c564a38242f2cb8481,0
https://www.youtube.com/s/player/9adea8e3/player_ias.vflset/en_US/captions.js,,d4e63114917281541fc9c7223097ee46ccaadc67bde2059b218fa873a775c9ad,0
https://www.youtube.com/s/player/9adea8e3/www-player.css,,cfd52c611020fb575d85fc138c1cc172eebdb9bff20d464f90993923cf5cb64b,0
https://www.youtube.com/s/player/9adea8e3/www-widgetapi.vflset/www-widgetapi.js,,3aeb791f41afb9d7500326010b8852214536360b695c2d0328f4fd265badb21f,0
https://www.youtube.com/s/player/9b33d56a/player_ias.vflset/en_US/base.js,,1432604176ec5f80e8586a6cd583db1d320394edc1878e658b178a03257565e8,0
https://www.youtube.com/s/player/9b33d56a/player_ias.vflset/en_US/captions.js,,4c9e0dbc6a987e954e030a20c6bc2b755d5d383226a032aa9a4b382a0becd74a,0
https://www.youtube.com/s/player/9b33d56a/www-player.css,,cfd52c611020fb575d85fc138c1cc172eebdb9bff20d464f90993923cf5cb64b,0
https://www.youtube.com/s/player/9b33d56a/www-widgetapi.vflset/www-widgetapi.js,,3aeb791f41afb9d7500326010b8852214536360b695c2d0328f4fd265badb21f,0
https://www.youtube.com/s/player/9be3886e/player_ias.vflset/en_US/base.js,,4bb0949a62e1418f82a9e9a45e026490f517906dd8bdb95c4c15c5b890c9a900,0
https://www.youtube.com/s/player/9be3886e/player_ias.vflset/en_US/captions.js,,16b4f3137d512db840e5ac5dfeaed91d47642da26019c412e74611aad6f7c95f,0
https://www.youtube.com/s/player/9be3886e/www-player.css,,d5b344b8a6d0a02864884c9b037f5f11921381cdfbddb2f8a643d1a8cbe9cef8,0
https://www.youtube.com/s/player/9be3886e/www-widgetapi.vflset/www-widgetapi.js,,9af313ed10b2fb2eb40b7cf476ec0ba74a3babe175e1bfc5d02308aeb54309fd,0
https://www.youtube.com/s/player/9be8a24f/player_ias.vflset/en_US/base.js,,2ae58d859e33fcf65a79c159ad270cf9c29c2fef84e4f801dac0cdf797514f9c,0
https://www.youtube.com/s/player/9be8a24f/player_ias.vflset/en_US/captions.js,,22072e1e888626b2c3ab2297f797be094435b503c928fc38214f472f8677ce4d,0
https://www.youtube.com/s/player/9be8a24f/www-player.css,,4501bc83f7fe6c0de41512e5f91fcf9457f7a8a3aab18e3c38973eb6a6ae0b55,0
https://www.youtube.com/s/player/9be8a24f/www-widgetapi.vflset/www-widgetapi.js,,3aeb791f41afb9d7500326010b8852214536360b695c2d0328f4fd265badb21f,0
https://www.youtube.com/s/player/9c0e7329/player_ias.vflset/en_US/base.js,,9ffeadda66f63c1f122381a4b0e30b3fd3115fbc056b12b2ecc867aeeb91cb53,0
https://www.youtube.com/s/player/9c0e7329/player_ias.vflset/en_US/captions.js,,9b96a2712655aa88a6aa12a093b1e213f57b1c1453d9ad2ad364a079a47b29cd,0
https://www.youtube.com/s/player/9c0e7329/www-player.css,,1d7a0382972006be1b407113b8b13cc6fb4d6dd54f08b0efd987a14c67d4c147,0
https://www.youtube.com/s/player/9c0e7329/www-widgetapi.vflset/www-widgetapi.js,,3aeb791f41afb9d7500326010b8852214536360b695c2d0328f4fd265badb21f,0
https://www.youtube.com/s/player/9c249f6f/player_ias.vflset/en_US/base.js,,4c27a730b175be2121ebbfbde77c242b2cc3e90619c097fbc37f3c5dc8bb3ffb,0
https://www.youtube.com/s/player/9c249f6f/player_ias.vflset/en_US/captions.js,,b2e6d1d81b4aec6861230e4a67be1f26917d4b45874994f7d322b5dee80649bc,0
https://www.youtube.com/s/player/9c249f6f/www-player.css,,1074e75f7621bc7e5e6c75ffbeea96f6fa9f266029361ba4124dd4d3baa69fef,0
https://www.youtube.com/s/player/9c249f6f/www-widgetapi.vflset/www-widgetapi.js,,9af313ed10b2fb2eb40b7cf476ec0ba74a3babe175e1bfc5d02308aeb54309fd,0
https://www.youtube.com/s/player/9c3bdbc5/player_ias.vflset/en_US/base.js,,b92a812d703053a60ea2130f352ea28cc0c73e6f14a900fb1dde7116283326f7,0
https://www.youtube.com/s/player/9c3bdbc5/player_ias.vflset/en_US/captions.js,,518bdd72a508bfe21b1a19bef2c9ec128add52a921e228f77fcba2c2b4efec61,0
https://www.youtube.com/s/player/9c3bdbc5/www-player.css,,0d994eb0e617b6087b915cb1bdc2bb56f40826f1b3d182277c0915aedec24671,0
https://www.youtube.com/s/player/9c3bdbc5/www-widgetapi.vflset/www-widgetapi.js,,9af313ed10b2fb2eb40b7cf476ec0ba74a3babe175e1bfc5d02308aeb54309fd,0
https://www.youtube.com/s/player/9c9b2502/player_ias.vflset/en_US/base.js,,b8030758767f8afd196a64b28a073983f277f409ee0ab9a9ef02dae6b0d60441,0
https://www.youtube.com/s/player/9c9b2502/player_ias.vflset/en_US/captions.js,,247a152abb90971a7142f28d9e0a814df07b5bd5105105cb59edc4b6be6e9e9d,0
https://www.youtube.com/s/player/9c9b2502/www-player.css,,96e3e223db36f20082cbc5b5393a6c783c91cd0d52b4d338857e1c2abbc0deeb,0
https://www.youtube.com/s/player/9c9b2502/www-widgetapi.vflset/www-widgetapi.js,,c2dcf46501a48a87a7859596834012e81569a181f7b80bda4d91b04798f84751,0
https://www.youtube.com/s/player/9d2ef9ef/player_ias.vflset/en_US/base.js,,4b29b3390dd09116dfea0d0900028546580e3b77ab3222a8a8557844b8e4c7f7,0
https://www.youtube.com/s/player/9d2ef9ef/player_ias.vflset/en_US/captions.js,,6db1ac81b7813adc75ff7164a4d3e8ddf31f4fd30e3980f9b99abdd985a6aaa0,0
https://www.youtube.com/s/player/9d2ef9ef/www-player.css,,1074e75f7621bc7e5e6c75ffbeea96f6fa9f266029361ba4124dd4d3baa69fef,0
https://www.youtube.com/s/player/9d2ef9ef/www-widgetapi.vflset/www-widgetapi.js,,9af313ed10b2fb2eb40b7cf476ec0ba74a3babe175e1bfc5d02308aeb54309fd,0
https://www.youtube.com/s/player/9d46652d/player_ias.vflset/en_US/base.js,,99f75fa7b53b297f357b5004146ff0245bb703d14ed8f1e308c288fe8f0671c2,0
https://www.youtube.com/s/player/9d46652d/player_ias.vflset/en_US/captions.js,,65b335acc25298a14b889a8319632a13a2fc9ffc2401d33380e69087812ee9b0,0
https://www.youtube.com/s/player/9d46652d/www-player.css,,4501bc83f7fe6c0de41512e5f91fcf9457f7a8a3aab18e3c38973eb6a6ae0b55,0
https://www.youtube.com/s/player/9d46652d/www-widgetapi.vflset/www-widgetapi.js,,3aeb791f41afb9d7500326010b8852214536360b695c2d0328f4fd265badb21f,0
https://www.youtube.com/s/player/9d55332c/player_ias.vflset/en_US/base.js,,dce1828b853639fe755381fe1285cf7edcddc020546cbdd0e021f47766a6d195,0
https://www.youtube.com/s/player/9d55332c/player_ias.vflset/en_US/captions.js,,b2e6d1d81b4aec6861230e4a67be1f26917d4b45874994f7d322b5dee80649bc,0
https://www.youtube.com/s/player/9d55332c/www-player.css,,1074e75f7621bc7e5e6c75ffbeea96f6fa9f266029361ba4124dd4d3baa69fef,0
https://www.youtube.com/s/player/9d55332c/www-widgetapi.vflset/www-widgetapi.js,,9af313ed10b2fb2eb40b7cf476ec0ba74a3babe175e1bfc5d02308aeb54309fd,0
https://www.youtube.com/s/player/9d93f99e/player_ias.vflset/en_US/base.js,,2f600b8f2f3d0826472c6097575b7a1c23e4048ba3e4690d18e350dc3cb5c087,0
https://www.youtube.com/s/player/9d93f99e/player_ias.vflset/en_US/captions.js,,25b9118769c663536e38bff6d3631ec97b042d372c878a2ed6c03e33e5dc2730,0
https://www.youtube.com/s/player/9d93f99e/www-player.css,,4501bc83f7fe6c0de41512e5f91fcf9457f7a8a3aab18e3c38973eb6a6ae0b55,0
https://www.youtube.com/s/player/9d93f99e/www-widgetapi.vflset/www-widgetapi.js,,3aeb791f41afb9d7500326010b8852214536360b695c2d0328f4fd265badb21f,0
https://www.youtube.com/s/player/9da62807/player_ias.vflset/en_US/base.js,,ec377015fad4bd6dcc354902d55a173431829b850f166f47fa4429f20a60a848,0
https://www.youtube.com/s/player/9da62807/player_ias.vflset/en_US/captions.js,,26246a985ec7bd5c933b9aa83d07601a0c066f2f9db3739a6f3852c1d559ac55,0
https://www.youtube.com/s/player/9da62807/www-player.css,,aa68e0e1ccb88e0e7e5b0e712acaefd700bc1fddffe47833b9f357c139ef7839,0
https://www.youtube.com/s/player/9da62807/www-widgetapi.vflset/www-widgetapi.js,,9af313ed10b2fb2eb40b7cf476ec0ba74a3babe175e1bfc5d02308aeb54309fd,0
https://www.youtube.com/s/player/9e63f8e4/player_ias.vflset/en_US/base.js,,4ee7062efb2c4282d0e6aa8c4e708976dade98c8415b18929df71e421720898f,0
https://www.youtube.com/s/player/9e63f8e4/player_ias.vflset/en_US/captions.js,,56ccc50c4963011189a26eb4eedfc5b66a83cd0201cd0c04489b59a7aaebb91c,0
https://www.youtube.com/s/player/9e63f8e4/www-player.css,,c1266aa5ccb770d4191058a5eff5c40d0e88ab06d5cfbb81025ef0105572f5f2,0
https://www.youtube.com/s/player/9e63f8e4/www-widgetapi.vflset/www-widgetapi.js,,e9abd0d74c5ecca848c706e3f94780a00efc33f66f1a7971ded040458851fd69,0
https://www.youtube.com/s/player/9f4cc5e4/player_ias.vflset/en_US/base.js,,f8a7587d6967ec9e25ac73484ee4a257db9669ed0aa22528c4fb77bf59cfd8a8,0
https://www.youtube.com/s/player/9f4cc5e4/player_ias.vflset/en_US/captions.js,,0b2ceeb4f11160b6c478ce671b8d49848094272df335b9eb625ed9bb6077583b,0
https://www.youtube.com/s/player/9f4cc5e4/www-player.css,,7c7eb8252199ec9042290b1044ed1ba5ed8847ee516771bbe6dd27f9f16a608c,0
https://www.youtube.com/s/player/9f4cc5e4/www-widgetapi.vflset/www-widgetapi.js,,e9abd0d74c5ecca848c706e3f94780a00efc33f66f1a7971ded040458851fd69,0
https://www.youtube.com/s/player/9f7c592f/player_ias.vflset/en_US/base.js,,dc57c8cd59019d5d7ed30fb437d08f4da62687cee904e5bd10728d31f48317b6,0
https://www.youtube.com/s/player/9f7c592f/player_ias.vflset/en_US/captions.js,,d78177b8151830b6971aefbbf317b19349c853a4c9d288727c737041e475b085,0
https://www.youtube.com/s/player/9f7c592f/www-player.css,,3053767d9a476b52e0e3e9cd9d835fe26adaae79983c90212329e5915f41c56a,0
https://www.youtube.com/s/player/9f7c592f/www-widgetapi.vflset/www-widgetapi.js,,b6b18fb0c355a9e4fca44acd186be76ecca76232c4eaa4f2e11ff06026e9c3f4,0
https://www.youtube.com/s/player/9fc68080/player_ias.vflset/en_US/base.js,,a22a65c73e8431acefd6ddb7f2cae72095d45c46e5b2a5093c308104696e9509,0
https://www.youtube.com/s/player/9fc68080/player_ias.vflset/en_US/captions.js,,404c7493cdb56b5b235e7e3b011a73e5de1a3bfc3273b2426d9485bd8c9f54ab,0
https://www.youtube.com/s/player/9fc68080/www-player.css,,e7c8a5055316b32ab0baa115589477ca4edf8a28372005da3ab230c85660d3f4,0
https://www.youtube.com/s/player/9fc68080/www-widgetapi.vflset/www-widgetapi.js,,9af313ed10b2fb2eb40b7cf476ec0ba74a3babe175e1bfc5d02308aeb54309fd,0
https://www.youtube.com/s/player/9fca0d35/player_ias.vflset/en_US/base.js,,f4f0233a737fa77f089afa9ea5d3b42b1955eab552582794ea577973f3fd839b,0
https://www.youtube.com/s/player/9fca0d35/player_ias.vflset/en_US/captions.js,,3098b6b8f813663681a4883b1bd2e645f4e582f66e5d680257df9cebb9fcf47f,0
https://www.youtube.com/s/player/9fca0d35/www-player.css,,71e64e4635ef3b11eec4b3e880560ccb029d03b0f295336c5d977616c0e3b519,0
https://www.youtube.com/s/player/9fca0d35/www-widgetapi.vflset/www-widgetapi.js,,3aeb791f41afb9d7500326010b8852214536360b695c2d0328f4fd265badb21f,0
https://www.youtube.com/s/player/9fcf08e8/player_ias.vflset/en_US/base.js,,846062382768262e18444a96b1e2c168addd158ffcf7ffe630c1db33a14aa3d2,0
https://www.youtube.com/s/player/9fcf08e8/player_ias.vflset/en_US/captions.js,,a5da1e54cc1e6fdd074e459ba92798376dc292e78a88311f59f3cc899cccf547,0
https://www.youtube.com/s/player/9fcf08e8/www-player.css,,ca7992e78f5e015470a829868dc51a6e71c2e6eae256695e908b3f9f56e9c1e7,0
https://www.youtube.com/s/player/9fcf08e8/www-widgetapi.vflset/www-widgetapi.js,,e9abd0d74c5ecca848c706e3f94780a00efc33f66f1a7971ded040458851fd69,0
https://www.youtube.com/s/player/a0424aaf/player_ias.vflset/en_US/base.js,,f201b392a4b33b12ad413281b03965db489e11dea0352521993bd99ff1c9e6ae,0
https://www.youtube.com/s/player/a0424aaf/player_ias.vflset/en_US/captions.js,,7be896666f944505c5f5b3f3bf79480a747b1f9979e732ce23e71b7a3d4ce2a1,0
https://www.youtube.com/s/player/a0424aaf/www-player.css,,e73a47994fe46c3ca05cd3ef31752f0ad98c50d05aa83925177ae0d422d4e202,0
https://www.youtube.com/s/player/a0424aaf/www-widgetapi.vflset/www-widgetapi.js,,e9abd0d74c5ecca848c706e3f94780a00efc33f66f1a7971ded040458851fd69,0
https://www.youtube.com/s/player/a0d0e12d/player_ias.vflset/en_US/base.js,,281db00f1ec4417b389d0f5455d5efeb883958ecba6cabdb10835b2fceb46f21,0
https://www.youtube.com/s/player/a0d0e12d/player_ias.vflset/en_US/captions.js,,53c8f179aaec160e246a8bc6f12a6aea17812468ed826a4aaefeeee67cb9e744,0
https://www.youtube.com/s/player/a0d0e12d/www-player.css,,aa68e0e1ccb88e0e7e5b0e712acaefd700bc1fddffe47833b9f357c139ef7839,0
https://www.youtube.com/s/player/a0d0e12d/www-widgetapi.vflset/www-widgetapi.js,,9af313ed10b2fb2eb40b7cf476ec0ba74a3babe175e1bfc5d02308aeb54309fd,0
https://www.youtube.com/s/player/a0ea272e/player_ias.vflset/en_US/base.js,,29685e5dd3c7f54660ea0fb20e9f910efabae42152c00546b4be96581577e3c4,0
https://www.youtube.com/s/player/a0ea272e/player_ias.vflset/en_US/captions.js,,546de7d0929ca2ffbba04833424b2bfad15d3f093a51202c6f565789e15b1d78,0
https://www.youtube.com/s/player/a0ea272e/www-player.css,,921b6856085a224b1ca2e5db139b1788c01d4dd1e70daca7006b6a7b381bdae1,0
https://www.youtube.com/s/player/a0ea272e/www-widgetapi.vflset/www-widgetapi.js,,3aeb791f41afb9d7500326010b8852214536360b695c2d0328f4fd265badb21f,0
https://www.youtube.com/s/player/a0f30157/player_ias.vflset/en_US/base.js,,a1e4e0f2e58867eeb1ee55c4423bd322f7a87eeb0cf2d616fe8cb399ad9759ae,0
https://www.youtube.com/s/player/a0f30157/player_ias.vflset/en_US/captions.js,,88b751f3bed373551e097b30689132a33a704dfb763bfb6684b1a89264c45ff7,0
https://www.youtube.com/s/player/a0f30157/www-player.css,,644559b7590cf725119fd0ab8ed45a236d0faf9751693abb303038d7c349d2b2,0
https://www.youtube.com/s/player/a0f30157/www-widgetapi.vflset/www-widgetapi.js,,11aa7946df12674187e45a29c8a083a30cefb5e625985b2405c1d0fb710e56b2,0
https://www.youtube.com/s/player/a0f7b619/player_ias.vflset/en_US/base.js,,ec20bc3b4c55729179154ef3b7d36c642f1371952777728f8f2af55cd9a95325,0
https://www.youtube.com/s/player/a0f7b619/player_ias.vflset/en_US/captions.js,,7af65d4d0c5a077483eef8daed1589703321cf7653e088f066e9e9948e090d78,0
https://www.youtube.com/s/player/a0f7b619/www-player.css,,921b6856085a224b1ca2e5db139b1788c01d4dd1e70daca7006b6a7b381bdae1,0
https://www.youtube.com/s/player/a0f7b619/www-widgetapi.vflset/www-widgetapi.js,,3aeb791f41afb9d7500326010b8852214536360b695c2d0328f4fd265badb21f,0
https://www.youtube.com/s/player/a13049a3/player_ias.vflset/en_US/base.js,,dc8909e14db2e49fc8e0cf8e45aed9d33f69f011ae73045f133b299a166f4c6e,0
https://www.youtube.com/s/player/a13049a3/player_ias.vflset/en_US/captions.js,,8ba0b85fa8235e0c68593b36a6165e995148583230274fa942f04613f2a9f2c9,0
https://www.youtube.com/s/player/a13049a3/www-player.css,,7c7eb8252199ec9042290b1044ed1ba5ed8847ee516771bbe6dd27f9f16a608c,0
https://www.youtube.com/s/player/a13049a3/www-widgetapi.vflset/www-widgetapi.js,,e9abd0d74c5ecca848c706e3f94780a00efc33f66f1a7971ded040458851fd69,0
https://www.youtube.com/s/player/a152cbd5/player_ias.vflset/en_US/base.js,,be894881a8cdda363cf32fae60ed221b82da9a0db4eb201f2f73c4cd10e5f8c0,0
https://www.youtube.com/s/player/a152cbd5/player_ias.vflset/en_US/captions.js,,8fd8057702b3bb9aa672f315058b5b718c795fe8779428943acba81bb0e32a87,0
https://www.youtube.com/s/player/a152cbd5/www-player.css,,cfd52c611020fb575d85fc138c1cc172eebdb9bff20d464f90993923cf5cb64b,0
https://www.youtube.com/s/player/a152cbd5/www-widgetapi.vflset/www-widgetapi.js,,3aeb791f41afb9d7500326010b8852214536360b695c2d0328f4fd265badb21f,0
https://www.youtube.com/s/player/a180bc4c/player_ias.vflset/en_US/base.js,,16c16cf7aebcce77c4fd109358ffeb9ef59b840ebcbd6a02334d92b67be3c0a3,0
https://www.youtube.com/s/player/a180bc4c/player_ias.vflset/en_US/captions.js,,8dc918e340df12d7962d8e3c32c4d1c4dd7be9472229a6c13eca3f796ae0e23f,0
https://www.youtube.com/s/player/a180bc4c/www-player.css,,0d994eb0e617b6087b915cb1bdc2bb56f40826f1b3d182277c0915aedec24671,0
https://www.youtube.com/s/player/a180bc4c/www-widgetapi.vflset/www-widgetapi.js,,9af313ed10b2fb2eb40b7cf476ec0ba74a3babe175e1bfc5d02308aeb54309fd,0
https://www.youtube.com/s/player/a307fffd/player_ias.vflset/en_US/base.js,,8173d3a023babfe9a40b7740c32f0707641019cf75f0426503888637c56c2b1a,0
https://www.youtube.com/s/player/a307fffd/player_ias.vflset/en_US/captions.js,,f14a0d49cbaeabf5671a921a3fb1d852515b1606fa465361c62a89f5a802edd1,0
https://www.youtube.com/s/player/a307fffd/www-player.css,,f438434e0849285ebb1770fbf0b2a71bbc8468c267542b45098d5d430d86b89d,0
https://www.youtube.com/s/player/a307fffd/www-widgetapi.vflset/www-widgetapi.js,,9af313ed10b2fb2eb40b7cf476ec0ba74a3babe175e1bfc5d02308aeb54309fd,0
https://www.youtube.com/s/player/a32660fc/player_ias.vflset/en_US/base.js,,76ca6cc0c952478cf954d70e5f51bb01c39e6ede5031f5d9a1624e1e2211a439,0
https://www.youtube.com/s/player/a32660fc/player_ias.vflset/en_US/captions.js,,ad530c480465deada23b5172fc9d7f5591ddb8024495d22a8514fb6db15c6cdd,0
https://www.youtube.com/s/player/a32660fc/www-player.css,,d5b344b8a6d0a02864884c9b037f5f11921381cdfbddb2f8a643d1a8cbe9cef8,0
https://www.youtube.com/s/player/a32660fc/www-widgetapi.vflset/www-widgetapi.js,,9af313ed10b2fb2eb40b7cf476ec0ba74a3babe175e1bfc5d02308aeb54309fd,0
https://www.youtube.com/s/player/a3286ae2/player_ias.vflset/en_US/base.js,,7f862a2424a68916c995237ac13547fb834d3214a9d554a09e5c4b1101e5a036,0
https://www.youtube.com/s/player/a3286ae2/player_ias.vflset/en_US/captions.js,,574c8a26919823f2cd5401f85c0ea5e12977113550ffabc9d6d9e6e26a84e08f,0
https://www.youtube.com/s/player/a3286ae2/www-player.css,,81c275d35a2e688fc5bd90aac9d51ea3382b95cf4bc4404db754c69164ea6971,0
https://www.youtube.com/s/player/a3286ae2/www-widgetapi.vflset/www-widgetapi.js,,9af313ed10b2fb2eb40b7cf476ec0ba74a3babe175e1bfc5d02308aeb54309fd,0
https://www.youtube.com/s/player/a3cd9b00/player_ias.vflset/en_US/base.js,,8a4a77028b9a032e87e7438a4191dcf08a65f4b04ba1d9efdc16e2f87acb5045,0
https://www.youtube.com/s/player/a3cd9b00/player_ias.vflset/en_US/captions.js,,847270012ca955be3eda6aadb7a4c8c67554b8efcb77b46649356da8292556e1,0
https://www.youtube.com/s/player/a3cd9b00/www-player.css,,ed75e47b996f41da27d3aa3997bf0f0d632a4d02cefbe8572870acb51e4ed891,0
https://www.youtube.com/s/player/a3cd9b00/www-widgetapi.vflset/www-widgetapi.js,,b6b18fb0c355a9e4fca44acd186be76ecca76232c4eaa4f2e11ff06026e9c3f4,0
https://www.youtube.com/s/player/a401a70f/player_ias.vflset/en_US/base.js,,ae2fdfcb351a4bb566823c335294b05bdf37fd48d5b9988f0c4306d62cdd7430,0
https://www.youtube.com/s/player/a401a70f/player_ias.vflset/en_US/captions.js,,e6ee1bc6ff8a0f2512eb358ffd90cd8ec8fb4e890c9648c6089f9c8119c63a4b,0
https://www.youtube.com/s/player/a401a70f/www-player.css,,4501bc83f7fe6c0de41512e5f91fcf9457f7a8a3aab18e3c38973eb6a6ae0b55,0
https://www.youtube.com/s/player/a401a70f/www-widgetapi.vflset/www-widgetapi.js,,3aeb791f41afb9d7500326010b8852214536360b695c2d0328f4fd265badb21f,0
https://www.youtube.com/s/player/a4a1bee0/player_ias.vflset/en_US/base.js,,6989864ecc9b2c14abdfaf0812213a289640b6145beec8de73d3d16f9e842891,0
https://www.youtube.com/s/player/a4a1bee0/player_ias.vflset/en_US/captions.js,,e181918a41eb042f61ffef57c091a1544e07db0ddb1b1b3db613db14680a57f6,0
https://www.youtube.com/s/player/a4a1bee0/www-player.css,,e7c8a5055316b32ab0baa115589477ca4edf8a28372005da3ab230c85660d3f4,0
https://www.youtube.com/s/player/a4a1bee0/www-widgetapi.vflset/www-widgetapi.js,,9af313ed10b2fb2eb40b7cf476ec0ba74a3babe175e1bfc5d02308aeb54309fd,0
https://www.youtube.com/s/player/a51cbdb4/player_ias.vflset/en_US/base.js,,9d45b01ddca8b9f5cac04cdeccea0b2e2be32e68037e05572c71f849443bfef0,0
https://www.youtube.com/s/player/a51cbdb4/player_ias.vflset/en_US/captions.js,,595e4e44900270565fe81d84d769950ee8c8bb64f97b7a11876a8c24a7efab78,0
https://www.youtube.com/s/player/a51cbdb4/www-player.css,,cfd52c611020fb575d85fc138c1cc172eebdb9bff20d464f90993923cf5cb64b,0
https://www.youtube.com/s/player/a51cbdb4/www-widgetapi.vflset/www-widgetapi.js,,3aeb791f41afb9d7500326010b8852214536360b695c2d0328f4fd265badb21f,0
https://www.youtube.com/s/player/a52cf1ce/player_ias.vflset/en_US/base.js,,f708129c204979ce2ba6cd9ccf89096b062d03219232eea26e92666534211645,0
https://www.youtube.com/s/player/a52cf1ce/player_ias.vflset/en_US/captions.js,,de28c18294c13b98f3f448638351c5afcdcee9d3f6662f632158ccf3bd4eb007,0
https://www.youtube.com/s/player/a52cf1ce/www-player.css,,6503becd8abddddc2a7cf3e598efe9f7aca089bf56f4a497624c8839845453fd,0
https://www.youtube.com/s/player/a52cf1ce/www-widgetapi.vflset/www-widgetapi.js,,c2dcf46501a48a87a7859596834012e81569a181f7b80bda4d91b04798f84751,0
https://www.youtube.com/s/player/a57cdcbf/player_ias.vflset/en_US/base.js,,23852543b9e3b4bd261bf89c8d752c531f420d5dec39d70870fce9c54753982d,0
https://www.youtube.com/s/player/a57cdcbf/player_ias.vflset/en_US/captions.js,,a63c8b752a631b96e4e79003e91e336b974650dfa26730aa821a0c46a8b4fa98,0
https://www.youtube.com/s/player/a57cdcbf/www-player.css,,f140b6831469664f09fb07ae991e983b46752deaa9d8a8b214852f235ea6e7d0,0
https://www.youtube.com/s/player/a57cdcbf/www-widgetapi.vflset/www-widgetapi.js,,9af313ed10b2fb2eb40b7cf476ec0ba74a3babe175e1bfc5d02308aeb54309fd,0
https://www.youtube.com/s/player/a57ec7c6/player_ias.vflset/en_US/base.js,,0411085cafb90d679e25b0a71b58d9bdc8102d6e0266be4f79656b4d3cf7f1e7,0
https://www.youtube.com/s/player/a57ec7c6/player_ias.vflset/en_US/captions.js,,d7f18499da75197defb9bd1e7821f776ef7a51d2d49e08bcc2df412e28a4adb8,0
https://www.youtube.com/s/player/a57ec7c6/www-player.css,,d5b344b8a6d0a02864884c9b037f5f11921381cdfbddb2f8a643d1a8cbe9cef8,0
https://www.youtube.com/s/player/a57ec7c6/www-widgetapi.vflset/www-widgetapi.js,,9af313ed10b2fb2eb40b7cf476ec0ba74a3babe175e1bfc5d02308aeb54309fd,0
https://www.youtube.com/s/player/a5ff8620/player_ias.vflset/en_US/base.js,,fb8febdacefa141efeb0362ce1a759b385d09c6386e2ffa887ef0350e58b5759,0
https://www.youtube.com/s/player/a5ff8620/player_ias.vflset/en_US/captions.js,,d520e4859d4a97481a7b7cf14077a0b1bb6baaead163f4092fc822c8945b4a0d,0
https://www.youtube.com/s/player/a5ff8620/www-player.css,,0d994eb0e617b6087b915cb1bdc2bb56f40826f1b3d182277c0915aedec24671,0
https://www.youtube.com/s/player/a5ff8620/www-widgetapi.vflset/www-widgetapi.js,,9af313ed10b2fb2eb40b7cf476ec0ba74a3babe175e1bfc5d02308aeb54309fd,0
https://www.youtube.com/s/player/a644926e/player_ias.vflset/en_US/base.js,,38a4c7ccb4ba57425929b6c270541b62740f4e378d8d934ad09d604987438574,0
https://www.youtube.com/s/player/a644926e/player_ias.vflset/en_US/captions.js,,b081466405b5b3907607e3c80df18330f6842a9c61647de53bcd789f09740f74,0
https://www.youtube.com/s/player/a644926e/www-player.css,,6cb0f42858f1cf72cc7d33c674fbf6ace5f2e99a150cede7afd50ec1b7ac8d25,0
https://www.youtube.com/s/player/a644926e/www-widgetapi.vflset/www-widgetapi.js,,11aa7946df12674187e45a29c8a083a30cefb5e625985b2405c1d0fb710e56b2,0
https://www.youtube.com/s/player/a66f5a13/player_ias.vflset/en_US/base.js,,518e83318826f22b04297b47288f2a1fc2cffe578d88a09c3bb4141ec29c13c5,0
https://www.youtube.com/s/player/a66f5a13/player_ias.vflset/en_US/captions.js,,d4e63114917281541fc9c7223097ee46ccaadc67bde2059b218fa873a775c9ad,0
https://www.youtube.com/s/player/a66f5a13/www-player.css,,cfd52c611020fb575d85fc138c1cc172eebdb9bff20d464f90993923cf5cb64b,0
https://www.youtube.com/s/player/a66f5a13/www-widgetapi.vflset/www-widgetapi.js,,3aeb791f41afb9d7500326010b8852214536360b695c2d0328f4fd265badb21f,0
https://www.youtube.com/s/player/a7fa0486/player_ias.vflset/en_US/base.js,,e3d8ad739dc67424d60b49383146302583b7354a1a00f73366d4d8c1a6ec3158,0
https://www.youtube.com/s/player/a7fa0486/player_ias.vflset/en_US/captions.js,,ab1754f5d23ecc4fd345e690ef20486869c936a79103c6b65de2820d7b743e6f,0
https://www.youtube.com/s/player/a7fa0486/www-player.css,,fb2f17a87256c403f2fcc1c7c643ca1afa249ed19dd15907197262a202357262,0
https://www.youtube.com/s/player/a7fa0486/www-widgetapi.vflset/www-widgetapi.js,,3aeb791f41afb9d7500326010b8852214536360b695c2d0328f4fd265badb21f,0
https://www.youtube.com/s/player/a85504a6/player_ias.vflset/en_US/base.js,,03cdee8bbf90db04a8e43bf8eee19550898e5c3b41b7b9663372ce2075c8b48f,0
https://www.youtube.com/s/player/a85504a6/player_ias.vflset/en_US/captions.js,,f2f6821bacab19f0a9dc374242abb614bbdbe15a3ab1f38b861d90ef6912e3ca,0
https://www.youtube.com/s/player/a85504a6/www-player.css,,cfd52c611020fb575d85fc138c1cc172eebdb9bff20d464f90993923cf5cb64b,0
https://www.youtube.com/s/player/a85504a6/www-widgetapi.vflset/www-widgetapi.js,,3aeb791f41afb9d7500326010b8852214536360b695c2d0328f4fd265badb21f,0
https://www.youtube.com/s/player/a8920ed7/player_ias.vflset/en_US/base.js,,2363f6ea978000d1aaed18d2db0e97c2aaf6e20e025f6a6ee1af11c08f42ee51,0
https://www.youtube.com/s/player/a8920ed7/player_ias.vflset/en_US/captions.js,,f0cb9912c19f5cec40164ca17b900db862872bc621c2724f3497e03b9d3c3431,0
https://www.youtube.com/s/player/a8920ed7/www-player.css,,ed75e47b996f41da27d3aa3997bf0f0d632a4d02cefbe8572870acb51e4ed891,0
https://www.youtube.com/s/player/a8920ed7/www-widgetapi.vflset/www-widgetapi.js,,b6b18fb0c355a9e4fca44acd186be76ecca76232c4eaa4f2e11ff06026e9c3f4,0
https://www.youtube.com/s/player/a8a275d9/player_ias.vflset/en_US/base.js,,7a272deb8798d6c387aaca8e4fe87e66a74e0fabaa43c5412676b8c4a35d977f,0
https://www.youtube.com/s/player/a8a275d9/player_ias.vflset/en_US/captions.js,,29147e2117e57b88b331537e88cf369e93d5af7756ff5147aa274f5512d0d8b4,0
https://www.youtube.com/s/player/a8a275d9/www-player.css,,8dd0861016ff7bfa3fa5810d683be16d2e6ab9c70a639428f71a78b39f93b9b9,0
https://www.youtube.com/s/player/a8a275d9/www-widgetapi.vflset/www-widgetapi.js,,9af313ed10b2fb2eb40b7cf476ec0ba74a3babe175e1bfc5d02308aeb54309fd,0
https://www.youtube.com/s/player/a8e6cc85/player_ias.vflset/en_US/base.js,,6004444ded6695599d25b609d50d06665c945fab51959e124eb514afeeaf0855,0
https://www.youtube.com/s/player/a8e6cc85/player_ias.vflset/en_US/captions.js,,595e4e44900270565fe81d84d769950ee8c8bb64f97b7a11876a8c24a7efab78,0
https://www.youtube.com/s/player/a8e6cc85/www-player.css,,cfd52c611020fb575d85fc138c1cc172eebdb9bff20d464f90993923cf5cb64b,0
https://www.youtube.com/s/player/a8e6cc85/www-widgetapi.vflset/www-widgetapi.js,,3aeb791f41afb9d7500326010b8852214536360b695c2d0328f4fd265badb21f,0
https://www.youtube.com/s/player/a8f2635e/player_ias.vflset/en_US/base.js,,b59294b9fc08d492de993b30b76c789c5d8651c1ca0a8b04307df6444ab9bca3,0
https://www.youtube.com/s/player/a8f2635e/player_ias.vflset/en_US/captions.js,,12475bcd2a8843fb6f5322ca4a6a6bf7e01c296f950c487111a60e4e3d5fba23,0
https://www.youtube.com/s/player/a8f2635e/www-player.css,,7aca61589965311619d927da66c4fd6c266bfd5a9a263a5cd203e935270a4428,0
https://www.youtube.com/s/player/a8f2635e/www-widgetapi.vflset/www-widgetapi.js,,3aeb791f41afb9d7500326010b8852214536360b695c2d0328f4fd265badb21f,0
https://www.youtube.com/s/player/a8fa2535/player_ias.vflset/en_US/base.js,,bd5de109681fffe386e944c95922136fb1653f7df908a14ea8ee2c534042d8d7,0
https://www.youtube.com/s/player/a8fa2535/player_ias.vflset/en_US/captions.js,,1c68c45d5dea50d4ee18b6f8f518ecf8c90513079a238fbfe709be2945707e6a,0
https://www.youtube.com/s/player/a8fa2535/www-player.css,,f140b6831469664f09fb07ae991e983b46752deaa9d8a8b214852f235ea6e7d0,0
https://www.youtube.com/s/player/a8fa2535/www-widgetapi.vflset/www-widgetapi.js,,9af313ed10b2fb2eb40b7cf476ec0ba74a3babe175e1bfc5d02308aeb54309fd,0
https://www.youtube.com/s/player/a9146527/player_ias.vflset/en_US/base.js,,dfba3afdbf89c7845e23cb84189cab5e19b9db4b65de4be7dd95e0586cba22a2,0
https://www.youtube.com/s/player/a9146527/player_ias.vflset/en_US/captions.js,,6b00ec10451206aea36d49226d1b0fed356877b604435cb5bc65b31386f1c99a,0
https://www.youtube.com/s/player/a9146527/www-player.css,,8dd0861016ff7bfa3fa5810d683be16d2e6ab9c70a639428f71a78b39f93b9b9,0
https://www.youtube.com/s/player/a9146527/www-widgetapi.vflset/www-widgetapi.js,,9af313ed10b2fb2eb40b7cf476ec0ba74a3babe175e1bfc5d02308aeb54309fd,0
https://www.youtube.com/s/player/a926f773/player_ias.vflset/en_US/base.js,,86b69048cda276b8372c6b661c9705f40639070f3aa1f490ae3bd0cc93292d85,0
https://www.youtube.com/s/player/a926f773/player_ias.vflset/en_US/captions.js,,a017a5729dfc3b7bec3697d0cad08008e1cc7cef3e8456b3c0315cccfd37a164,0
https://www.youtube.com/s/player/a926f773/www-player.css,,ca7992e78f5e015470a829868dc51a6e71c2e6eae256695e908b3f9f56e9c1e7,0
https://www.youtube.com/s/player/a926f773/www-widgetapi.vflset/www-widgetapi.js,,e9abd0d74c5ecca848c706e3f94780a00efc33f66f1a7971ded040458851fd69,0
https://www.youtube.com/s/player/a944b11f/player_ias.vflset/en_US/base.js,,ae70552681f7d98b02ee71a63f8e7560287c9f5467cf1399ecf1b6a226bac443,0
https://www.youtube.com/s/player/a944b11f/player_ias.vflset/en_US/captions.js,,b87bc1f7535c156bf0875779e0e4bb91fee405b569e0ddc75fa89615a6024c75,0
https://www.youtube.com/s/player/a944b11f/www-player.css,,e73a47994fe46c3ca05cd3ef31752f0ad98c50d05aa83925177ae0d422d4e202,0
https://www.youtube.com/s/player/a944b11f/www-widgetapi.vflset/www-widgetapi.js,,e9abd0d74c5ecca848c706e3f94780a00efc33f66f1a7971ded040458851fd69,0
https://www.youtube.com/s/player/a9f67a82/player_ias.vflset/en_US/base.js,,33620d63ec2e5af2cc24dd313d7b0ce4a10ca3e7702a80acf58dbc4aa01bcf44,0
https://www.youtube.com/s/player/a9f67a82/player_ias.vflset/en_US/captions.js,,49feb722a2b7cb8a35c1687a54c8ceeab98f5bf8dc7d45b8a68e7033ece59de2,0
https://www.youtube.com/s/player/a9f67a82/www-player.css,,ca7992e78f5e015470a829868dc51a6e71c2e6eae256695e908b3f9f56e9c1e7,0
https://www.youtube.com/s/player/a9f67a82/www-widgetapi.vflset/www-widgetapi.js,,e9abd0d74c5ecca848c706e3f94780a00efc33f66f1a7971ded040458851fd69,0
https://www.youtube.com/s/player/a9fe4815/player_ias.vflset/en_US/base.js,,df27457d3a939507ef799934c746c7c84a2dbe12b61f26f58718c659ae6eff74,0
https://www.youtube.com/s/player/a9fe4815/player_ias.vflset/en_US/captions.js,,bd71dc360050847608d75a7bf0d4c61098debc5285caf2ae69336ae280f01961,0
https://www.youtube.com/s/player/a9fe4815/www-player.css,,cfd52c611020fb575d85fc138c1cc172eebdb9bff20d464f90993923cf5cb64b,0
https://www.youtube.com/s/player/a9fe4815/www-widgetapi.vflset/www-widgetapi.js,,3aeb791f41afb9d7500326010b8852214536360b695c2d0328f4fd265badb21f,0
https://www.youtube.com/s/player/aa4449ca/player_ias.vflset/en_US/base.js,,cad54911a72abf87591f2fd46c180a1cf5a98dd1a88209c91ed29cd04d01853f,0
https://www.youtube.com/s/player/aa4449ca/player_ias.vflset/en_US/captions.js,,b2e6d1d81b4aec6861230e4a67be1f26917d4b45874994f7d322b5dee80649bc,0
https://www.youtube.com/s/player/aa4449ca/www-player.css,,1074e75f7621bc7e5e6c75ffbeea96f6fa9f266029361ba4124dd4d3baa69fef,0
https://www.youtube.com/s/player/aa4449ca/www-widgetapi.vflset/www-widgetapi.js,,9af313ed10b2fb2eb40b7cf476ec0ba74a3babe175e1bfc5d02308aeb54309fd,0
https://www.youtube.com/s/player/aa8e2787/player_ias.vflset/en_US/base.js,,7ee00c8af24d5621efc10fbd644bdb7549ca301027e8908587a1daf14e6d110b,0
https://www.youtube.com/s/player/aa8e2787/player_ias.vflset/en_US/captions.js,,730baba280d817bf9a9f5270b5a62e2dec168b246d9002a0ae4a7db8f8316008,0
https://www.youtube.com/s/player/aa8e2787/www-player.css,,aa68e0e1ccb88e0e7e5b0e712acaefd700bc1fddffe47833b9f357c139ef7839,0
https://www.youtube.com/s/player/aa8e2787/www-widgetapi.vflset/www-widgetapi.js,,9af313ed10b2fb2eb40b7cf476ec0ba74a3babe175e1bfc5d02308aeb54309fd,0
https://www.youtube.com/s/player/aad252b0/player_ias.vflset/en_US/base.js,,42d08c1bc6ac775b997649081dd3b989a4d9924568cdc8183c7a479aef9673f1,0
https://www.youtube.com/s/player/aad252b0/player_ias.vflset/en_US/captions.js,,68d60bef28971ae4ad4411c181d205277d1bf4571cc72a94d197cdf7d084fe6b,0
https://www.youtube.com/s/player/aad252b0/www-player.css,,96e3e223db36f20082cbc5b5393a6c783c91cd0d52b4d338857e1c2abbc0deeb,0
https://www.youtube.com/s/player/aad252b0/www-widgetapi.vflset/www-widgetapi.js,,c2dcf46501a48a87a7859596834012e81569a181f7b80bda4d91b04798f84751,0
https://www.youtube.com/s/player/ab09dcd0/player_ias.vflset/en_US/base.js,,c766b475163b812d136d4dafb4dda761f2d946f19a398f8572e92274645a79b3,0
https://www.youtube.com/s/player/ab09dcd0/player_ias.vflset/en_US/captions.js,,a017a5729dfc3b7bec3697d0cad08008e1cc7cef3e8456b3c0315cccfd37a164,0
https://www.youtube.com/s/player/ab09dcd0/www-player.css,,ca7992e78f5e015470a829868dc51a6e71c2e6eae256695e908b3f9f56e9c1e7,0
https://www.youtube.com/s/player/ab09dcd0/www-widgetapi.vflset/www-widgetapi.js,,e9abd0d74c5ecca848c706e3f94780a00efc33f66f1a7971ded040458851fd69,0
https://www.youtube.com/s/player/ab18ea88/player_ias.vflset/en_US/base.js,,e3528eed0e477252e52e699f72e56fbb8821d1a30a91a2aed53c79df46018389,0
https://www.youtube.com/s/player/ab18ea88/player_ias.vflset/en_US/captions.js,,2e4d4adbd01de430d8b854def7aee48987120f4a54b5eb01ff02c39baa9fbd5c,0
https://www.youtube.com/s/player/ab18ea88/www-player.css,,6503becd8abddddc2a7cf3e598efe9f7aca089bf56f4a497624c8839845453fd,0
https://www.youtube.com/s/player/ab18ea88/www-widgetapi.vflset/www-widgetapi.js,,c2dcf46501a48a87a7859596834012e81569a181f7b80bda4d91b04798f84751,0
https://www.youtube.com/s/player/ab4606fb/player_ias.vflset/en_US/base.js,,8e0498f0791ddc9eb347e1ba60f5bbed6f9750674bc7cfae14ab9e1f7cd918ee,0
https://www.youtube.com/s/player/ab4606fb/player_ias.vflset/en_US/captions.js,,730baba280d817bf9a9f5270b5a62e2dec168b246d9002a0ae4a7db8f8316008,0
https://www.youtube.com/s/player/ab4606fb/www-player.css,,aa68e0e1ccb88e0e7e5b0e712acaefd700bc1fddffe47833b9f357c139ef7839,0
https://www.youtube.com/s/player/ab4606fb/www-widgetapi.vflset/www-widgetapi.js,,9af313ed10b2fb2eb40b7cf476ec0ba74a3babe175e1bfc5d02308aeb54309fd,0
https://www.youtube.com/s/player/ab5096ab/player_ias.vflset/en_US/base.js,,3adda9f7f2657655f40dd9a399a6b002618a835b20cb8c35fa5395b3e0149fd6,0
https://www.youtube.com/s/player/ab5096ab/player_ias.vflset/en_US/captions.js,,d25e7ae1969b9134bf3e3f46434e637a66ce975b4d6ec68a5bf61b38b4ec6fd3,0
https://www.youtube.com/s/player/ab5096ab/www-player.css,,e73a47994fe46c3ca05cd3ef31752f0ad98c50d05aa83925177ae0d422d4e202,0
https://www.youtube.com/s/player/ab5096ab/www-widgetapi.vflset/www-widgetapi.js,,e9abd0d74c5ecca848c706e3f94780a00efc33f66f1a7971ded040458851fd69,0
https://www.youtube.com/s/player/ab89db3f/player_ias.vflset/en_US/base.js,,622ba5cb15667f4c4b474382d5eaeafb1fdab66287557a0689e1d4ca894e42bb,0
https://www.youtube.com/s/player/ab89db3f/player_ias.vflset/en_US/captions.js,,b081466405b5b3907607e3c80df18330f6842a9c61647de53bcd789f09740f74,0
https://www.youtube.com/s/player/ab89db3f/www-player.css,,6cb0f42858f1cf72cc7d33c674fbf6ace5f2e99a150cede7afd50ec1b7ac8d25,0
https://www.youtube.com/s/player/ab89db3f/www-widgetapi.vflset/www-widgetapi.js,,11aa7946df12674187e45a29c8a083a30cefb5e625985b2405c1d0fb710e56b2,0
https://www.youtube.com/s/player/ac678d18/player_ias.vflset/en_US/base.js,,965582c08623dcd5c07c720c31e144bd7ff69a93f65f215090233b7058b16666,0
https://www.youtube.com/s/player/ac678d18/player_ias.vflset/en_US/captions.js,,f91ba480b8673dd72387d7accc0ab5a1a400f468e8c90b94427f66189dfe31f4,0
https://www.youtube.com/s/player/ac678d18/www-player.css,,8345f5d06b1e06a8dcf60075eee7e564059f238a85eb6f34b6ce41fab50ce074,0
https://www.youtube.com/s/player/ac678d18/www-widgetapi.vflset/www-widgetapi.js,,3aeb791f41afb9d7500326010b8852214536360b695c2d0328f4fd265badb21f,0
https://www.youtube.com/s/player/ace4b2f8/player_ias.vflset/en_US/base.js,,6404b98752964e71deeba2188342b5d3baa39af264f71da355694a8399050418,0
https://www.youtube.com/s/player/ace4b2f8/player_ias.vflset/en_US/captions.js,,6ad4a1a8a79060462bedb4703a76081bcc0da2fb6dcda7e70479b387f2c18b7d,0
https://www.youtube.com/s/player/ace4b2f8/www-player.css,,8dd0861016ff7bfa3fa5810d683be16d2e6ab9c70a639428f71a78b39f93b9b9,0
https://www.youtube.com/s/player/ace4b2f8/www-widgetapi.vflset/www-widgetapi.js,,9af313ed10b2fb2eb40b7cf476ec0ba74a3babe175e1bfc5d02308aeb54309fd,0
https://www.youtube.com/s/player/acf964b9/player_ias.vflset/en_US/base.js,,af90915add752c6940475701fa0c705f23a1e481a0c25e3e67f6b6b3bac686dc,0
https://www.youtube.com/s/player/acf964b9/player_ias.vflset/en_US/captions.js,,88b751f3bed373551e097b30689132a33a704dfb763bfb6684b1a89264c45ff7,0
https://www.youtube.com/s/player/acf964b9/www-player.css,,644559b7590cf725119fd0ab8ed45a236d0faf9751693abb303038d7c349d2b2,0
https://www.youtube.com/s/player/acf964b9/www-widgetapi.vflset/www-widgetapi.js,,11aa7946df12674187e45a29c8a083a30cefb5e625985b2405c1d0fb710e56b2,0
https://www.youtube.com/s/player/acfff5b9/player_ias.vflset/en_US/base.js,,6898118d941e08b679a3927cfdc2f24ff516ed8e7bc92526a79c83806c87511d,0
https://www.youtube.com/s/player/acfff5b9/player_ias.vflset/en_US/captions.js,,6ca9b458515b732c3308fba9454338667d19b5bb86a61cf8529b1fc832ce60a6,0
https://www.youtube.com/s/player/acfff5b9/www-player.css,,cfd52c611020fb575d85fc138c1cc172eebdb9bff20d464f90993923cf5cb64b,0
https://www.youtube.com/s/player/acfff5b9/www-widgetapi.vflset/www-widgetapi.js,,3aeb791f41afb9d7500326010b8852214536360b695c2d0328f4fd265badb21f,0
https://www.youtube.com/s/player/ad2f1dc5/player_ias.vflset/en_US/base.js,,0813dcc80b933a5574efec79a2d8e6771c78bb22c0106b3ba97b306d61651c33,0
https://www.youtube.com/s/player/ad2f1dc5/player_ias.vflset/en_US/captions.js,,bbf88df989a50c1a7ab92a6696b8fad0bd1501a7672edeef1918d4130c223f28,0
https://www.youtube.com/s/player/ad2f1dc5/www-player.css,,ed75e47b996f41da27d3aa3997bf0f0d632a4d02cefbe8572870acb51e4ed891,0
https://www.youtube.com/s/player/ad2f1dc5/www-widgetapi.vflset/www-widgetapi.js,,3aeb791f41afb9d7500326010b8852214536360b695c2d0328f4fd265badb21f,0
https://www.youtube.com/s/player/ae0b654c/player_ias.vflset/en_US/base.js,,beb0e052de0c09c2e72b0fe4b08576b00a09c7535f685ed6e26f5a1ed5d221be,0
https://www.youtube.com/s/player/ae0b654c/player_ias.vflset/en_US/captions.js,,7f9fcb995245844092c82fddb5c03d751c3f91b9f4eaa6eaacbf2761f2c324b8,0
https://www.youtube.com/s/player/ae0b654c/www-player.css,,cfd52c611020fb575d85fc138c1cc172eebdb9bff20d464f90993923cf5cb64b,0
https://www.youtube.com/s/player/ae0b654c/www-widgetapi.vflset/www-widgetapi.js,,3aeb791f41afb9d7500326010b8852214536360b695c2d0328f4fd265badb21f,0
https://www.youtube.com/s/player/ae417f28/player_ias.vflset/en_US/base.js,,5b392c99d677348413a1617fb1910a7d5974d7130c5603421db80ef8dcc8f689,0
https://www.youtube.com/s/player/ae417f28/player_ias.vflset/en_US/captions.js,,ba383fb3cb3f962e8c2b7325c9695c7623d5bf9033445b1713ee6f8e8a8c03fb,0
https://www.youtube.com/s/player/ae417f28/www-player.css,,bb2ee0639d3d01fff4688a439d42f088babfba9c20ed207d4b1d6f2fc0224107,0
https://www.youtube.com/s/player/ae417f28/www-widgetapi.vflset/www-widgetapi.js,,9af313ed10b2fb2eb40b7cf476ec0ba74a3babe175e1bfc5d02308aeb54309fd,0
https://www.youtube.com/s/player/ae9401d3/player_ias.vflset/en_US/base.js,,478fe47416635b805c9550e5b3d60a4d6a05145a7d478b0322fe595e75e44162,0
https://www.youtube.com/s/player/ae9401d3/player_ias.vflset/en_US/captions.js,,595e4e44900270565fe81d84d769950ee8c8bb64f97b7a11876a8c24a7efab78,0
https://www.youtube.com/s/player/ae9401d3/www-player.css,,cfd52c611020fb575d85fc138c1cc172eebdb9bff20d464f90993923cf5cb64b,0
https://www.youtube.com/s/player/ae9401d3/www-widgetapi.vflset/www-widgetapi.js,,3aeb791f41afb9d7500326010b8852214536360b695c2d0328f4fd265badb21f,0
https://www.youtube.com/s/player/aeef9bae/player_ias.vflset/en_US/base.js,,5c1fcf1cd384ceec5ab79e9bc26144857a150bda1f48c0940513c3ab0b8f9ae7,0
https://www.youtube.com/s/player/aeef9bae/player_ias.vflset/en_US/captions.js,,f4b650b7d1846a2b8d3695a4eeff100a5f088a9d8d400cfa254592c53903de5d,0
https://www.youtube.com/s/player/aeef9bae/www-player.css,,fb2f17a87256c403f2fcc1c7c643ca1afa249ed19dd15907197262a202357262,0
https://www.youtube.com/s/player/aeef9bae/www-widgetapi.vflset/www-widgetapi.js,,3aeb791f41afb9d7500326010b8852214536360b695c2d0328f4fd265badb21f,0
https://www.youtube.com/s/player/afc53320/player_ias.vflset/en_US/base.js,,b59d12b54033fa51040bcc77b269f2311949ebc75a8b919931ba8a22b0b44b54,0
https://www.youtube.com/s/player/afc53320/player_ias.vflset/en_US/captions.js,,6bc4fe2a70e24102315b2f83790ab880c5a52e9e1943a456aecb59851940e42f,0
https://www.youtube.com/s/player/afc53320/www-player.css,,4a3d9f50726e2dc48728329f15bed529b17e8e1238c784566e6e97a03a710e83,0
https://www.youtube.com/s/player/afc53320/www-widgetapi.vflset/www-widgetapi.js,,172690ab0ba286f1ef866d9c58a39e5402e69eaa89c9479333728e6a801a64d2,0
https://www.youtube.com/s/player/b04445d4/player_ias.vflset/en_US/base.js,,e5ec6c08c5dbe287849dd84152a97879567062282363c8cf798eb91aa6b99dc9,0
https://www.youtube.com/s/player/b04445d4/player_ias.vflset/en_US/captions.js,,e24866801a8da9373cf893d0cea831d54054074c173bd06442fd224d117e4583,0
https://www.youtube.com/s/player/b04445d4/www-player.css,,cfd52c611020fb575d85fc138c1cc172eebdb9bff20d464f90993923cf5cb64b,0
https://www.youtube.com/s/player/b04445d4/www-widgetapi.vflset/www-widgetapi.js,,3aeb791f41afb9d7500326010b8852214536360b695c2d0328f4fd265badb21f,0
https://www.youtube.com/s/player/b0d2d49a/player_ias.vflset/en_US/base.js,,0bd99c4a1c6a1738e409943a14375972d7f032ea364f66db4cab83043d4b5bf4,0
https://www.youtube.com/s/player/b0d2d49a/player_ias.vflset/en_US/captions.js,,bbf88df989a50c1a7ab92a6696b8fad0bd1501a7672edeef1918d4130c223f28,0
https://www.youtube.com/s/player/b0d2d49a/www-player.css,,ed75e47b996f41da27d3aa3997bf0f0d632a4d02cefbe8572870acb51e4ed891,0
https://www.youtube.com/s/player/b0d2d49a/www-widgetapi.vflset/www-widgetapi.js,,3aeb791f41afb9d7500326010b8852214536360b695c2d0328f4fd265badb21f,0
https://www.youtube.com/s/player/b0e668dc/player_ias.vflset/en_US/base.js,,025bbe907a6745715ad5a5fb8d63ea8aec6a2ef0bbbbf21cfad53775f29247d0,0
https://www.youtube.com/s/player/b0e668dc/player_ias.vflset/en_US/captions.js,,9e7b9472f330839018265b6de92aa1c10e44fe1e1cdad5c7c45afa317fbd9226,0
https://www.youtube.com/s/player/b0e668dc/www-player.css,,cfd52c611020fb575d85fc138c1cc172eebdb9bff20d464f90993923cf5cb64b,0
https://www.youtube.com/s/player/b0e668dc/www-widgetapi.vflset/www-widgetapi.js,,3aeb791f41afb9d7500326010b8852214536360b695c2d0328f4fd265badb21f,0
https://www.youtube.com/s/player/b0ee622c/player_ias.vflset/en_US/base.js,,9ff75913cb84244bb74884cb4e31d806d71bea39790559fd1e44a1bcd272b5aa,0
https://www.youtube.com/s/player/b0ee622c/player_ias.vflset/en_US/captions.js,,d390064db890f2807233cdee07a5c2e567c5e590fd7a88f24c1789b23e828dba,0
https://www.youtube.com/s/player/b0ee622c/www-player.css,,7c7eb8252199ec9042290b1044ed1ba5ed8847ee516771bbe6dd27f9f16a608c,0
https://www.youtube.com/s/player/b0ee622c/www-widgetapi.vflset/www-widgetapi.js,,e9abd0d74c5ecca848c706e3f94780a00efc33f66f1a7971ded040458851fd69,0
https://www.youtube.com/s/player/b0fec6e9/player_ias.vflset/en_US/base.js,,2754812c2a8b15a7470a403c4395247632d7406c98d6fac8aecb08a0360452ac,0
https://www.youtube.com/s/player/b0fec6e9/player_ias.vflset/en_US/captions.js,,e6feef33f7e2a2e268187d20e2e46b5517b150a8c56f2cf872a9a4dc6e22b284,0
https://www.youtube.com/s/player/b0fec6e9/www-player.css,,cfd52c611020fb575d85fc138c1cc172eebdb9bff20d464f90993923cf5cb64b,0
https://www.youtube.com/s/player/b0fec6e9/www-widgetapi.vflset/www-widgetapi.js,,3aeb791f41afb9d7500326010b8852214536360b695c2d0328f4fd265badb21f,0
https://www.youtube.com/s/player/b0ff957c/player_ias.vflset/en_US/base.js,,b298e8b9d51ae0a8557dad0e4b25714871632e575b2258804dafab6047d4be7a,0
https://www.youtube.com/s/player/b0ff957c/player_ias.vflset/en_US/captions.js,,6896e0c520f104b187e6c8f209b69245874e9ef324c2bf4701ec33a5b413a7f6,0
https://www.youtube.com/s/player/b0ff957c/www-player.css,,e7c8a5055316b32ab0baa115589477ca4edf8a28372005da3ab230c85660d3f4,0
https://www.youtube.com/s/player/b0ff957c/www-widgetapi.vflset/www-widgetapi.js,,9af313ed10b2fb2eb40b7cf476ec0ba74a3babe175e1bfc5d02308aeb54309fd,0
https://www.youtube.com/s/player/b1291d97/player_ias.vflset/en_US/base.js,,36ddf11a2e9c9c9596c05f8aeb06400327709b3ba81ea8edb45f07527598a6cc,0
https://www.youtube.com/s/player/b1291d97/player_ias.vflset/en_US/captions.js,,d983011c4ca10ef035e73422f91fd4e88370bb124fb1191d7555c0ca13ac377a,0
https://www.youtube.com/s/player/b1291d97/www-player.css,,921b6856085a224b1ca2e5db139b1788c01d4dd1e70daca7006b6a7b381bdae1,0
https://www.youtube.com/s/player/b1291d97/www-widgetapi.vflset/www-widgetapi.js,,3aeb791f41afb9d7500326010b8852214536360b695c2d0328f4fd265badb21f,0
https://www.youtube.com/s/player/b1558f06/player_ias.vflset/en_US/base.js,,621dd1097c38f73489718dcfccf50a9a0a75982b9082f431c1d69785f6cc02a9,0
https://www.youtube.com/s/player/b1558f06/player_ias.vflset/en_US/captions.js,,be866923becbeb504319482fe7ed890f108523b72313a2ca0f307e91f88fb82d,0
https://www.youtube.com/s/player/b1558f06/www-player.css,,ed75e47b996f41da27d3aa3997bf0f0d632a4d02cefbe8572870acb51e4ed891,0
https://www.youtube.com/s/player/b1558f06/www-widgetapi.vflset/www-widgetapi.js,,3aeb791f41afb9d7500326010b8852214536360b695c2d0328f4fd265badb21f,0
https://www.youtube.com/s/player/b15c2dcf/player_ias.vflset/en_US/base.js,,239a87978c0fc495ad14f7c180831e1e17b5447078d1298c91b6e1968de656b2,0
https://www.youtube.com/s/player/b15c2dcf/player_ias.vflset/en_US/captions.js,,689dc65b7087be130f50a341caf2c6ceb42c5b54aa1c4eae391b137a1e065aad,0
https://www.youtube.com/s/player/b15c2dcf/www-player.css,,6f25e841296950467517ec8bccba0ffd052a386d6ac8d893aeaba5edf84aca42,0
https://www.youtube.com/s/player/b15c2dcf/www-widgetapi.vflset/www-widgetapi.js,,9af313ed10b2fb2eb40b7cf476ec0ba74a3babe175e1bfc5d02308aeb54309fd,0
https://www.youtube.com/s/player/b16e1fcb/player_ias.vflset/en_US/base.js,,67ab9ee75ad78e7a87d7dccc1cbd432484f070496b2ac64395d284fafa576cfd,0
https://www.youtube.com/s/player/b16e1fcb/player_ias.vflset/en_US/captions.js,,e24866801a8da9373cf893d0cea831d54054074c173bd06442fd224d117e4583,0
https://www.youtube.com/s/player/b16e1fcb/www-player.css,,cfd52c611020fb575d85fc138c1cc172eebdb9bff20d464f90993923cf5cb64b,0
https://www.youtube.com/s/player/b16e1fcb/www-widgetapi.vflset/www-widgetapi.js,,3aeb791f41afb9d7500326010b8852214536360b695c2d0328f4fd265badb21f,0
https://www.youtube.com/s/player/b174a5bb/player_ias.vflset/en_US/base.js,,d67a04ede66a867f147bc159a076372a01614bec231299e64cb1564591c223b7,0
https://www.youtube.com/s/player/b174a5bb/player_ias.vflset/en_US/captions.js,,32887ce05fe1a055d630540ad3667442bd690c366081837c9a5be8f5bb3b438e,0
https://www.youtube.com/s/player/b174a5bb/www-player.css,,aa68e0e1ccb88e0e7e5b0e712acaefd700bc1fddffe47833b9f357c139ef7839,0
https://www.youtube.com/s/player/b174a5bb/www-widgetapi.vflset/www-widgetapi.js,,9af313ed10b2fb2eb40b7cf476ec0ba74a3babe175e1bfc5d02308aeb54309fd,0
https://www.youtube.com/s/player/b1a2be36/player_ias.vflset/en_US/base.js,,24c43c9fe17afa12950ae788a8ca9bec9f146a19ed3a7b40a8a4f1eb7428d68b,0
https://www.youtube.com/s/player/b1a2be36/player_ias.vflset/en_US/captions.js,,b91f2267667e266731af57143f4f69dc984530a597da5fbb95780f11094bd99c,0
https://www.youtube.com/s/player/b1a2be36/www-player.css,,8345f5d06b1e06a8dcf60075eee7e564059f238a85eb6f34b6ce41fab50ce074,0
https://www.youtube.com/s/player/b1a2be36/www-widgetapi.vflset/www-widgetapi.js,,3aeb791f41afb9d7500326010b8852214536360b695c2d0328f4fd265badb21f,0
https://www.youtube.com/s/player/b1ac6210/player_ias.vflset/en_US/base.js,,26759852eabe0de944644a4c74582c56d182007699c4cc8bd1053b1f5c84dc40,0
https://www.youtube.com/s/player/b1ac6210/player_ias.vflset/en_US/captions.js,,3e21ee69bc23a8cb71d82bde05012057945321c4a98bc6db5aead8dba7d2db83,0
https://www.youtube.com/s/player/b1ac6210/www-player.css,,0d994eb0e617b6087b915cb1bdc2bb56f40826f1b3d182277c0915aedec24671,0
https://www.youtube.com/s/player/b1ac6210/www-widgetapi.vflset/www-widgetapi.js,,9af313ed10b2fb2eb40b7cf476ec0ba74a3babe175e1bfc5d02308aeb54309fd,0
https://www.youtube.com/s/player/b1e9a19c/player_ias.vflset/en_US/base.js,,13ccdea4067f144573d73ab7469678e413e1b24f5767dcd8a6774f3d25864d1c,0
https://www.youtube.com/s/player/b1e9a19c/player_ias.vflset/en_US/captions.js,,e99888e58f7b63b6617cc2b9a45bacc91c6bc0bacc270e7e49e039df334eb9a1,0
https://www.youtube.com/s/player/b1e9a19c/www-player.css,,946419ed4e47d5a3edabaf88a5b129066ae23346d4d668cdd9a7b7bb0400d0ea,0
https://www.youtube.com/s/player/b1e9a19c/www-widgetapi.vflset/www-widgetapi.js,,b6b18fb0c355a9e4fca44acd186be76ecca76232c4eaa4f2e11ff06026e9c3f4,0
https://www.youtube.com/s/player/b2466c24/player_ias.vflset/en_US/base.js,,a88efe2282d605bb6d8b8efb650ff47730937fa9f45981380a8ed1ab9c65f13d,0
https://www.youtube.com/s/player/b2466c24/player_ias.vflset/en_US/captions.js,,f2296faafac2b28de1be31279a8808a056c1fe1ec9830c758d24f24316a8b4c9,0
https://www.youtube.com/s/player/b2466c24/www-player.css,,cfd52c611020fb575d85fc138c1cc172eebdb9bff20d464f90993923cf5cb64b,0
https://www.youtube.com/s/player/b2466c24/www-widgetapi.vflset/www-widgetapi.js,,3aeb791f41afb9d7500326010b8852214536360b695c2d0328f4fd265badb21f,0
https://www.youtube.com/s/player/b2515611/player_ias.vflset/en_US/base.js,,3d53e6c5fccec237aa998d418bca0e1603cc9800587ab61129e00d0f3c7aa5ea,0
https://www.youtube.com/s/player/b2515611/player_ias.vflset/en_US/captions.js,,1257286d81a6b30d84b6bef0932aae8187f169f2285c60d41c759cc0002411c9,0
https://www.youtube.com/s/player/b2515611/www-player.css,,9200bd528a866a248b30c782029e723a189477ee26baed0ce3206aa3deb797d0,0
https://www.youtube.com/s/player/b2515611/www-widgetapi.vflset/www-widgetapi.js,,11aa7946df12674187e45a29c8a083a30cefb5e625985b2405c1d0fb710e56b2,0
https://www.youtube.com/s/player/b32979e9/player_ias.vflset/en_US/base.js,,c5617ca942b5f04febee907a6da2cb234f839cf6d13a9870d0850d894356d869,0
https://www.youtube.com/s/player/b32979e9/player_ias.vflset/en_US/captions.js,,fddf323f325c51f9fe2f36ad2ac271e89ba66141782a599ed4d36e9d87c2ccdf,0
https://www.youtube.com/s/player/b32979e9/www-player.css,,389d80710907ae3e49736e38c8c56870ba584ddc18286659e13417c9c73b4e5d,0
https://www.youtube.com/s/player/b32979e9/www-widgetapi.vflset/www-widgetapi.js,,11aa7946df12674187e45a29c8a083a30cefb5e625985b2405c1d0fb710e56b2,0
https://www.youtube.com/s/player/b3613e85/player_ias.vflset/en_US/base.js,,0374d2be61258da46d7211701d7f4e2e76ca551dae7a66ee214e263e987f00dc,0
https://www.youtube.com/s/player/b3613e85/player_ias.vflset/en_US/captions.js,,8df90e25ae067f5343cb1bca16ff1e06d86d4c51307fb506ea3203f9737f399c,0
https://www.youtube.com/s/player/b3613e85/www-player.css,,986a48101bd0ff424efa03c520ff743e54303badd490a763a52f12ea4cd11973,0
https://www.youtube.com/s/player/b3613e85/www-widgetapi.vflset/www-widgetapi.js,,11aa7946df12674187e45a29c8a083a30cefb5e625985b2405c1d0fb710e56b2,0
https://www.youtube.com/s/player/b39a0cab/player_ias.vflset/en_US/base.js,,14732aa88ccd27cd7c60c4efbb78da45bae4198355bd3583f2b0c9dbba639994,0
https://www.youtube.com/s/player/b39a0cab/player_ias.vflset/en_US/captions.js,,50b7c2d6135f36403a98bb1bc66525b4d04a5f679c94e0740e192b6e38158139,0
https://www.youtube.com/s/player/b39a0cab/www-player.css,,cfd52c611020fb575d85fc138c1cc172eebdb9bff20d464f90993923cf5cb64b,0
https://www.youtube.com/s/player/b39a0cab/www-widgetapi.vflset/www-widgetapi.js,,3aeb791f41afb9d7500326010b8852214536360b695c2d0328f4fd265badb21f,0
https://www.youtube.com/s/player/b39ad138/player_ias.vflset/en_US/base.js,,509e5407e9e2ac1c4fcd5b738dc1e6f733a7bf3c462898896db3d8c3760b8a06,0
https://www.youtube.com/s/player/b39ad138/player_ias.vflset/en_US/captions.js,,4e457b53faa1f98ff2c5e42c6fef04c542101991641b29e83a3e40dbebd54fd5,0
https://www.youtube.com/s/player/b39ad138/www-player.css,,798b8326094d9277d1ffc31f005748c2fb5185c0b278176a2774d2b8511945a0,0
https://www.youtube.com/s/player/b39ad138/www-widgetapi.vflset/www-widgetapi.js,,3aeb791f41afb9d7500326010b8852214536360b695c2d0328f4fd265badb21f,0
https://www.youtube.com/s/player/b443d9d5/player_ias.vflset/en_US/base.js,,6ab94a9a6ca43d43677d3fdb6394c1ff6d81bf7b692ec54c8c031b2549ee3a0b,0
https://www.youtube.com/s/player/b443d9d5/player_ias.vflset/en_US/captions.js,,8dc918e340df12d7962d8e3c32c4d1c4dd7be9472229a6c13eca3f796ae0e23f,0
https://www.youtube.com/s/player/b443d9d5/www-player.css,,0d994eb0e617b6087b915cb1bdc2bb56f40826f1b3d182277c0915aedec24671,0
https://www.youtube.com/s/player/b443d9d5/www-widgetapi.vflset/www-widgetapi.js,,9af313ed10b2fb2eb40b7cf476ec0ba74a3babe175e1bfc5d02308aeb54309fd,0
https://www.youtube.com/s/player/b45afdfa/player_ias.vflset/en_US/base.js,,cac55ae6bcafd1839588f404b89db86072415692d4aec926a4d4643102492449,0
https://www.youtube.com/s/player/b45afdfa/player_ias.vflset/en_US/captions.js,,f1e69c7a975782c43729f087a9ccb0ada4d235414a4401920a36a456acb218f9,0
https://www.youtube.com/s/player/b45afdfa/www-player.css,,3053767d9a476b52e0e3e9cd9d835fe26adaae79983c90212329e5915f41c56a,0
https://www.youtube.com/s/player/b45afdfa/www-widgetapi.vflset/www-widgetapi.js,,b6b18fb0c355a9e4fca44acd186be76ecca76232c4eaa4f2e11ff06026e9c3f4,0
https://www.youtube.com/s/player/b4e316e8/player_ias.vflset/en_US/base.js,,3e2b4e97659d78ee8e84edb5722dfef998b74a1dd77238c27bc5be1fed22007b,0
https://www.youtube.com/s/player/b4e316e8/player_ias.vflset/en_US/captions.js,,92b27898c7271333a73b11969ab7063bcfde95007ab9bf2d3ca1189c3730d4a6,0
https://www.youtube.com/s/player/b4e316e8/www-player.css,,4501bc83f7fe6c0de41512e5f91fcf9457f7a8a3aab18e3c38973eb6a6ae0b55,0
https://www.youtube.com/s/player/b4e316e8/www-widgetapi.vflset/www-widgetapi.js,,3aeb791f41afb9d7500326010b8852214536360b695c2d0328f4fd265badb21f,0
https://www.youtube.com/s/player/b5405e98/player_ias.vflset/en_US/base.js,,410fd4f4101fcdb80a0900c8d91b77e091b7ecdca680418aab59127f47c44d50,0
https://www.youtube.com/s/player/b5405e98/player_ias.vflset/en_US/captions.js,,27dc2a0e0f9c3704b3c997d4117509596991e2adc0f8a11ad2d21935e0b3f6b1,0
https://www.youtube.com/s/player/b5405e98/www-player.css,,ed75e47b996f41da27d3aa3997bf0f0d632a4d02cefbe8572870acb51e4ed891,0
https://www.youtube.com/s/player/b5405e98/www-widgetapi.vflset/www-widgetapi.js,,b6b18fb0c355a9e4fca44acd186be76ecca76232c4eaa4f2e11ff06026e9c3f4,0
https://www.youtube.com/s/player/b6048f74/player_ias.vflset/en_US/base.js,,59827fac631751864f2e913d186c45d58be08badce62911413e63fabca9d74a5,0
https://www.youtube.com/s/player/b6048f74/player_ias.vflset/en_US/captions.js,,3cc647ab815f6459ea6b33f903b5b340d3445318db610d95775a7f940fad2e2c,0
https://www.youtube.com/s/player/b6048f74/www-player.css,,e73a47994fe46c3ca05cd3ef31752f0ad98c50d05aa83925177ae0d422d4e202,0
https://www.youtube.com/s/player/b6048f74/www-widgetapi.vflset/www-widgetapi.js,,e9abd0d74c5ecca848c706e3f94780a00efc33f66f1a7971ded040458851fd69,0
https://www.youtube.com/s/player/b658980f/player_ias.vflset/en_US/base.js,,6046663724bf532d4886c5c22fb0c1fa9bc47f31bf9db37b3f5aec30580c8062,0
https://www.youtube.com/s/player/b658980f/player_ias.vflset/en_US/captions.js,,bb9b54f9e1295e6c959ca9d632b8d4f111a71e1a33b237d7bba9e16a8087f200,0
https://www.youtube.com/s/player/b658980f/www-player.css,,7aca61589965311619d927da66c4fd6c266bfd5a9a263a5cd203e935270a4428,0
https://www.youtube.com/s/player/b658980f/www-widgetapi.vflset/www-widgetapi.js,,3aeb791f41afb9d7500326010b8852214536360b695c2d0328f4fd265badb21f,0
https://www.youtube.com/s/player/b6dcbf7c/player_ias.vflset/en_US/base.js,,fc5cb62428e47a281f3497575142286c4b45abafb4415c15f88e84191c614365,0
https://www.youtube.com/s/player/b6dcbf7c/player_ias.vflset/en_US/captions.js,,b1df23bc8245adb1bda4987b5e6818c559c6e3078a7f12718d089f765a30fe08,0
https://www.youtube.com/s/player/b6dcbf7c/www-player.css,,921b6856085a224b1ca2e5db139b1788c01d4dd1e70daca7006b6a7b381bdae1,0
https://www.youtube.com/s/player/b6dcbf7c/www-widgetapi.vflset/www-widgetapi.js,,3aeb791f41afb9d7500326010b8852214536360b695c2d0328f4fd265badb21f,0
https://www.youtube.com/s/player/b6e44494/player_ias.vflset/en_US/base.js,,17527953471c072cc3022ffa6bd2b4035ec1228e1f31c15b20513df3564da3a1,0
https://www.youtube.com/s/player/b6e44494/player_ias.vflset/en_US/captions.js,,404c7493cdb56b5b235e7e3b011a73e5de1a3bfc3273b2426d9485bd8c9f54ab,0
https://www.youtube.com/s/player/b6e44494/www-player.css,,e7c8a5055316b32ab0baa115589477ca4edf8a28372005da3ab230c85660d3f4,0
https://www.youtube.com/s/player/b6e44494/www-widgetapi.vflset/www-widgetapi.js,,9af313ed10b2fb2eb40b7cf476ec0ba74a3babe175e1bfc5d02308aeb54309fd,0
https://www.youtube.com/s/player/b6e5a811/player_ias.vflset/en_US/base.js,,fadbe6f072cb2d33ec258d5b1341c92162370bc56d381cb84b0c7a961ef9d8a4,0
https://www.youtube.com/s/player/b6e5a811/player_ias.vflset/en_US/captions.js,,4c43ed63d1e73964084322f8c53f5fcd3df29d76e5c8449759016b50862dc51a,0
https://www.youtube.com/s/player/b6e5a811/www-player.css,,81c275d35a2e688fc5bd90aac9d51ea3382b95cf4bc4404db754c69164ea6971,0
https://www.youtube.com/s/player/b6e5a811/www-widgetapi.vflset/www-widgetapi.js,,9af313ed10b2fb2eb40b7cf476ec0ba74a3babe175e1bfc5d02308aeb54309fd,0
https://www.youtube.com/s/player/b7457b7c/player_ias.vflset/en_US/base.js,,fadb231b3daa2627ef5f096413863d5f7b66d3b1203582cbd247d9b8aec9bfe9,0
https://www.youtube.com/s/player/b7457b7c/player_ias.vflset/en_US/captions.js,,ab29e93fe5cd525b522848cb3d6f556e9d45012856a726d9cf14415f97ebc679,0
https://www.youtube.com/s/player/b7457b7c/www-player.css,,3053767d9a476b52e0e3e9cd9d835fe26adaae79983c90212329e5915f41c56a,0
https://www.youtube.com/s/player/b7457b7c/www-widgetapi.vflset/www-widgetapi.js,,b6b18fb0c355a9e4fca44acd186be76ecca76232c4eaa4f2e11ff06026e9c3f4,0
https://www.youtube.com/s/player/b75a8e80/player_ias.vflset/en_US/base.js,,6e2a057f95bfae35c12f9c491d371245ab5b3540eb3b956032a63a92e99924d6,0
https://www.youtube.com/s/player/b75a8e80/player_ias.vflset/en_US/captions.js,,88b751f3bed373551e097b30689132a33a704dfb763bfb6684b1a89264c45ff7,0
https://www.youtube.com/s/player/b75a8e80/www-player.css,,644559b7590cf725119fd0ab8ed45a236d0faf9751693abb303038d7c349d2b2,0
https://www.youtube.com/s/player/b75a8e80/www-widgetapi.vflset/www-widgetapi.js,,11aa7946df12674187e45a29c8a083a30cefb5e625985b2405c1d0fb710e56b2,0
https://www.youtube.com/s/player/b783aee4/player_ias.vflset/en_US/base.js,,948c8b5f073b50cc620cf6579e5e4bd70835418d09542376840aa1543262512b,0
https://www.youtube.com/s/player/b783aee4/player_ias.vflset/en_US/captions.js,,ad530c480465deada23b5172fc9d7f5591ddb8024495d22a8514fb6db15c6cdd,0
https://www.youtube.com/s/player/b783aee4/www-player.css,,d5b344b8a6d0a02864884c9b037f5f11921381cdfbddb2f8a643d1a8cbe9cef8,0
https://www.youtube.com/s/player/b783aee4/www-widgetapi.vflset/www-widgetapi.js,,9af313ed10b2fb2eb40b7cf476ec0ba74a3babe175e1bfc5d02308aeb54309fd,0
https://www.youtube.com/s/player/b7e47813/player_ias.vflset/en_US/base.js,,2a63528c8ff42c56d4465d0f1d0b41fc7c9170feaab6b22094ccfa64f94479b1,0
https://www.youtube.com/s/player/b7e47813/player_ias.vflset/en_US/captions.js,,72d5ddd50cd4d0780dc8c3dbaf3f796b8af58cd01a4cdc7fc418d3e03b98aaa3,0
https://www.youtube.com/s/player/b7e47813/www-player.css,,ff94612f774a2fa9658e397e78071cbde5eb96e3f67a444efac6a10b4b7e760f,0
https://www.youtube.com/s/player/b7e47813/www-widgetapi.vflset/www-widgetapi.js,,b6b18fb0c355a9e4fca44acd186be76ecca76232c4eaa4f2e11ff06026e9c3f4,0
https://www.youtube.com/s/player/b81a9a58/player_ias.vflset/en_US/base.js,,eed1feba8f8834b3f46a854e63014d063c71aa99b70fe88f6772c74be889834f,0
https://www.youtube.com/s/player/b81a9a58/player_ias.vflset/en_US/captions.js,,2b9a03c753fe09df350ba6f55a4542eb92aff37124629948d91588eeab89ffc1,0
https://www.youtube.com/s/player/b81a9a58/www-player.css,,4501bc83f7fe6c0de41512e5f91fcf9457f7a8a3aab18e3c38973eb6a6ae0b55,0
https://www.youtube.com/s/player/b81a9a58/www-widgetapi.vflset/www-widgetapi.js,,3aeb791f41afb9d7500326010b8852214536360b695c2d0328f4fd265badb21f,0
https://www.youtube.com/s/player/b91b2902/player_ias.vflset/en_US/base.js,,cb0d93de7705e50f655a1a36fefdfe1a0ed7ae492d121895e08d506a96dcaa58,0
https://www.youtube.com/s/player/b91b2902/player_ias.vflset/en_US/captions.js,,987b7083a993d334425156b801370bd934b80eade3e7792c521bfddbfa13cdf4,0
https://www.youtube.com/s/player/b91b2902/www-player.css,,e7c8a5055316b32ab0baa115589477ca4edf8a28372005da3ab230c85660d3f4,0
https://www.youtube.com/s/player/b91b2902/www-widgetapi.vflset/www-widgetapi.js,,9af313ed10b2fb2eb40b7cf476ec0ba74a3babe175e1bfc5d02308aeb54309fd,0
https://www.youtube.com/s/player/b9313b14/player_ias.vflset/en_US/base.js,,ce4071b2361de69b5d566ba87712a12243e71efcbf3022bcc7e0b01845c86a3e,0
https://www.youtube.com/s/player/b9313b14/player_ias.vflset/en_US/captions.js,,b2e6d1d81b4aec6861230e4a67be1f26917d4b45874994f7d322b5dee80649bc,0
https://www.youtube.com/s/player/b9313b14/www-player.css,,1074e75f7621bc7e5e6c75ffbeea96f6fa9f266029361ba4124dd4d3baa69fef,0
https://www.youtube.com/s/player/b9313b14/www-widgetapi.vflset/www-widgetapi.js,,9af313ed10b2fb2eb40b7cf476ec0ba74a3babe175e1bfc5d02308aeb54309fd,0
https://www.youtube.com/s/player/b93b66db/player_ias.vflset/en_US/base.js,,1289c6dd8ecf293de434ea382e78ec24a0cbca0fd6be723ccf0966564bd15b5e,0
https://www.youtube.com/s/player/b93b66db/player_ias.vflset/en_US/captions.js,,f6ac677957e74fc8f3515d82188cb5f7e47d875f98772bf7b641066cc3b74016,0
https://www.youtube.com/s/player/b93b66db/www-player.css,,1e6f131e5c23998532caa01dec741cd746efdb7364cffaf33a43f227aaa0d458,0
https://www.youtube.com/s/player/b93b66db/www-widgetapi.vflset/www-widgetapi.js,,c2dcf46501a48a87a7859596834012e81569a181f7b80bda4d91b04798f84751,0
https://www.youtube.com/s/player/b95b0e7a/player_ias.vflset/en_US/base.js,,e2a659818b00cfc8a68cf0b892af9a06cc37360b7689cb44ecb5535466ddc204,0
https://www.youtube.com/s/player/b95b0e7a/player_ias.vflset/en_US/captions.js,,88b751f3bed373551e097b30689132a33a704dfb763bfb6684b1a89264c45ff7,0
https://www.youtube.com/s/player/b95b0e7a/www-player.css,,644559b7590cf725119fd0ab8ed45a236d0faf9751693abb303038d7c349d2b2,0
https://www.youtube.com/s/player/b95b0e7a/www-widgetapi.vflset/www-widgetapi.js,,11aa7946df12674187e45a29c8a083a30cefb5e625985b2405c1d0fb710e56b2,0
https://www.youtube.com/s/player/b9770a0d/player_ias.vflset/en_US/base.js,,731a410bc4e6b84894e971d7c815cc1720a637577b154174e98e1eda068cded8,0
https://www.youtube.com/s/player/b9770a0d/player_ias.vflset/en_US/captions.js,,5547798cfb10de829520a6662fb0c01d5ebbe4bb7c1608731b0be60926137352,0
https://www.youtube.com/s/player/b9770a0d/www-player.css,,921b6856085a224b1ca2e5db139b1788c01d4dd1e70daca7006b6a7b381bdae1,0
https://www.youtube.com/s/player/b9770a0d/www-widgetapi.vflset/www-widgetapi.js,,3aeb791f41afb9d7500326010b8852214536360b695c2d0328f4fd265badb21f,0
https://www.youtube.com/s/player/ba0148a0/player_ias.vflset/en_US/base.js,,96b26a3453b3a2d4c54330773e53a676791497b1a2a2149831a6c680c89ddf99,0
https://www.youtube.com/s/player/ba0148a0/player_ias.vflset/en_US/captions.js,,72d5ddd50cd4d0780dc8c3dbaf3f796b8af58cd01a4cdc7fc418d3e03b98aaa3,0
https://www.youtube.com/s/player/ba0148a0/www-player.css,,ff94612f774a2fa9658e397e78071cbde5eb96e3f67a444efac6a10b4b7e760f,0
https://www.youtube.com/s/player/ba0148a0/www-widgetapi.vflset/www-widgetapi.js,,b6b18fb0c355a9e4fca44acd186be76ecca76232c4eaa4f2e11ff06026e9c3f4,0
https://www.youtube.com/s/player/bac06df9/player_ias.vflset/en_US/base.js,,7ff40da52aed57ebfdee0a286f4e8ddc80095b1e89a0a81e69e576d762cdf37d,0
https://www.youtube.com/s/player/bac06df9/player_ias.vflset/en_US/captions.js,,b4eeb53c2195f0e2f557604af372ac0f67686b1a7011cde6ce6f2255fcdfa23c,0
https://www.youtube.com/s/player/bac06df9/www-player.css,,1074e75f7621bc7e5e6c75ffbeea96f6fa9f266029361ba4124dd4d3baa69fef,0
https://www.youtube.com/s/player/bac06df9/www-widgetapi.vflset/www-widgetapi.js,,9af313ed10b2fb2eb40b7cf476ec0ba74a3babe175e1bfc5d02308aeb54309fd,0
https://www.youtube.com/s/player/bb09e5fd/player_ias.vflset/en_US/base.js,,51b4914bac286072a13ace0df805d0b9f9ee94138be4d38198595a124e6d59a8,0
https://www.youtube.com/s/player/bb09e5fd/player_ias.vflset/en_US/captions.js,,b92a04a858ee6655ae5753fbcd26e443957aa0633ada8c48d63ee1aa8464a4bf,0
https://www.youtube.com/s/player/bb09e5fd/www-player.css,,4501bc83f7fe6c0de41512e5f91fcf9457f7a8a3aab18e3c38973eb6a6ae0b55,0
https://www.youtube.com/s/player/bb09e5fd/www-widgetapi.vflset/www-widgetapi.js,,3aeb791f41afb9d7500326010b8852214536360b695c2d0328f4fd265badb21f,0
https://www.youtube.com/s/player/bb44c5fe/player_ias.vflset/en_US/base.js,,3a12bd0bd02c2040a829d41ccca937fc1a344d0efc8da4239bae88283d8faf22,0
https://www.youtube.com/s/player/bb44c5fe/player_ias.vflset/en_US/captions.js,,f9a4db7f55966e5d275eb97185933671c3297c2a2a3e126c03d4f410967d4c27,0
https://www.youtube.com/s/player/bb44c5fe/www-player.css,,fb2f17a87256c403f2fcc1c7c643ca1afa249ed19dd15907197262a202357262,0
https://www.youtube.com/s/player/bb44c5fe/www-widgetapi.vflset/www-widgetapi.js,,3aeb791f41afb9d7500326010b8852214536360b695c2d0328f4fd265badb21f,0
https://www.youtube.com/s/player/bb52fe90/player_ias.vflset/en_US/base.js,,0d1072cc0c113df207454ae713e802ee399761c2f2f2c7f6a710b5a01e7a525e,0
https://www.youtube.com/s/player/bb52fe90/player_ias.vflset/en_US/captions.js,,89f368b9161790bb28d5958c57c9f995969f792912cf21ac6abf84f2d31dd7f1,0
https://www.youtube.com/s/player/bb52fe90/www-player.css,,cfd52c611020fb575d85fc138c1cc172eebdb9bff20d464f90993923cf5cb64b,0
https://www.youtube.com/s/player/bb52fe90/www-widgetapi.vflset/www-widgetapi.js,,9af313ed10b2fb2eb40b7cf476ec0ba74a3babe175e1bfc5d02308aeb54309fd,0
https://www.youtube.com/s/player/bbe4bdbc/player_ias.vflset/en_US/base.js,,99a9ec34ffc674da3af7bb1c504ac1ed8f5a6e9973b694d5328ff304074e002f,0
https://www.youtube.com/s/player/bbe4bdbc/player_ias.vflset/en_US/captions.js,,23bdfacd12ad9bd2a7b39a727c1548897e04cdcf21b1960647a08a7c55d1fe05,0
https://www.youtube.com/s/player/bbe4bdbc/www-player.css,,14a39ca2157acf89f00909fa7bec1629d375ff52d44e7016b40e691d8f4b23a8,0
https://www.youtube.com/s/player/bbe4bdbc/www-widgetapi.vflset/www-widgetapi.js,,9af313ed10b2fb2eb40b7cf476ec0ba74a3babe175e1bfc5d02308aeb54309fd,0
https://www.youtube.com/s/player/bc3ac2f2/player_ias.vflset/en_US/base.js,,248e8a23838ec67eaa7663d64fbb216ee5160ac6ba10a3969632a5a3c1b1b3af,0
https://www.youtube.com/s/player/bc3ac2f2/player_ias.vflset/en_US/captions.js,,9bd5f7f9d998f35b7514a66d785930bdee5289b3aec4b290b9638d0a5aa9ad82,0
https://www.youtube.com/s/player/bc3ac2f2/www-player.css,,921b6856085a224b1ca2e5db139b1788c01d4dd1e70daca7006b6a7b381bdae1,0
https://www.youtube.com/s/player/bc3ac2f2/www-widgetapi.vflset/www-widgetapi.js,,3aeb791f41afb9d7500326010b8852214536360b695c2d0328f4fd265badb21f,0
https://www.youtube.com/s/player/bc79a29c/player_ias.vflset/en_US/base.js,,e8d09a58e29a2a387dd0132df20765b42a07045beb064c32d7937689ff00a156,0
https://www.youtube.com/s/player/bc79a29c/player_ias.vflset/en_US/captions.js,,ab1754f5d23ecc4fd345e690ef20486869c936a79103c6b65de2820d7b743e6f,0
https://www.youtube.com/s/player/bc79a29c/www-player.css,,fb2f17a87256c403f2fcc1c7c643ca1afa249ed19dd15907197262a202357262,0
https://www.youtube.com/s/player/bc79a29c/www-widgetapi.vflset/www-widgetapi.js,,3aeb791f41afb9d7500326010b8852214536360b695c2d0328f4fd265badb21f,0
https://www.youtube.com/s/player/bc7db0b2/player_ias.vflset/en_US/base.js,,6c1a60d36ee078f1d72d11abe1d8b06e4df5e2b15cd3d250af30d942b8316f68,0
https://www.youtube.com/s/player/bc7db0b2/player_ias.vflset/en_US/captions.js,,c5ddc3e839222d395bdd1e941a5b82cffcacba673837bc7e21b040f6baae859f,0
https://www.youtube.com/s/player/bc7db0b2/www-player.css,,f140b6831469664f09fb07ae991e983b46752deaa9d8a8b214852f235ea6e7d0,0
https://www.youtube.com/s/player/bc7db0b2/www-widgetapi.vflset/www-widgetapi.js,,9af313ed10b2fb2eb40b7cf476ec0ba74a3babe175e1bfc5d02308aeb54309fd,0
https://www.youtube.com/s/player/bcd88ad3/player_ias.vflset/en_US/base.js,,9ee47ef6079578af4f66db9c2f66edd72402f0f98345a64e20241b259b51f566,0
https://www.youtube.com/s/player/bcd88ad3/player_ias.vflset/en_US/captions.js,,3ecfc1aeca0472165bcd4c799aa2a82f14e7b4d4294b4ba80630a1bea8e4e3bd,0
https://www.youtube.com/s/player/bcd88ad3/www-player.css,,f140b6831469664f09fb07ae991e983b46752deaa9d8a8b214852f235ea6e7d0,0
https://www.youtube.com/s/player/bcd88ad3/www-widgetapi.vflset/www-widgetapi.js,,9af313ed10b2fb2eb40b7cf476ec0ba74a3babe175e1bfc5d02308aeb54309fd,0
https://www.youtube.com/s/player/bcd893b3/player_ias.vflset/en_US/base.js,,3ba9efd2cbd6e35dd9b5e662c2ac7b1ce005474e7fae65e6a0ae88772d3dca46,0
https://www.youtube.com/s/player/bcd893b3/player_ias.vflset/en_US/captions.js,,670c8851fd771d66faab5eb1ff44ec6635a5ab07365030e1366f376fb0a386de,0
https://www.youtube.com/s/player/bcd893b3/www-player.css,,a04669932536022de0e8d147284396d6447a3dfe6cc26be24358d8503aefbdf4,0
https://www.youtube.com/s/player/bcd893b3/www-widgetapi.vflset/www-widgetapi.js,,18d619cca2e3abb300d71fe37b163b91b71a327303f320e047248c0cc3a1d879,0
https://www.youtube.com/s/player/bce13099/player_ias.vflset/en_US/base.js,,2d45566e91dc851e888ec4cdd1b8496ebd901de847767ff9696848b32fb60f22,0
https://www.youtube.com/s/player/bce13099/player_ias.vflset/en_US/captions.js,,101cdf7175df7ff3d6621bd637c8e72da0a0ecf4c89297e498ffe4dc27e47e4e,0
https://www.youtube.com/s/player/bce13099/www-player.css,,e82ba96124a1dcddee649a0aad8a829a68c08a3946e77ff7ace0c50942d3f0be,0
https://www.youtube.com/s/player/bce13099/www-widgetapi.vflset/www-widgetapi.js,,11aa7946df12674187e45a29c8a083a30cefb5e625985b2405c1d0fb710e56b2,0
https://www.youtube.com/s/player/bcea3860/player_ias.vflset/en_US/base.js,,5bc93110c96729caeaf0fed485c64fc6a9ff6e262c12e8225eeacc69309aadc2,0
https://www.youtube.com/s/player/bcea3860/player_ias.vflset/en_US/captions.js,,d7f18499da75197defb9bd1e7821f776ef7a51d2d49e08bcc2df412e28a4adb8,0
https://www.youtube.com/s/player/bcea3860/www-player.css,,d5b344b8a6d0a02864884c9b037f5f11921381cdfbddb2f8a643d1a8cbe9cef8,0
https://www.youtube.com/s/player/bcea3860/www-widgetapi.vflset/www-widgetapi.js,,9af313ed10b2fb2eb40b7cf476ec0ba74a3babe175e1bfc5d02308aeb54309fd,0
https://www.youtube.com/s/player/bcf89e14/player_ias.vflset/en_US/base.js,,d4dacf3d522946156377f8e9271ff68c4de9030ac72b5ab90c5a574472fc3099,0
https://www.youtube.com/s/player/bcf89e14/player_ias.vflset/en_US/captions.js,,689dc65b7087be130f50a341caf2c6ceb42c5b54aa1c4eae391b137a1e065aad,0
https://www.youtube.com/s/player/bcf89e14/www-player.css,,6f25e841296950467517ec8bccba0ffd052a386d6ac8d893aeaba5edf84aca42,0
https://www.youtube.com/s/player/bcf89e14/www-widgetapi.vflset/www-widgetapi.js,,9af313ed10b2fb2eb40b7cf476ec0ba74a3babe175e1bfc5d02308aeb54309fd,0
https://www.youtube.com/s/player/bd4a2521/player_ias.vflset/en_US/base.js,,3030c2f154d7d305979e1ed66429076026bf9fd6b448fab637d84773f8159732,0
https://www.youtube.com/s/player/bd4a2521/player_ias.vflset/en_US/captions.js,,f22f21e030c2de3ccff9d39120e1a425e6d8097af6ab6ad3cfea2d4ee24349a9,0
https://www.youtube.com/s/player/bd4a2521/www-player.css,,946419ed4e47d5a3edabaf88a5b129066ae23346d4d668cdd9a7b7bb0400d0ea,0
https://www.youtube.com/s/player/bd4a2521/www-widgetapi.vflset/www-widgetapi.js,,b6b18fb0c355a9e4fca44acd186be76ecca76232c4eaa4f2e11ff06026e9c3f4,0
https://www.youtube.com/s/player/bda6277d/player_ias.vflset/en_US/base.js,,0887f2de7869c5230873caa188ed475c05fffaa976a8ae8a2c6541b112686020,0
https://www.youtube.com/s/player/bda6277d/player_ias.vflset/en_US/captions.js,,f282992146e8d9c3740d21263328c62908bcdd54a7d1d5061a8432ef4e0394a4,0
https://www.youtube.com/s/player/bda6277d/www-player.css,,14a39ca2157acf89f00909fa7bec1629d375ff52d44e7016b40e691d8f4b23a8,0
https://www.youtube.com/s/player/bda6277d/www-widgetapi.vflset/www-widgetapi.js,,9af313ed10b2fb2eb40b7cf476ec0ba74a3babe175e1bfc5d02308aeb54309fd,0
https://www.youtube.com/s/player/be00faec/player_ias.vflset/en_US/base.js,,7398a8f6cbae218945046c0c5f33043ead8b30303d1596a7e9faf8e9c0d23d10,0
https://www.youtube.com/s/player/be00faec/player_ias.vflset/en_US/captions.js,,8dc918e340df12d7962d8e3c32c4d1c4dd7be9472229a6c13eca3f796ae0e23f,0
https://www.youtube.com/s/player/be00faec/www-player.css,,0d994eb0e617b6087b915cb1bdc2bb56f40826f1b3d182277c0915aedec24671,0
https://www.youtube.com/s/player/be00faec/www-widgetapi.vflset/www-widgetapi.js,,9af313ed10b2fb2eb40b7cf476ec0ba74a3babe175e1bfc5d02308aeb54309fd,0
https://www.youtube.com/s/player/be41592d/player_ias.vflset/en_US/base.js,,d50985e7522a9e3992814aff699246f397a004ed7d5da07f3908281dfe8fe5ce,0
https://www.youtube.com/s/player/be41592d/player_ias.vflset/en_US/captions.js,,2a8dfb005768bb3a3361b333cdce02fdc9709cda7e1e9e27fb55ad9b83abde80,0
https://www.youtube.com/s/player/be41592d/www-player.css,,921b6856085a224b1ca2e5db139b1788c01d4dd1e70daca7006b6a7b381bdae1,0
https://www.youtube.com/s/player/be41592d/www-widgetapi.vflset/www-widgetapi.js,,3aeb791f41afb9d7500326010b8852214536360b695c2d0328f4fd265badb21f,0
https://www.youtube.com/s/player/be5a4839/player_ias.vflset/en_US/base.js,,742ad7b06ba7bbfd77b8615b0f8d26844dbd55294e345f7111737cc7217c315c,0
https://www.youtube.com/s/player/be5a4839/player_ias.vflset/en_US/captions.js,,518bdd72a508bfe21b1a19bef2c9ec128add52a921e228f77fcba2c2b4efec61,0
https://www.youtube.com/s/player/be5a4839/www-player.css,,0d994eb0e617b6087b915cb1bdc2bb56f40826f1b3d182277c0915aedec24671,0
https://www.youtube.com/s/player/be5a4839/www-widgetapi.vflset/www-widgetapi.js,,9af313ed10b2fb2eb40b7cf476ec0ba74a3babe175e1bfc5d02308aeb54309fd,0
https://www.youtube.com/s/player/bed7a914/player_ias.vflset/en_US/base.js,,42c52edffa4a1f6c0d5ea65f7cafac931546652528fea5e47812f6a4ae71ee1b,0
https://www.youtube.com/s/player/bed7a914/player_ias.vflset/en_US/captions.js,,fe48d9a989676f242ae2588243e30566ef50de57eeecd3559336a99f4d34fab7,0
https://www.youtube.com/s/player/bed7a914/www-player.css,,4501bc83f7fe6c0de41512e5f91fcf9457f7a8a3aab18e3c38973eb6a6ae0b55,0
https://www.youtube.com/s/player/bed7a914/www-widgetapi.vflset/www-widgetapi.js,,3aeb791f41afb9d7500326010b8852214536360b695c2d0328f4fd265badb21f,0
https://www.youtube.com/s/player/bf9226b1/player_ias.vflset/en_US/base.js,,5852dac9e905db610bb4323eee0cc170a741318d74dcda4e3194e1290fdbb5d6,0
https://www.youtube.com/s/player/bf9226b1/player_ias.vflset/en_US/captions.js,,bffffd3bfc5bf69bfde8112fded228340136156e6e32c70999249e742aaab39d,0
https://www.youtube.com/s/player/bf9226b1/www-player.css,,aa68e0e1ccb88e0e7e5b0e712acaefd700bc1fddffe47833b9f357c139ef7839,0
https://www.youtube.com/s/player/bf9226b1/www-widgetapi.vflset/www-widgetapi.js,,9af313ed10b2fb2eb40b7cf476ec0ba74a3babe175e1bfc5d02308aeb54309fd,0
https://www.youtube.com/s/player/bffb4292/player_ias.vflset/en_US/base.js,,857310424003db3eb4abadbcf043752833c2c3f04e724fc6f06e0e6582c4b792,0
https://www.youtube.com/s/player/bffb4292/player_ias.vflset/en_US/captions.js,,df9f8b0828b1bda0dfa43d2cbc2242da61519707bcdb072cb5a1340a1f1a545a,0
https://www.youtube.com/s/player/bffb4292/www-player.css,,7c7eb8252199ec9042290b1044ed1ba5ed8847ee516771bbe6dd27f9f16a608c,0
https://www.youtube.com/s/player/bffb4292/www-widgetapi.vflset/www-widgetapi.js,,e9abd0d74c5ecca848c706e3f94780a00efc33f66f1a7971ded040458851fd69,0
https://www.youtube.com/s/player/c0c02e9a/player_ias.vflset/en_US/base.js,,40408de4ab7e451db864fb0cef19372c7cca660abb850b6f81dfa2ac5e0773c9,0
https://www.youtube.com/s/player/c0c02e9a/player_ias.vflset/en_US/captions.js,,99da5de1a6122b5e6cfc87ed0d3e7ae324a7b070400dba662a3f4ddee4ef495f,0
https://www.youtube.com/s/player/c0c02e9a/www-player.css,,cfd52c611020fb575d85fc138c1cc172eebdb9bff20d464f90993923cf5cb64b,0
https://www.youtube.com/s/player/c0c02e9a/www-widgetapi.vflset/www-widgetapi.js,,3aeb791f41afb9d7500326010b8852214536360b695c2d0328f4fd265badb21f,0
https://www.youtube.com/s/player/c1c87fb0/player_ias.vflset/en_US/base.js,,506d9a9bfc20ae4705736896673f88e5f882aeffc083e8c3192ef1790ce22e13,0
https://www.youtube.com/s/player/c1c87fb0/player_ias.vflset/en_US/captions.js,,d633d963d3e82f258c2abd97ab25cdf966b400c0b6e33c0e7f69aa2f16b79129,0
https://www.youtube.com/s/player/c1c87fb0/www-player.css,,4a3d9f50726e2dc48728329f15bed529b17e8e1238c784566e6e97a03a710e83,0
https://www.youtube.com/s/player/c1c87fb0/www-widgetapi.vflset/www-widgetapi.js,,11aa7946df12674187e45a29c8a083a30cefb5e625985b2405c1d0fb710e56b2,0
https://www.youtube.com/s/player/c23da62f/player_ias.vflset/en_US/base.js,,975eb82c4ac829d2962b37893ea497174dc942cdfeadf6e4fea937f13f222f2b,0
https://www.youtube.com/s/player/c23da62f/player_ias.vflset/en_US/captions.js,,ca7c8df283065587b0b7fae7863b4299861e3f8a2a4cc4b5edfbc769ba475e9a,0
https://www.youtube.com/s/player/c23da62f/www-player.css,,d3dfa94ecbec10b81490a7b186df4f425bb5dd22f33cabe6ec1e1ef079047fc8,0
https://www.youtube.com/s/player/c23da62f/www-widgetapi.vflset/www-widgetapi.js,,c2dcf46501a48a87a7859596834012e81569a181f7b80bda4d91b04798f84751,0
https://www.youtube.com/s/player/c281516d/player_ias.vflset/en_US/base.js,,d8cdc9540f35b1402140d86e33d148a56b1bd4c1974a85efaaaec2d4651324fa,0
https://www.youtube.com/s/player/c281516d/player_ias.vflset/en_US/captions.js,,f22f21e030c2de3ccff9d39120e1a425e6d8097af6ab6ad3cfea2d4ee24349a9,0
https://www.youtube.com/s/player/c281516d/www-player.css,,946419ed4e47d5a3edabaf88a5b129066ae23346d4d668cdd9a7b7bb0400d0ea,0
https://www.youtube.com/s/player/c281516d/www-widgetapi.vflset/www-widgetapi.js,,b6b18fb0c355a9e4fca44acd186be76ecca76232c4eaa4f2e11ff06026e9c3f4,0
https://www.youtube.com/s/player/c2b286e4/player_ias.vflset/en_US/base.js,,1e16955bda1798614652bad855489515142d21b663fa97f6bcf4ded84699d628,0
https://www.youtube.com/s/player/c2b286e4/player_ias.vflset/en_US/captions.js,,d7f18499da75197defb9bd1e7821f776ef7a51d2d49e08bcc2df412e28a4adb8,0
https://www.youtube.com/s/player/c2b286e4/www-player.css,,d5b344b8a6d0a02864884c9b037f5f11921381cdfbddb2f8a643d1a8cbe9cef8,0
https://www.youtube.com/s/player/c2b286e4/www-widgetapi.vflset/www-widgetapi.js,,9af313ed10b2fb2eb40b7cf476ec0ba74a3babe175e1bfc5d02308aeb54309fd,0
https://www.youtube.com/s/player/c2dd02e1/player_ias.vflset/en_US/base.js,,544d1c1f9a94e97bc3b2772f913c85266fc96668d96b68c25334a14c0aac96ef,0
https://www.youtube.com/s/player/c2dd02e1/player_ias.vflset/en_US/captions.js,,d7f18499da75197defb9bd1e7821f776ef7a51d2d49e08bcc2df412e28a4adb8,0
https://www.youtube.com/s/player/c2dd02e1/www-player.css,,d5b344b8a6d0a02864884c9b037f5f11921381cdfbddb2f8a643d1a8cbe9cef8,0
https://www.youtube.com/s/player/c2dd02e1/www-widgetapi.vflset/www-widgetapi.js,,9af313ed10b2fb2eb40b7cf476ec0ba74a3babe175e1bfc5d02308aeb54309fd,0
https://www.youtube.com/s/player/c2f0d301/player_ias.vflset/en_US/base.js,,d8529d393749504606a289ae732ff4882436da6351768726dcf07bfcfcb88657,0
https://www.youtube.com/s/player/c2f0d301/player_ias.vflset/en_US/captions.js,,7ecb26f9c341b75abc97f730f24e753c559890cce8618d590162d9e075315750,0
https://www.youtube.com/s/player/c2f0d301/www-player.css,,14a39ca2157acf89f00909fa7bec1629d375ff52d44e7016b40e691d8f4b23a8,0
https://www.youtube.com/s/player/c2f0d301/www-widgetapi.vflset/www-widgetapi.js,,9af313ed10b2fb2eb40b7cf476ec0ba74a3babe175e1bfc5d02308aeb54309fd,0
https://www.youtube.com/s/player/c2f7551f/player_ias.vflset/en_US/base.js,,168875c5b7597de4be5fe3449f2f46ae144ce8993b7b984acc8c23a747875ab8,0
https://www.youtube.com/s/player/c2f7551f/player_ias.vflset/en_US/captions.js,,987b7083a993d334425156b801370bd934b80eade3e7792c521bfddbfa13cdf4,0
https://www.youtube.com/s/player/c2f7551f/www-player.css,,e7c8a5055316b32ab0baa115589477ca4edf8a28372005da3ab230c85660d3f4,0
https://www.youtube.com/s/player/c2f7551f/www-widgetapi.vflset/www-widgetapi.js,,9af313ed10b2fb2eb40b7cf476ec0ba74a3babe175e1bfc5d02308aeb54309fd,0
https://www.youtube.com/s/player/c34f8c34/player_ias.vflset/en_US/base.js,,0d76ca253f42f56623e98e9bc7343c8e55b7e0b571cf3a1707ba16c4880923db,0
https://www.youtube.com/s/player/c34f8c34/player_ias.vflset/en_US/captions.js,,0b2ceeb4f11160b6c478ce671b8d49848094272df335b9eb625ed9bb6077583b,0
https://www.youtube.com/s/player/c34f8c34/www-player.css,,7c7eb8252199ec9042290b1044ed1ba5ed8847ee516771bbe6dd27f9f16a608c,0
https://www.youtube.com/s/player/c34f8c34/www-widgetapi.vflset/www-widgetapi.js,,e9abd0d74c5ecca848c706e3f94780a00efc33f66f1a7971ded040458851fd69,0
https://www.youtube.com/s/player/c37d60f8/player_ias.vflset/en_US/base.js,,b02058170205e301ac859d6b08e4fdee49a7dd315f9a4a981a121ed99b828c2c,0
https://www.youtube.com/s/player/c37d60f8/player_ias.vflset/en_US/captions.js,,673e9c34e37a1cc570c0c1c7c6bcc5ac9640f3fe8e43a68ceb275b20b1fdd588,0
https://www.youtube.com/s/player/c37d60f8/www-player.css,,cfd52c611020fb575d85fc138c1cc172eebdb9bff20d464f90993923cf5cb64b,0
https://www.youtube.com/s/player/c37d60f8/www-widgetapi.vflset/www-widgetapi.js,,3aeb791f41afb9d7500326010b8852214536360b695c2d0328f4fd265badb21f,0
https://www.youtube.com/s/player/c38b4eda/player_ias.vflset/en_US/base.js,,ee71084ceed2f7540b751eb96d032a45912dd35d9efa35d6c1f5ae26f53e5922,0
https://www.youtube.com/s/player/c38b4eda/player_ias.vflset/en_US/captions.js,,1986134a1c552fbf513be92f7c128b3d1c95ce9be17acc04a92e8b09d28a8b8c,0
https://www.youtube.com/s/player/c38b4eda/www-player.css,,ca7992e78f5e015470a829868dc51a6e71c2e6eae256695e908b3f9f56e9c1e7,0
https://www.youtube.com/s/player/c38b4eda/www-widgetapi.vflset/www-widgetapi.js,,e9abd0d74c5ecca848c706e3f94780a00efc33f66f1a7971ded040458851fd69,0
https://www.youtube.com/s/player/c3b53a37/player_ias.vflset/en_US/base.js,,9dda85adbd50f490440872388a927112fa6d37dd38678374e68f157e4acec11d,0
https://www.youtube.com/s/player/c3b53a37/player_ias.vflset/en_US/captions.js,,405dff70de7f9e578ae8f6c4becfaa090a4c421a262fe278b36ba61f0eae95bf,0
https://www.youtube.com/s/player/c3b53a37/www-player.css,,074896ef39c6dae734d15f918224a1e0e23c000185e529ecdea29444a9a2070f,0
https://www.youtube.com/s/player/c3b53a37/www-widgetapi.vflset/www-widgetapi.js,,b6b18fb0c355a9e4fca44acd186be76ecca76232c4eaa4f2e11ff06026e9c3f4,0
https://www.youtube.com/s/player/c3edfa37/player_ias.vflset/en_US/base.js,,c0e6d329f3977e84fa63fa7c1d6546ea3dcced2ef150a9c2d9e86d2fe9d160e4,0
https://www.youtube.com/s/player/c3edfa37/player_ias.vflset/en_US/captions.js,,3c4a7359b496acc66385dbc2cc75e06c47cfc67d7ba3ae19eebf15f3b937d413,0
https://www.youtube.com/s/player/c3edfa37/www-player.css,,aed8e79fbe210a9b3e958681a1931b19baa85741b51cabf87b5101e4e0e2cd7b,0
https://www.youtube.com/s/player/c3edfa37/www-widgetapi.vflset/www-widgetapi.js,,9af313ed10b2fb2eb40b7cf476ec0ba74a3babe175e1bfc5d02308aeb54309fd,0
https://www.youtube.com/s/player/c4507267/player_ias.vflset/en_US/base.js,,8e01c236ba02676b50b31972bee1ef65f2577399aeeb8518d146f644ca171655,0
https://www.youtube.com/s/player/c4507267/player_ias.vflset/en_US/captions.js,,8dc918e340df12d7962d8e3c32c4d1c4dd7be9472229a6c13eca3f796ae0e23f,0
https://www.youtube.com/s/player/c4507267/www-player.css,,0d994eb0e617b6087b915cb1bdc2bb56f40826f1b3d182277c0915aedec24671,0
https://www.youtube.com/s/player/c4507267/www-widgetapi.vflset/www-widgetapi.js,,9af313ed10b2fb2eb40b7cf476ec0ba74a3babe175e1bfc5d02308aeb54309fd,0
https://www.youtube.com/s/player/c4f5cc56/player_ias.vflset/en_US/base.js,,352a7bd7281244d59d10ec1ab6bcad79e1944f93689ba08b1e85a71c16ed486e,0
https://www.youtube.com/s/player/c4f5cc56/player_ias.vflset/en_US/captions.js,,1f2a67659bf0d0042a95482517d37ef8a59b5e76acdedd7d8a7c6778569d20a0,0
https://www.youtube.com/s/player/c4f5cc56/www-player.css,,e7c8a5055316b32ab0baa115589477ca4edf8a28372005da3ab230c85660d3f4,0
https://www.youtube.com/s/player/c4f5cc56/www-widgetapi.vflset/www-widgetapi.js,,9af313ed10b2fb2eb40b7cf476ec0ba74a3babe175e1bfc5d02308aeb54309fd,0
https://www.youtube.com/s/player/c5a4a312/player_ias.vflset/en_US/base.js,,860f65ae028e6ee97c464e7b026c8475a9f7ef452a4eae3b1fcab9e8da06d115,0
https://www.youtube.com/s/player/c5a4a312/player_ias.vflset/en_US/captions.js,,518bdd72a508bfe21b1a19bef2c9ec128add52a921e228f77fcba2c2b4efec61,0
https://www.youtube.com/s/player/c5a4a312/www-player.css,,0d994eb0e617b6087b915cb1bdc2bb56f40826f1b3d182277c0915aedec24671,0
https://www.youtube.com/s/player/c5a4a312/www-widgetapi.vflset/www-widgetapi.js,,9af313ed10b2fb2eb40b7cf476ec0ba74a3babe175e1bfc5d02308aeb54309fd,0
https://www.youtube.com/s/player/c5a9b924/player_ias.vflset/en_US/base.js,,6098d4b6b17ff8c0b8df48a5300eb8dd19b4871c29cca1fda6d81c85ed9df972,0
https://www.youtube.com/s/player/c5a9b924/player_ias.vflset/en_US/captions.js,,ce6fe15547a6c2af311ad492ecf56dfd8896f35c2775b394a799cd9f60119273,0
https://www.youtube.com/s/player/c5a9b924/www-player.css,,cfd52c611020fb575d85fc138c1cc172eebdb9bff20d464f90993923cf5cb64b,0
https://www.youtube.com/s/player/c5a9b924/www-widgetapi.vflset/www-widgetapi.js,,3aeb791f41afb9d7500326010b8852214536360b695c2d0328f4fd265badb21f,0
https://www.youtube.com/s/player/c6aa5b85/player_ias.vflset/en_US/base.js,,a68cf256be13ccea97c76f170aed62781772eb481193bda28dba29f73f76bb92,0
https://www.youtube.com/s/player/c6aa5b85/player_ias.vflset/en_US/captions.js,,6b00ec10451206aea36d49226d1b0fed356877b604435cb5bc65b31386f1c99a,0
https://www.youtube.com/s/player/c6aa5b85/www-player.css,,8dd0861016ff7bfa3fa5810d683be16d2e6ab9c70a639428f71a78b39f93b9b9,0
https://www.youtube.com/s/player/c6aa5b85/www-widgetapi.vflset/www-widgetapi.js,,9af313ed10b2fb2eb40b7cf476ec0ba74a3babe175e1bfc5d02308aeb54309fd,0
https://www.youtube.com/s/player/c6d7bdc9/player_ias.vflset/en_US/base.js,,884ddeb6d26d07df08585d5dbb9f85365a1b45671f107403798bfa3926c5d8b1,0
https://www.youtube.com/s/player/c6d7bdc9/player_ias.vflset/en_US/captions.js,,eb0ccbddfd8e0f4fdb1b490bdb7680853b0ef1db9cc672896cfc9b6e50c44afc,0
https://www.youtube.com/s/player/c6d7bdc9/www-player.css,,fee83c4714630482ba6749f188d157b619d86b6326d5e93ba3ffe4273d4e64b4,0
https://www.youtube.com/s/player/c6d7bdc9/www-widgetapi.vflset/www-widgetapi.js,,11aa7946df12674187e45a29c8a083a30cefb5e625985b2405c1d0fb710e56b2,0
https://www.youtube.com/s/player/c6e9bca4/player_ias.vflset/en_US/base.js,,b5ba3e1fa655bbc382093f6db4882ad3f65eb3fa95f02717e1218da60907eb3a,0
https://www.youtube.com/s/player/c6e9bca4/player_ias.vflset/en_US/captions.js,,6db1ac81b7813adc75ff7164a4d3e8ddf31f4fd30e3980f9b99abdd985a6aaa0,0
https://www.youtube.com/s/player/c6e9bca4/www-player.css,,1074e75f7621bc7e5e6c75ffbeea96f6fa9f266029361ba4124dd4d3baa69fef,0
https://www.youtube.com/s/player/c6e9bca4/www-widgetapi.vflset/www-widgetapi.js,,9af313ed10b2fb2eb40b7cf476ec0ba74a3babe175e1bfc5d02308aeb54309fd,0
https://www.youtube.com/s/player/c7119fda/player_ias.vflset/en_US/base.js,,2571993e30c0260f204eb36e6e7c32ef651fc75f67ae87491f093bef231489d5,0
https://www.youtube.com/s/player/c7119fda/player_ias.vflset/en_US/captions.js,,5fabe543cc167364b260d11aa97ba686a8baa7205b62364172085d3d901ff707,0
https://www.youtube.com/s/player/c7119fda/www-player.css,,cfd52c611020fb575d85fc138c1cc172eebdb9bff20d464f90993923cf5cb64b,0
https://www.youtube.com/s/player/c7119fda/www-widgetapi.vflset/www-widgetapi.js,,9af313ed10b2fb2eb40b7cf476ec0ba74a3babe175e1bfc5d02308aeb54309fd,0
https://www.youtube.com/s/player/c72d3621/player_ias.vflset/en_US/base.js,,2d9df78338fef4c2ab218b7912e3869c83c8a4867020e16bdbbb5d552a36883f,0
https://www.youtube.com/s/player/c72d3621/player_ias.vflset/en_US/captions.js,,987b7083a993d334425156b801370bd934b80eade3e7792c521bfddbfa13cdf4,0
https://www.youtube.com/s/player/c72d3621/www-player.css,,e7c8a5055316b32ab0baa115589477ca4edf8a28372005da3ab230c85660d3f4,0
https://www.youtube.com/s/player/c72d3621/www-widgetapi.vflset/www-widgetapi.js,,9af313ed10b2fb2eb40b7cf476ec0ba74a3babe175e1bfc5d02308aeb54309fd,0
https://www.youtube.com/s/player/c74cbcd6/player_ias.vflset/en_US/base.js,,64c1c5b422832099b8b10957ef8fb8570bbd60a9f4637654367cdaa98cc586c1,0
https://www.youtube.com/s/player/c74cbcd6/player_ias.vflset/en_US/captions.js,,42321ed1ac8b8c01573146589bd02fe0852653542084227467b774db4a107e1b,0
https://www.youtube.com/s/player/c74cbcd6/www-player.css,,ed75e47b996f41da27d3aa3997bf0f0d632a4d02cefbe8572870acb51e4ed891,0
https://www.youtube.com/s/player/c74cbcd6/www-widgetapi.vflset/www-widgetapi.js,,3aeb791f41afb9d7500326010b8852214536360b695c2d0328f4fd265badb21f,0
https://www.youtube.com/s/player/c7c1953f/player_ias.vflset/en_US/base.js,,8dbf50b2dd6eaf3e5a31e79f01f1ab12292689e2881952235a363f9599360001,0
https://www.youtube.com/s/player/c7c1953f/player_ias.vflset/en_US/captions.js,,228e57ff04cff9eb1cefe86e9c8eae6438a6806cf66d36b886c444d7596ec5c1,0
https://www.youtube.com/s/player/c7c1953f/www-player.css,,bb2ee0639d3d01fff4688a439d42f088babfba9c20ed207d4b1d6f2fc0224107,0
https://www.youtube.com/s/player/c7c1953f/www-widgetapi.vflset/www-widgetapi.js,,9af313ed10b2fb2eb40b7cf476ec0ba74a3babe175e1bfc5d02308aeb54309fd,0
https://www.youtube.com/s/player/c80790c5/player_ias.vflset/en_US/base.js,,7fe1d9253997deb4aacdf750cdbb5c5e62ad0525b5ea3da714339a99ee93235e,0
https://www.youtube.com/s/player/c80790c5/player_ias.vflset/en_US/captions.js,,d332f267cc5664e8f98760ecb7b6d7d8b1c86d0f75f6db92642269d4011529b4,0
https://www.youtube.com/s/player/c80790c5/www-player.css,,0f06514546f3f8ea7418db5a1a3d5418c5297bee86320633848bf00343c051ad,0
https://www.youtube.com/s/player/c80790c5/www-widgetapi.vflset/www-widgetapi.js,,11aa7946df12674187e45a29c8a083a30cefb5e625985b2405c1d0fb710e56b2,0
https://www.youtube.com/s/player/c80bf7e2/player_ias.vflset/en_US/base.js,,95bcaeb8ffb3b3603891ceceabdbe39c2d76318a4bec02ef444a0fc1ba70f513,0
https://www.youtube.com/s/player/c80bf7e2/player_ias.vflset/en_US/captions.js,,c6c9101692500af9e38fd73c19ec5aff0d3af7405c10e9dc430bbc3245ba452b,0
https://www.youtube.com/s/player/c80bf7e2/www-player.css,,921b6856085a224b1ca2e5db139b1788c01d4dd1e70daca7006b6a7b381bdae1,0
https://www.youtube.com/s/player/c80bf7e2/www-widgetapi.vflset/www-widgetapi.js,,3aeb791f41afb9d7500326010b8852214536360b695c2d0328f4fd265badb21f,0
https://www.youtube.com/s/player/c816c7d8/player_ias.vflset/en_US/base.js,,0b16715b64ac96189f823d1eb4b30c19ce0629151fd16891a132687fb091f5a2,0
https://www.youtube.com/s/player/c816c7d8/player_ias.vflset/en_US/captions.js,,a3231cf751c830642392e679313f712310de60f2f29d189d595b50c78eb59b7e,0
https://www.youtube.com/s/player/c816c7d8/www-player.css,,89e6eaf6c8f65789f97bfa5c5bbc9c4be5820dbe5bad21a6f50ab4c885847a7b,0
https://www.youtube.com/s/player/c816c7d8/www-widgetapi.vflset/www-widgetapi.js,,11aa7946df12674187e45a29c8a083a30cefb5e625985b2405c1d0fb710e56b2,0
https://www.youtube.com/s/player/c81e9886/player_ias.vflset/en_US/base.js,,f071870d1cecfc3ff2e4c7f8d470a5a183bf5cc8d1dba2468f1571332f7a0fbd,0
https://www.youtube.com/s/player/c81e9886/player_ias.vflset/en_US/captions.js,,0643a3c6088955ba0edba24282117825eaed2cce0140532029f7c87a4d048269,0
https://www.youtube.com/s/player/c81e9886/www-player.css,,cfd52c611020fb575d85fc138c1cc172eebdb9bff20d464f90993923cf5cb64b,0
https://www.youtube.com/s/player/c81e9886/www-widgetapi.vflset/www-widgetapi.js,,3aeb791f41afb9d7500326010b8852214536360b695c2d0328f4fd265badb21f,0
https://www.youtube.com/s/player/c90e7b12/player_ias.vflset/en_US/base.js,,0c852047cad141e60c2baa25b3ce2468b527e9dd2f081e1bf9ba10cebdec0cc6,0
https://www.youtube.com/s/player/c90e7b12/player_ias.vflset/en_US/captions.js,,86a6cf8f15b4e8f8a9514c453381427aaf346f899ec62d1f5780f03d1a7b5820,0
https://www.youtube.com/s/player/c90e7b12/www-player.css,,d3dfa94ecbec10b81490a7b186df4f425bb5dd22f33cabe6ec1e1ef079047fc8,0
https://www.youtube.com/s/player/c90e7b12/www-widgetapi.vflset/www-widgetapi.js,,c2dcf46501a48a87a7859596834012e81569a181f7b80bda4d91b04798f84751,0
https://www.youtube.com/s/player/c9168c90/player_ias.vflset/en_US/base.js,,6c0f4fd09cc0880ea1bcde31493ed189d925cea9afc304815ff7292812d9869e,0
https://www.youtube.com/s/player/c9168c90/player_ias.vflset/en_US/captions.js,,d40bac6d02ce8e40b68daaf1f57130b3ec9081da338a21ffb853a9d6aa75f232,0
https://www.youtube.com/s/player/c9168c90/www-player.css,,4a3d9f50726e2dc48728329f15bed529b17e8e1238c784566e6e97a03a710e83,0
https://www.youtube.com/s/player/c9168c90/www-widgetapi.vflset/www-widgetapi.js,,172690ab0ba286f1ef866d9c58a39e5402e69eaa89c9479333728e6a801a64d2,0
https://www.youtube.com/s/player/c954e338/player_ias.vflset/en_US/base.js,,e5b92604d19c753cc046f2476b65e1f6d36dafd342e1771972b905181fe3ec83,0
https://www.youtube.com/s/player/c954e338/player_ias.vflset/en_US/captions.js,,b92a04a858ee6655ae5753fbcd26e443957aa0633ada8c48d63ee1aa8464a4bf,0
https://www.youtube.com/s/player/c954e338/www-player.css,,4501bc83f7fe6c0de41512e5f91fcf9457f7a8a3aab18e3c38973eb6a6ae0b55,0
https://www.youtube.com/s/player/c954e338/www-widgetapi.vflset/www-widgetapi.js,,3aeb791f41afb9d7500326010b8852214536360b695c2d0328f4fd265badb21f,0
https://www.youtube.com/s/player/c9ede538/player_ias.vflset/en_US/base.js,,acd18ec3260780043c972285da41c9563b52030ab29e02abfb93c997da1ff12f,0
https://www.youtube.com/s/player/c9ede538/player_ias.vflset/en_US/captions.js,,16b4f3137d512db840e5ac5dfeaed91d47642da26019c412e74611aad6f7c95f,0
https://www.youtube.com/s/player/c9ede538/www-player.css,,d5b344b8a6d0a02864884c9b037f5f11921381cdfbddb2f8a643d1a8cbe9cef8,0
https://www.youtube.com/s/player/c9ede538/www-widgetapi.vflset/www-widgetapi.js,,9af313ed10b2fb2eb40b7cf476ec0ba74a3babe175e1bfc5d02308aeb54309fd,0
https://www.youtube.com/s/player/ca042962/player_ias.vflset/en_US/base.js,,c37e6dcc07e797157833976bd8d6a5581f98565f25ce9d77e47257da70fe0006,0
https://www.youtube.com/s/player/ca042962/player_ias.vflset/en_US/captions.js,,b92a04a858ee6655ae5753fbcd26e443957aa0633ada8c48d63ee1aa8464a4bf,0
https://www.youtube.com/s/player/ca042962/www-player.css,,4501bc83f7fe6c0de41512e5f91fcf9457f7a8a3aab18e3c38973eb6a6ae0b55,0
https://www.youtube.com/s/player/ca042962/www-widgetapi.vflset/www-widgetapi.js,,3aeb791f41afb9d7500326010b8852214536360b695c2d0328f4fd265badb21f,0
https://www.youtube.com/s/player/ca8b6ef4/player_ias.vflset/en_US/base.js,,0c9879e00a8fede4e63998ef7257f59ce9f4dcea2fe671f2b82d1fe2893825df,0
https://www.youtube.com/s/player/ca8b6ef4/player_ias.vflset/en_US/captions.js,,7d053d78478af5834cfe8fcd3677e60f1878efb3a2c73c5f5f6c02ff4645763f,0
https://www.youtube.com/s/player/ca8b6ef4/www-player.css,,1074e75f7621bc7e5e6c75ffbeea96f6fa9f266029361ba4124dd4d3baa69fef,0
https://www.youtube.com/s/player/ca8b6ef4/www-widgetapi.vflset/www-widgetapi.js,,9af313ed10b2fb2eb40b7cf476ec0ba74a3babe175e1bfc5d02308aeb54309fd,0
https://www.youtube.com/s/player/cb017549/player_ias.vflset/en_US/base.js,,f1e42bbe7f76194b2d42325b8ab2e7308e2e91fdb2804f1f6abe781ed1490dc8,0
https://www.youtube.com/s/player/cb017549/player_ias.vflset/en_US/captions.js,,23bdfacd12ad9bd2a7b39a727c1548897e04cdcf21b1960647a08a7c55d1fe05,0
https://www.youtube.com/s/player/cb017549/www-player.css,,14a39ca2157acf89f00909fa7bec1629d375ff52d44e7016b40e691d8f4b23a8,0
https://www.youtube.com/s/player/cb017549/www-widgetapi.vflset/www-widgetapi.js,,9af313ed10b2fb2eb40b7cf476ec0ba74a3babe175e1bfc5d02308aeb54309fd,0
https://www.youtube.com/s/player/cb0c1314/player_ias.vflset/en_US/base.js,,012f177c9d334df1649cf566170ab9e5a18e9def47e4c183fc712920faf859a2,0
https://www.youtube.com/s/player/cb0c1314/player_ias.vflset/en_US/captions.js,,595e4e44900270565fe81d84d769950ee8c8bb64f97b7a11876a8c24a7efab78,0
https://www.youtube.com/s/player/cb0c1314/www-player.css,,cfd52c611020fb575d85fc138c1cc172eebdb9bff20d464f90993923cf5cb64b,0
https://www.youtube.com/s/player/cb0c1314/www-widgetapi.vflset/www-widgetapi.js,,3aeb791f41afb9d7500326010b8852214536360b695c2d0328f4fd265badb21f,0
https://www.youtube.com/s/player/cb975c6f/player_ias.vflset/en_US/base.js,,69c54af8c1059ce684061cade60114bded0e402d452b5a64bfea9c92529aeefe,0
https://www.youtube.com/s/player/cb975c6f/player_ias.vflset/en_US/captions.js,,88b751f3bed373551e097b30689132a33a704dfb763bfb6684b1a89264c45ff7,0
https://www.youtube.com/s/player/cb975c6f/www-player.css,,644559b7590cf725119fd0ab8ed45a236d0faf9751693abb303038d7c349d2b2,0
https://www.youtube.com/s/player/cb975c6f/www-widgetapi.vflset/www-widgetapi.js,,11aa7946df12674187e45a29c8a083a30cefb5e625985b2405c1d0fb710e56b2,0
https://www.youtube.com/s/player/cbad65aa/player_ias.vflset/en_US/base.js,,5872f16d95742d3bbce6a5620fcc55c33b13f1d79e05eadca12f8f08e482dba7,0
https://www.youtube.com/s/player/cbad65aa/player_ias.vflset/en_US/captions.js,,ba383fb3cb3f962e8c2b7325c9695c7623d5bf9033445b1713ee6f8e8a8c03fb,0
https://www.youtube.com/s/player/cbad65aa/www-player.css,,bb2ee0639d3d01fff4688a439d42f088babfba9c20ed207d4b1d6f2fc0224107,0
https://www.youtube.com/s/player/cbad65aa/www-widgetapi.vflset/www-widgetapi.js,,9af313ed10b2fb2eb40b7cf476ec0ba74a3babe175e1bfc5d02308aeb54309fd,0
https://www.youtube.com/s/player/cd78997d/player_ias.vflset/en_US/base.js,,0cec3b4001a1ae253c1ec9050ca7c239b9010a4ea7d5fe6f9c9ca05c060740e0,0
https://www.youtube.com/s/player/cd78997d/player_ias.vflset/en_US/captions.js,,77205be45419c1e10296af189878f0975ebc492d998da12ef737a236150609df,0
https://www.youtube.com/s/player/cd78997d/www-player.css,,aed8e79fbe210a9b3e958681a1931b19baa85741b51cabf87b5101e4e0e2cd7b,0
https://www.youtube.com/s/player/cd78997d/www-widgetapi.vflset/www-widgetapi.js,,9af313ed10b2fb2eb40b7cf476ec0ba74a3babe175e1bfc5d02308aeb54309fd,0
https://www.youtube.com/s/player/ce167ec0/player_ias.vflset/en_US/base.js,,a5b04369d3a9aeb258b5264ad5e1c928662944ed27b9ffd163eaa9f2b6a2ca86,0
https://www.youtube.com/s/player/ce167ec0/player_ias.vflset/en_US/captions.js,,7845040453029d97df5029f28dbdba7ba2947c5876ddba10f662fc77e80d883c,0
https://www.youtube.com/s/player/ce167ec0/www-player.css,,6503becd8abddddc2a7cf3e598efe9f7aca089bf56f4a497624c8839845453fd,0
https://www.youtube.com/s/player/ce167ec0/www-widgetapi.vflset/www-widgetapi.js,,c2dcf46501a48a87a7859596834012e81569a181f7b80bda4d91b04798f84751,0
https://www.youtube.com/s/player/ce44be02/player_ias.vflset/en_US/base.js,,d9a3a2098de5b86db1c7825724b145bca41b6ffee03f948cd6388be99759291a,0
https://www.youtube.com/s/player/ce44be02/player_ias.vflset/en_US/captions.js,,404c7493cdb56b5b235e7e3b011a73e5de1a3bfc3273b2426d9485bd8c9f54ab,0
https://www.youtube.com/s/player/ce44be02/www-player.css,,e7c8a5055316b32ab0baa115589477ca4edf8a28372005da3ab230c85660d3f4,0
https://www.youtube.com/s/player/ce44be02/www-widgetapi.vflset/www-widgetapi.js,,9af313ed10b2fb2eb40b7cf476ec0ba74a3babe175e1bfc5d02308aeb54309fd,0
https://www.youtube.com/s/player/ce48a839/player_ias.vflset/en_US/base.js,,99e7181dc1993b0415a2e17de72b8ec3d04094835ec5006008e136487f1e0031,0
https://www.youtube.com/s/player/ce48a839/player_ias.vflset/en_US/captions.js,,b92a04a858ee6655ae5753fbcd26e443957aa0633ada8c48d63ee1aa8464a4bf,0
https://www.youtube.com/s/player/ce48a839/www-player.css,,4501bc83f7fe6c0de41512e5f91fcf9457f7a8a3aab18e3c38973eb6a6ae0b55,0
https://www.youtube.com/s/player/ce48a839/www-widgetapi.vflset/www-widgetapi.js,,3aeb791f41afb9d7500326010b8852214536360b695c2d0328f4fd265badb21f,0
https://www.youtube.com/s/player/ce74690f/player_ias.vflset/en_US/base.js,,face5ef429008272af989b9b8e87ec2424a9cfa410f1eb824186fd50d5869d21,0
https://www.youtube.com/s/player/ce74690f/player_ias.vflset/en_US/captions.js,,3db06560ec17a6b46c6ae483ca978f759ff8f2cff4ce82997e219e5b1a8000e9,0
https://www.youtube.com/s/player/ce74690f/www-player.css,,d5b344b8a6d0a02864884c9b037f5f11921381cdfbddb2f8a643d1a8cbe9cef8,0
https://www.youtube.com/s/player/ce74690f/www-widgetapi.vflset/www-widgetapi.js,,9af313ed10b2fb2eb40b7cf476ec0ba74a3babe175e1bfc5d02308aeb54309fd,0
https://www.youtube.com/s/player/ce945a2b/player_ias.vflset/en_US/base.js,,64b93d902ebc9683ba79420bd8d7c2ef01360547e3e74655d8b48edc08f4d1f2,0
https://www.youtube.com/s/player/ce945a2b/player_ias.vflset/en_US/captions.js,,7553ed54514eb206707f704cf04b0a7f4d816dd78dd4117f426a39da8c64c537,0
https://www.youtube.com/s/player/ce945a2b/www-player.css,,e73a47994fe46c3ca05cd3ef31752f0ad98c50d05aa83925177ae0d422d4e202,0
https://www.youtube.com/s/player/ce945a2b/www-widgetapi.vflset/www-widgetapi.js,,e9abd0d74c5ecca848c706e3f94780a00efc33f66f1a7971ded040458851fd69,0
https://www.youtube.com/s/player/ce9835fa/player_ias.vflset/en_US/base.js,,3d3603a60acc75b104f7f311e31fca6482ed3a021236577ac1511d630f9a263f,0
https://www.youtube.com/s/player/ce9835fa/player_ias.vflset/en_US/captions.js,,5255ccf67be175d2988a431bbfd974b2b393e4bf128b53be0516fb675ae9e9c2,0
https://www.youtube.com/s/player/ce9835fa/www-player.css,,921b6856085a224b1ca2e5db139b1788c01d4dd1e70daca7006b6a7b381bdae1,0
https://www.youtube.com/s/player/ce9835fa/www-widgetapi.vflset/www-widgetapi.js,,3aeb791f41afb9d7500326010b8852214536360b695c2d0328f4fd265badb21f,0
https://www.youtube.com/s/player/cebb413d/player_ias.vflset/en_US/base.js,,143a7bcccf1843d2fdff92a1993bad09b3680097a847be9317858903a49e248f,0
https://www.youtube.com/s/player/cebb413d/player_ias.vflset/en_US/captions.js,,da868cb9d5f0840c5083d2316dbeb6de3fcea4759c60990dca250efd0031fad4,0
https://www.youtube.com/s/player/cebb413d/www-player.css,,e73a47994fe46c3ca05cd3ef31752f0ad98c50d05aa83925177ae0d422d4e202,0
https://www.youtube.com/s/player/cebb413d/www-widgetapi.vflset/www-widgetapi.js,,e9abd0d74c5ecca848c706e3f94780a00efc33f66f1a7971ded040458851fd69,0
https://www.youtube.com/s/player/cf382d84/player_ias.vflset/en_US/base.js,,906c3f64ad3a0048440a1151f91235314d3f38895989c2306d3a0a4808933ae2,0
https://www.youtube.com/s/player/cf382d84/player_ias.vflset/en_US/captions.js,,5deed52b742788a5e9223cbf091dda6fb8df87f37fa163596116edfbaae79a1e,0
https://www.youtube.com/s/player/cf382d84/www-player.css,,921b6856085a224b1ca2e5db139b1788c01d4dd1e70daca7006b6a7b381bdae1,0
https://www.youtube.com/s/player/cf382d84/www-widgetapi.vflset/www-widgetapi.js,,3aeb791f41afb9d7500326010b8852214536360b695c2d0328f4fd265badb21f,0
https://www.youtube.com/s/player/d01789b5/player_ias.vflset/en_US/base.js,,bd4a28868d81eec9c511745088584f6697396b79af5543971d8fcd6a114a443a,0
https://www.youtube.com/s/player/d01789b5/player_ias.vflset/en_US/captions.js,,16df229fb67a25d1954a96802d8b616e29ad194db24bc90b4cc55cff62ab2ae0,0
https://www.youtube.com/s/player/d01789b5/www-player.css,,d3dfa94ecbec10b81490a7b186df4f425bb5dd22f33cabe6ec1e1ef079047fc8,0
https://www.youtube.com/s/player/d01789b5/www-widgetapi.vflset/www-widgetapi.js,,c2dcf46501a48a87a7859596834012e81569a181f7b80bda4d91b04798f84751,0
https://www.youtube.com/s/player/d02d9f24/player_ias.vflset/en_US/base.js,,b5ead072f4b3f0d6c57da7c9430e69ccabf2b3bc2cefd981be6de4bbfb02414f,0
https://www.youtube.com/s/player/d02d9f24/player_ias.vflset/en_US/captions.js,,7f9fcb995245844092c82fddb5c03d751c3f91b9f4eaa6eaacbf2761f2c324b8,0
https://www.youtube.com/s/player/d02d9f24/www-player.css,,cfd52c611020fb575d85fc138c1cc172eebdb9bff20d464f90993923cf5cb64b,0
https://www.youtube.com/s/player/d02d9f24/www-widgetapi.vflset/www-widgetapi.js,,3aeb791f41afb9d7500326010b8852214536360b695c2d0328f4fd265badb21f,0
https://www.youtube.com/s/player/d0343706/player_ias.vflset/en_US/base.js,,a1b81eb89ce97d7304a7eff2f1094e603858acdf56569a207830e4490f7e2e94,0
https://www.youtube.com/s/player/d0343706/player_ias.vflset/en_US/captions.js,,092eb5883908fcf22f8a9f113ee67f095ee48dbce5c196016bb3d18573af0e84,0
https://www.youtube.com/s/player/d0343706/www-player.css,,921b6856085a224b1ca2e5db139b1788c01d4dd1e70daca7006b6a7b381bdae1,0
https://www.youtube.com/s/player/d0343706/www-widgetapi.vflset/www-widgetapi.js,,3aeb791f41afb9d7500326010b8852214536360b695c2d0328f4fd265badb21f,0
https://www.youtube.com/s/player/d03787ac/player_ias.vflset/en_US/base.js,,ae0613b5f59f68336993fcadbd5c748ac9af9d80d701b24a057a0057e382b445,0
https://www.youtube.com/s/player/d03787ac/player_ias.vflset/en_US/captions.js,,da4841ac4e1cb35716be30ba994e04f7e41c282b45f24f30f788003197695a3b,0
https://www.youtube.com/s/player/d03787ac/www-player.css,,95c98e1ed98fae9a5a035a4d7c2d8462ba361bffe42c96395f8f563070cddb77,0
https://www.youtube.com/s/player/d03787ac/www-widgetapi.vflset/www-widgetapi.js,,11aa7946df12674187e45a29c8a083a30cefb5e625985b2405c1d0fb710e56b2,0
https://www.youtube.com/s/player/d0dfba13/player_ias.vflset/en_US/base.js,,c6600f8ef26d180940e343d77c93600855aa26067d52a358e3afff1b8be4734e,0
https://www.youtube.com/s/player/d0dfba13/player_ias.vflset/en_US/captions.js,,b5a6260a8f271ca084339a427f6b432528422dbef1e2c31e970968919e70b648,0
https://www.youtube.com/s/player/d0dfba13/www-player.css,,6f25e841296950467517ec8bccba0ffd052a386d6ac8d893aeaba5edf84aca42,0
https://www.youtube.com/s/player/d0dfba13/www-widgetapi.vflset/www-widgetapi.js,,9af313ed10b2fb2eb40b7cf476ec0ba74a3babe175e1bfc5d02308aeb54309fd,0
https://www.youtube.com/s/player/d109b9c2/player_ias.vflset/en_US/base.js,,6331a4435f02e517d25b66a0cac713652baf1924485e643cdbd22a3bebd6ee70,0
https://www.youtube.com/s/player/d109b9c2/player_ias.vflset/en_US/captions.js,,d3395c4617bc6c7cd2917f41bbe2d5369a9962033a02a9934a24bb0072f88873,0
https://www.youtube.com/s/player/d109b9c2/www-player.css,,6503becd8abddddc2a7cf3e598efe9f7aca089bf56f4a497624c8839845453fd,0
https://www.youtube.com/s/player/d109b9c2/www-widgetapi.vflset/www-widgetapi.js,,c2dcf46501a48a87a7859596834012e81569a181f7b80bda4d91b04798f84751,0
https://www.youtube.com/s/player/d11f06d8/player_ias.vflset/en_US/base.js,,21940da4b9182c279523d9f40e22eaf77a2dd258ea7e2f1e34f9c48becd3e588,0
https://www.youtube.com/s/player/d11f06d8/player_ias.vflset/en_US/captions.js,,1e16489ef423991910633b6701e84f863751e1d233e332e852e895a1b87c4745,0
https://www.youtube.com/s/player/d11f06d8/www-player.css,,0d994eb0e617b6087b915cb1bdc2bb56f40826f1b3d182277c0915aedec24671,0
https://www.youtube.com/s/player/d11f06d8/www-widgetapi.vflset/www-widgetapi.js,,9af313ed10b2fb2eb40b7cf476ec0ba74a3babe175e1bfc5d02308aeb54309fd,0
https://www.youtube.com/s/player/d138a901/player_ias.vflset/en_US/base.js,,3ff9255c43ffe876d84fcc95ec5fc7057e9ac13c3fe858fabe420fab8e9b5740,0
https://www.youtube.com/s/player/d138a901/player_ias.vflset/en_US/captions.js,,ba383fb3cb3f962e8c2b7325c9695c7623d5bf9033445b1713ee6f8e8a8c03fb,0
https://www.youtube.com/s/player/d138a901/www-player.css,,bb2ee0639d3d01fff4688a439d42f088babfba9c20ed207d4b1d6f2fc0224107,0
https://www.youtube.com/s/player/d138a901/www-widgetapi.vflset/www-widgetapi.js,,9af313ed10b2fb2eb40b7cf476ec0ba74a3babe175e1bfc5d02308aeb54309fd,0
https://www.youtube.com/s/player/d16e5875/player_ias.vflset/en_US/base.js,,531c3eeb1e483258f30d6dabbe2429e0c232337c21f1eb8fb90312f33d3ba722,0
https://www.youtube.com/s/player/d16e5875/player_ias.vflset/en_US/captions.js,,847270012ca955be3eda6aadb7a4c8c67554b8efcb77b46649356da8292556e1,0
https://www.youtube.com/s/player/d16e5875/www-player.css,,ed75e47b996f41da27d3aa3997bf0f0d632a4d02cefbe8572870acb51e4ed891,0
https://www.youtube.com/s/player/d16e5875/www-widgetapi.vflset/www-widgetapi.js,,b6b18fb0c355a9e4fca44acd186be76ecca76232c4eaa4f2e11ff06026e9c3f4,0
https://www.youtube.com/s/player/d269c2ae/player_ias.vflset/en_US/base.js,,78ba0a93ddacde1aa05c7e34515bc73c1b521e0f2ed3d81643f3533237f6b895,0
https://www.youtube.com/s/player/d269c2ae/player_ias.vflset/en_US/captions.js,,779ba266e3e5b6fd61fb30536d79046b19b54b6e40e147032ac37a82f8674aca,0
https://www.youtube.com/s/player/d269c2ae/www-player.css,,074896ef39c6dae734d15f918224a1e0e23c000185e529ecdea29444a9a2070f,0
https://www.youtube.com/s/player/d269c2ae/www-widgetapi.vflset/www-widgetapi.js,,b6b18fb0c355a9e4fca44acd186be76ecca76232c4eaa4f2e11ff06026e9c3f4,0
https://www.youtube.com/s/player/d2972ab1/player_ias.vflset/en_US/base.js,,b1619076fb5b7b7e091cdb9ce6f102f4b0b5437ed8818d87e29de5ee90af8bae,0
https://www.youtube.com/s/player/d2972ab1/player_ias.vflset/en_US/captions.js,,6283eecf4d2d02263ce6ba2efd7130bb57495594e82c3207fb6b82fdfbeeb4af,0
https://www.youtube.com/s/player/d2972ab1/www-player.css,,8345f5d06b1e06a8dcf60075eee7e564059f238a85eb6f34b6ce41fab50ce074,0
https://www.youtube.com/s/player/d2972ab1/www-widgetapi.vflset/www-widgetapi.js,,3aeb791f41afb9d7500326010b8852214536360b695c2d0328f4fd265badb21f,0
https://www.youtube.com/s/player/d396ac15/player_ias.vflset/en_US/base.js,,180f4a0f4cf468e65fbe2303cb0c7abfa79e551bf49caa50f9795ccb7626192b,0
https://www.youtube.com/s/player/d396ac15/player_ias.vflset/en_US/captions.js,,480767b3413cd9033feda74d6cac3015cf84280b40659e7187f98a41c1c8f215,0
https://www.youtube.com/s/player/d396ac15/www-player.css,,ca7992e78f5e015470a829868dc51a6e71c2e6eae256695e908b3f9f56e9c1e7,0
https://www.youtube.com/s/player/d396ac15/www-widgetapi.vflset/www-widgetapi.js,,e9abd0d74c5ecca848c706e3f94780a00efc33f66f1a7971ded040458851fd69,0
https://www.youtube.com/s/player/d46d9f81/player_ias.vflset/en_US/base.js,,cecfbc247781f4f0d7197f38da525fc813e0a9556531c947475854412654f8cf,0
https://www.youtube.com/s/player/d46d9f81/player_ias.vflset/en_US/captions.js,,55abda41fda6e108352dabbdd87e78762fcafafb50b191f82b4d7c2fd026e213,0
https://www.youtube.com/s/player/d46d9f81/www-player.css,,7c7eb8252199ec9042290b1044ed1ba5ed8847ee516771bbe6dd27f9f16a608c,0
https://www.youtube.com/s/player/d46d9f81/www-widgetapi.vflset/www-widgetapi.js,,e9abd0d74c5ecca848c706e3f94780a00efc33f66f1a7971ded040458851fd69,0
https://www.youtube.com/s/player/d4919386/player_ias.vflset/en_US/base.js,,7f04217a44b30785912714a7262df8e4480ff8313f3c12bfc2a38bce197f747f,0
https://www.youtube.com/s/player/d4919386/player_ias.vflset/en_US/captions.js,,c698bc0297810acd3054d9604cacfb37293ff5703e70b2d110ab64ad83ae6522,0
https://www.youtube.com/s/player/d4919386/www-player.css,,4501bc83f7fe6c0de41512e5f91fcf9457f7a8a3aab18e3c38973eb6a6ae0b55,0
https://www.youtube.com/s/player/d4919386/www-widgetapi.vflset/www-widgetapi.js,,3aeb791f41afb9d7500326010b8852214536360b695c2d0328f4fd265badb21f,0
https://www.youtube.com/s/player/d5378f3e/player_ias.vflset/en_US/base.js,,954454eccd87a9371f3b7962291be57e08681c71421975e92a2714a15f98f1e9,0
https://www.youtube.com/s/player/d5378f3e/player_ias.vflset/en_US/captions.js,,1cd3355845faaff63726e50167b7f039be9cb87b2c444695fabf6ebe2ef76aa5,0
https://www.youtube.com/s/player/d5378f3e/www-player.css,,ed75e47b996f41da27d3aa3997bf0f0d632a4d02cefbe8572870acb51e4ed891,0
https://www.youtube.com/s/player/d5378f3e/www-widgetapi.vflset/www-widgetapi.js,,3aeb791f41afb9d7500326010b8852214536360b695c2d0328f4fd265badb21f,0
https://www.youtube.com/s/player/d5541cec/player_ias.vflset/en_US/base.js,,96e7944e715e13ca9a8f6fc74a64e6347d77292f773ae6db734afe4e8113b308,0
https://www.youtube.com/s/player/d5541cec/player_ias.vflset/en_US/captions.js,,e8d7962f3b7633a90bb267e8bc7db0649362270e99e6c016be8c0c0126840fb6,0
https://www.youtube.com/s/player/d5541cec/www-player.css,,d84a7a9cede27c144c059863a14188a79870815abcf8f4e88ec746c5873e205f,0
https://www.youtube.com/s/player/d5541cec/www-widgetapi.vflset/www-widgetapi.js,,11aa7946df12674187e45a29c8a083a30cefb5e625985b2405c1d0fb710e56b2,0
https://www.youtube.com/s/player/d5680046/player_ias.vflset/en_US/base.js,,d27a60da2769244f82c8baafaffc274fe06a9ce9142def5e9ba37ecd91fb81fd,0
https://www.youtube.com/s/player/d5680046/player_ias.vflset/en_US/captions.js,,8fb8fcc379d496dfeaaa88dbb99bc1ccdda476af3655576895058752caacdf6a,0
https://www.youtube.com/s/player/d5680046/www-player.css,,774b08660c0a88d4f4516afc5b6eb8809a87581871371bcdab9648178897276d,0
https://www.youtube.com/s/player/d5680046/www-widgetapi.vflset/www-widgetapi.js,,c2dcf46501a48a87a7859596834012e81569a181f7b80bda4d91b04798f84751,0
https://www.youtube.com/s/player/d59a879c/player_ias.vflset/en_US/base.js,,645b7b622bb1c7dfe36af0fd35e381a67abc8fd404a433f80c871574b474b397,0
https://www.youtube.com/s/player/d59a879c/player_ias.vflset/en_US/captions.js,,bb9b54f9e1295e6c959ca9d632b8d4f111a71e1a33b237d7bba9e16a8087f200,0
https://www.youtube.com/s/player/d59a879c/www-player.css,,7aca61589965311619d927da66c4fd6c266bfd5a9a263a5cd203e935270a4428,0
https://www.youtube.com/s/player/d59a879c/www-widgetapi.vflset/www-widgetapi.js,,3aeb791f41afb9d7500326010b8852214536360b695c2d0328f4fd265badb21f,0
https://www.youtube.com/s/player/d5f789e7/player_ias.vflset/en_US/base.js,,d3b224cab512b3374ab9d2a083943bea4b94833b368965cddf976e996dea6b15,0
https://www.youtube.com/s/player/d5f789e7/player_ias.vflset/en_US/captions.js,,b2e6d1d81b4aec6861230e4a67be1f26917d4b45874994f7d322b5dee80649bc,0
https://www.youtube.com/s/player/d5f789e7/www-player.css,,1074e75f7621bc7e5e6c75ffbeea96f6fa9f266029361ba4124dd4d3baa69fef,0
https://www.youtube.com/s/player/d5f789e7/www-widgetapi.vflset/www-widgetapi.js,,9af313ed10b2fb2eb40b7cf476ec0ba74a3babe175e1bfc5d02308aeb54309fd,0
https://www.youtube.com/s/player/d6afc319/player_ias.vflset/en_US/base.js,,441498532079fe2f2f88717ab92f62b9511efa4afe309ea8d8ae15db9c22a9e0,0
https://www.youtube.com/s/player/d6afc319/player_ias.vflset/en_US/captions.js,,85a5d17977e89cf1e65852c95b002830d39f8c13f2649f5812398412a21218a3,0
https://www.youtube.com/s/player/d6afc319/www-player.css,,644559b7590cf725119fd0ab8ed45a236d0faf9751693abb303038d7c349d2b2,0
https://www.youtube.com/s/player/d6afc319/www-widgetapi.vflset/www-widgetapi.js,,11aa7946df12674187e45a29c8a083a30cefb5e625985b2405c1d0fb710e56b2,0
https://www.youtube.com/s/player/d759498c/player_ias.vflset/en_US/base.js,,0a22388ac5cfabcf9cbc2b0e38a327efb69e8c13e0bf7bcccfe6f53dadf9a0b7,0
https://www.youtube.com/s/player/d759498c/player_ias.vflset/en_US/captions.js,,6b00ec10451206aea36d49226d1b0fed356877b604435cb5bc65b31386f1c99a,0
https://www.youtube.com/s/player/d759498c/www-player.css,,8dd0861016ff7bfa3fa5810d683be16d2e6ab9c70a639428f71a78b39f93b9b9,0
https://www.youtube.com/s/player/d759498c/www-widgetapi.vflset/www-widgetapi.js,,9af313ed10b2fb2eb40b7cf476ec0ba74a3babe175e1bfc5d02308aeb54309fd,0
https://www.youtube.com/s/player/d793a5ff/player_ias.vflset/en_US/base.js,,d9ef7b1d4c54c091804a52ece7c852afbc8743fc1cec49d66a546a5f172e9523,0
https://www.youtube.com/s/player/d793a5ff/player_ias.vflset/en_US/captions.js,,9e2c66761dfa1704d58d7f08c99023f18468bc168a3aeaec8b236915f4f5f185,0
https://www.youtube.com/s/player/d793a5ff/www-player.css,,ca7992e78f5e015470a829868dc51a6e71c2e6eae256695e908b3f9f56e9c1e7,0
https://www.youtube.com/s/player/d793a5ff/www-widgetapi.vflset/www-widgetapi.js,,e9abd0d74c5ecca848c706e3f94780a00efc33f66f1a7971ded040458851fd69,0
https://www.youtube.com/s/player/d79fb9f8/player_ias.vflset/en_US/base.js,,fe5fa6480ffbc3b86f4a5dd0c85759e85a4bddd5fca459c0fc64ec31d7ad18ea,0
https://www.youtube.com/s/player/d79fb9f8/player_ias.vflset/en_US/captions.js,,e3223331b8f45646dc10ece26f087e009210d596c7ddd60de55c8705be9741fb,0
https://www.youtube.com/s/player/d79fb9f8/www-player.css,,cfd52c611020fb575d85fc138c1cc172eebdb9bff20d464f90993923cf5cb64b,0
https://www.youtube.com/s/player/d79fb9f8/www-widgetapi.vflset/www-widgetapi.js,,3aeb791f41afb9d7500326010b8852214536360b695c2d0328f4fd265badb21f,0
https://www.youtube.com/s/player/d9454757/player_ias.vflset/en_US/base.js,,3d53d69bdaf60f8a0d86273c37d8e01d8b898b87e400e374953adcfb23682b25,0
https://www.youtube.com/s/player/d9454757/player_ias.vflset/en_US/captions.js,,1e8c683e048c6317d47cdae63424898bcfab17d2e4359f69caeb9e345d18384f,0
https://www.youtube.com/s/player/d9454757/www-player.css,,f140b6831469664f09fb07ae991e983b46752deaa9d8a8b214852f235ea6e7d0,0
https://www.youtube.com/s/player/d9454757/www-widgetapi.vflset/www-widgetapi.js,,9af313ed10b2fb2eb40b7cf476ec0ba74a3babe175e1bfc5d02308aeb54309fd,0
https://www.youtube.com/s/player/d95a0e03/player_ias.vflset/en_US/base.js,,3c5a3093bd14e7155e4ce3c987fcac6899dc99723029fb21b3dc0aad07a46d78,0
https://www.youtube.com/s/player/d95a0e03/player_ias.vflset/en_US/captions.js,,0e0b381efb30929e3ef944b6e657e300fa0518e22cae9e3597448092b99dca1a,0
https://www.youtube.com/s/player/d95a0e03/www-player.css,,f438434e0849285ebb1770fbf0b2a71bbc8468c267542b45098d5d430d86b89d,0
https://www.youtube.com/s/player/d95a0e03/www-widgetapi.vflset/www-widgetapi.js,,9af313ed10b2fb2eb40b7cf476ec0ba74a3babe175e1bfc5d02308aeb54309fd,0
https://www.youtube.com/s/player/d980b573/player_ias.vflset/en_US/base.js,,f8fddc18e0b3e2ac711f58027defa80c7022f0c222345d6539d577b24bafd51f,0
https://www.youtube.com/s/player/d980b573/player_ias.vflset/en_US/captions.js,,ba383fb3cb3f962e8c2b7325c9695c7623d5bf9033445b1713ee6f8e8a8c03fb,0
https://www.youtube.com/s/player/d980b573/www-player.css,,bb2ee0639d3d01fff4688a439d42f088babfba9c20ed207d4b1d6f2fc0224107,0
https://www.youtube.com/s/player/d980b573/www-widgetapi.vflset/www-widgetapi.js,,9af313ed10b2fb2eb40b7cf476ec0ba74a3babe175e1bfc5d02308aeb54309fd,0
https://www.youtube.com/s/player/d9ea877b/player_ias.vflset/en_US/base.js,,4a3cac3d0e426c1f24f2d28a6ff5b2c564ba4ab95e8f9aafd4b9430c064d8333,0
https://www.youtube.com/s/player/d9ea877b/player_ias.vflset/en_US/captions.js,,68b94c82e605853e64de65bc87007e133dac7762abfaf030d4be8947eddd7762,0
https://www.youtube.com/s/player/d9ea877b/www-player.css,,e73a47994fe46c3ca05cd3ef31752f0ad98c50d05aa83925177ae0d422d4e202,0
https://www.youtube.com/s/player/d9ea877b/www-widgetapi.vflset/www-widgetapi.js,,e9abd0d74c5ecca848c706e3f94780a00efc33f66f1a7971ded040458851fd69,0
https://www.youtube.com/s/player/db24d012/player_ias.vflset/en_US/base.js,,16167ff3813b20bce979b78ad277c11ca0f2d673900e10036fbcf2fa36678697,0
https://www.youtube.com/s/player/db24d012/player_ias.vflset/en_US/captions.js,,88e31ebdf8423e4aedd83f7961c81fd7d7d632c598c22d225703574975e806c0,0
https://www.youtube.com/s/player/db24d012/www-player.css,,ca7992e78f5e015470a829868dc51a6e71c2e6eae256695e908b3f9f56e9c1e7,0
https://www.youtube.com/s/player/db24d012/www-widgetapi.vflset/www-widgetapi.js,,e9abd0d74c5ecca848c706e3f94780a00efc33f66f1a7971ded040458851fd69,0
https://www.youtube.com/s/player/dbb1f29d/player_ias.vflset/en_US/base.js,,1eb5292722597c255b65067ece10fbe2b6d18d614580b23ba72c155fd4dae9c0,0
https://www.youtube.com/s/player/dbb1f29d/player_ias.vflset/en_US/captions.js,,94237bba07f8c38eaa2548eec2f6922b17f28e77b6717f172a61c845bcb4d96a,0
https://www.youtube.com/s/player/dbb1f29d/www-player.css,,6f25e841296950467517ec8bccba0ffd052a386d6ac8d893aeaba5edf84aca42,0
https://www.youtube.com/s/player/dbb1f29d/www-widgetapi.vflset/www-widgetapi.js,,9af313ed10b2fb2eb40b7cf476ec0ba74a3babe175e1bfc5d02308aeb54309fd,0
https://www.youtube.com/s/player/dbc3c96f/player_ias.vflset/en_US/base.js,,4bd4f6f339ab257d800d07ee1bac7b34f0155946793cd26a6aa5fb993932ec7f,0
https://www.youtube.com/s/player/dbc3c96f/player_ias.vflset/en_US/captions.js,,1f2a67659bf0d0042a95482517d37ef8a59b5e76acdedd7d8a7c6778569d20a0,0
https://www.youtube.com/s/player/dbc3c96f/www-player.css,,e7c8a5055316b32ab0baa115589477ca4edf8a28372005da3ab230c85660d3f4,0
https://www.youtube.com/s/player/dbc3c96f/www-widgetapi.vflset/www-widgetapi.js,,9af313ed10b2fb2eb40b7cf476ec0ba74a3babe175e1bfc5d02308aeb54309fd,0
https://www.youtube.com/s/player/dc1c41a7/player_ias.vflset/en_US/base.js,,774d901c1a1f4796fbbd24ee1e48673c95c766a411b3b31d8e7d57c94e125e54,0
https://www.youtube.com/s/player/dc1c41a7/player_ias.vflset/en_US/captions.js,,9069aebf984dc56b9916d4134e94cfb4f7f3e78bdfb3bfef7e05e04a0b1f9ac7,0
https://www.youtube.com/s/player/dc1c41a7/www-player.css,,aed8e79fbe210a9b3e958681a1931b19baa85741b51cabf87b5101e4e0e2cd7b,0
https://www.youtube.com/s/player/dc1c41a7/www-widgetapi.vflset/www-widgetapi.js,,9af313ed10b2fb2eb40b7cf476ec0ba74a3babe175e1bfc5d02308aeb54309fd,0
https://www.youtube.com/s/player/dc5384b1/player_ias.vflset/en_US/base.js,,888e788122bb75cea69f82f8c2847377adef640894519c28fd5de340828bdfd3,0
https://www.youtube.com/s/player/dc5384b1/player_ias.vflset/en_US/captions.js,,b92a04a858ee6655ae5753fbcd26e443957aa0633ada8c48d63ee1aa8464a4bf,0
https://www.youtube.com/s/player/dc5384b1/www-player.css,,4501bc83f7fe6c0de41512e5f91fcf9457f7a8a3aab18e3c38973eb6a6ae0b55,0
https://www.youtube.com/s/player/dc5384b1/www-widgetapi.vflset/www-widgetapi.js,,3aeb791f41afb9d7500326010b8852214536360b695c2d0328f4fd265badb21f,0
https://www.youtube.com/s/player/dc7b3d61/player_ias.vflset/en_US/base.js,,a1a4b38d1092b49d8f4511f3545a56069a826157cafa9154e89b977fe5ff8f44,0
https://www.youtube.com/s/player/dc7b3d61/player_ias.vflset/en_US/captions.js,,7b65111f9bd2d1d9f629f41701ee9755ec19bdc02f7f18616062d1d3337feb3b,0
https://www.youtube.com/s/player/dc7b3d61/www-player.css,,c1266aa5ccb770d4191058a5eff5c40d0e88ab06d5cfbb81025ef0105572f5f2,0
https://www.youtube.com/s/player/dc7b3d61/www-widgetapi.vflset/www-widgetapi.js,,e9abd0d74c5ecca848c706e3f94780a00efc33f66f1a7971ded040458851fd69,0
https://www.youtube.com/s/player/dd53c628/player_ias.vflset/en_US/base.js,,77c67b1a40b46cf87467ce22514b97fecafaad0a7109dc6c7385a44587c1c156,0
https://www.youtube.com/s/player/dd53c628/player_ias.vflset/en_US/captions.js,,1c6e66d9de08d45a97730ceb3ca36037071a60be65893463892b0a9cd9b28574,0
https://www.youtube.com/s/player/dd53c628/www-player.css,,cfd52c611020fb575d85fc138c1cc172eebdb9bff20d464f90993923cf5cb64b,0
https://www.youtube.com/s/player/dd53c628/www-widgetapi.vflset/www-widgetapi.js,,3aeb791f41afb9d7500326010b8852214536360b695c2d0328f4fd265badb21f,0
https://www.youtube.com/s/player/dd623280/player_ias.vflset/en_US/base.js,,257c973c6ade8f1257d64d2f93325cc45f17901877eca443d4b1f5ea97012f32,0
https://www.youtube.com/s/player/dd623280/player_ias.vflset/en_US/captions.js,,1256990247ed31ff36b7a02d05a7ac6a43a8dc1208cc75331effe904028df980,0
https://www.youtube.com/s/player/dd623280/www-player.css,,8345f5d06b1e06a8dcf60075eee7e564059f238a85eb6f34b6ce41fab50ce074,0
https://www.youtube.com/s/player/dd623280/www-widgetapi.vflset/www-widgetapi.js,,3aeb791f41afb9d7500326010b8852214536360b695c2d0328f4fd265badb21f,0
https://www.youtube.com/s/player/ddef8357/player_ias.vflset/en_US/base.js,,47ef77471dd66d4eeb60d58908e8abf63822c184f524051f85492de0ffb60930,0
https://www.youtube.com/s/player/ddef8357/player_ias.vflset/en_US/captions.js,,d4748585178dc21e81379fbecbe69f3e43b08c13c92a17b116ab449d31f3af00,0
https://www.youtube.com/s/player/ddef8357/www-player.css,,cfd52c611020fb575d85fc138c1cc172eebdb9bff20d464f90993923cf5cb64b,0
https://www.youtube.com/s/player/ddef8357/www-widgetapi.vflset/www-widgetapi.js,,3aeb791f41afb9d7500326010b8852214536360b695c2d0328f4fd265badb21f,0
https://www.youtube.com/s/player/dfc3d2b2/player_ias.vflset/en_US/base.js,,4232b0f8df2a3e90ab383da2e7f60d3aa650929c205bccfe198c46d84ed67a03,0
https://www.youtube.com/s/player/dfc3d2b2/player_ias.vflset/en_US/captions.js,,7af65d4d0c5a077483eef8daed1589703321cf7653e088f066e9e9948e090d78,0
https://www.youtube.com/s/player/dfc3d2b2/www-player.css,,921b6856085a224b1ca2e5db139b1788c01d4dd1e70daca7006b6a7b381bdae1,0
https://www.youtube.com/s/player/dfc3d2b2/www-widgetapi.vflset/www-widgetapi.js,,3aeb791f41afb9d7500326010b8852214536360b695c2d0328f4fd265badb21f,0
https://www.youtube.com/s/player/e0528946/player_ias.vflset/en_US/base.js,,917208aa453454963b97038c74861c96c0a7fdaee9e1f4fe67768f6f5bf76221,0
https://www.youtube.com/s/player/e0528946/player_ias.vflset/en_US/captions.js,,8ba0b85fa8235e0c68593b36a6165e995148583230274fa942f04613f2a9f2c9,0
https://www.youtube.com/s/player/e0528946/www-player.css,,7c7eb8252199ec9042290b1044ed1ba5ed8847ee516771bbe6dd27f9f16a608c,0
https://www.youtube.com/s/player/e0528946/www-widgetapi.vflset/www-widgetapi.js,,e9abd0d74c5ecca848c706e3f94780a00efc33f66f1a7971ded040458851fd69,0
https://www.youtube.com/s/player/e0dc87a1/player_ias.vflset/en_US/base.js,,339a6f07e35270f54526a4af71539b322ce63720f503bc6c2adb8f397dbf43a7,0
https://www.youtube.com/s/player/e0dc87a1/player_ias.vflset/en_US/captions.js,,518bdd72a508bfe21b1a19bef2c9ec128add52a921e228f77fcba2c2b4efec61,0
https://www.youtube.com/s/player/e0dc87a1/www-player.css,,0d994eb0e617b6087b915cb1bdc2bb56f40826f1b3d182277c0915aedec24671,0
https://www.youtube.com/s/player/e0dc87a1/www-widgetapi.vflset/www-widgetapi.js,,9af313ed10b2fb2eb40b7cf476ec0ba74a3babe175e1bfc5d02308aeb54309fd,0
https://www.youtube.com/s/player/e0eecb93/player_ias.vflset/en_US/base.js,,da1020848ff83e342ecc75cd992584886008e5576fb74da8cfc1064f719dba07,0
https://www.youtube.com/s/player/e0eecb93/player_ias.vflset/en_US/captions.js,,30c71fff1aef91e98387c9a11c45c2ac9e9a2c88207f6dc271015486778bb03a,0
https://www.youtube.com/s/player/e0eecb93/www-player.css,,fb2f17a87256c403f2fcc1c7c643ca1afa249ed19dd15907197262a202357262,0
https://www.youtube.com/s/player/e0eecb93/www-widgetapi.vflset/www-widgetapi.js,,3aeb791f41afb9d7500326010b8852214536360b695c2d0328f4fd265badb21f,0
https://www.youtube.com/s/player/e120fb32/player_ias.vflset/en_US/base.js,,0a32475d7535febb533b361e61ce684513e9b10ede79539dd4b5fd3e3d880b27,0
https://www.youtube.com/s/player/e120fb32/player_ias.vflset/en_US/captions.js,,6cb636a30af7adf31b94fd0f5b1f6b609845972eaa66d480604598f87c511bc6,0
https://www.youtube.com/s/player/e120fb32/www-player.css,,921b6856085a224b1ca2e5db139b1788c01d4dd1e70daca7006b6a7b381bdae1,0
https://www.youtube.com/s/player/e120fb32/www-widgetapi.vflset/www-widgetapi.js,,3aeb791f41afb9d7500326010b8852214536360b695c2d0328f4fd265badb21f,0
https://www.youtube.com/s/player/e1a49700/player_ias.vflset/en_US/base.js,,ea2aa14f5051ed805b55781c33cbad0258cf92d2f8d14339e35a0eef11de9f40,0
https://www.youtube.com/s/player/e1a49700/player_ias.vflset/en_US/captions.js,,043bf3914bdb3fecefcb8cae49b3490583b96a6444145a5dde1578a9f5d57626,0
https://www.youtube.com/s/player/e1a49700/www-player.css,,cfd52c611020fb575d85fc138c1cc172eebdb9bff20d464f90993923cf5cb64b,0
https://www.youtube.com/s/player/e1a49700/www-widgetapi.vflset/www-widgetapi.js,,3aeb791f41afb9d7500326010b8852214536360b695c2d0328f4fd265badb21f,0
https://www.youtube.com/s/player/e1bd44b2/player_ias.vflset/en_US/base.js,,164149c74942926706c6f7162a45c3395f76937b3eaa9ace9d710fb396f0682e,0
https://www.youtube.com/s/player/e1bd44b2/player_ias.vflset/en_US/captions.js,,f533088db68f17ba66274dc386fa558a3ff7d0c4757a4224432f1a121a0246bb,0
https://www.youtube.com/s/player/e1bd44b2/www-player.css,,e7c8a5055316b32ab0baa115589477ca4edf8a28372005da3ab230c85660d3f4,0
https://www.youtube.com/s/player/e1bd44b2/www-widgetapi.vflset/www-widgetapi.js,,9af313ed10b2fb2eb40b7cf476ec0ba74a3babe175e1bfc5d02308aeb54309fd,0
https://www.youtube.com/s/player/e1f01fa7/player_ias.vflset/en_US/base.js,,305e3245efaf083df9c63e3f210f34958cf98fa59877b54a888ebbc97a332495,0
https://www.youtube.com/s/player/e1f01fa7/player_ias.vflset/en_US/captions.js,,c6c9101692500af9e38fd73c19ec5aff0d3af7405c10e9dc430bbc3245ba452b,0
https://www.youtube.com/s/player/e1f01fa7/www-player.css,,921b6856085a224b1ca2e5db139b1788c01d4dd1e70daca7006b6a7b381bdae1,0
https://www.youtube.com/s/player/e1f01fa7/www-widgetapi.vflset/www-widgetapi.js,,3aeb791f41afb9d7500326010b8852214536360b695c2d0328f4fd265badb21f,0
https://www.youtube.com/s/player/e237d4c5/player_ias.vflset/en_US/base.js,,67094f46733b71c3546fa6215835ea078622e243a7afe7285291bdf51e11ca61,0
https://www.youtube.com/s/player/e237d4c5/player_ias.vflset/en_US/captions.js,,1b9bf652a42d5dda4127ebcf31890be0d79aa9a11fa5a9e6e77efba30e8e895e,0
https://www.youtube.com/s/player/e237d4c5/www-player.css,,20d1d9105d12b4a2c4b1fa6d1a145d5254140da83093e98f97a4f91148fbcd01,0
https://www.youtube.com/s/player/e237d4c5/www-widgetapi.vflset/www-widgetapi.js,,11aa7946df12674187e45a29c8a083a30cefb5e625985b2405c1d0fb710e56b2,0
https://www.youtube.com/s/player/e2701c55/player_ias.vflset/en_US/base.js,,2f44ae24c2c9c51312946af0e5e92b688427549e5aaa1acb10d823f961c6a2b8,0
https://www.youtube.com/s/player/e2701c55/player_ias.vflset/en_US/captions.js,,e3223331b8f45646dc10ece26f087e009210d596c7ddd60de55c8705be9741fb,0
https://www.youtube.com/s/player/e2701c55/www-player.css,,cfd52c611020fb575d85fc138c1cc172eebdb9bff20d464f90993923cf5cb64b,0
https://www.youtube.com/s/player/e2701c55/www-widgetapi.vflset/www-widgetapi.js,,3aeb791f41afb9d7500326010b8852214536360b695c2d0328f4fd265badb21f,0
https://www.youtube.com/s/player/e2a2364f/player_ias.vflset/en_US/base.js,,1c7336155af14debc05dc48ef8eec11332d034fbeb60aba91813cccc7f76fb02,0
https://www.youtube.com/s/player/e2a2364f/player_ias.vflset/en_US/captions.js,,cbefe86c75d3239bb9bd3fb92c87dc2e9b562454780fa1d72f8d379dbbf73317,0
https://www.youtube.com/s/player/e2a2364f/www-player.css,,1e6f131e5c23998532caa01dec741cd746efdb7364cffaf33a43f227aaa0d458,0
https://www.youtube.com/s/player/e2a2364f/www-widgetapi.vflset/www-widgetapi.js,,c2dcf46501a48a87a7859596834012e81569a181f7b80bda4d91b04798f84751,0
https://www.youtube.com/s/player/e2a80f06/player_ias.vflset/en_US/base.js,,4908525956e33c35dd67abd8706c9ed9c0268cfa339833bb9ed045726e4c32dc,0
https://www.youtube.com/s/player/e2a80f06/player_ias.vflset/en_US/captions.js,,d983011c4ca10ef035e73422f91fd4e88370bb124fb1191d7555c0ca13ac377a,0
https://www.youtube.com/s/player/e2a80f06/www-player.css,,921b6856085a224b1ca2e5db139b1788c01d4dd1e70daca7006b6a7b381bdae1,0
https://www.youtube.com/s/player/e2a80f06/www-widgetapi.vflset/www-widgetapi.js,,3aeb791f41afb9d7500326010b8852214536360b695c2d0328f4fd265badb21f,0
https://www.youtube.com/s/player/e2b516fb/player_ias.vflset/en_US/base.js,,4b23ad04fa799bc359c405f7eb948d1fcc3717b0ad02df277fa59c1b81ea2626,0
https://www.youtube.com/s/player/e2b516fb/player_ias.vflset/en_US/captions.js,,cde054ebb5a4c5c51f1b9265c2df35d1c0cf633405d88a4779b052db08e7d5a5,0
https://www.youtube.com/s/player/e2b516fb/www-player.css,,cfd52c611020fb575d85fc138c1cc172eebdb9bff20d464f90993923cf5cb64b,0
https://www.youtube.com/s/player/e2b516fb/www-widgetapi.vflset/www-widgetapi.js,,3aeb791f41afb9d7500326010b8852214536360b695c2d0328f4fd265badb21f,0
https://www.youtube.com/s/player/e30d74e3/player_ias.vflset/en_US/base.js,,52539804e9e5705cc4e9bd1e28c4edfebdf04e0abb36273e5ed5f8752df10b1a,0
https://www.youtube.com/s/player/e30d74e3/player_ias.vflset/en_US/captions.js,,e3223331b8f45646dc10ece26f087e009210d596c7ddd60de55c8705be9741fb,0
https://www.youtube.com/s/player/e30d74e3/www-player.css,,cfd52c611020fb575d85fc138c1cc172eebdb9bff20d464f90993923cf5cb64b,0
https://www.youtube.com/s/player/e30d74e3/www-widgetapi.vflset/www-widgetapi.js,,3aeb791f41afb9d7500326010b8852214536360b695c2d0328f4fd265badb21f,0
https://www.youtube.com/s/player/e354dd90/player_ias.vflset/en_US/base.js,,37d4ab13ceffced41af7764e0b417718b53b7f2355ae1d012e8fd768bb2c878a,0
https://www.youtube.com/s/player/e354dd90/player_ias.vflset/en_US/captions.js,,6c366575332a23c82010fe5426193e328a5321b36f5220a2a9d7a1ef24334546,0
https://www.youtube.com/s/player/e354dd90/www-player.css,,f140b6831469664f09fb07ae991e983b46752deaa9d8a8b214852f235ea6e7d0,0
https://www.youtube.com/s/player/e354dd90/www-widgetapi.vflset/www-widgetapi.js,,9af313ed10b2fb2eb40b7cf476ec0ba74a3babe175e1bfc5d02308aeb54309fd,0
https://www.youtube.com/s/player/e3deca0e/player_ias.vflset/en_US/base.js,,022c686bc3af5f0d70acaf5933087e06056e006bff56b15017820eadaf1d521d,0
https://www.youtube.com/s/player/e3deca0e/player_ias.vflset/en_US/captions.js,,fc35cf1fc526fcbcd57e689d86efe1399351e73ecdc53f42ea867f58f7cfd3bf,0
https://www.youtube.com/s/player/e3deca0e/www-player.css,,4501bc83f7fe6c0de41512e5f91fcf9457f7a8a3aab18e3c38973eb6a6ae0b55,0
https://www.youtube.com/s/player/e3deca0e/www-widgetapi.vflset/www-widgetapi.js,,3aeb791f41afb9d7500326010b8852214536360b695c2d0328f4fd265badb21f,0
https://www.youtube.com/s/player/e40d18fc/player_ias.vflset/en_US/base.js,,2ee1fbb2f25f7f11146f63a1ebdde5cfce23eda94800dcf400c1596faf84c12d,0
https://www.youtube.com/s/player/e40d18fc/player_ias.vflset/en_US/captions.js,,89f368b9161790bb28d5958c57c9f995969f792912cf21ac6abf84f2d31dd7f1,0
https://www.youtube.com/s/player/e40d18fc/www-player.css,,cfd52c611020fb575d85fc138c1cc172eebdb9bff20d464f90993923cf5cb64b,0
https://www.youtube.com/s/player/e40d18fc/www-widgetapi.vflset/www-widgetapi.js,,9af313ed10b2fb2eb40b7cf476ec0ba74a3babe175e1bfc5d02308aeb54309fd,0
https://www.youtube.com/s/player/e42f4bf8/player_ias.vflset/en_US/base.js,,40723852f0369d453ee285dd827a4ddd936d6ec6fe98460fa594ec9b219e3157,0
https://www.youtube.com/s/player/e42f4bf8/player_ias.vflset/en_US/captions.js,,a05a7387ba39d138964047ec15acb7e0aca7ccde295978468aac91c6310f9072,0
https://www.youtube.com/s/player/e42f4bf8/www-player.css,,c1266aa5ccb770d4191058a5eff5c40d0e88ab06d5cfbb81025ef0105572f5f2,0
https://www.youtube.com/s/player/e42f4bf8/www-widgetapi.vflset/www-widgetapi.js,,e9abd0d74c5ecca848c706e3f94780a00efc33f66f1a7971ded040458851fd69,0
https://www.youtube.com/s/player/e43c0a19/player_ias.vflset/en_US/base.js,,fd6703d2f2d962a8e746c5c0c2924e4a3dfe0e3425b6d825021d3fec2aaf5696,0
https://www.youtube.com/s/player/e43c0a19/player_ias.vflset/en_US/captions.js,,e3223331b8f45646dc10ece26f087e009210d596c7ddd60de55c8705be9741fb,0
https://www.youtube.com/s/player/e43c0a19/www-player.css,,cfd52c611020fb575d85fc138c1cc172eebdb9bff20d464f90993923cf5cb64b,0
https://www.youtube.com/s/player/e43c0a19/www-widgetapi.vflset/www-widgetapi.js,,3aeb791f41afb9d7500326010b8852214536360b695c2d0328f4fd265badb21f,0
https://www.youtube.com/s/player/e5ae3fff/player_ias.vflset/en_US/base.js,,239b8be0f10661b519602fd56e08ab951ce12239adb94923ae2f62622c09b70b,0
https://www.youtube.com/s/player/e5ae3fff/player_ias.vflset/en_US/captions.js,,78d132a7e8990111c6b0c89e7d520637644fe1fd8d281e3e3636d9637396b0ba,0
https://www.youtube.com/s/player/e5ae3fff/www-player.css,,1074e75f7621bc7e5e6c75ffbeea96f6fa9f266029361ba4124dd4d3baa69fef,0
https://www.youtube.com/s/player/e5ae3fff/www-widgetapi.vflset/www-widgetapi.js,,9af313ed10b2fb2eb40b7cf476ec0ba74a3babe175e1bfc5d02308aeb54309fd,0
https://www.youtube.com/s/player/e5fcb1c4/player_ias.vflset/en_US/base.js,,9086fe1823d178688c93edf91d18baad6ef37121da157bf93a158a5297f70d6d,0
https://www.youtube.com/s/player/e5fcb1c4/player_ias.vflset/en_US/captions.js,,4740e77b69c2d95fef19d2a7e0ba242c87bdb8ad543015f1bd84d7ea2272bc56,0
https://www.youtube.com/s/player/e5fcb1c4/www-player.css,,d5b344b8a6d0a02864884c9b037f5f11921381cdfbddb2f8a643d1a8cbe9cef8,0
https://www.youtube.com/s/player/e5fcb1c4/www-widgetapi.vflset/www-widgetapi.js,,9af313ed10b2fb2eb40b7cf476ec0ba74a3babe175e1bfc5d02308aeb54309fd,0
https://www.youtube.com/s/player/e64c7e20/player_ias.vflset/en_US/base.js,,673ee4e6c308b111c96bda5d597c1a5527b124ac8032cc1fc605945b9ab65e79,0
https://www.youtube.com/s/player/e64c7e20/player_ias.vflset/en_US/captions.js,,9fed18443961c91e4b694062edd2a7fb4f7725e88d4bc616ed6ee0859a295a98,0
https://www.youtube.com/s/player/e64c7e20/www-player.css,,24cb353f7db6c8025eaf8648aa1f941cddfac84342d06ed4fb9def4523328bb3,0
https://www.youtube.com/s/player/e64c7e20/www-widgetapi.vflset/www-widgetapi.js,,b6b18fb0c355a9e4fca44acd186be76ecca76232c4eaa4f2e11ff06026e9c3f4,0
https://www.youtube.com/s/player/e70c1e94/player_ias.vflset/en_US/base.js,,a169c3016f5c7245ad4203d4c5ef3773365673e90e5d1e1b59746b10af7f565b,0
https://www.youtube.com/s/player/e70c1e94/player_ias.vflset/en_US/captions.js,,8c0e51b663e18fc86b62c39a9d281e8a343dec20f79b8c9a19570851331828ca,0
https://www.youtube.com/s/player/e70c1e94/www-player.css,,fb2f17a87256c403f2fcc1c7c643ca1afa249ed19dd15907197262a202357262,0
https://www.youtube.com/s/player/e70c1e94/www-widgetapi.vflset/www-widgetapi.js,,3aeb791f41afb9d7500326010b8852214536360b695c2d0328f4fd265badb21f,0
https://www.youtube.com/s/player/e7573094/player_ias.vflset/en_US/base.js,,21561f388c1202a7d2b53c365658036f0500ba40f3df2b2825625718827ac601,0
https://www.youtube.com/s/player/e7573094/player_ias.vflset/en_US/captions.js,,07daa896799c7411646f30f9f974979ab20f9d4da2393eaf7eb2f10022ed516e,0
https://www.youtube.com/s/player/e7573094/www-player.css,,ca7992e78f5e015470a829868dc51a6e71c2e6eae256695e908b3f9f56e9c1e7,0
https://www.youtube.com/s/player/e7573094/www-widgetapi.vflset/www-widgetapi.js,,e9abd0d74c5ecca848c706e3f94780a00efc33f66f1a7971ded040458851fd69,0
https://www.youtube.com/s/player/e78b6727/player_ias.vflset/en_US/base.js,,1107fed5bd17a8d3617a3e95ce7c11d1e77bdce56b578882e9f598e2d0582081,0
https://www.youtube.com/s/player/e78b6727/player_ias.vflset/en_US/captions.js,,88b751f3bed373551e097b30689132a33a704dfb763bfb6684b1a89264c45ff7,0
https://www.youtube.com/s/player/e78b6727/www-player.css,,644559b7590cf725119fd0ab8ed45a236d0faf9751693abb303038d7c349d2b2,0
https://www.youtube.com/s/player/e78b6727/www-widgetapi.vflset/www-widgetapi.js,,11aa7946df12674187e45a29c8a083a30cefb5e625985b2405c1d0fb710e56b2,0
https://www.youtube.com/s/player/e795685c/player_ias.vflset/en_US/base.js,,a4d1962d192b9f8369be7fd7723c7435d38aedefb6b7c40c2053febd85bd8ed2,0
https://www.youtube.com/s/player/e795685c/player_ias.vflset/en_US/captions.js,,6f928dd7a81686f109052de73f8513aac6b260b8bba3a94277fdbd5840ccf6e6,0
https://www.youtube.com/s/player/e795685c/www-player.css,,8dd0861016ff7bfa3fa5810d683be16d2e6ab9c70a639428f71a78b39f93b9b9,0
https://www.youtube.com/s/player/e795685c/www-widgetapi.vflset/www-widgetapi.js,,9af313ed10b2fb2eb40b7cf476ec0ba74a3babe175e1bfc5d02308aeb54309fd,0
https://www.youtube.com/s/player/e7d74527/player_ias.vflset/en_US/base.js,,e8065f02e80c162dd6f3e8a0d902952afd399ef7e7d2e8e1dde9814e81727b76,0
https://www.youtube.com/s/player/e7d74527/player_ias.vflset/en_US/captions.js,,b4eeb53c2195f0e2f557604af372ac0f67686b1a7011cde6ce6f2255fcdfa23c,0
https://www.youtube.com/s/player/e7d74527/www-player.css,,1074e75f7621bc7e5e6c75ffbeea96f6fa9f266029361ba4124dd4d3baa69fef,0
https://www.youtube.com/s/player/e7d74527/www-widgetapi.vflset/www-widgetapi.js,,9af313ed10b2fb2eb40b7cf476ec0ba74a3babe175e1bfc5d02308aeb54309fd,0
https://www.youtube.com/s/player/e7f8ddfa/player_ias.vflset/en_US/base.js,,af57b3e9cc8783e0567c29592780e6234287189bf517e8770b6a19ec0cb129bf,0
https://www.youtube.com/s/player/e7f8ddfa/player_ias.vflset/en_US/captions.js,,94861d570cf43bc97246decbe70a49ff93cdf2b45543163c14e19ce63a49acad,0
https://www.youtube.com/s/player/e7f8ddfa/www-player.css,,7c7eb8252199ec9042290b1044ed1ba5ed8847ee516771bbe6dd27f9f16a608c,0
https://www.youtube.com/s/player/e7f8ddfa/www-widgetapi.vflset/www-widgetapi.js,,e9abd0d74c5ecca848c706e3f94780a00efc33f66f1a7971ded040458851fd69,0
https://www.youtube.com/s/player/e7fdae96/player_ias.vflset/en_US/base.js,,fbf96243d8308b695c33cc893ddcfc380f3f7b37d39ebf911266c8e102dfc53f,0
https://www.youtube.com/s/player/e7fdae96/player_ias.vflset/en_US/captions.js,,0b6e7540c1d5e7b2491261d4911db349da2ad8b4ae84d4edb88d922a4a1c1642,0
https://www.youtube.com/s/player/e7fdae96/www-player.css,,921b6856085a224b1ca2e5db139b1788c01d4dd1e70daca7006b6a7b381bdae1,0
https://www.youtube.com/s/player/e7fdae96/www-widgetapi.vflset/www-widgetapi.js,,3aeb791f41afb9d7500326010b8852214536360b695c2d0328f4fd265badb21f,0
https://www.youtube.com/s/player/e937390a/player_ias.vflset/en_US/base.js,,67f0d55f266e522f973b49c665977eb8734bb5bb32293b0523b35463f27ec44b,0
https://www.youtube.com/s/player/e937390a/player_ias.vflset/en_US/captions.js,,fd7004b9ae9132eae22fe272d0476f48de15595018661f66ce52921fba89a6c7,0
https://www.youtube.com/s/player/e937390a/www-player.css,,24cb353f7db6c8025eaf8648aa1f941cddfac84342d06ed4fb9def4523328bb3,0
https://www.youtube.com/s/player/e937390a/www-widgetapi.vflset/www-widgetapi.js,,b6b18fb0c355a9e4fca44acd186be76ecca76232c4eaa4f2e11ff06026e9c3f4,0
https://www.youtube.com/s/player/e99d8d7c/player_ias.vflset/en_US/base.js,,24711fd29744df86dd428659b7052a67f3e09726424798ef0360102e4331ed82,0
https://www.youtube.com/s/player/e99d8d7c/player_ias.vflset/en_US/captions.js,,77205be45419c1e10296af189878f0975ebc492d998da12ef737a236150609df,0
https://www.youtube.com/s/player/e99d8d7c/www-player.css,,aed8e79fbe210a9b3e958681a1931b19baa85741b51cabf87b5101e4e0e2cd7b,0
https://www.youtube.com/s/player/e99d8d7c/www-widgetapi.vflset/www-widgetapi.js,,9af313ed10b2fb2eb40b7cf476ec0ba74a3babe175e1bfc5d02308aeb54309fd,0
https://www.youtube.com/s/player/e9af09a2/player_ias.vflset/en_US/base.js,,0f36cf034379b88ae4becd4476a04bb5a5431e501592b48d618888754cdb09ed,0
https://www.youtube.com/s/player/e9af09a2/player_ias.vflset/en_US/captions.js,,735ca5fce2a86467cafea5163b04d72912cc2d7deaed5402e59ff05c32edfdc8,0
https://www.youtube.com/s/player/e9af09a2/www-player.css,,14a39ca2157acf89f00909fa7bec1629d375ff52d44e7016b40e691d8f4b23a8,0
https://www.youtube.com/s/player/e9af09a2/www-widgetapi.vflset/www-widgetapi.js,,9af313ed10b2fb2eb40b7cf476ec0ba74a3babe175e1bfc5d02308aeb54309fd,0
https://www.youtube.com/s/player/ea233d9b/player_ias.vflset/en_US/base.js,,fba57996d07215c10e9485e9c30618e6b1e59ea3f3e30aa335742270f1de488c,0
https://www.youtube.com/s/player/ea233d9b/player_ias.vflset/en_US/captions.js,,1c62c50b1dda4a533f176f5170b1e79fd0adf6959f10b4a52d5b9dca8be4f151,0
https://www.youtube.com/s/player/ea233d9b/www-player.css,,7c7eb8252199ec9042290b1044ed1ba5ed8847ee516771bbe6dd27f9f16a608c,0
https://www.youtube.com/s/player/ea233d9b/www-widgetapi.vflset/www-widgetapi.js,,e9abd0d74c5ecca848c706e3f94780a00efc33f66f1a7971ded040458851fd69,0
https://www.youtube.com/s/player/ea6f527e/player_ias.vflset/en_US/base.js,,197ddf786375b2a55d3a8e15cb8e2a16943642b6aff3707376a36cd819f4af80,0
https://www.youtube.com/s/player/ea6f527e/player_ias.vflset/en_US/captions.js,,4e457b53faa1f98ff2c5e42c6fef04c542101991641b29e83a3e40dbebd54fd5,0
https://www.youtube.com/s/player/ea6f527e/www-player.css,,798b8326094d9277d1ffc31f005748c2fb5185c0b278176a2774d2b8511945a0,0
https://www.youtube.com/s/player/ea6f527e/www-widgetapi.vflset/www-widgetapi.js,,3aeb791f41afb9d7500326010b8852214536360b695c2d0328f4fd265badb21f,0
https://www.youtube.com/s/player/ea7a7460/player_ias.vflset/en_US/base.js,,4960ffe79384a1d776c980637aec8e6b6a9e062ad265ec19e47d32b1475250bb,0
https://www.youtube.com/s/player/ea7a7460/player_ias.vflset/en_US/captions.js,,0cc4c5969cfd47a97738520d7d41807520587895debd96b53696b12fde6b5d16,0
https://www.youtube.com/s/player/ea7a7460/www-player.css,,1074e75f7621bc7e5e6c75ffbeea96f6fa9f266029361ba4124dd4d3baa69fef,0
https://www.youtube.com/s/player/ea7a7460/www-widgetapi.vflset/www-widgetapi.js,,9af313ed10b2fb2eb40b7cf476ec0ba74a3babe175e1bfc5d02308aeb54309fd,0
https://www.youtube.com/s/player/eace5bba/player_ias.vflset/en_US/base.js,,0c255a8b674998c23c6957ef9855a8058da4b903e9eb5cf7046234a36a7fb92c,0
https://www.youtube.com/s/player/eace5bba/player_ias.vflset/en_US/captions.js,,36da4563501c2f4c310bea8b6e9f92de0c33c708002ec4836e9ac6e9ba0e5fe1,0
https://www.youtube.com/s/player/eace5bba/www-player.css,,4a3d9f50726e2dc48728329f15bed529b17e8e1238c784566e6e97a03a710e83,0
https://www.youtube.com/s/player/eace5bba/www-widgetapi.vflset/www-widgetapi.js,,172690ab0ba286f1ef866d9c58a39e5402e69eaa89c9479333728e6a801a64d2,0
https://www.youtube.com/s/player/eaf70881/player_ias.vflset/en_US/base.js,,1492d8bdbdc73b7d197699f015622816e21b669c74a28b5e507ea02e1319f052,0
https://www.youtube.com/s/player/eaf70881/player_ias.vflset/en_US/captions.js,,e6feef33f7e2a2e268187d20e2e46b5517b150a8c56f2cf872a9a4dc6e22b284,0
https://www.youtube.com/s/player/eaf70881/www-player.css,,cfd52c611020fb575d85fc138c1cc172eebdb9bff20d464f90993923cf5cb64b,0
https://www.youtube.com/s/player/eaf70881/www-widgetapi.vflset/www-widgetapi.js,,3aeb791f41afb9d7500326010b8852214536360b695c2d0328f4fd265badb21f,0
https://www.youtube.com/s/player/ebc32385/player_ias.vflset/en_US/base.js,,66a0187a77f6fe977bc3342e38932157cb98477155c01ada4827a24ec20ab98e,0
https://www.youtube.com/s/player/ebc32385/player_ias.vflset/en_US/captions.js,,56ccc50c4963011189a26eb4eedfc5b66a83cd0201cd0c04489b59a7aaebb91c,0
https://www.youtube.com/s/player/ebc32385/www-player.css,,c1266aa5ccb770d4191058a5eff5c40d0e88ab06d5cfbb81025ef0105572f5f2,0
https://www.youtube.com/s/player/ebc32385/www-widgetapi.vflset/www-widgetapi.js,,e9abd0d74c5ecca848c706e3f94780a00efc33f66f1a7971ded040458851fd69,0
https://www.youtube.com/s/player/ec3567a3/player_ias.vflset/en_US/base.js,,49f5d339b1e841cf001192e5f7a28b2bc4ff0162cbb0f4d3219b50e0bf683ab6,0
https://www.youtube.com/s/player/ec3567a3/player_ias.vflset/en_US/captions.js,,ba383fb3cb3f962e8c2b7325c9695c7623d5bf9033445b1713ee6f8e8a8c03fb,0
https://www.youtube.com/s/player/ec3567a3/www-player.css,,bb2ee0639d3d01fff4688a439d42f088babfba9c20ed207d4b1d6f2fc0224107,0
https://www.youtube.com/s/player/ec3567a3/www-widgetapi.vflset/www-widgetapi.js,,9af313ed10b2fb2eb40b7cf476ec0ba74a3babe175e1bfc5d02308aeb54309fd,0
https://www.youtube.com/s/player/ec38d4eb/player_ias.vflset/en_US/base.js,,2b5b376abb1ae5858a9be60aa504a6f42b7296dad53552c287d33f07ce3135b4,0
https://www.youtube.com/s/player/ec38d4eb/player_ias.vflset/en_US/captions.js,,42d3ca7e6f299a60de206b5dff7626f076caa479299f2aab28f56d463071ac56,0
https://www.youtube.com/s/player/ec38d4eb/www-player.css,,7c7eb8252199ec9042290b1044ed1ba5ed8847ee516771bbe6dd27f9f16a608c,0
https://www.youtube.com/s/player/ec38d4eb/www-widgetapi.vflset/www-widgetapi.js,,e9abd0d74c5ecca848c706e3f94780a00efc33f66f1a7971ded040458851fd69,0
https://www.youtube.com/s/player/ec6f9bb5/player_ias.vflset/en_US/base.js,,81a4cf5b8a3184e3dee88d4461885537a5859412781987bc368b6dfd33c44ff1,0
https://www.youtube.com/s/player/ec6f9bb5/player_ias.vflset/en_US/captions.js,,518bdd72a508bfe21b1a19bef2c9ec128add52a921e228f77fcba2c2b4efec61,0
https://www.youtube.com/s/player/ec6f9bb5/www-player.css,,0d994eb0e617b6087b915cb1bdc2bb56f40826f1b3d182277c0915aedec24671,0
https://www.youtube.com/s/player/ec6f9bb5/www-widgetapi.vflset/www-widgetapi.js,,9af313ed10b2fb2eb40b7cf476ec0ba74a3babe175e1bfc5d02308aeb54309fd,0
https://www.youtube.com/s/player/ecc3e9a7/player_ias.vflset/en_US/base.js,,865498b70e62e30103ab3b492317bab86fb86afd5b8eb36dc35925116564fb9f,0
https://www.youtube.com/s/player/ecc3e9a7/player_ias.vflset/en_US/captions.js,,d0a7d946fb8bbb4e978a63b83a57c75540cf36379453319de11cfeb62f6d70b8,0
https://www.youtube.com/s/player/ecc3e9a7/www-player.css,,7c7eb8252199ec9042290b1044ed1ba5ed8847ee516771bbe6dd27f9f16a608c,0
https://www.youtube.com/s/player/ecc3e9a7/www-widgetapi.vflset/www-widgetapi.js,,e9abd0d74c5ecca848c706e3f94780a00efc33f66f1a7971ded040458851fd69,0
https://www.youtube.com/s/player/ecd4b80a/player_ias.vflset/en_US/base.js,,5b45817cef1b213b1cb6cdc345996ccdf5c263381e895508f8a72ea756a37d77,0
https://www.youtube.com/s/player/ecd4b80a/player_ias.vflset/en_US/captions.js,,e3223331b8f45646dc10ece26f087e009210d596c7ddd60de55c8705be9741fb,0
https://www.youtube.com/s/player/ecd4b80a/www-player.css,,cfd52c611020fb575d85fc138c1cc172eebdb9bff20d464f90993923cf5cb64b,0
https://www.youtube.com/s/player/ecd4b80a/www-widgetapi.vflset/www-widgetapi.js,,3aeb791f41afb9d7500326010b8852214536360b695c2d0328f4fd265badb21f,0
https://www.youtube.com/s/player/ecde8a55/player_ias.vflset/en_US/base.js,,439a5897e7fd0af2184cd85e981b75a2248fd666eb5233230eeab7a23a99ae33,0
https://www.youtube.com/s/player/ecde8a55/player_ias.vflset/en_US/captions.js,,3763895b641bcfd10406abfe223efa940bf95d292111f82d737eaf5f1ddf8b2d,0
https://www.youtube.com/s/player/ecde8a55/www-player.css,,f140b6831469664f09fb07ae991e983b46752deaa9d8a8b214852f235ea6e7d0,0
https://www.youtube.com/s/player/ecde8a55/www-widgetapi.vflset/www-widgetapi.js,,9af313ed10b2fb2eb40b7cf476ec0ba74a3babe175e1bfc5d02308aeb54309fd,0
https://www.youtube.com/s/player/ed1f8bcd/player_ias.vflset/en_US/base.js,,e361c3cb9c306beeefa730c7c9145acf547c7cf7faa711c9276cbf12a8c72cec,0
https://www.youtube.com/s/player/ed1f8bcd/player_ias.vflset/en_US/captions.js,,b2e6d1d81b4aec6861230e4a67be1f26917d4b45874994f7d322b5dee80649bc,0
https://www.youtube.com/s/player/ed1f8bcd/www-player.css,,1074e75f7621bc7e5e6c75ffbeea96f6fa9f266029361ba4124dd4d3baa69fef,0
https://www.youtube.com/s/player/ed1f8bcd/www-widgetapi.vflset/www-widgetapi.js,,9af313ed10b2fb2eb40b7cf476ec0ba74a3babe175e1bfc5d02308aeb54309fd,0
https://www.youtube.com/s/player/ed3f6ea5/player_ias.vflset/en_US/base.js,,9eca3bfd1cdded2cba25d74d12982ff1b2cbf51e34ec01a7cf65117fa8348f18,0
https://www.youtube.com/s/player/ed3f6ea5/player_ias.vflset/en_US/captions.js,,ad5ec439d8f0d9fd64619316f0001783337c291c5ccbac21091e120484764fa3,0
https://www.youtube.com/s/player/ed3f6ea5/www-player.css,,644559b7590cf725119fd0ab8ed45a236d0faf9751693abb303038d7c349d2b2,0
https://www.youtube.com/s/player/ed3f6ea5/www-widgetapi.vflset/www-widgetapi.js,,11aa7946df12674187e45a29c8a083a30cefb5e625985b2405c1d0fb710e56b2,0
https://www.youtube.com/s/player/ed89dc10/player_ias.vflset/en_US/base.js,,ee5b42a7d29b7b3a57865c1a0180c3664b7bca9e4b3216501a50e0c1bcf4e266,0
https://www.youtube.com/s/player/ed89dc10/player_ias.vflset/en_US/captions.js,,d7f18499da75197defb9bd1e7821f776ef7a51d2d49e08bcc2df412e28a4adb8,0
https://www.youtube.com/s/player/ed89dc10/www-player.css,,d5b344b8a6d0a02864884c9b037f5f11921381cdfbddb2f8a643d1a8cbe9cef8,0
https://www.youtube.com/s/player/ed89dc10/www-widgetapi.vflset/www-widgetapi.js,,9af313ed10b2fb2eb40b7cf476ec0ba74a3babe175e1bfc5d02308aeb54309fd,0
https://www.youtube.com/s/player/ed93444a/player_ias.vflset/en_US/base.js,,c8262cf6ac9a50061dd0450a191cd339d2b79f0fd1e1bfe9c324d0b14bd6f5cc,0
https://www.youtube.com/s/player/ed93444a/player_ias.vflset/en_US/captions.js,,00f47f5bcaa08a1f242be6f6fbb776df9b82afc93861be138b5d0343bc23a7a1,0
https://www.youtube.com/s/player/ed93444a/www-player.css,,aa68e0e1ccb88e0e7e5b0e712acaefd700bc1fddffe47833b9f357c139ef7839,0
https://www.youtube.com/s/player/ed93444a/www-widgetapi.vflset/www-widgetapi.js,,9af313ed10b2fb2eb40b7cf476ec0ba74a3babe175e1bfc5d02308aeb54309fd,0
https://www.youtube.com/s/player/edbc38da/player_ias.vflset/en_US/base.js,,37fb307c7f4197bbe246c30d94a594ac30dac3dd1e62e80877526e7c3743f3b2,0
https://www.youtube.com/s/player/edbc38da/player_ias.vflset/en_US/captions.js,,ba383fb3cb3f962e8c2b7325c9695c7623d5bf9033445b1713ee6f8e8a8c03fb,0
https://www.youtube.com/s/player/edbc38da/www-player.css,,bb2ee0639d3d01fff4688a439d42f088babfba9c20ed207d4b1d6f2fc0224107,0
https://www.youtube.com/s/player/edbc38da/www-widgetapi.vflset/www-widgetapi.js,,9af313ed10b2fb2eb40b7cf476ec0ba74a3babe175e1bfc5d02308aeb54309fd,0
https://www.youtube.com/s/player/edc3ba07/player_ias.vflset/en_US/base.js,,d46595998896ea5792cb4c9b7f886658e445798876d4b8f43f669e7f0ca3fd30,0
https://www.youtube.com/s/player/edc3ba07/player_ias.vflset/en_US/captions.js,,6189ff4ff08bed0d5f361b694f52b6175f661d4abda2a4a3d5281dfa2cd5f5ce,0
https://www.youtube.com/s/player/edc3ba07/www-player.css,,c1266aa5ccb770d4191058a5eff5c40d0e88ab06d5cfbb81025ef0105572f5f2,0
https://www.youtube.com/s/player/edc3ba07/www-widgetapi.vflset/www-widgetapi.js,,e9abd0d74c5ecca848c706e3f94780a00efc33f66f1a7971ded040458851fd69,0
https://www.youtube.com/s/player/edf92b2c/player_ias.vflset/en_US/base.js,,d3d24d2aa02aa50d2381d6cc762f8c2b72b465cc8882c72a7fa852cfadd35847,0
https://www.youtube.com/s/player/edf92b2c/player_ias.vflset/en_US/captions.js,,9daced7a51ec4d50d8e16e5501f729097b2cbc18cec50c702f59840bf54bc54b,0
https://www.youtube.com/s/player/edf92b2c/www-player.css,,cfd52c611020fb575d85fc138c1cc172eebdb9bff20d464f90993923cf5cb64b,0
https://www.youtube.com/s/player/edf92b2c/www-widgetapi.vflset/www-widgetapi.js,,3aeb791f41afb9d7500326010b8852214536360b695c2d0328f4fd265badb21f,0
https://www.youtube.com/s/player/ee507a59/player_ias.vflset/en_US/base.js,,47569ad0a1aa368b0d8159c8a314b2a6d1b84ddf3b0f25240b40617ee72bf649,0
https://www.youtube.com/s/player/ee507a59/player_ias.vflset/en_US/captions.js,,514384fdf9939ebb81e0d6456284a6aa927b1d43209dc5fdb886b9352160fb73,0
https://www.youtube.com/s/player/ee507a59/www-player.css,,aa68e0e1ccb88e0e7e5b0e712acaefd700bc1fddffe47833b9f357c139ef7839,0
https://www.youtube.com/s/player/ee507a59/www-widgetapi.vflset/www-widgetapi.js,,9af313ed10b2fb2eb40b7cf476ec0ba74a3babe175e1bfc5d02308aeb54309fd,0
https://www.youtube.com/s/player/ee854768/player_ias.vflset/en_US/base.js,,de9bd3c13b7a90f2471e2d190729831dfb8b8fe737ce21367b891b15e9773dad,0
https://www.youtube.com/s/player/ee854768/player_ias.vflset/en_US/captions.js,,1b137562634697a6f2840b8ab73c1dda6696384ea8abd62f87b5af912375d4df,0
https://www.youtube.com/s/player/ee854768/www-player.css,,921b6856085a224b1ca2e5db139b1788c01d4dd1e70daca7006b6a7b381bdae1,0
https://www.youtube.com/s/player/ee854768/www-widgetapi.vflset/www-widgetapi.js,,3aeb791f41afb9d7500326010b8852214536360b695c2d0328f4fd265badb21f,0
https://www.youtube.com/s/player/ef1080e1/player_ias.vflset/en_US/base.js,,8ca7ef563ef5455a4391274f667d52f99345747e3e9278b787b56ca66420c987,0
https://www.youtube.com/s/player/ef1080e1/player_ias.vflset/en_US/captions.js,,ead05a6330becccf92b2b6ad64854d12bb5665c26c67ab3b1ebe78249f30c753,0
https://www.youtube.com/s/player/ef1080e1/www-player.css,,921b6856085a224b1ca2e5db139b1788c01d4dd1e70daca7006b6a7b381bdae1,0
https://www.youtube.com/s/player/ef1080e1/www-widgetapi.vflset/www-widgetapi.js,,3aeb791f41afb9d7500326010b8852214536360b695c2d0328f4fd265badb21f,0
https://www.youtube.com/s/player/ef5f17ca/player_ias.vflset/en_US/base.js,,21ec149e4e1d244f1e9ca50d25b91fa5fa494055f6214af9bad91b0c2a774252,0
https://www.youtube.com/s/player/ef5f17ca/player_ias.vflset/en_US/captions.js,,8ebfb953768aecbf0ab632283e537c7e37b626203f534320d9bdbb375ba7661a,0
https://www.youtube.com/s/player/ef5f17ca/www-player.css,,8fb16383c9cc1a89325ec6a9f94f2e168a718d4cf54fc8d614ec8716721495ab,0
https://www.youtube.com/s/player/ef5f17ca/www-widgetapi.vflset/www-widgetapi.js,,11aa7946df12674187e45a29c8a083a30cefb5e625985b2405c1d0fb710e56b2,0
https://www.youtube.com/s/player/ef64e108/player_ias.vflset/en_US/base.js,,3fe6ac89e86f1095ac443c5ab734701b96a8fc9ed51857b2dfd8739d0dce607f,0
https://www.youtube.com/s/player/ef64e108/player_ias.vflset/en_US/captions.js,,17893a2b6edbb04797d21ebf9be6a0039cbdf3c26ad5398ee9765783131d310b,0
https://www.youtube.com/s/player/ef64e108/www-player.css,,6503becd8abddddc2a7cf3e598efe9f7aca089bf56f4a497624c8839845453fd,0
https://www.youtube.com/s/player/ef64e108/www-widgetapi.vflset/www-widgetapi.js,,c2dcf46501a48a87a7859596834012e81569a181f7b80bda4d91b04798f84751,0
https://www.youtube.com/s/player/ef65734f/player_ias.vflset/en_US/base.js,,d37a247d0a92e36ac2230d20268b9a01315bcd2c1c14d5d9518a52d6a6b68067,0
https://www.youtube.com/s/player/ef65734f/player_ias.vflset/en_US/captions.js,,42c38bfe45a98f3eb6bab94e1b9aaf3b818e48edfbc5d13c003e912355a953d3,0
https://www.youtube.com/s/player/ef65734f/www-player.css,,8dd0861016ff7bfa3fa5810d683be16d2e6ab9c70a639428f71a78b39f93b9b9,0
https://www.youtube.com/s/player/ef65734f/www-widgetapi.vflset/www-widgetapi.js,,9af313ed10b2fb2eb40b7cf476ec0ba74a3babe175e1bfc5d02308aeb54309fd,0
https://www.youtube.com/s/player/ef8452cf/player_ias.vflset/en_US/base.js,,503900e2cf29743cad9c59771e781e8599e21b5f03e1cc0d78c7f120740c1a70,0
https://www.youtube.com/s/player/ef8452cf/player_ias.vflset/en_US/captions.js,,cc5cf65b3859d7cc31c4c044755c2e7c3671f1291c14b0407bbd5240bddd98c8,0
https://www.youtube.com/s/player/ef8452cf/www-player.css,,ed75e47b996f41da27d3aa3997bf0f0d632a4d02cefbe8572870acb51e4ed891,0
https://www.youtube.com/s/player/ef8452cf/www-widgetapi.vflset/www-widgetapi.js,,3aeb791f41afb9d7500326010b8852214536360b695c2d0328f4fd265badb21f,0
https://www.youtube.com/s/player/ef8f93ce/player_ias.vflset/en_US/base.js,,8e7945801f940980120f40393c8af57757bfea91766023011ae27d54f90f3584,0
https://www.youtube.com/s/player/ef8f93ce/player_ias.vflset/en_US/captions.js,,b2e6d1d81b4aec6861230e4a67be1f26917d4b45874994f7d322b5dee80649bc,0
https://www.youtube.com/s/player/ef8f93ce/www-player.css,,1074e75f7621bc7e5e6c75ffbeea96f6fa9f266029361ba4124dd4d3baa69fef,0
https://www.youtube.com/s/player/ef8f93ce/www-widgetapi.vflset/www-widgetapi.js,,9af313ed10b2fb2eb40b7cf476ec0ba74a3babe175e1bfc5d02308aeb54309fd,0
https://www.youtube.com/s/player/efa2c4f5/player_ias.vflset/en_US/base.js,,e3a8e395fcc1a53e859d204897f21a3d15d800164ac60d8c94c8ef7d728625a4,0
https://www.youtube.com/s/player/efa2c4f5/player_ias.vflset/en_US/captions.js,,518bdd72a508bfe21b1a19bef2c9ec128add52a921e228f77fcba2c2b4efec61,0
https://www.youtube.com/s/player/efa2c4f5/www-player.css,,0d994eb0e617b6087b915cb1bdc2bb56f40826f1b3d182277c0915aedec24671,0
https://www.youtube.com/s/player/efa2c4f5/www-widgetapi.vflset/www-widgetapi.js,,9af313ed10b2fb2eb40b7cf476ec0ba74a3babe175e1bfc5d02308aeb54309fd,0
https://www.youtube.com/s/player/f00d1fdd/player_ias.vflset/en_US/base.js,,06964fc80f4e0fadc529bf9eb897e3d13565d32407133925068c48ad027e540b,0
https://www.youtube.com/s/player/f00d1fdd/player_ias.vflset/en_US/captions.js,,f15de880cc612113b24d44e8bb6dc0c4b761ed565e931b3a70342d389e522efe,0
https://www.youtube.com/s/player/f00d1fdd/www-player.css,,0d994eb0e617b6087b915cb1bdc2bb56f40826f1b3d182277c0915aedec24671,0
https://www.youtube.com/s/player/f00d1fdd/www-widgetapi.vflset/www-widgetapi.js,,9af313ed10b2fb2eb40b7cf476ec0ba74a3babe175e1bfc5d02308aeb54309fd,0
https://www.youtube.com/s/player/f067dbb6/player_ias.vflset/en_US/base.js,,4bd2cc76a4b43c8b0a137f88de875e30056f6b334dcf672c52c2b0363633ce73,0
https://www.youtube.com/s/player/f067dbb6/player_ias.vflset/en_US/captions.js,,d260fe97a835cd8176615f5ed89b1f4a3b1a54601fc3037deb2c4c3497dc95a8,0
https://www.youtube.com/s/player/f067dbb6/www-player.css,,e73a47994fe46c3ca05cd3ef31752f0ad98c50d05aa83925177ae0d422d4e202,0
https://www.youtube.com/s/player/f067dbb6/www-widgetapi.vflset/www-widgetapi.js,,e9abd0d74c5ecca848c706e3f94780a00efc33f66f1a7971ded040458851fd69,0
https://www.youtube.com/s/player/f0a916b1/player_ias.vflset/en_US/base.js,,e208dc4dd73e37975817728cd93738e01804a2b411281f415afa7c3fe997a86d,0
https://www.youtube.com/s/player/f0a916b1/player_ias.vflset/en_US/captions.js,,f91ba480b8673dd72387d7accc0ab5a1a400f468e8c90b94427f66189dfe31f4,0
https://www.youtube.com/s/player/f0a916b1/www-player.css,,8345f5d06b1e06a8dcf60075eee7e564059f238a85eb6f34b6ce41fab50ce074,0
https://www.youtube.com/s/player/f0a916b1/www-widgetapi.vflset/www-widgetapi.js,,3aeb791f41afb9d7500326010b8852214536360b695c2d0328f4fd265badb21f,0
https://www.youtube.com/s/player/f104ea90/player_ias.vflset/en_US/base.js,,257dd68b07d7b18b6e2665a4ecedab506ece1fd7ac447d45c2ead70c412ec885,0
https://www.youtube.com/s/player/f104ea90/player_ias.vflset/en_US/captions.js,,06d33b2bc2ec618de4e2679fad997a1f57f1b889b1212ebfa394d42805bae301,0
https://www.youtube.com/s/player/f104ea90/www-player.css,,29d34e9e6307e455bd2f297147351746386bf5aa097920f69d7d4771fb9f16e4,0
https://www.youtube.com/s/player/f104ea90/www-widgetapi.vflset/www-widgetapi.js,,e9abd0d74c5ecca848c706e3f94780a00efc33f66f1a7971ded040458851fd69,0
https://www.youtube.com/s/player/f1ddd097/player_ias.vflset/en_US/base.js,,432c5bf8b9cad2d4c030fe52d8f49b89349d247c7a00c9a6d4fdab0d8c377625,0
https://www.youtube.com/s/player/f1ddd097/player_ias.vflset/en_US/captions.js,,78d132a7e8990111c6b0c89e7d520637644fe1fd8d281e3e3636d9637396b0ba,0
https://www.youtube.com/s/player/f1ddd097/www-player.css,,1074e75f7621bc7e5e6c75ffbeea96f6fa9f266029361ba4124dd4d3baa69fef,0
https://www.youtube.com/s/player/f1ddd097/www-widgetapi.vflset/www-widgetapi.js,,9af313ed10b2fb2eb40b7cf476ec0ba74a3babe175e1bfc5d02308aeb54309fd,0
https://www.youtube.com/s/player/f23073e8/player_ias.vflset/en_US/base.js,,f89a16ef759e1e0ac8d6337a57400d0ee69629c4f9b3ac915a5ed67b1183e10c,0
https://www.youtube.com/s/player/f23073e8/player_ias.vflset/en_US/captions.js,,b7d7e595ce20d58565b4fd1a3be2b8fe88bca730112cec329253d01adf6b3e19,0
https://www.youtube.com/s/player/f23073e8/www-player.css,,921b6856085a224b1ca2e5db139b1788c01d4dd1e70daca7006b6a7b381bdae1,0
https://www.youtube.com/s/player/f23073e8/www-widgetapi.vflset/www-widgetapi.js,,3aeb791f41afb9d7500326010b8852214536360b695c2d0328f4fd265badb21f,0
https://www.youtube.com/s/player/f291f880/player_ias.vflset/en_US/base.js,,71343d090c18084a0f1f2bdb49e5b1ffa2b9746a7869e58555fab429e47b4909,0
https://www.youtube.com/s/player/f291f880/player_ias.vflset/en_US/captions.js,,f91ba480b8673dd72387d7accc0ab5a1a400f468e8c90b94427f66189dfe31f4,0
https://www.youtube.com/s/player/f291f880/www-player.css,,8345f5d06b1e06a8dcf60075eee7e564059f238a85eb6f34b6ce41fab50ce074,0
https://www.youtube.com/s/player/f291f880/www-widgetapi.vflset/www-widgetapi.js,,3aeb791f41afb9d7500326010b8852214536360b695c2d0328f4fd265badb21f,0
https://www.youtube.com/s/player/f2bf260e/player_ias.vflset/en_US/base.js,,23c6daa7c9a4a3348cec94d88409f974755457ce065a2c5c4461717e3737a0e4,0
https://www.youtube.com/s/player/f2bf260e/player_ias.vflset/en_US/captions.js,,fd7004b9ae9132eae22fe272d0476f48de15595018661f66ce52921fba89a6c7,0
https://www.youtube.com/s/player/f2bf260e/www-player.css,,24cb353f7db6c8025eaf8648aa1f941cddfac84342d06ed4fb9def4523328bb3,0
https://www.youtube.com/s/player/f2bf260e/www-widgetapi.vflset/www-widgetapi.js,,b6b18fb0c355a9e4fca44acd186be76ecca76232c4eaa4f2e11ff06026e9c3f4,0
https://www.youtube.com/s/player/f2de630b/player_ias.vflset/en_US/base.js,,ea70ba88dfd77e3b459a52ea5558b04fdd57cc43bab1b0fa161ee11627fa2710,0
https://www.youtube.com/s/player/f2de630b/player_ias.vflset/en_US/captions.js,,d207631464994d5871393bfb3d2c6ec1089e8901190e67bad101fb0f2c89716b,0
https://www.youtube.com/s/player/f2de630b/www-player.css,,e73a47994fe46c3ca05cd3ef31752f0ad98c50d05aa83925177ae0d422d4e202,0
https://www.youtube.com/s/player/f2de630b/www-widgetapi.vflset/www-widgetapi.js,,e9abd0d74c5ecca848c706e3f94780a00efc33f66f1a7971ded040458851fd69,0
https://www.youtube.com/s/player/f4c47414/player_ias.vflset/en_US/base.js,,658225ca394f8ef5cd8a08643cd721ccc95d50d9c4a6699bb5fa9bcc93e67b01,0
https://www.youtube.com/s/player/f4c47414/player_ias.vflset/en_US/captions.js,,b5a6260a8f271ca084339a427f6b432528422dbef1e2c31e970968919e70b648,0
https://www.youtube.com/s/player/f4c47414/www-player.css,,6f25e841296950467517ec8bccba0ffd052a386d6ac8d893aeaba5edf84aca42,0
https://www.youtube.com/s/player/f4c47414/www-widgetapi.vflset/www-widgetapi.js,,9af313ed10b2fb2eb40b7cf476ec0ba74a3babe175e1bfc5d02308aeb54309fd,0
https://www.youtube.com/s/player/f4d3d6b1/player_ias.vflset/en_US/base.js,,0a0f5fbd157fb86c00b4b794fdc4998616d4f2360f8910a0b464fcec10f777cb,0
https://www.youtube.com/s/player/f4d3d6b1/player_ias.vflset/en_US/captions.js,,6283eecf4d2d02263ce6ba2efd7130bb57495594e82c3207fb6b82fdfbeeb4af,0
https://www.youtube.com/s/player/f4d3d6b1/www-player.css,,8345f5d06b1e06a8dcf60075eee7e564059f238a85eb6f34b6ce41fab50ce074,0
https://www.youtube.com/s/player/f4d3d6b1/www-widgetapi.vflset/www-widgetapi.js,,3aeb791f41afb9d7500326010b8852214536360b695c2d0328f4fd265badb21f,0
https://www.youtube.com/s/player/f4d92f0b/player_ias.vflset/en_US/base.js,,a6a8ca3569699983d13a338750c6aa168387343b9f6eb64b8e4dbe2a3f2b8e43,0
https://www.youtube.com/s/player/f4d92f0b/player_ias.vflset/en_US/captions.js,,6fd077c7f63cb1a4ec115ce53370861e9111f23bed04a081278a819eac8f23e2,0
https://www.youtube.com/s/player/f4d92f0b/www-player.css,,6f25e841296950467517ec8bccba0ffd052a386d6ac8d893aeaba5edf84aca42,0
https://www.youtube.com/s/player/f4d92f0b/www-widgetapi.vflset/www-widgetapi.js,,9af313ed10b2fb2eb40b7cf476ec0ba74a3babe175e1bfc5d02308aeb54309fd,0
https://www.youtube.com/s/player/f4f314f0/player_ias.vflset/en_US/base.js,,9f66716cab26c2f256bf766ed3c4e31cded03913541a95d558c831aba124907c,0
https://www.youtube.com/s/player/f4f314f0/player_ias.vflset/en_US/captions.js,,149adbce2729a37bbfcda63bd4ee0106997038e0c9ce8984184c2a8e3faf4d60,0
https://www.youtube.com/s/player/f4f314f0/www-player.css,,ca7992e78f5e015470a829868dc51a6e71c2e6eae256695e908b3f9f56e9c1e7,0
https://www.youtube.com/s/player/f4f314f0/www-widgetapi.vflset/www-widgetapi.js,,e9abd0d74c5ecca848c706e3f94780a00efc33f66f1a7971ded040458851fd69,0
https://www.youtube.com/s/player/f4f81892/player_ias.vflset/en_US/base.js,,2b942d706f1e21272ddcf7fad5a6b51578ba9d84514da0155925013dcdf66fe2,0
https://www.youtube.com/s/player/f4f81892/player_ias.vflset/en_US/captions.js,,9e2c66761dfa1704d58d7f08c99023f18468bc168a3aeaec8b236915f4f5f185,0
https://www.youtube.com/s/player/f4f81892/www-player.css,,ca7992e78f5e015470a829868dc51a6e71c2e6eae256695e908b3f9f56e9c1e7,0
https://www.youtube.com/s/player/f4f81892/www-widgetapi.vflset/www-widgetapi.js,,e9abd0d74c5ecca848c706e3f94780a00efc33f66f1a7971ded040458851fd69,0
https://www.youtube.com/s/player/f522c59a/player_ias.vflset/en_US/base.js,,eb7a37f386c97510e25f10e3a58cfcbadfcd01f527fb1ffb8a092491a5d66ec6,0
https://www.youtube.com/s/player/f522c59a/player_ias.vflset/en_US/captions.js,,b3a2aeed1582b6b64d2359ddd3627f42c9c83cd6ac020340042e90561b3235c6,0
https://www.youtube.com/s/player/f522c59a/www-player.css,,921b6856085a224b1ca2e5db139b1788c01d4dd1e70daca7006b6a7b381bdae1,0
https://www.youtube.com/s/player/f522c59a/www-widgetapi.vflset/www-widgetapi.js,,3aeb791f41afb9d7500326010b8852214536360b695c2d0328f4fd265badb21f,0
https://www.youtube.com/s/player/f529f326/player_ias.vflset/en_US/base.js,,83386d3eb1d9e1bdfea39170ee9829161fa598019bc27aa8ca4a3aec1d25441a,0
https://www.youtube.com/s/player/f529f326/player_ias.vflset/en_US/captions.js,,404c7493cdb56b5b235e7e3b011a73e5de1a3bfc3273b2426d9485bd8c9f54ab,0
https://www.youtube.com/s/player/f529f326/www-player.css,,e7c8a5055316b32ab0baa115589477ca4edf8a28372005da3ab230c85660d3f4,0
https://www.youtube.com/s/player/f529f326/www-widgetapi.vflset/www-widgetapi.js,,9af313ed10b2fb2eb40b7cf476ec0ba74a3babe175e1bfc5d02308aeb54309fd,0
https://www.youtube.com/s/player/f53077c5/player_ias.vflset/en_US/base.js,,489e1dad678d54b6bb948144e94161e09f6f11ccbd2e6a58b2ef5bdf83b79303,0
https://www.youtube.com/s/player/f53077c5/player_ias.vflset/en_US/captions.js,,b2e6d1d81b4aec6861230e4a67be1f26917d4b45874994f7d322b5dee80649bc,0
https://www.youtube.com/s/player/f53077c5/www-player.css,,1074e75f7621bc7e5e6c75ffbeea96f6fa9f266029361ba4124dd4d3baa69fef,0
https://www.youtube.com/s/player/f53077c5/www-widgetapi.vflset/www-widgetapi.js,,9af313ed10b2fb2eb40b7cf476ec0ba74a3babe175e1bfc5d02308aeb54309fd,0
https://www.youtube.com/s/player/f551602d/player_ias.vflset/en_US/base.js,,67d2a8724f310aeea43457023adf668f61028293b11ed73322cc3d4ed00a7220,0
https://www.youtube.com/s/player/f551602d/player_ias.vflset/en_US/captions.js,,589462c0442240712a04d914f47be9cbe06d171d7d592996bbe4a5392d1b70c0,0
https://www.youtube.com/s/player/f551602d/www-player.css,,cfd52c611020fb575d85fc138c1cc172eebdb9bff20d464f90993923cf5cb64b,0
https://www.youtube.com/s/player/f551602d/www-widgetapi.vflset/www-widgetapi.js,,3aeb791f41afb9d7500326010b8852214536360b695c2d0328f4fd265badb21f,0
https://www.youtube.com/s/player/f572e43c/player_ias.vflset/en_US/base.js,,9f5b0a1ec866aa5f21c904413a80b20fabfa5303419fb02c91a1bb65694dd4cb,0
https://www.youtube.com/s/player/f572e43c/player_ias.vflset/en_US/captions.js,,34ce9312d07876a95def5ea418805cda063d52646c45688ae701c0b5783120ec,0
https://www.youtube.com/s/player/f572e43c/www-player.css,,6503becd8abddddc2a7cf3e598efe9f7aca089bf56f4a497624c8839845453fd,0
https://www.youtube.com/s/player/f572e43c/www-widgetapi.vflset/www-widgetapi.js,,c2dcf46501a48a87a7859596834012e81569a181f7b80bda4d91b04798f84751,0
https://www.youtube.com/s/player/f57a8142/player_ias.vflset/en_US/base.js,,06329316bc34fe539e7afbed70f36f8d110ed8f0c3fce7e6d92174c670f36c62,0
https://www.youtube.com/s/player/f57a8142/player_ias.vflset/en_US/captions.js,,8ba0b85fa8235e0c68593b36a6165e995148583230274fa942f04613f2a9f2c9,0
https://www.youtube.com/s/player/f57a8142/www-player.css,,7c7eb8252199ec9042290b1044ed1ba5ed8847ee516771bbe6dd27f9f16a608c,0
https://www.youtube.com/s/player/f57a8142/www-widgetapi.vflset/www-widgetapi.js,,e9abd0d74c5ecca848c706e3f94780a00efc33f66f1a7971ded040458851fd69,0
https://www.youtube.com/s/player/f5fbaad8/player_ias.vflset/en_US/base.js,,98cdcd3d23cd4732877631e0ccf8a64b5281cdfc34fd1c7c5caf860d05fdf2a0,0
https://www.youtube.com/s/player/f5fbaad8/player_ias.vflset/en_US/captions.js,,bd71dc360050847608d75a7bf0d4c61098debc5285caf2ae69336ae280f01961,0
https://www.youtube.com/s/player/f5fbaad8/www-player.css,,cfd52c611020fb575d85fc138c1cc172eebdb9bff20d464f90993923cf5cb64b,0
https://www.youtube.com/s/player/f5fbaad8/www-widgetapi.vflset/www-widgetapi.js,,3aeb791f41afb9d7500326010b8852214536360b695c2d0328f4fd265badb21f,0
https://www.youtube.com/s/player/f63d2d36/player_ias.vflset/en_US/base.js,,f9b8eef6729598b7c999c544ce9d8dcd0253cae94db8135d4ed450be628ee005,0
https://www.youtube.com/s/player/f63d2d36/player_ias.vflset/en_US/captions.js,,595e4e44900270565fe81d84d769950ee8c8bb64f97b7a11876a8c24a7efab78,0
https://www.youtube.com/s/player/f63d2d36/www-player.css,,cfd52c611020fb575d85fc138c1cc172eebdb9bff20d464f90993923cf5cb64b,0
https://www.youtube.com/s/player/f63d2d36/www-widgetapi.vflset/www-widgetapi.js,,3aeb791f41afb9d7500326010b8852214536360b695c2d0328f4fd265badb21f,0
https://www.youtube.com/s/player/f649823c/player_ias.vflset/en_US/base.js,,ce4b1d72465b8904c83722f90100cf32b79fc20c15d1afe7c84016b10b695c12,0
https://www.youtube.com/s/player/f649823c/player_ias.vflset/en_US/captions.js,,404c7493cdb56b5b235e7e3b011a73e5de1a3bfc3273b2426d9485bd8c9f54ab,0
https://www.youtube.com/s/player/f649823c/www-player.css,,e7c8a5055316b32ab0baa115589477ca4edf8a28372005da3ab230c85660d3f4,0
https://www.youtube.com/s/player/f649823c/www-widgetapi.vflset/www-widgetapi.js,,9af313ed10b2fb2eb40b7cf476ec0ba74a3babe175e1bfc5d02308aeb54309fd,0
https://www.youtube.com/s/player/f74306f1/player_ias.vflset/en_US/base.js,,79264992e54feeb1b0444c2b4e2a6cb34e373b53a9667317b6c039ecac18871a,0
https://www.youtube.com/s/player/f74306f1/player_ias.vflset/en_US/captions.js,,e3223331b8f45646dc10ece26f087e009210d596c7ddd60de55c8705be9741fb,0
https://www.youtube.com/s/player/f74306f1/www-player.css,,cfd52c611020fb575d85fc138c1cc172eebdb9bff20d464f90993923cf5cb64b,0
https://www.youtube.com/s/player/f74306f1/www-widgetapi.vflset/www-widgetapi.js,,3aeb791f41afb9d7500326010b8852214536360b695c2d0328f4fd265badb21f,0
https://www.youtube.com/s/player/f7d71ce3/player_ias.vflset/en_US/base.js,,8dba20fd527fb5bc78975bfdc302cd4d4542d36406bfe136fdff89939a8a34b9,0
https://www.youtube.com/s/player/f7d71ce3/player_ias.vflset/en_US/captions.js,,1485ed7b649dd4f21b23c49a41e3926106de7c120c59313e56e3ffab33579134,0
https://www.youtube.com/s/player/f7d71ce3/www-player.css,,d84a7a9cede27c144c059863a14188a79870815abcf8f4e88ec746c5873e205f,0
https://www.youtube.com/s/player/f7d71ce3/www-widgetapi.vflset/www-widgetapi.js,,11aa7946df12674187e45a29c8a083a30cefb5e625985b2405c1d0fb710e56b2,0
https://www.youtube.com/s/player/f85ea353/player_ias.vflset/en_US/base.js,,50e76f02d09943f85b5473c3bc33b887707daf3a183f743d4f5231ac142091dc,0
https://www.youtube.com/s/player/f85ea353/player_ias.vflset/en_US/captions.js,,2e5034665e1c0d2a27a4b4a750e284c783d1615d16740933457b980f40864ac5,0
https://www.youtube.com/s/player/f85ea353/www-player.css,,8dd0861016ff7bfa3fa5810d683be16d2e6ab9c70a639428f71a78b39f93b9b9,0
https://www.youtube.com/s/player/f85ea353/www-widgetapi.vflset/www-widgetapi.js,,e9abd0d74c5ecca848c706e3f94780a00efc33f66f1a7971ded040458851fd69,0
https://www.youtube.com/s/player/f8a07cad/player_ias.vflset/en_US/base.js,,69d7f3748ef0c9d688897fff06d52349f93e887179d89ce77badb24bba9da4e4,0
https://www.youtube.com/s/player/f8a07cad/player_ias.vflset/en_US/captions.js,,4fe2aadd2d7b16b128c92be5bd94b297f39ec9c11f8546b8990ca07dc5a2046c,0
https://www.youtube.com/s/player/f8a07cad/www-player.css,,822b965f94d4b8bf69224bcb5c24b3a825a9056e0076edd20154fc26acb709cd,0
https://www.youtube.com/s/player/f8a07cad/www-widgetapi.vflset/www-widgetapi.js,,18d619cca2e3abb300d71fe37b163b91b71a327303f320e047248c0cc3a1d879,0
https://www.youtube.com/s/player/f96c7636/player_ias.vflset/en_US/base.js,,984617e35e16f2f5eb9386e74c61345de89154e5a483e3515cf1ae5d358a0165,0
https://www.youtube.com/s/player/f96c7636/player_ias.vflset/en_US/captions.js,,665efc795c27c8e1bab8411e25e55a4a99de3e42eda9903c877f296729ca675d,0
https://www.youtube.com/s/player/f96c7636/www-player.css,,e73a47994fe46c3ca05cd3ef31752f0ad98c50d05aa83925177ae0d422d4e202,0
https://www.youtube.com/s/player/f96c7636/www-widgetapi.vflset/www-widgetapi.js,,e9abd0d74c5ecca848c706e3f94780a00efc33f66f1a7971ded040458851fd69,0
https://www.youtube.com/s/player/fa26f70e/player_ias.vflset/en_US/base.js,,04c8f32ab2ea59bedc39b22ef4d680978f171842bb505c9174ef5f174717c31a,0
https://www.youtube.com/s/player/fa26f70e/player_ias.vflset/en_US/captions.js,,899a0fe8a4bfe3d1085d93bb21d4583763f5319def95d828a00c071a8d5f31b4,0
https://www.youtube.com/s/player/fa26f70e/www-player.css,,1074e75f7621bc7e5e6c75ffbeea96f6fa9f266029361ba4124dd4d3baa69fef,0
https://www.youtube.com/s/player/fa26f70e/www-widgetapi.vflset/www-widgetapi.js,,9af313ed10b2fb2eb40b7cf476ec0ba74a3babe175e1bfc5d02308aeb54309fd,0
https://www.youtube.com/s/player/fa305f43/player_ias.vflset/en_US/base.js,,8fb17b2d411da5bedb59375e4de97831d1fa49ea82e760ec1364c0a3267f8d7a,0
https://www.youtube.com/s/player/fa305f43/player_ias.vflset/en_US/captions.js,,404c7493cdb56b5b235e7e3b011a73e5de1a3bfc3273b2426d9485bd8c9f54ab,0
https://www.youtube.com/s/player/fa305f43/www-player.css,,e7c8a5055316b32ab0baa115589477ca4edf8a28372005da3ab230c85660d3f4,0
https://www.youtube.com/s/player/fa305f43/www-widgetapi.vflset/www-widgetapi.js,,9af313ed10b2fb2eb40b7cf476ec0ba74a3babe175e1bfc5d02308aeb54309fd,0
https://www.youtube.com/s/player/fac48bea/player_ias.vflset/en_US/base.js,,7483e367db8baed3d61c260fdc521db99903e06ee862e6cb622f09ccf8abe389,0
https://www.youtube.com/s/player/fac48bea/player_ias.vflset/en_US/captions.js,,12475bcd2a8843fb6f5322ca4a6a6bf7e01c296f950c487111a60e4e3d5fba23,0
https://www.youtube.com/s/player/fac48bea/www-player.css,,7aca61589965311619d927da66c4fd6c266bfd5a9a263a5cd203e935270a4428,0
https://www.youtube.com/s/player/fac48bea/www-widgetapi.vflset/www-widgetapi.js,,3aeb791f41afb9d7500326010b8852214536360b695c2d0328f4fd265badb21f,0
https://www.youtube.com/s/player/fac96cf8/player_ias.vflset/en_US/base.js,,738c8d019891c6bd5579a8579ae82b65b80a9d464ecf1dbf91e2b4f41922c3d4,0
https://www.youtube.com/s/player/fac96cf8/player_ias.vflset/en_US/captions.js,,b0713ddc18de2d25ccfcdc2e2d9eeea9a281d5ecf54fb52c0d408679eb2e3080,0
https://www.youtube.com/s/player/fac96cf8/www-player.css,,ca7992e78f5e015470a829868dc51a6e71c2e6eae256695e908b3f9f56e9c1e7,0
https://www.youtube.com/s/player/fac96cf8/www-widgetapi.vflset/www-widgetapi.js,,e9abd0d74c5ecca848c706e3f94780a00efc33f66f1a7971ded040458851fd69,0
https://www.youtube.com/s/player/fb58f923/player_ias.vflset/en_US/base.js,,cbc74424709b1122eabed53a5a53f5cef516feb90c8bcf5b845bb04504a97238,0
https://www.youtube.com/s/player/fb58f923/player_ias.vflset/en_US/captions.js,,3cc647ab815f6459ea6b33f903b5b340d3445318db610d95775a7f940fad2e2c,0
https://www.youtube.com/s/player/fb58f923/www-player.css,,e73a47994fe46c3ca05cd3ef31752f0ad98c50d05aa83925177ae0d422d4e202,0
https://www.youtube.com/s/player/fb58f923/www-widgetapi.vflset/www-widgetapi.js,,e9abd0d74c5ecca848c706e3f94780a00efc33f66f1a7971ded040458851fd69,0
https://www.youtube.com/s/player/fbf778eb/player_ias.vflset/en_US/base.js,,0837b4f67568151e5a686568946a3de14949553711a0f338fb933c7e1385beb5,0
https://www.youtube.com/s/player/fbf778eb/player_ias.vflset/en_US/captions.js,,3098b6b8f813663681a4883b1bd2e645f4e582f66e5d680257df9cebb9fcf47f,0
https://www.youtube.com/s/player/fbf778eb/www-player.css,,71e64e4635ef3b11eec4b3e880560ccb029d03b0f295336c5d977616c0e3b519,0
https://www.youtube.com/s/player/fbf778eb/www-widgetapi.vflset/www-widgetapi.js,,3aeb791f41afb9d7500326010b8852214536360b695c2d0328f4fd265badb21f,0
https://www.youtube.com/s/player/fc043c93/player_ias.vflset/en_US/base.js,,ec46b5e028d41b35806253ed51ad1bf310c9898d9a48089deb88b5c35a860de7,0
https://www.youtube.com/s/player/fc043c93/player_ias.vflset/en_US/captions.js,,8fb8fcc379d496dfeaaa88dbb99bc1ccdda476af3655576895058752caacdf6a,0
https://www.youtube.com/s/player/fc043c93/www-player.css,,774b08660c0a88d4f4516afc5b6eb8809a87581871371bcdab9648178897276d,0
https://www.youtube.com/s/player/fc043c93/www-widgetapi.vflset/www-widgetapi.js,,c2dcf46501a48a87a7859596834012e81569a181f7b80bda4d91b04798f84751,0
https://www.youtube.com/s/player/fc590a67/player_ias.vflset/en_US/base.js,,337e94f984af8070f66924fa436f680cb37a49bf9d2d747358b1f098ad4232e2,0
https://www.youtube.com/s/player/fc590a67/player_ias.vflset/en_US/captions.js,,95383580338604d83f484034b44f10acf395516393eeebcb56978fc09f35b226,0
https://www.youtube.com/s/player/fc590a67/www-player.css,,6503becd8abddddc2a7cf3e598efe9f7aca089bf56f4a497624c8839845453fd,0
https://www.youtube.com/s/player/fc590a67/www-widgetapi.vflset/www-widgetapi.js,,c2dcf46501a48a87a7859596834012e81569a181f7b80bda4d91b04798f84751,0
https://www.youtube.com/s/player/fc6f7cb5/player_ias.vflset/en_US/base.js,,1db6ff0d91089c9ed2eb7bce68f0fe1b5e4090d783a2a0d4404e3a46af67873d,0
https://www.youtube.com/s/player/fc6f7cb5/player_ias.vflset/en_US/captions.js,,ba383fb3cb3f962e8c2b7325c9695c7623d5bf9033445b1713ee6f8e8a8c03fb,0
https://www.youtube.com/s/player/fc6f7cb5/www-player.css,,bb2ee0639d3d01fff4688a439d42f088babfba9c20ed207d4b1d6f2fc0224107,0
https://www.youtube.com/s/player/fc6f7cb5/www-widgetapi.vflset/www-widgetapi.js,,9af313ed10b2fb2eb40b7cf476ec0ba74a3babe175e1bfc5d02308aeb54309fd,0
https://www.youtube.com/s/player/fcf70340/player_ias.vflset/en_US/base.js,,d68b3ffa611f6f0435ddbabf26bdcc225ff55fcdce07991b4449852fb114f2e1,0
https://www.youtube.com/s/player/fcf70340/player_ias.vflset/en_US/captions.js,,3bfabb8c2fa2ae28680177ce31824258d202e21ee8a072187d5c61a8dda6a573,0
https://www.youtube.com/s/player/fcf70340/www-player.css,,644559b7590cf725119fd0ab8ed45a236d0faf9751693abb303038d7c349d2b2,0
https://www.youtube.com/s/player/fcf70340/www-widgetapi.vflset/www-widgetapi.js,,11aa7946df12674187e45a29c8a083a30cefb5e625985b2405c1d0fb710e56b2,0
https://www.youtube.com/s/player/fd1b5dc8/player_ias.vflset/en_US/base.js,,035ba0d35092ec4528f2907aae1112c10531ac3ab4d13761534da2ebdfe7b28d,0
https://www.youtube.com/s/player/fd1b5dc8/player_ias.vflset/en_US/captions.js,,17e7e7e15f9695f14c39ad8253ce426375f981ef573d8efe086224ddeb0d3368,0
https://www.youtube.com/s/player/fd1b5dc8/www-player.css,,e73a47994fe46c3ca05cd3ef31752f0ad98c50d05aa83925177ae0d422d4e202,0
https://www.youtube.com/s/player/fd1b5dc8/www-widgetapi.vflset/www-widgetapi.js,,e9abd0d74c5ecca848c706e3f94780a00efc33f66f1a7971ded040458851fd69,0
https://www.youtube.com/s/player/fd65c577/player_ias.vflset/en_US/base.js,,2d19c254c2a08422e556e80829acfc96f16d202420a6467b12a018a5813f23cf,0
https://www.youtube.com/s/player/fd65c577/player_ias.vflset/en_US/captions.js,,59b653c76baad706177287abdc973807fb66086cc1a98dd0c2f9a12897d247c1,0
https://www.youtube.com/s/player/fd65c577/www-player.css,,e7c8a5055316b32ab0baa115589477ca4edf8a28372005da3ab230c85660d3f4,0
https://www.youtube.com/s/player/fd65c577/www-widgetapi.vflset/www-widgetapi.js,,9af313ed10b2fb2eb40b7cf476ec0ba74a3babe175e1bfc5d02308aeb54309fd,0
https://www.youtube.com/s/player/fda13de8/player_ias.vflset/en_US/base.js,,9b74d010fa54c875cd6e95a7e6b1a91cf5a2459b3bde871311076c9c38d2d4f7,0
https://www.youtube.com/s/player/fda13de8/player_ias.vflset/en_US/captions.js,,6618fe461dd6bac7177c74bd1e6aa0dd72c563f31668aab45d3df593534ecfd6,0
https://www.youtube.com/s/player/fda13de8/www-player.css,,aed8e79fbe210a9b3e958681a1931b19baa85741b51cabf87b5101e4e0e2cd7b,0
https://www.youtube.com/s/player/fda13de8/www-widgetapi.vflset/www-widgetapi.js,,9af313ed10b2fb2eb40b7cf476ec0ba74a3babe175e1bfc5d02308aeb54309fd,0
https://www.youtube.com/s/player/fdc0bdd6/player_ias.vflset/en_US/base.js,,0b53a16989c71cf8a43ce9538a0a22247449947f815b32df1960b8d7a38001ca,0
https://www.youtube.com/s/player/fdc0bdd6/player_ias.vflset/en_US/captions.js,,49c093109052c28e832e0b3e4bf069ed7e8190ef9c437f238844b43d291fae20,0
https://www.youtube.com/s/player/fdc0bdd6/www-player.css,,cfd52c611020fb575d85fc138c1cc172eebdb9bff20d464f90993923cf5cb64b,0
https://www.youtube.com/s/player/fdc0bdd6/www-widgetapi.vflset/www-widgetapi.js,,3aeb791f41afb9d7500326010b8852214536360b695c2d0328f4fd265badb21f,0
https://www.youtube.com/s/player/fe8bd208/player_ias.vflset/en_US/base.js,,ef241cf3c9ec3db7a4e6dd6dcc9028ca5fa8826f684eaf5180ffe40a990daf9e,0
https://www.youtube.com/s/player/fe8bd208/player_ias.vflset/en_US/captions.js,,246cbeb45fe22519edab8ce0952418623383c56c70dc78cc9ee3a8c0f22d996a,0
https://www.youtube.com/s/player/fe8bd208/www-player.css,,e7c8a5055316b32ab0baa115589477ca4edf8a28372005da3ab230c85660d3f4,0
https://www.youtube.com/s/player/fe8bd208/www-widgetapi.vflset/www-widgetapi.js,,9af313ed10b2fb2eb40b7cf476ec0ba74a3babe175e1bfc5d02308aeb54309fd,0
https://www.youtube.com/s/player/fef22927/player_ias.vflset/en_US/base.js,,f57508e939847d8a17dae74172069c6a4baca07ad05be7ba38f3d091438e8c0e,0
https://www.youtube.com/s/player/fef22927/player_ias.vflset/en_US/captions.js,,9c9ee8494425f5ddcbdc4b0c90027816a28771c93682bd181087d6ed9dcf1758,0
https://www.youtube.com/s/player/fef22927/www-player.css,,e7c8a5055316b32ab0baa115589477ca4edf8a28372005da3ab230c85660d3f4,0
https://www.youtube.com/s/player/fef22927/www-widgetapi.vflset/www-widgetapi.js,,9af313ed10b2fb2eb40b7cf476ec0ba74a3babe175e1bfc5d02308aeb54309fd,0
https://www.youtube.com/s/player/ff01315e/player_ias.vflset/en_US/base.js,,23301bb8a7e3c73bb00b80523e7cc1091fdffbcfab1a2ec6f500af121e35fcce,0
https://www.youtube.com/s/player/ff01315e/player_ias.vflset/en_US/captions.js,,595e4e44900270565fe81d84d769950ee8c8bb64f97b7a11876a8c24a7efab78,0
https://www.youtube.com/s/player/ff01315e/www-player.css,,cfd52c611020fb575d85fc138c1cc172eebdb9bff20d464f90993923cf5cb64b,0
https://www.youtube.com/s/player/ff01315e/www-widgetapi.vflset/www-widgetapi.js,,3aeb791f41afb9d7500326010b8852214536360b695c2d0328f4fd265badb21f,0
https://www.youtube.com/s/player/ff8caf21/player_ias.vflset/en_US/base.js,,9914b9c76f0e8e306f5b3fed118f24c716f19f970e0b7be8d992c78175a079c2,0
https://www.youtube.com/s/player/ff8caf21/player_ias.vflset/en_US/captions.js,,1f0832f7f1ad38a3b523c7e90c0dc15724fc475ab58e5a561b76a380f81c7dc7,0
https://www.youtube.com/s/player/ff8caf21/www-player.css,,921b6856085a224b1ca2e5db139b1788c01d4dd1e70daca7006b6a7b381bdae1,0
https://www.youtube.com/s/player/ff8caf21/www-widgetapi.vflset/www-widgetapi.js,,3aeb791f41afb9d7500326010b8852214536360b695c2d0328f4fd265badb21f,0
https://www.youtube.com/s/player/ffdec792/player_ias.vflset/en_US/base.js,,bcf2734dd5b54840cbdc06e519cbb8a87ab1523637fce78e875225e879730a72,0
https://www.youtube.com/s/player/ffdec792/player_ias.vflset/en_US/captions.js,,8278802c02939a51ca7c44ff59767f3d6c7ec361911dd4d2dd4463575e419b1a,0
https://www.youtube.com/s/player/ffdec792/www-player.css,,f140b6831469664f09fb07ae991e983b46752deaa9d8a8b214852f235ea6e7d0,0
https://www.youtube.com/s/player/ffdec792/www-widgetapi.vflset/www-widgetapi.js,,9af313ed10b2fb2eb40b7cf476ec0ba74a3babe175e1bfc5d02308aeb54309fd,0
